#pragma once
namespace kte::Fonts::BerkeleyMono {
// Exported using binary_to_compressed_c.cpp
// https://usgraphics.com/catalog/FX-102
static const unsigned int DefaultFontRegularCompressedSize            = 64514;
static const unsigned int DefaultFontRegularCompressedData[64516 / 4] =
{
	0x0000bc57, 0x00000000, 0x38870100, 0x00000400, 0x00010025, 0x82110000, 0x00042e04, 0x45444710, 0x22a92346,
	0x010000ef, 0x2815821c, 0x4f5047e0,
	0x9dfcb353, 0x3f0f826d, 0x0a0000fc, 0x5553473a, 0x71231142, 0x0c00001b, 0x50000038, 0x2f534ffe, 0x57a55b32,
	0x5d0000b8, 0x00290f82, 0x616d6360,
	0x7ab72570, 0x300f8291, 0x06000098, 0x7476633a, 0x0b540220, 0x7801000e, 0x284f8230, 0x67706646, 0xfd2e626d,
	0x280f827c, 0x0e000078, 0x7361670c,
	0x20178270, 0x200f8210, 0x3c078228, 0x796c6708, 0xaa193466, 0x6300000f, 0xe40000d4, 0x6165688c, 0x49a51e64,
	0x4801000c, 0x211f8260, 0x10826836,
	0x058cff23, 0x820f824c, 0x2400295f, 0x78746d68, 0x6978287b, 0xbc300f82, 0x0c050000, 0x61636f6c, 0x62971a5d,
	0xc84d0100, 0x6d2a0f83, 0x08707861,
	0x0051129c, 0x4f825201, 0x6e200029, 0x86656d61, 0x822faa9e, 0x82f4200f, 0x70983c1f, 0xb274736f, 0x00c329da,
	0x008c5801, 0x709c1f00, 0x53706572,
	0x0082f53b, 0x82848601, 0x00b2266f, 0x00020001, 0x8309820e, 0x82a82002, 0x8219200b, 0x82122011, 0x00142203,
	0x22058214, 0x82260016, 0x00282205,
	0x22058228, 0x8232002a, 0x00342205, 0x22058237, 0x82390039, 0x003b2205, 0x22058253, 0x828a0055, 0x008d2205,
	0x22058296, 0x829d0098, 0x009f2205,
	0x220582a0, 0x82ab00ab, 0x00ad2205, 0x220582b0, 0x82b200b2, 0x00b42205, 0x220582cc, 0x82d000ce, 0x00d22205,
	0x340582d2, 0x00f200d4, 0x01de0101,
	0x020100de, 0x005f0250, 0x02690203, 0x220b826a, 0x82790276, 0x027e2205, 0x22058280, 0x82830283, 0x00012229,
	0x20a28203, 0x20038210, 0x20038220,
	0x20a98228, 0x28318202, 0x02000053, 0x005b0256, 0x24218204, 0x025d0202, 0x2117865e, 0x17830054, 0x05005c22,
	0x003b1782, 0x48000a00, 0x03006a00,
	0x544c4644, 0x72671400, 0x14006b65, 0x6e74616c, 0x83001800, 0x001c2b4b, 0x5a414b04, 0x4d1c0020, 0x05824c4f,
	0x4d4f5222, 0x54220582, 0x05824b52,
	0xff000023, 0x205182ff, 0x2c458200, 0x72616d02, 0x6d0e006b, 0x006b6d6b, 0x2081821a, 0x20038204, 0x831b8201,
	0x00022295, 0x2c698204, 0x020e0006,
	0x074004c6, 0x08b608ae, 0x2a1182f6, 0x00010000, 0x08010008, 0x820c00b6, 0x00be2205, 0x202d82a0, 0x20138218,
	0x2c398212, 0x00140014, 0x00160012,
	0x00130026, 0x2e018228, 0x002a0024, 0x00250032, 0x00370034, 0x8239002e, 0x32200801, 0x53003b00, 0x55003300,
	0x4c008a00, 0x96008d00, 0x98008200,
	0x8c009d00, 0xa0009f00, 0xab009200, 0x94280182, 0xb000ad00, 0xb2009500, 0x99300182, 0xc000b400, 0xc2009a00,
	0xa700cc00, 0xd000ce00, 0x26081382,
	0x00d200d2, 0x00d400b5, 0x01b600f2, 0x00de01de, 0x026902d5, 0x02d6006a, 0x00800280, 0x028302d8, 0x00d90083,
	0x952808da, 0xbc012101, 0xb6220184,
	0x1f83bc01, 0x91c20121, 0x28082301, 0x3b846603, 0x41953420, 0x21891b8a, 0x01212b9a, 0x213184c8, 0x23870828,
	0x09883a20, 0x09883420, 0x819aad96,
	0x3a20319b, 0x0121379b, 0x850185ce, 0xd4012123, 0x99850782, 0xfe21cda5, 0x41018301, 0xcb82075f, 0x01e00125,
	0x9be601e6, 0x231b8371, 0xf201ec01,
	0x2d870189, 0x01f80125, 0x830402fe, 0x0a02290d, 0x01002808, 0x1bff6b01, 0x5e260582, 0x01000000, 0x05845901,
	0x01002c28, 0x2c010100, 0x058433ff,
	0x0d823420, 0x1effb222, 0x74200b82, 0x59201d84, 0x2d200b84, 0x2f200b84, 0x00210583, 0x200584c5, 0x261184cd,
	0x00150055, 0x822d0101, 0x05d74253,
	0x01000826, 0x12000c00, 0x94220582, 0x05829a00, 0x5f020125, 0x82000200, 0x07002123, 0x09222f82, 0x07820a00,
	0x1d001626, 0x1f000900, 0x11220182,
	0x01822800, 0x2a001228, 0x13002f00, 0x01823100, 0x41001928, 0x1a004700, 0x01824900, 0x00212008, 0x0063005d,
	0x00650022, 0x00290066, 0x007e0078,
	0x0080002b, 0x00320081, 0x0094008d, 0x82960034, 0x003c2201, 0x280182a0, 0x00ba003d, 0x003e00c0, 0x320182c2,
	0x00d60045, 0x004600dc, 0x00df00de,
	0x0283024d, 0x824f0083, 0x05002687, 0x0050007c, 0x210190a2, 0x018f00a8, 0x8d00ae21, 0x00d22101, 0xb421018d,
	0x20018f00, 0x8d7d82ba, 0x82c02003,
	0x20038d8d, 0x22458ec6, 0x90cc00d2, 0x00d22a01, 0x00e00101, 0x01010000, 0x2005847a, 0x22b7826d, 0x84300101,
	0x84aa200b, 0x843e2005, 0x846d2005,
	0x83b32005, 0x1c022305, 0x31440a00, 0xc4043109, 0x01000c00, 0xe800ea04, 0x24000200, 0x09000100, 0x0b222382,
	0x07821200, 0x14001428, 0x16001100,
	0x0d821e00, 0x26002026, 0x28001b00, 0x22280182, 0x30002a00, 0x32002300, 0x2a280182, 0x37003400, 0x39002b00,
	0x2f240182, 0x3f003b00, 0x30081982,
	0x00480041, 0x004a0035, 0x003d0053, 0x00650055, 0x00670047, 0x00580072, 0x00800074, 0x00820064, 0x0071008a,
	0x0095008d, 0x0098007a, 0x0083009d,
	0x220182a0, 0x82ab0089, 0x008a2801, 0x00b000ad, 0x82b2008b, 0x008f2a01, 0x00b800b4, 0x00ba0090, 0x202b82c1,
	0x28f782c3, 0x00ce009d, 0x00a700d0,
	0x240182d2, 0x00d400aa, 0x083182de, 0xeb00e03c, 0xed00b600, 0xc200f200, 0xde01de01, 0x6902c800, 0xc9006a02,
	0x79027602, 0x7e02cb00, 0xcf007f02,
	0x83028302, 0xd200d100, 0x06020002, 0x0c02ca01, 0xfa01f401, 0x0002e801, 0x1182ee01, 0xac010022, 0xa6241582,
	0xb201ac01, 0x0c200d82, 0xb8221582,
	0x23830c02, 0x01120223, 0x822583be, 0x82c42011, 0x82ca2003, 0x8212201d, 0x86438203, 0x2043851d, 0x244384d0,
	0x01d601dc, 0x891d87dc, 0x20678225,
	0x844385e2, 0x82002013, 0x82062005, 0x83078b5d, 0x9175820b, 0x209d8533, 0x832f8202, 0x861f8baf, 0x04123245,
	0x04760446, 0x04820488, 0x04700464,
	0x02460494, 0x20118242, 0x20158446, 0x24058282, 0x0246046a, 0x830d8618, 0x866a2023, 0x826c2025, 0x82882013,
	0x026a2203, 0x2205821e, 0x826c0246,
	0x022a2401, 0x842a0224, 0x8230200d, 0x8343874f, 0x837c2057, 0x20198459, 0x205d8436, 0x821f8a76, 0x3c022127,
	0x65860183, 0x89862f88, 0x13832b83,
	0x4802462a, 0x54024e02, 0x60025a02, 0x9b822986, 0x66209d82, 0x6c200382, 0x6a30c182, 0x72028e04, 0x78026404,
	0x01004604, 0xbe034401, 0x02210583,
	0x200b84a8, 0x2205826e, 0x82a9032a, 0x032b2205, 0x20058297, 0x22178430, 0x829b032c, 0x83bd200b, 0x9a00210b,
	0x00211d83, 0x201786a3, 0x2217828c,
	0x8472032c, 0x84db2005, 0x82782005, 0x842d2005, 0x862c203b, 0x204d8323, 0x2165842c, 0x5f83032c, 0xbc032c22,
	0x05832384, 0xd9032c22, 0x2c220b82,
	0x0584d802, 0x0584fe20, 0x01000a26, 0x0602fe00, 0x39204d84, 0x2f200582, 0x2f220b84, 0x0b83fd02, 0x841c0321,
	0x84d62011, 0x82eb209b, 0x02402205,
	0x20058292, 0x22538430, 0x82ea0202, 0x82fb203b, 0x0fe74429, 0x70006422, 0x012e1982, 0x02005502, 0x36000d00,
	0x00003700, 0x01823900, 0x41000228,
	0x03004700, 0x01824900, 0x5d000a28, 0x0b006600, 0x01828900, 0xaf001528, 0x1600b000, 0x0182b200, 0xba001828,
	0x1900c000, 0x0182c200, 0xd2002022,
	0x212c0182, 0xdf00d400, 0x83022200, 0x2e008302, 0x00225782, 0x05820600, 0x2f03bf26, 0x60002f00, 0x66200184,
	0x038b4982, 0x91006c21, 0x00722201,
	0x21018478, 0x018d008a, 0x83007e21, 0x00842101, 0x8a200191, 0xc9266582, 0x0100a802, 0x05844402, 0x05830720,
	0x02fb0129, 0x010100de, 0x82d80261,
	0x03072205, 0x21058200, 0x8f8202fe, 0x06242382, 0x10000600, 0x0a203382, 0x01220382, 0x01820c00, 0x14000124,
	0x4d492400, 0x0000230a, 0x0383000a,
	0x2c010122, 0x02200782, 0x0c202f82, 0x11223f82, 0x05821eff, 0x1bff3922, 0x02203f88, 0x0c223382, 0x05821c00,
	0x7c003222, 0x25108549, 0x02030002,
	0x95490250, 0x00592805, 0x025b0205, 0x8209005c, 0x0000226d, 0x87558244, 0x8a322003, 0x2013870b, 0x20138238,
	0x2417883e, 0x022b0101, 0x20798206,
	0x2205842d, 0x8208022c, 0x822c200b, 0x000b2c0b, 0x001e0018, 0x002a0024, 0x82360030, 0x003c2601, 0x00480042,
	0x201d844e, 0x200584d6, 0x203584cc,
	0x200b84eb, 0x200584fd, 0x200583ea, 0x29b18203, 0xf9022c01, 0x2d010100, 0x17843903, 0x1784d020, 0x73821720,
	0xf9840120, 0xa602c822, 0x38203b4a,
	0x4c4f4d36, 0x52520020, 0x00204d4f, 0x4b52546e, 0x008a0020, 0x00ffff00, 0x2445840a, 0x00070002, 0x22ef8208,
	0x820b000a, 0x840d20f3, 0x860b2019,
	0x9a032019, 0x9a04201b, 0x9a05201b, 0x8e06201b, 0x610e271b, 0x00746c61, 0x05836356, 0x63635e2c, 0x9601706d,
	0x6c636f6c, 0x05849c01, 0x0584a220,
	0x0584a820, 0x8273ae21, 0xb4012723, 0x31307373, 0x0582ba01, 0xc0013222, 0x33220582, 0x0582c601, 0xcc013422,
	0x35220582, 0x0582d201, 0xd8013622,
	0x0220bf82, 0x0025c384, 0x02009a00, 0x208f8300, 0x09dd820a, 0x12000f2e, 0x16001400, 0x1c001900, 0x22001f00,
	0x26002400, 0x2a002800, 0x2f002c00,
	0x34003200, 0x39003600, 0x3d003b00, 0x41003f00, 0x46004400, 0x4b004800, 0x50004e00, 0x56005300, 0x5a005800,
	0x5e005c00, 0x62006000, 0x68006500,
	0x6c006a00, 0x71006e00, 0x75007300, 0x7b007800, 0x80007d00, 0x85008300, 0x89008700, 0x8d008b00, 0x91008f00,
	0x96009300, 0x9c009900, 0xa2009f00,
	0xa600a400, 0xaa00a800, 0xae00ac00, 0xb200b000, 0xb700b400, 0xbb00b900, 0xbf00bd00, 0xc300c100, 0xc800c600,
	0xcd00cb00, 0xd100cf00, 0xd600d400,
	0xdb00d900, 0xdf00dd00, 0xe300e100, 0xe700e500, 0xeb00e900, 0xef00ed00, 0xf300f100, 0xf700f500, 0xfb00f900,
	0x0001fd00, 0x06010301, 0x0a010801,
	0x0e010c01, 0x13011101, 0x17011501, 0x1d011a01, 0x23012001, 0x29012601, 0x2f012c01, 0x34013201, 0x3a013701,
	0x3e013c01, 0x44014101, 0x48014601,
	0x4e014b01, 0x53015001, 0x59015601, 0x5f015c01, 0x63016101, 0x68016501, 0x6d016a01, 0x00007001, 0x7e010100,
	0x73200584, 0x74200584, 0x75200584,
	0x76200584, 0x77200584, 0x78200584, 0x79200584, 0x200a5148, 0x200b847b, 0x0805847c, 0x80017d38, 0x3c030203,
	0xae035e03, 0xbc039204, 0x1c040204,
	0x92048404, 0x1205a604, 0x80052c05, 0x8e050406, 0x0406f605, 0x60061806, 0xd0067206, 0x3007e206, 0x3e07b407,
	0x0582a607, 0x0a08c828, 0x18088e08,
	0x05828008, 0xe808a23c, 0x4c09fa08, 0xba096609, 0x140acc09, 0xcc0a2e0a, 0x200be60a, 0x2e0b360d, 0x05827a0b,
	0x0b889e09, 0x0c0a0cf8, 0x0d800c6e,
	0x0d360d1c, 0x0e1e0e4a, 0x0e7e0e30, 0x0ee60e90, 0x0f420ff8, 0x4db20f54, 0x10c40f00, 0x10361024, 0x11b410a2,
	0x113a2312, 0x27821124, 0x129411a6,
	0x12121200, 0x12a6277e, 0x23f61298, 0x1310133a, 0x14901372, 0x141e1400, 0x15ac148e, 0x15141502, 0x15881576,
	0x161016f6, 0x16004da2, 0x4d4e17c0,
	0x176c1700, 0x18d817c6, 0x185c184a, 0x19c418b2, 0x19d64b18, 0x19b0192a, 0x1a2c1ac2, 0x23ae1a3e, 0x1bc01a3a,
	0x1ba62730, 0x1bae1b42, 0x273e1cc0,
	0x1c581ca6, 0x1c3a23b6, 0x1d521dd0, 0x1dd21d70, 0x1e721ef0, 0x1f261f86, 0x1fb21f44, 0x200c20c4, 0x20862026,
	0x20e02098, 0x4b5021f2, 0x216221d6,
	0x21a627c4, 0x234022d2, 0x224e223a, 0x22a627b6, 0x232c23c4, 0x234e233a, 0x24a22388, 0x241c2402, 0x247e2464,
	0x250c25ee, 0x257a2560, 0x26dc25c2,
	0x266a264c, 0x27d026be, 0x27282716, 0x27a62794, 0x280e28ba, 0x286e2828, 0x28c42888, 0x291e29d6, 0x29922930,
	0x2a1c2ab0, 0x2baa2a2e, 0x2bc42aaa,
	0x2b4a2b30, 0x2baa2b9c, 0x2c142cbe, 0x2c6e2c26, 0x2cd42c80, 0x456e2df2, 0x2d802dd2, 0x2e0e2efc, 0x2ed24598,
	0x2f3c2fb2, 0x2faa2f56, 0x300c30c4,
	0x30963026, 0x311431b4, 0x318e312e, 0x321832a8, 0x32a63236, 0x331633c4, 0x33823330, 0x34ee339c, 0x344e3408,
	0x34ae3468, 0x350e35c8, 0x357a3528,
	0x35da3594, 0x364836f4, 0x36d23662, 0x383e37f0, 0x374c3756, 0x080582b4, 0x4838c2a8, 0x6a385638, 0xbc38a238,
	0x0e39f438, 0xc039a639, 0x723a583a,
	0x8a40de3a, 0x643bf83a, 0xc43b7e3b, 0x303cde3b, 0x983c4a3c, 0xba3ca63c, 0x5e3e083d, 0xa03d163d, 0xba3d004d,
	0x5e3e443e, 0x003f723e, 0x1e3f004d,
	0xfe3f7a3f, 0xf03f883f, 0x0c40fe3f, 0x8a407c40, 0x06419e40, 0x28411441, 0x88416e41, 0x5a42d641, 0x4c42e441,
	0x6e425a42, 0xd042b642, 0x3c432243,
	0x0e448a43, 0x00449843, 0x22440e44, 0x6a445844, 0xd444ba44, 0x824a4045, 0xc4455a45, 0xe045d245, 0x52464046,
	0xd64bd046, 0x6847ea46, 0x7a47d64b,
	0x0582c447, 0x4e48d228, 0x5c48d64b, 0x0582da48, 0x49f42a08, 0x494c493a, 0x4ac649ac, 0x4a264a0c, 0x4a824a74,
	0x4b184b96, 0x4bbc4b2a, 0x4cea4bd6,
	0x4c004d6a, 0x4df24c78, 0x4d2e4d00, 0x08018214, 0x424d2e34, 0xb64da84d, 0xd84dc44d, 0x004eec4d, 0x404e144e,
	0x00000100, 0x08000100, 0x1a000200,
	0x57000a00, 0xa4005c00, 0xd500d000, 0xce01cd01, 0x0002cc01, 0x1d825502, 0x56000a36, 0x9f005b00, 0xd400cf00,
	0x91019001, 0xe701b401, 0x03005702,
	0x012b3986, 0x04000e00, 0x244a1e4a, 0x834a2e4a, 0x00042a4f, 0x00f500c7, 0x00d701fc, 0x21218706, 0x63843a01,
	0x0c00052e, 0x1800c405, 0x32002400,
	0x4f010100, 0x05831382, 0x09822482, 0x4f010224, 0x0a82ed01, 0x68020122, 0x00209386, 0x29856186, 0x04000022,
	0x08201786, 0xea220782, 0x5d89cbff,
	0x00500023, 0x20bb8202, 0x242f822c, 0x001e4708, 0x215b8814, 0x5b8500ea, 0xea010122, 0x06203b84, 0x04210582,
	0x20618b00, 0x20538806, 0x24418202,
	0x01680202, 0x208b861e, 0x205f8aea, 0x27bd877c, 0x28001a00, 0x48003800, 0xb3836186, 0x62834f20, 0x03201f82,
	0x4f20bf82, 0x0024d382, 0x68020200,
	0xad82c38a, 0xc5870d84, 0x2f820920, 0x85000121, 0x82012039, 0x8809200b, 0x00012481, 0x8accff14, 0x0106220d,
	0x830d8219, 0x08474137, 0x84760021,
	0x005022e9, 0x24ad8204, 0x00260018, 0x20898a36, 0x204d82ed, 0x20318200, 0x20898203, 0x0a4b41ed, 0x0b820120,
	0x0b206983, 0xed207988, 0x0b206584,
	0x04200582, 0x1383ad8e, 0x08204383, 0xc9826784, 0x411c0121, 0x8589089b, 0x1382de20, 0x0700082e, 0xde401000,
	0x1c00ea40, 0x28005c21, 0x51208984,
	0x5120af84, 0x00206782, 0x02240982, 0xec015101, 0x200ed141, 0x820f830d, 0x222983b3, 0x8a0e0000, 0xff8a22ed,
	0x1e7141ce, 0x53833383, 0x03205f87,
	0x51215f82, 0x410d8301, 0x10200d71, 0x2006e141, 0x831b8201, 0x841120f7, 0x85398573, 0x2805830f, 0x00080001,
	0xff140001, 0x0c7141cf, 0xc1861720,
	0x4031eb88, 0x000200c2, 0x002e000a, 0x00b64404, 0x00c2440a, 0x21bd8616, 0x5d420101, 0x4213200f, 0x1183105d,
	0x15820020, 0x02000825, 0x82007a40,
	0x240121a5, 0x4021e389, 0x2a598468, 0x00040042, 0x001e400a, 0x86280018, 0x83a98359, 0x05a7425b, 0xaf836783,
	0xc5881520, 0x2005cb42, 0x12bd4115,
	0x6f871383, 0x6f840a20, 0x6f892120, 0x84d80021, 0x82042089, 0x001624cd, 0x82300022, 0x8452206d, 0x825220ed,
	0x05af4159, 0x83015221, 0x0b1f430b,
	0x2005c949, 0x83178201, 0x41182083, 0xd5200caf, 0x831eaf41, 0x0102215d, 0x5f835385, 0x0b830320, 0xaf416184,
	0x411a200d, 0x318308af, 0x1b000022,
	0x01218f82, 0x83398500, 0x431b2075, 0xd6200c21, 0x200caf41, 0x41c18616, 0x002108af, 0x25e587cc, 0x1600882d,
	0xe5822400, 0x23845620, 0x89425620,
	0x831d200e, 0x221d860f, 0x8c1e0000, 0x9eda20d9, 0x235183d9, 0x01560102, 0xd9855383, 0x0d840b82, 0x2020d98d,
	0x3183d988, 0x21000022, 0x39857384,
	0x2120d983, 0xdb20d98c, 0x1220d98c, 0xd989b586, 0xe544b420, 0xac2c2109, 0x870ae544, 0x82012085, 0x20558381,
	0x10874223, 0x00201183, 0x08201582,
	0x6e214182, 0x21a38200, 0xe18a1d01, 0x57845c20, 0x35901c20, 0x03002524, 0x67820800, 0x5984c582, 0x440dab45,
	0xd74407f7, 0x45252007, 0x01230d49,
	0x8268022e, 0x01022211, 0x893b824f, 0x84b820c3, 0x003a2a6b, 0x2b0a0004, 0x001600e8, 0x084d4322, 0x0225c587,
	0xec015601, 0x20008300, 0x089d4101,
	0x9b902720, 0x00201183, 0x6420d186, 0x2220d184, 0x5220d18a, 0x2920d196, 0x3c237783, 0x82363c2a, 0x052d4179,
	0x51010122, 0x93446b88, 0x8e292005,
	0x862f20c7, 0x8c5120c7, 0x84a820c7, 0x00843261, 0x40120008, 0x001e00ac, 0x003e002e, 0x005e004e, 0x086f426c,
	0x5782ea20, 0x63010122, 0x03254d82,
	0x5101ea01, 0x200f8d01, 0x450f8e54, 0x2f8806af, 0x1f8a5c20, 0x3f820220, 0x43091141, 0x2b2005fd, 0x83101141,
	0x0db94511, 0x23823220, 0x56010222,
	0x7f414982, 0x56022108, 0x082e1382, 0xd0000600, 0xc400f825, 0x0e00dc00, 0x0f471c00, 0x832d200c, 0x010025b5,
	0x01005a01, 0x2e200982, 0x24080b41,
	0xff1c0201, 0x096141d9, 0x840e0221, 0x01052647, 0x00a40196, 0x2043820c, 0x0e47462c, 0x55863020, 0x31204987,
	0x01244d82, 0x5a010200, 0x31205986,
	0x01225989, 0x6f43ffc2, 0x9e01210a, 0x2016bb41, 0x2a7d8233, 0x251a000e, 0x00260042, 0x823e0032, 0x825c20a3,
	0x205f8343, 0x85af8600, 0x840d820b,
	0x825c2067, 0x420b8771, 0xd78509ab, 0x7d883320, 0x2e010222, 0x43222d82, 0xdb896802, 0x841c0121, 0x824a2081,
	0x330e2611, 0x331a001e, 0x8571842a,
	0x010122c9, 0x4257825c, 0x0b8505f3, 0x5c206385, 0x1882d782, 0x5c209184, 0x00220582, 0xa1413500, 0x20118310,
	0x20158200, 0x265f8208, 0x020200b8,
	0x89360168, 0xa6002175, 0x30207584, 0x06220582, 0x4d411600, 0x4137200e, 0x38200e4d, 0x0e2a3782, 0x2a001c00,
	0x46003800, 0x0b415400, 0x055d4106,
	0x8b826182, 0x85076b41, 0x01032293, 0x8301835a, 0x857f820c, 0x071f410d, 0x21410d85, 0x09a14107, 0x194a7382,
	0x000a2408, 0x43440102, 0x5a210607,
	0x28df8501, 0x00080001, 0x01060001, 0x20f3840e, 0x22c9845a, 0x821a000a, 0x003a3493, 0x0060004c, 0x00900080,
	0x00b000a0, 0x000300c2, 0x85501a01,
	0xaa3f2103, 0x03205382, 0x01280382, 0x0200401a, 0x9a3f9a3f, 0x30280f88, 0x8a3f0300, 0xc4153c00, 0x1e241188,
	0x783f0400, 0x2a224f82, 0x1388b215,
	0x05000a26, 0x1600643f, 0x15210183, 0x2015829e, 0x227d8202, 0x870401f5, 0xea19211f, 0x44205582, 0x00210582,
	0x21658400, 0x0f82da19, 0x34403422,
	0xca201f88, 0x24220f82, 0x0f845e15, 0x90360126, 0x143f0100, 0x01200b82, 0x3a200382, 0xa8203186, 0x02211382,
	0x4b118500, 0x0425081b, 0x0102006a,
	0x0b2542a1, 0x00d0043b, 0x000a0002, 0x09070034, 0x131000be, 0x23001eb2, 0x00541714, 0x0101001c, 0x203d825e,
	0x0ac34401, 0x4d84ec20, 0x0f423c20,
	0x20118310, 0x050f4200, 0x00820427, 0x01680202, 0x090f420c, 0x43700421, 0x3e2c1607, 0x0c000500, 0x9c068e3d,
	0x24001800, 0x5d836d82, 0xc2827383,
	0x02244b82, 0xed015e01, 0x0b820a83, 0x00228985, 0xed423e00, 0x1a042109, 0x9720c782, 0x0321c78b, 0x2a678490,
	0x12050030, 0x00d8187a, 0x82342a0c,
	0x20bd8357, 0x895b8201, 0x84ed2049, 0x90402043, 0x201183c3, 0x21c38500, 0xc3844603, 0xc3890e20, 0x42340321,
	0x42201ad3, 0x2008d342, 0x285b845e,
	0x00030043, 0x00283d08, 0x20778416, 0x22a78201, 0x865e015e, 0x85d583c9, 0x82358225, 0x00012213, 0x206b8208,
	0x202382d6, 0x20cb8ca2, 0x2c6f843c,
	0x3c050044, 0x040c0034, 0x001a0086, 0x068f412a, 0x8b4a4183, 0x22df8509, 0x84450000, 0x201b854b, 0x200b8201,
	0x12534945, 0xe1861383, 0x84dc0221,
	0x890a20e1, 0x460220e1, 0x1e200569, 0x47203792, 0x200ca34b, 0x222182ed, 0x88ed0102, 0x830320d1, 0x200d840b,
	0x20c18201, 0x22a58601, 0x82470000,
	0x83fb8385, 0x20918329, 0x09bb4147, 0x82e60121, 0x8bbc20ef, 0x4c0221ef, 0x3028ef84, 0x08000300, 0x16002812,
	0xec20eb88, 0x21087d42, 0x0b830102,
	0x49204983, 0x20145944, 0x08854149, 0x2005a542, 0x206f8a4a, 0x20ed84ee, 0x21ed890d, 0x6f896401, 0x8a421121,
	0x05bd466f, 0xe3860020, 0x83052b42,
	0x11c9449b, 0x6f884c20, 0x4d202585, 0x06206f8a, 0x0f206f84, 0x6c206f8a, 0x5d416f84, 0x414f2013, 0xbb830c5d,
	0xe9820220, 0x20072f42, 0x410b8303,
	0x4f20125d, 0x20065d41, 0x201b82ec, 0x200b8201, 0x247d8a4f, 0x01020000, 0x0b5d419e, 0x85066b4d, 0x07a5417d,
	0x5120b585, 0x13837d8c, 0x230b7743,
	0x015e0103, 0x4a051141, 0x51200d0d, 0x85086d42, 0x48522045, 0x02230d69, 0x43a50168, 0xb14708c1, 0x68002108,
	0x870a0341, 0x05ab4185, 0x85835420,
	0x009e0122, 0x8305394c, 0x05c94213, 0x200f814e, 0x0ee54254, 0x77905520, 0x77869820, 0x7b41ec20, 0x6e002909,
	0x0c000300, 0x34002000, 0x430af343,
	0x57200737, 0x2012ef42, 0x222f8257, 0x43100108, 0xec200cbf, 0x15427982, 0x015e2205, 0x837584ec, 0x20118339,
	0x22d58208, 0x8203000c, 0x02a422f3,
	0x21198268, 0x21820103, 0x4bed0121, 0x7f930c77, 0x4584d720, 0x7f925920, 0x7f835920, 0x4106f14b, 0xd7200791,
	0x5d837f86, 0x8701d721, 0x8202200d,
	0x8d47896b, 0x88a3208d, 0x94d7208d, 0x4154208d, 0x5b20120d, 0x5783798a, 0x83078541, 0x41d78559, 0x5b201107,
	0x1383c192, 0x02238d8c, 0x827b0168,
	0x41bd8527, 0x01300a9b, 0x00020054, 0x003c000a, 0x170c0005, 0x00c63030, 0x46050946, 0xe5890577, 0x6d44d720,
	0x82012008, 0x000124fb, 0x455d0000,
	0x118310bf, 0xfe227387, 0x71820200, 0x83410b20, 0x46ec200a, 0x5f201683, 0x37217983, 0x2177840a, 0x5d850030,
	0x8b0d8346, 0x839187f1, 0x20858321,
	0x0a7f425f, 0x02008a24, 0x75437a01, 0x4378200c, 0x612218f3, 0xf5820400, 0x85058151, 0x01032173, 0xe588e382,
	0xf3850d83, 0x200d5345, 0x20f98261,
	0x83678201, 0x207f831b, 0x0dff4261, 0x82800121, 0x056f467f, 0x290ab152, 0x03009e00, 0x22000c00, 0x33414c00,
	0x0987460a, 0xa5826320, 0xff820620,
	0x68020322, 0x820ced51, 0x870f8617, 0x856420ed, 0x7a2823b5, 0xd9462c00, 0x01032306, 0xdb460154, 0x01022205,
	0x06f14b56, 0x33421187, 0x830d8505,
	0x8a6320ab, 0x052f43ab, 0xad84a820, 0x2f434385, 0x9c9a200b, 0x966620af, 0x8e1782af, 0x826720af, 0x44082047,
	0xed200653, 0x03227d82, 0xad865b01,
	0x04209b83, 0x73410d85, 0x831d850a, 0x906620ab, 0x86b120ab, 0x8a2383ab, 0xdc0421ab, 0x30165742, 0x01070069,
	0x00100008, 0x3332331c, 0x000c305c,
	0x06b94128, 0xd701ea22, 0x01200983, 0x77518f83, 0x89692011, 0x82042577, 0xb4010200, 0x200ca749, 0x3a6b84e8,
	0x000a0058, 0x0a2e0a16, 0x0058140a,
	0x0a320022, 0x196c1916, 0x00400078, 0x49670101, 0x032208ad, 0x8f41ed01, 0x01012206, 0x416f82ec, 0xcb49079d,
	0x436b2011, 0x11831047, 0x07490020,
	0x76042705, 0x68020200, 0x47439301, 0x64042109, 0x6d28ef96, 0x0c000500, 0x1c2f6c32, 0x200ccb49, 0x083545ea,
	0xcb49ea20, 0x05f74d0a, 0xeb8a6d20,
	0x02000e24, 0xff489b01, 0x4984200c, 0x6f201a6f, 0x85087947, 0x00702c49, 0x32062f05, 0x2f7c325a, 0x410c0014,
	0x1b850867, 0x11842b82, 0x02000824,
	0x65823003, 0x658cb620, 0x65849620, 0x08006a32, 0x20001200, 0x08052e00, 0xfa041805, 0x50004000, 0x4e064d41,
	0x012107af, 0x874d8301, 0x095d410d,
	0x55821f88, 0xc14a0120, 0x00002206, 0x20838872, 0x20e384ec, 0x12214572, 0x65411383, 0x10032706, 0x68020200,
	0x65419201, 0x86022109, 0x20166541,
	0x0aad4774, 0x22055f43, 0x82ea01ed, 0x200b829b, 0x05294601, 0x1d520f82, 0x22b58508, 0x49740000, 0x13410889,
	0x41742005, 0x02250979, 0x0102001c,
	0x0c8949bd, 0xcb538220, 0x18002509, 0x28009e08, 0xfd85d782, 0x42058b49, 0x8f49074b, 0x825a8205, 0x099b494d,
	0x9b497620, 0x49762014, 0x77200e9b,
	0x1220818a, 0x9420fd84, 0x0121fd89, 0x21818b88, 0x818aa607, 0x42068b48, 0x022006db, 0x49069b48, 0x79200dad,
	0x79208194, 0xb1488188, 0x897a2005,
	0x18012181, 0x95208184, 0x7e20818a, 0x2018b945, 0x0c2f497c, 0xfb86ec20, 0x2207e742, 0x41ec0103, 0x1142078f,
	0x05714106, 0xad497c20, 0x4d0f8708,
	0x0120088f, 0x0121ff82, 0x0c37469f, 0xad49ff85, 0x007e2c13, 0x000c0005, 0x002a001a, 0x4c480038, 0x5b43085d,
	0x09974105, 0x1f420f85, 0x210b8205,
	0x7d82ed01, 0x200dbf49, 0x08a1427e, 0x20050d41, 0x0d47467f, 0x01680223, 0x82d984b9, 0x0915413d, 0x261abf49,
	0x00040081, 0x49d6010a, 0xea220cbf,
	0x7790ec01, 0x19438120, 0x9082200e, 0x869c2077, 0x0a234877, 0x498e0021, 0xc98d0cbf, 0xc5488420, 0x050b490c,
	0xa3418420, 0x05c95706, 0x45051743,
	0x23410577, 0x0951490b, 0x51491b82, 0x840d820a, 0x48598395, 0x01210ac3, 0x065d46b5, 0xd7010323, 0x0d174101,
	0x9f846e20, 0x46003222, 0x08240782,
	0x1600d000, 0x44064748, 0x9f42071d, 0x4aea2005, 0x86200637, 0x2144b18c, 0x8d138505, 0x491383d9, 0x85200f43,
	0x7f853b82, 0x210a1f41, 0x1f414201,
	0x0d594b0c, 0x7b448820, 0x41882012, 0x2746141f, 0x20b98b0b, 0x4ded8203, 0xc7870b85, 0x9f875983, 0x0300c026,
	0xb8016802, 0x200cc542, 0x289584ac,
	0x004a0036, 0x00060002, 0x08075218, 0x2007794b, 0x0691438a, 0x01246b85, 0x8a000000, 0x8a20ab92, 0x1a24ab84,
	0x3c002c00, 0x20087348, 0x064554ea,
	0x87097348, 0x208f8311, 0x821d8204, 0x08374ea3, 0xb387bf83, 0x53416183, 0xb701210c, 0x0121b382, 0x47e38500,
	0x00210ad7, 0x22b582d2, 0x4952000a,
	0x714514a7, 0x059f5a05, 0xd701d722, 0x43057f45, 0x8c200cef, 0x4308a749, 0x8c2005ef, 0x1383d992, 0x200df755,
	0x10f75582, 0x7f832e20, 0x2bc62723,
	0x08534216, 0x20113348, 0x10c1478e, 0x3f551183, 0x8284200d, 0x84022023, 0x088d4da9, 0x84be2821, 0x00442ce1,
	0x280c0005, 0x00742856, 0x532a001a,
	0x5c20087d, 0x9020d392, 0x1b83d386, 0x0b820120, 0xd3929020, 0x79861383, 0x005e2827, 0x01680202, 0x21d38949,
	0x71844c28, 0x2a22d384, 0x754f2a36,
	0x825c2005, 0x20d39145, 0x83d39092, 0x20598711, 0x20598404, 0x21598945, 0xcd4ff227, 0x742a2309, 0xc7881600,
	0x2109a941, 0x0b830102, 0x9420b783,
	0x20141f46, 0x0e534894, 0x99449520, 0x82272009, 0x20c98231, 0x216f8946, 0x1d824a06, 0x08000832, 0x12007006,
	0xcc171e00, 0x2a000818, 0x44003600,
	0x21083153, 0xab8200ed, 0x84ea0121, 0x077952db, 0xed010224, 0x9b47f201, 0x821f8208, 0x8297200b, 0x059d5203,
	0x09820120, 0x73889820, 0xe8050122,
	0x210b435c, 0x6f856e01, 0x0f120025, 0x831e0074, 0xfe0d256b, 0x50004200, 0x4c083353, 0xec2009a3, 0x5008cb5b,
	0x01200745, 0xbf5c8786, 0x829a200f,
	0x09b34871, 0x7b899b20, 0xff000123, 0x21eb89b1, 0x315e5e05, 0x05534512, 0x43058d47, 0x0b820507, 0x20126746,
	0x0e75479d, 0x89489e20, 0x05774608,
	0x75899e20, 0xfff60423, 0x0c334fd1, 0x08000123, 0x05ed4600, 0x2007a75e, 0x086948ec, 0x0b824682, 0xec010322,
	0x65460183, 0x48a02010, 0xa1200e6d,
	0x45087d47, 0xa120056d, 0x200cab5a, 0x220d8ab4, 0x827c0006, 0x0101210d, 0x210a5d45, 0x8b494400, 0x00a32616,
	0x0df00d03, 0x20a582e4, 0x20338600,
	0x20678201, 0x0dd146a3, 0x02ba0123, 0x44b58668, 0x6a200b5d, 0xa52a5396, 0x0a000400, 0x22001600, 0xed442e00,
	0x01012206, 0x465582de, 0xde200541,
	0x47590b8c, 0x84de2009, 0x8ea52073, 0x86af2079, 0x4fde2079, 0xe5530cfd, 0x832e2005, 0x280d2367, 0x6b82340d,
	0x01206183, 0x4f896d82, 0x20052541,
	0x108343a7, 0x57441183, 0x8287200d, 0x01022223, 0x0c2f41de, 0x8d467c20, 0x44a9201a, 0xa9201233, 0x8310ed50,
	0x22f4834f, 0x83030001, 0x855d825b,
	0x2069850d, 0x830c8201, 0x0dc74547, 0xed84b020, 0x69412f85, 0x415e200b, 0xab261669, 0x0a000400, 0xff82321e,
	0x69412220, 0x82e62008, 0x05694159,
	0x7388e620, 0xe6010122, 0x0022b382, 0x5d41ab00, 0x84b2200e, 0x0102226f, 0x175d41e6, 0x0bca0b23, 0x855d82d6,
	0x11774d3f, 0x5d41ad20, 0x41118310,
	0x8a200d5d, 0x61832382, 0x410b8d42, 0xaf201b5d, 0x20125d41, 0x105d41af, 0x0320db89, 0xd947bd82, 0x2419830b,
	0x00000001, 0x10fd4eaf, 0xed84b320,
	0x5d412f85, 0xae01210a, 0x20165d41, 0x05c742b1, 0x008c1f22, 0x20095d41, 0x41598251, 0x5120055d, 0x200a0b4e,
	0x206b8451, 0x257189b1, 0x02005a01,
	0xc55aa601, 0x96a8200c, 0x83b32065, 0x261f23db, 0x07451400, 0x0f015d08, 0x578ab320, 0x57826220, 0x578b9a20,
	0x54f00021, 0x9744128f, 0x4bb52005,
	0xed440ce5, 0x21b58905, 0x0b820103, 0x2012ed44, 0x08d760b5, 0xb6204585, 0x00267d89, 0x02020084, 0x41430168,
	0x00012409, 0x827b0006, 0x4201201f,
	0xad420c3f, 0x843a2005, 0x1116227d, 0x0a535e72, 0x3550ed20, 0x0fcb580a, 0x4b42b820, 0x42118310, 0x26200d4b,
	0x02202382, 0x6b64b783, 0x1c092315,
	0xbf5e1400, 0x0f094408, 0x5f90ba20, 0x5f8d1183, 0x25632520, 0x08614808, 0x002c0225, 0x820a0002, 0x020426c3,
	0x20da20da, 0x200b82e6, 0x20f18400,
	0x220582f2, 0x90bc0000, 0x86118355, 0xf0012755, 0x68020200, 0xad89c001, 0x79500220, 0x00be2a17, 0x080a0004,
	0x0068085c, 0x83c18216, 0x116d435b,
	0xf14ebe20, 0x42c8200e, 0xbf4b0c07, 0x00202205, 0x123f4346, 0x0300c026, 0xaa010800, 0x200a0b56, 0x081b44f2,
	0x83010221, 0x0001240b, 0x4bc00000,
	0x138312d3, 0x210aa344, 0x3f4cc101, 0x01ec2408, 0x89f201ed, 0x040121d9, 0x4f120965, 0xf22007cd, 0x45835d82,
	0x33830320, 0x200a3f48, 0x830b8201,
	0x47c22079, 0x55410851, 0x92c22005, 0x871383c3, 0x00982689, 0x01680202, 0x217d89bf, 0x7d848600, 0xf1424e20,
	0x4e342008, 0xf2200857, 0x7d856f84,
	0x0d8e0b82, 0x82097348, 0x2275821b, 0x49c40000, 0xc4201459, 0x85088d47, 0x45c520a1, 0x8d820d49, 0x1d499f83,
	0x0f1d6605, 0x20132f59, 0x0c9b43c7,
	0x87415383, 0x82002005, 0x00012400, 0x48f20103, 0x074d0613, 0x84c7200d, 0x09b1411d, 0x858dc720, 0x47ca0121,
	0x994108a7, 0x6600210a, 0x082e2582,
	0x0e000600, 0x1a1e1a00, 0x2600261e, 0x63423400, 0x43f22008, 0xd7490a91, 0x83c9200f, 0x2229861b, 0x48ca0000,
	0xa34e0c6f, 0x06735e05, 0x43760021,
	0xf9880611, 0x44e40221, 0xcc2c16ed, 0x0c000500, 0x18006001, 0x2400a219, 0x5708b346, 0xb7430b23, 0x20638509,
	0x267788cc, 0x008e0202, 0x52ab0102,
	0x20200cfb, 0x23098d4b, 0x2a051e05, 0x430a614c, 0xce200fff, 0x8310a943, 0x82002011, 0x00082415, 0x82d80202,
	0x01682203, 0x0a514286, 0x01486020,
	0x42d0201a, 0xd020129f, 0xf0222f82, 0x4949fe00, 0x01022206, 0x06294fd7, 0xe5472b83, 0x82ae200d, 0x000122c1,
	0x45218303, 0x01210b37, 0x1a2d54b0,
	0x7f42d220, 0x05154108, 0xe942d320, 0x09515912, 0x0d8f5b83, 0x8309e942, 0x00012419, 0x41d20000, 0x01250959,
	0x01020034, 0x0caf46ac, 0x8d84c620,
	0xbd4a6020, 0x00362208, 0x08115046, 0xd382db83, 0x8506ad53, 0x860f820d, 0x09a34bd3, 0x2007254f, 0x08494ed5,
	0x7384ec20, 0x3f41d520, 0x41138312,
	0x01270627, 0x0202004a, 0x41830168, 0x94200a8d, 0x48298d84, 0x08000300, 0x2c001a00, 0x0fe75700, 0x994fd720,
	0x0521410a, 0x994fd820, 0x20ef8708,
	0x104957d8, 0x33511982, 0x01042108, 0x0f880d84, 0x20074341, 0x42bb8201, 0x022809ed, 0x02000a00, 0x6802ad01,
	0x0220c182, 0x47483182, 0x8500200a,
	0x006c22a3, 0x06816305, 0x50003e22, 0x85063141, 0x0781414b, 0xb3486985, 0x55e78205, 0xda200c75, 0x2b41b58a,
	0x82da2005, 0x052d427f, 0x82075142,
	0x04002123, 0x83100141, 0x0dcd4615, 0xa3868120, 0x4a0b7949, 0xdc201749, 0x0a225182, 0x494acc0f, 0x0791620c,
	0x5c010222, 0x22082d46, 0x825c0101,
	0x00002255, 0x0e7944dc, 0xc584c320, 0x29820220, 0x4b0b1141, 0x01230aa7, 0x4e8c0180, 0xdb4608d3, 0x43de2011,
	0x1183109d, 0x4720cf8d, 0x8b83cf84,
	0x20086744, 0x1b494a00, 0x6542e020, 0x4ae02012, 0xdb891049, 0xbd820320, 0x830b494a, 0x00012419, 0x4ae00000,
	0xc4201049, 0x2f85ed84, 0x2023114d,
	0x12114de2, 0x59825a20, 0x2005494a, 0x08ab645a, 0x5a010222, 0x200a6941, 0x2077845a, 0x0e6941e2, 0x7b84a920,
	0x79912983, 0x678c4620, 0x69413f83,
	0x05dd5609, 0x4107b543, 0xe4201181, 0x83108141, 0x0d814111, 0x23823520, 0x8141a385, 0x41e62025, 0xe6201281,
	0x89108141, 0x830320f3, 0x080141ff,
	0x01246985, 0xe6000000, 0x22108141, 0x826802aa, 0x5e2f8513, 0x402211a5, 0x658a5400, 0x6805a76c, 0x032109c5,
	0x8a0b8201, 0x840d8265, 0x48e8205f,
	0x138512ff, 0x830dd354, 0x0cd14513, 0x01680223, 0x208d8423, 0x69598351, 0x382010c9, 0x200ab769, 0x2227825b,
	0x82630101, 0x05fb41d3, 0x0b886320,
	0x22059b68, 0x41ea0000, 0x11831087, 0x200d8741, 0x22238237, 0x825b0102, 0x0987413b, 0x02005c25, 0x91000a00,
	0x8865206b, 0x0165216b, 0x01200b87,
	0x01200982, 0xec201782, 0x11836b90, 0x38206b8d, 0x6b832382, 0xd7a26520, 0x53826720, 0x6721d785, 0x5b0b8701,
	0x002205d1, 0x6b90ee00, 0x6b8d1183,
	0x23823920, 0x67206b83, 0x6b10df4b, 0xf02c110d, 0x08000300, 0x1400ea02, 0x68010100, 0x01223782, 0x7d865b01,
	0xdd830983, 0x3943f020, 0x0219210e,
	0x5f832783, 0x5fa26820, 0x5f83f220, 0x848e1121, 0x6f5b205f, 0xc76e0c47, 0x8ef22007, 0x6a3a205f, 0x5b200899,
	0xf4205fa2, 0x0b215f83, 0x205f8a68,
	0x20bf8854, 0x20598454, 0x205f8ef4, 0x205f863b, 0x41e98254, 0x1f410ff7, 0x42f62011, 0x56201075, 0x296d5f86,
	0x0101220b, 0x20658456, 0x206b8ef6,
	0x206b863c, 0x716b8c56, 0x15210ad7, 0x6fb98a46, 0xf8200f79, 0x8310eb41, 0x0deb4111, 0x23824020, 0x5b010223,
	0x0bd77101, 0x210a394e, 0x8b464614,
	0x057b4106, 0xbb886120, 0x31436120, 0x8461200a, 0x90fa20b5, 0x8d11836d, 0x8241206d, 0x206d8323, 0x0c9d5361,
	0x0c000323, 0x0d2b4400, 0x02216d83,
	0x20638901, 0x880b8303, 0x20198571, 0x208b8201, 0x0c2b44fc, 0x87846320, 0x2b441385, 0x4413830d, 0x42200f2b,
	0x03202d82, 0x6583f982, 0x2108c741,
	0x0d706c01, 0x428b8310, 0xbd8309d5, 0x79555b20, 0x83fe200e, 0x4200200f, 0xff2007ef, 0x2408c341, 0xff1e0101,
	0x21e989e2, 0xfd541001, 0x20e98512,
	0x0835435b, 0x91820320, 0xc18c0d85, 0x4a010121, 0x31830879, 0x73840c82, 0x01218d85, 0x710f8300, 0xa82209bd,
	0x7589e3ff, 0x849a0021, 0x00062c75,
	0x001e000e, 0x0040002e, 0x86640052, 0x586b89ab, 0x778205eb, 0x59827d83, 0x200ed749, 0x090f7301, 0x0121e586,
	0x898f8605, 0x82052081, 0x00012137,
	0x8d825387, 0x13842383, 0x01000825, 0x46ff1400, 0x012409c7, 0x0d010600, 0x01201382, 0x240cd542, 0x00020042,
	0x22a3820a, 0x86140d02, 0x05cd62bd,
	0x07010022, 0x840f5942, 0x0d594211, 0x23821720, 0x67010222, 0x200b5d75, 0x43518500, 0x01251093, 0x01020009,
	0x2063885e, 0x20398268, 0x5d138200,
	0x85820845, 0x7d010222, 0x20067943, 0x20518c68, 0x24a384a2, 0x0008007e, 0x22a98212, 0x8236002a, 0x004e2463,
	0x6166005a, 0xa1570831, 0x540b8b0b,
	0xed20090f, 0x200a6748, 0x0a8555ed, 0x5c01ed23, 0x20008300, 0x5f9d8201, 0x00200579, 0x01229982, 0x9f84ed01,
	0x03410b20, 0x11937410, 0x23821820,
	0x67010222, 0x850c0552, 0x110341b1, 0xc3940d20, 0x7184ec20, 0x86826820, 0x85076b54, 0x8a5a200b, 0x8ade2017,
	0x8a5c200b, 0x88ea200b, 0x23b7830b,
	0x01680102, 0xc3853b83, 0x20056341, 0x0edd440d, 0x63419920, 0x0b1b4b08, 0x7f4d7620, 0x0f012119, 0x20080543,
	0x234b8354, 0x03001001, 0x1623c782,
	0x47002400, 0x0224054b, 0x54015401, 0x7583bd82, 0x0b830320, 0x19850d88, 0x18820120, 0xc16d4382, 0x4514200c,
	0x5b4708cf, 0x1351760b, 0x02247383,
	0x66016601, 0x59823f83, 0x83000121, 0x840d8455, 0x82012043, 0x20618319, 0x855f8412, 0x210f851b, 0x51760001,
	0x1201210e, 0x230d0b41, 0x2a016802,
	0x33851182, 0x35430620, 0x0ae94508, 0x00f40923, 0x20e58614, 0x081d4d01, 0x82072143, 0x77002019, 0x01200cc1,
	0x21431183, 0x8415200d, 0x4265205f,
	0xe3720ccf, 0x16012116, 0x200ab546, 0x833782d7, 0x849482d9, 0x84d72041, 0x05d741ff, 0x11826620, 0x2d820020,
	0x220d3b43, 0x8468027c, 0x8c662029,
	0x4562206b, 0x65201059, 0x19495984, 0x455e200b, 0x01210d59, 0x860f8318, 0x010022f5, 0x0cfb5019, 0x1774ac20,
	0x8603200c, 0x083b414b, 0x90aa0121,
	0x85ad836f, 0x058566c9, 0xad840b86, 0xc9840020, 0x6f861b20, 0x1c20d785, 0x01236189, 0x4fb0ff5c, 0x462f1007,
	0x08000300, 0x2a001800, 0x5e010300,
	0x85016501, 0x45c383cf, 0x1e200f3f, 0x200a174f, 0x2069845e, 0x423b881f, 0x032005b9, 0xfd663f82, 0x67012005,
	0x29850877, 0x93841e20, 0x01241f87,
	0x1e010000, 0x210d3b42, 0x31881201, 0x280bc142, 0x00020094, 0x0058000a, 0x20058204, 0x21a3821a, 0xf585003c,
	0xab820320, 0x8205c342, 0x0400214a,
	0x01200d85, 0x4209c542, 0x678305e1, 0x79862120, 0x83015e21, 0x2111852f, 0xdf670002, 0x21012112, 0x3b41df8a,
	0x8d222005, 0x680223a3, 0x11820901,
	0x6d830220, 0x200cb741, 0x200d8202, 0x417d8201, 0x002008b7, 0x211cb167, 0xb1672401, 0x67178315, 0x01210db1,
	0x0a675025, 0x65826520, 0x85095f68,
	0x825420f7, 0x094b6f8b, 0xe5831d87, 0xe74c2420, 0x68132010, 0x63410a5d, 0x8605210a, 0x2408d147, 0x00240018,
	0x0a7f7330, 0x2009cb45, 0x0ad7455c,
	0x830b0b5f, 0x01002385, 0x07830027, 0x23820120, 0x08820120, 0x79882820, 0x2a050123, 0x0a1545ff, 0x481c0521,
	0x5c20123b, 0x02211382, 0x205f8901,
	0x840b8303, 0x0d3b486d, 0x35452a20, 0x22318308, 0x5f2b0100, 0x0f87087d, 0x22083b48, 0x4cffb404, 0x0122090f,
	0x7b71a604, 0x8400210b, 0x2c084948,
	0x0028001a, 0x00440038, 0x01010052, 0x83158254, 0x00002105, 0x20091968, 0x66618254, 0x1d8509d9, 0x2182de82,
	0x42059f45, 0x118305e3, 0x2d010022,
	0x01202b82, 0x00224786, 0xe3432e01, 0x098d520c, 0x06000124, 0x69861401, 0x7c092b42, 0x00211281, 0x202582e1,
	0x20058202, 0x205782e1, 0x200b8200,
	0x830b8403, 0x0d15410d, 0x84088b75, 0x01002231, 0x212f8231, 0x39850001, 0x38820120, 0x898b3120, 0xaf450020,
	0x20898309, 0x201b8287, 0x45378201,
	0x67470fa9, 0x00332811, 0x09080003, 0x82140000, 0x84cf20e1, 0x07434bbf, 0x61010122, 0x00220f82, 0x29433301,
	0x7601220d, 0x053d4502, 0xcf016122,
	0x201ca57a, 0x204d84d0, 0x20b582d0, 0x23098200, 0x01d00102, 0x59410b83, 0x8235200b, 0x8201201b, 0x22298377,
	0x79360100, 0xa7200ccb, 0x5f0c814b,
	0x3383111f, 0x5f835387, 0x5f830320, 0x45416184, 0x4238200d, 0x6585085b, 0x73843920, 0x01203985, 0x39203882,
	0x200ccf41, 0x0c1f5fa8, 0xc1869820,
	0x52094541, 0x08250aa9, 0x001c056c, 0x61bd8616, 0x012110d5, 0x100f493b, 0xf1461183, 0x4179200d, 0xdb4c0617,
	0x17f1460b, 0xf1463d20, 0x84f2200a,
	0x82cf2097, 0x055941c9, 0x8701cf21, 0x8201200b, 0x20d58309, 0x0eb3413d, 0xb341c720, 0x59cf2006, 0x00200b8b,
	0x2011597c, 0x4a5984e6, 0xe621090b,
	0x410b8301, 0x3f200bb3, 0x01207582, 0x2983f582, 0x40010022, 0x200cb341, 0x1eb341a2, 0x02213383, 0x41538501,
	0x0b8205b3, 0xb3416184, 0x0963740d,
	0x43206585, 0x39857384, 0x4320dd83, 0x600cb341, 0x01200985, 0x82207f82, 0x0620c186, 0x022c3382, 0x20000a00,
	0x02000300, 0x86005e00, 0x7a201782,
	0x07830382, 0x45010022, 0x01221582, 0x0f827000, 0x1d826a20, 0x09846420, 0x27481583, 0x006c2109, 0x01219382,
	0x83d1844b, 0x84262047, 0x00162247,
	0x2033823e, 0x83038238, 0x01002207, 0x22098247, 0x84680201, 0x8222204d, 0x8216200b, 0x001c214d, 0x1b860983,
	0x785d0121, 0x0223085b, 0x18010501,
	0x210eb740, 0x97414c01, 0x825c2006, 0x0f0f5a27, 0xfb595020, 0x8261200c, 0x01022447, 0x826101d7, 0x053b41d7,
	0x0d840b82, 0x200d3b41, 0x08435749,
	0x2005bd43, 0x0c814e4a, 0x49201385, 0x200e1d42, 0x08d1434d, 0xc141d720, 0xac082109, 0x220a4d45, 0x82320026,
	0x704c20f9, 0x89590833, 0x510b830b,
	0xf74905bd, 0x20a98309, 0x0e2b4968, 0x0f834c20, 0x00224186, 0x83884d01, 0x42080123, 0x0a2b5eff, 0x00340823,
	0x21858991, 0x215afa00, 0x74012015,
	0x3d620549, 0x51ea2007, 0x02220c79, 0x1f7c5101, 0x07957f08, 0x21860020, 0x08820120, 0x250a3f74, 0x02009a00,
	0x215d8b01, 0x13916a0c, 0x00205f83,
	0xa3635382, 0x07916a05, 0x5f871583, 0x7c096d69, 0xa3410533, 0x210b8205, 0xb363ea01, 0x209b840f, 0x82778201,
	0x2195821d, 0x51740100, 0x828c2011,
	0x42598517, 0x04210815, 0x12c15fdc, 0x54209785, 0x850e296b, 0x85542097, 0x083f6c79, 0x97850f85, 0x97920b82,
	0x174c5420, 0x20578508, 0x08a34155,
	0x66040221, 0x8d2005e1, 0x21099941, 0x1d826204, 0x08000832, 0x46035603, 0x62033803, 0x2c031200, 0x2c001e00,
	0x820af56a, 0x6802216b, 0x00224386,
	0x19845701, 0x77820120, 0x18820120, 0x5b885820, 0x18040124, 0x578aa6ff, 0x57850a20, 0x742c4f82, 0x96032000,
	0x3c002e00, 0x5c004c00, 0x6e08996d,
	0xf5660d03, 0x07fb6809, 0x210e4775, 0xed665a01, 0x5b01210d, 0x820d356f, 0x085d480f, 0xff8e0322, 0x420b7746,
	0x5d201909, 0x20147141, 0x0e71415c,
	0xec820f85, 0x01030024, 0xa985015c, 0x200dad43, 0x0d67685d, 0x2206df76, 0x18080001, 0x2408c743, 0x00010096,
	0x413d8302, 0x00210921, 0x161343c2,
	0x03006028, 0x2a030800, 0xb75d1400, 0x825e2008, 0x05f9425f, 0x2005ab4b, 0x08754160, 0x7c000222, 0xc5205782,
	0x200cf942, 0x5857846a, 0x37830d1d,
	0x0d5f0120, 0x01022108, 0x5e09275f, 0x21830b89, 0x68820120, 0xf5466220, 0x46118310, 0x10200df5, 0x5e20d184,
	0x200c8946, 0x20d19650, 0x21d18364,
	0xd1840201, 0x3d69f420, 0x64012113, 0x200ecb44, 0x20d182cb, 0x22d98201, 0x41f401ea, 0xdb4d0a31, 0x48612011,
	0x02240ceb, 0x61016101, 0x200eaf44,
	0x200f8366, 0x07054900, 0x73466720, 0x4ced200c, 0x07200c23, 0xab434b86, 0x30012108, 0x6820cf84, 0x4a054d5f,
	0x5020068b, 0x20088b4a, 0x0ca572ea,
	0x8b4a0d83, 0x430f830b, 0x55480525, 0x05d16909, 0x0c154718, 0x41690121, 0x5173106b, 0xae00270a, 0x68020200,
	0x03412b01, 0x849c200a, 0x42642093,
	0x3c2208b9, 0x91864a00, 0xc3445d87, 0x05ab4209, 0x7f8b9589, 0x72056743, 0x2d440bed, 0x616b2005, 0x01211311,
	0x0e7d436b, 0xaf416c20, 0x20a3820d,
	0x2211822c, 0x44540102, 0x0b820517, 0x03820820, 0x7e000622, 0x01200582, 0x210bf555, 0x1b841c01, 0x1000072e,
	0x30001e00, 0x48003c00, 0x62005400,
	0x2806d752, 0x015e0102, 0x000000ec, 0x74478204, 0x5e20090d, 0x01211182, 0x05c14201, 0x89740b85, 0x0d9f7c05,
	0x200da544, 0x4e33836e, 0x00220689,
	0xad886f01, 0x9c000124, 0x4d41a9ff, 0x478e200a, 0x1e28081d, 0x3a002c00, 0x5a004a00, 0x03208b86, 0x8d858b82,
	0x7d767b85, 0x82568205, 0x201b8531,
	0x1011465e, 0x557d7120, 0x7201210d, 0x4308fb79, 0x722005b7, 0x200c7d42, 0x0c7d42aa, 0x0d820a20, 0x67436985,
	0x82012005, 0x820120a5, 0x00042813,
	0x005b0056, 0x4ad400cf, 0x05200cd3, 0x01230d82, 0x18009f00, 0x2e09054a, 0x00090048, 0x001e0018, 0x002e0028,
	0x82360032, 0x004032cb, 0x02020044,
	0x0073026f, 0x026b0204, 0x026d026c, 0x210f8271, 0x8582026e, 0x82cd0121, 0x82ce20e5, 0x82cc2003, 0x02702211,
	0x82b78274, 0x55022175, 0x09325582,
	0xf500c700, 0x9001fc00, 0xb4019101, 0xe701d701, 0x798a5702, 0x76012222, 0x14220d8a, 0xc38c7701, 0x95847820,
	0x138cf520, 0x0f826d82, 0x138cfc20,
	0x2784a820, 0x8309cf62, 0x849920eb, 0x18d720ff, 0x20089551, 0x20db8600, 0x20178232, 0x22038212, 0x187f0100,
	0x2012395b, 0x21198210, 0xbb82000a,
	0x24062d41, 0x009f0002, 0x2c0f82aa, 0x01580204, 0x01050090, 0x028a0200, 0x200f8258, 0x2b07854b, 0x64005e01,
	0x00002c01, 0x09050b02, 0x04200582,
	0x00221982, 0x05840f00, 0x552d0486, 0x00434753, 0xff2000c0, 0xffbc03fd, 0x2884820b, 0x20f500db, 0xcd930000,
	0x222f82d4, 0x82a80206, 0x82202026,
	0x210c826b, 0xa1840000, 0x05821420, 0x0b820120, 0x04001424, 0x07822606, 0x8000cc22, 0xcc081f82, 0x002f004c,
	0x007e0039, 0x00ac00a9, 0x00b100ae,
	0x01bb00b8, 0x01130107, 0x0123011b, 0x0133012b, 0x013e0137, 0x014d0148, 0x0165015b, 0x017e016b, 0x0292018f,
	0x0237021b, 0x02c70259, 0x030403dd,
	0x030c0308, 0x03280312, 0x1e3f0ebc, 0x1e9e1e85, 0x1ef31ebd, 0x201020f9, 0x201a2014, 0x2022201e, 0x20302026,
	0x20ac203a, 0x20bd20ba, 0x212221bf,
	0x22022299, 0x2212220f, 0x221e221a, 0x222b2228, 0x22612248, 0x25002565, 0x250c2502, 0x25142510, 0x251c2518,
	0x252c2524, 0x253c2534, 0x25542551,
	0x255a2557, 0x2560255d, 0x25662563, 0x256c2569, 0x25942573, 0x25a0259f, 0x25b725b3, 0x25c125bd, 0xa7cc25ca,
	0xe0a3e08c, 0xfffdffb3, 0x26f384ff,
	0x003a0030, 0x82ab00a0, 0xb02008cd, 0xba00b400, 0x0a01bf00, 0x1e011601, 0x2e012601, 0x39013601, 0x4c014101,
	0x5e015001, 0x6e016801, 0x1820cd84,
	0xc628cd84, 0x0003d802, 0x0a030603, 0x2620cd82, 0x8020cd84, 0xbc24cd82, 0xf81ef21e, 0x1326cd82, 0x1c201720,
	0xcd842020, 0xcd823920, 0xcd86b920,
	0xcd849020, 0xcd841120, 0xcd842720, 0x64226022, 0x5020cd96, 0x712ecd92, 0x95258025, 0xb225a025, 0xbc25b625,
	0xcd84c025, 0xa0e08b24, 0xcd86b0e0,
	0xd182c520, 0x01210282, 0x9e048226, 0x91fe2902, 0x0000d800, 0x3efe74fe, 0xff2b2889, 0xfd37ff4a, 0x0036f338,
	0x85bae100, 0x74e22315, 0x09854ce1,
	0xe12de127, 0xe138e1cf, 0x2a1b8233, 0xe01ce124, 0xdf0000b3, 0x82eadffa, 0xdfe12805, 0xdfcfdfd7, 0x83a9dfcd,
	0x47dd3f27, 0x3add49dd, 0x36dd35dd,
	0x32dd31dd, 0x18dd29dd, 0x10dd14dd, 0xe4dc0000, 0xe2dce0dc, 0x0582dedc, 0xd0dcdc26, 0xd2dcd1dc, 0xdc232d83,
	0x838ddc88, 0x2f038307, 0x5fdc62dc,
	0xc0210000, 0x5202b421, 0xcc000100, 0x28081382, 0x017001e8, 0x01000082, 0x01840182, 0x028e018c, 0x0230021e,
	0x0244023a, 0x0258024e, 0x0264025a,
	0x02740272, 0x0298028a, 0x212b829e, 0xb1840200, 0x02bc0229, 0x02c802be, 0x83d402d0, 0x29038313, 0x0000d002,
	0xda02d802, 0x0d84dc02, 0xe002da24,
	0x0983e402, 0x02210383, 0x210583e0, 0x1b860000, 0x0f85cd82, 0x02000023, 0x872589e2, 0x20078513, 0x854f8202,
	0x23058909, 0xc402c002, 0x02270d83,
	0x02ea02e8, 0x84ee02ec, 0x83ec200b, 0x08038305, 0x0105012d, 0x01730154, 0x01de015b, 0x01d001fe, 0x01630174,
	0x015a0164, 0x015001e6, 0x014f015e,
	0x0151015c, 0x01ed0152, 0x01ec01ea, 0x82cf0156, 0x0cc20afb, 0x12000d00, 0x21001600, 0x26002200, 0x32002800,
	0x36003400, 0x3c003b00, 0x4b004100,
	0x4e004d00, 0x59005200, 0x67005d00, 0x6d006800, 0x74006e00, 0x5d016701, 0xf4016801, 0x7c026101, 0x83007800,
	0x89008400, 0x98008d00, 0x9d009900,
	0xaa009f00, 0xaf00ad00, 0xb500b400, 0xc400ba00, 0xc700c600, 0xd200cb00, 0xe000d600, 0xe600e100, 0xed00e700,
	0xd7016501, 0xf2016601, 0x55010601,
	0xe301dc01, 0xe401dd01, 0xd201d801, 0xd3017e02, 0xf3016f01, 0xf001d601, 0xfd017f02, 0x5801d101, 0x83028002,
	0x57017001, 0x02000600, 0x0a000400,
	0x09000500, 0x10000b00, 0x17001c00, 0x1a001900, 0x2a002e00, 0x2c002b00, 0x40001300, 0x42004500, 0x49004300,
	0xe8014400, 0x61004800, 0x5f005e00,
	0x6f006000, 0xd1004c00, 0x79007d00, 0x81007b00, 0x80007c00, 0x87008200, 0x8e009300, 0x91009000, 0xa100a500,
	0xa300a200, 0xb9008a00, 0xbb00be00,
	0xc200bc00, 0xe901bd00, 0xda00c100, 0xd800d700, 0xe800d900, 0xea00c500, 0x7e000700, 0x7a000300, 0x7f000800,
	0x85000e00, 0x88001100, 0x86000f00,
	0x8b001400, 0x8c001500, 0x94001d00, 0x92001b00, 0x95001e00, 0x8f001800, 0x9a002300, 0x9c002500, 0x9b002400,
	0x9e002700, 0xa9003100, 0xa7002f00,
	0xa8003000, 0xa0002d00, 0xa6002900, 0xae003500, 0xb0003700, 0xb2003900, 0xb1003800, 0xb3003a00, 0xb6003d00,
	0xb8003f00, 0xb7003e00, 0xc0004700,
	0xbf004600, 0xc3004a00, 0xc8004f00, 0xca005100, 0xc9005000, 0xcc005300, 0xcf005600, 0xce005500, 0xd4005b00,
	0xd3005a00, 0xdf006600, 0xdc006300,
	0xde006500, 0xdb006200, 0xdd006400, 0xe3006a00, 0xe9007000, 0x75007100, 0x7700ee00, 0x7600f000, 0x5700ef00,
	0x5c00d000, 0x7d02d500, 0x76027b02,
	0x78027702, 0x75027a02, 0x52027902, 0x56025302, 0x5b025a02, 0x51025802, 0x59025002, 0x57025402, 0xe5006c00,
	0xe2006900, 0xe4006b00, 0x96001f00,
	0xeb007200, 0xec007300, 0x6d016201, 0x69016e01, 0x6c016b01, 0xd9016a01, 0x5901da01, 0xe001e201, 0x01020702,
	0x05020302, 0x0a020902, 0x02020802,
	0x06020402, 0xe701fa01, 0xe501eb01, 0xee01ef01, 0x3d023902, 0x42024302, 0x13024102, 0x0c020b02, 0x0e020d02,
	0x10020f02, 0x12021102, 0x1a021b02,
	0x18021902, 0x16021702, 0x1c021502, 0x29022802, 0x14022a02, 0x32022e02, 0x33022f02, 0x34023002, 0x35023102,
	0xcd005400, 0x06000000, 0xb4ff2800,
	0x31033002, 0x0b820200, 0x10000b3d, 0x18001400, 0x33403600, 0x12131617, 0x0d0e0f10, 0x0407080b, 0x030e0003,
	0x824c0100, 0x00290894, 0x06850003,
	0x03030504, 0x15157603, 0x18151111, 0x14111815, 0x13131411, 0x19060711, 0x3335132b, 0x33373503, 0x33013501,
	0x08048215, 0x1701153f, 0x33011501,
	0x28071537, 0x74f36363, 0xf70199fe, 0x02f8fd11, 0x7dfdfd08, 0xeefe8601, 0x020e8290, 0x99fe63ce, 0x95fdf374,
	0x63f70174, 0x026ff9fc, 0xfdfd7408,
	0x74860113, 0x7482eefe, 0x829e820e, 0x00283b95, 0x02310200, 0x000700a8, 0x402d000b, 0x0004002a, 0x02040102,
	0x05050067, 0x21825f00, 0x064d172f,
	0x01010203, 0x004e0118, 0x090a0b00, 0x08278208, 0x1111072d, 0x19080711, 0x3313332b, 0x21272313, 0x03333707,
	0x83c32823, 0xfe3251c3, 0xd94731fc,
	0xa8020b67, 0xaaaa58fd, 0x006901f6, 0x8400ffff, 0x8c032b5f, 0x01002602, 0x07010000, 0x07825302, 0x0800a22b,
	0xb00102b1, 0x2b35b0a2, 0x20238900,
	0x2023889b, 0x95788258, 0x88be2023, 0x98562023, 0x886e2023, 0x87502023, 0x8f022023, 0x208f896b, 0x20479852,
	0x20478872, 0x2523935b, 0x31025aff,
	0x2385a802, 0x02070025, 0x8ab4005f, 0x88db20cb, 0xff59233b, 0xcb8400ff, 0x9a208390, 0x5a202388, 0xa0205f82,
	0x23051341, 0x2b35b0a0, 0x24080d82,
	0x000d0002, 0x02360200, 0x000f00a8, 0x403f0013, 0x0002003c, 0x03020803, 0x00080067, 0x06080406, 0x01010967,
	0x06a04101, 0x04040032, 0x070a5f05,
	0x18050502, 0x00004e05, 0x10111213, 0x0f213582, 0x2a008511, 0x2b1d080b, 0x15211333, 0x84331523, 0x21220803,
	0x37072335, 0x0d231133, 0xc15301c2,
	0xfed5b7b7, 0x46318ce0, 0xa8021577, 0xf548d949, 0xf5afaf49, 0x7f826a01, 0x00032808, 0x02f8ff63, 0x00ad021c,
	0x0029001b, 0x40420037, 0x05010e3f,
	0x04012b02, 0x004c0205, 0x05010702, 0x67050204, 0x89030300, 0x5f012283, 0x30938206, 0x2a4e0118, 0x2a00002a,
	0x30362a37, 0x1e26292d, 0x3340821c,
	0x08085117, 0x11332b17, 0x3233023e, 0x1415021e, 0x15070606, 0x0e340783, 0x26222302, 0x32331326, 0x34353636,
	0x26272626, 0x11072226, 0x37221982,
	0x0f83023e, 0x63239e08, 0x19262a1f, 0x173c6d55, 0x34282a10, 0x3b171436, 0x2b18536a, 0x347e2239, 0x36141435,
	0x28221633, 0x2c1f111e, 0x18423f22,
	0x023f4218, 0x010202a8, 0x3846270f, 0x091e3933, 0x41260e03, 0x29493a3a, 0x01040110, 0x30331386, 0x05132925,
	0xfe020202, 0x0302f0d8, 0x13010101,
	0x39372c30, 0x00010015, 0x02f6ff5b, 0x00b2021e, 0x40300025, 0x0403002d, 0x00030400, 0x05000080, 0x7e050004,
	0x02040400, 0x02020061, 0x05004d1d,
	0x00610105, 0x011e0101, 0x1323284e, 0x06102328, 0x252b1c08, 0x20bd8333, 0x83a8822e, 0x161624d5, 0x822e2317,
	0x820e20cd, 0x821e20dd, 0x364508e5,
	0x52cc0136, 0x535a2706, 0x14325b48, 0x445b3416, 0x06265751, 0x34190752, 0x203b2e2e, 0x3b200d0d, 0x1b36312e,
	0x1b4a45a0, 0x6b894c1d, 0x214e8868,
	0x29484b1c, 0x3b17102a, 0x6c54546b, 0x290f173c, 0xff000000, 0x259f85ff, 0x26028c03, 0x3b430d00, 0x00182606,
	0xb10800a2, 0x0a3b4301, 0x0321c384,
	0x212388be, 0x23930057, 0xe7831f20, 0x00242385, 0x325e0206, 0x6e205f8b, 0x51203b88, 0x25083b8f, 0x53000200,
	0x1402f9ff, 0x1200ae02, 0x30002300,
	0x01012d40, 0x01000004, 0x4c020201, 0x01040113, 0x0404004b, 0x4c826100, 0x034d1722, 0x01211382, 0x351a8261,
	0x1a4e0118, 0x224a2211, 0x2b1b0805,
	0x36361133, 0x031e1716, 0xeb411415, 0x113f0806, 0x3e371616, 0x2e343503, 0x26262702, 0x38352053, 0x3f684b25,
	0x7f461b1d, 0x2b1f1063, 0x1632342e,
	0x0e223f31, 0x3a492910, 0xa8023415, 0x03010303, 0x814d2607, 0x49856962, 0x0203011d, 0x82eafd60, 0x19032b65,
	0x4b4d6239, 0x081f3b63, 0x9f820303,
	0x9f861d20, 0x00163408, 0x403e002b, 0x0801053b, 0x03010002, 0x174c0206, 0x4b010801, 0x05010104, 0x01060001,
	0x08006700, 0x00610208, 0x4d170202,
	0x06060107, 0x03006103, 0x82031803, 0x112129a9, 0x11224a12, 0x1f080911, 0x2321ad82, 0x24b19035, 0x23153315,
	0x21b58c15, 0xb78f3636, 0x8c7e7e21,
	0x340124b9, 0x903c0138, 0x38f122bc, 0x22bd8fed, 0x41ffff00, 0x032b055f, 0x002602be, 0x01000012, 0x44570207,
	0xe386126b, 0x00060223, 0x371d8213,
	0x00830001, 0x020e0200, 0x000b00a8, 0x002c402f, 0x04030002, 0x00670302, 0x210d1044, 0x0f440106, 0x21258206,
	0x0083110b, 0x1b080722, 0x2122e282,
	0xd2842115, 0x83152131, 0xdbfe7701, 0x3901ffff, 0xd64ba802, 0x824bf14b, 0x848f825a, 0x8c03215b, 0x16208f82,
	0x53208f84, 0x73428f86, 0x8323850b,
	0x872385b3, 0x20239bb3, 0x20479856, 0x456b886e, 0x012007af, 0x850a2b45, 0x2023896b, 0x89479851, 0x07d345b3,
	0x72208f91, 0x5b206b88, 0xff254793,
	0x020e025a, 0x242385a8, 0x5f020600, 0x0b13414e, 0x3b889a20, 0x8207af45, 0x08af455f, 0xf6ff3c36, 0xb2021902,
	0x25001c00, 0x2f403200, 0x00010200,
	0x80000201, 0x2e084082, 0x05000605, 0x01010067, 0x03006103, 0x004d1d03, 0x61040606, 0x1e040400, 0x14234e04,
	0x23132328, 0x1d080710, 0x2e21132b,
	0x06222302, 0x45230706, 0x5f440725, 0x254a0805, 0x16161421, 0x36363233, 0x028c0140, 0x2e3c431e, 0x520a1f38,
	0x4d5a2e0c, 0x16355c45, 0x455c3516,
	0x13356049, 0xc1fe8f01, 0x3a3f461c, 0x76011f41, 0x132a6960, 0x514a2d32, 0x874e2120, 0x4e896866, 0x95562421,
	0x29685d28, 0x8a826829, 0x0001002f,
	0x02000074, 0x00a8020b, 0x40290009, 0x113b4226, 0x04010525, 0x83041804, 0x000923f7, 0x00821109, 0x1a080622,
	0x33063542, 0x11211521, 0xfe970174,
	0xfe1e01bb, 0x4ca802e2, 0xd2fe4ce2, 0x4b205385, 0x1420fb82, 0x272efb82, 0x3f404200, 0x06050126, 0x05010103,
	0x51454c02, 0x01072609, 0x06000506,
	0x14534567, 0x27344282, 0x23282700, 0x11232813, 0x2b1c0808, 0x11333501, 0x22230606, 0x08185b45, 0x01353743,
	0x6c1fd83c, 0x36614c46, 0x5e341415,
	0x275a5449, 0x19045305, 0x3e313336, 0x240e0d22, 0x44293341, 0x4a230114, 0x2010b9fe, 0x6d8a4d1e, 0x1d4b876b,
	0x2646481b, 0x3b170f28, 0x6d55536a,
	0x0913173c, 0x05d741c5, 0x032bb784, 0x0026029b, 0x01000022, 0x42580207, 0x4b231213, 0x820214ff, 0x232385db,
	0x5d020600, 0x00232382, 0x8500ffff,
	0x886e203b, 0x1097423b, 0x0001002f, 0x0200004e, 0x00a8020a, 0x4027000b, 0x310f8224, 0x04010304, 0x00010267,
	0x064d1700, 0x03030205, 0x21820318,
	0x260e9f43, 0x11211133, 0x82231133, 0x524e3305, 0x52521801, 0xa802e8fe, 0x1f01e1fe, 0x3d0158fd, 0x7c83c3fe,
	0x1d000226, 0x3b020000, 0x27085782,
	0x00170013, 0x0538403b, 0x0b010203, 0x0a000206, 0x00670001, 0x0708000a, 0x0467080a, 0x17020201, 0x02090c4d,
	0x07180707, 0x17286582, 0x00141516,
	0x11130013, 0x0d200087, 0x2307f044, 0x21153335, 0x33220382, 0x75842315, 0x35211126, 0x31314e21, 0x05827b83,
	0x01e8fe23, 0x22818218, 0x82594609,
	0xfd462200, 0x2a8383f7, 0x00808901, 0x00810001, 0x84d60100, 0x402929db, 0x01010326, 0x005f0201, 0x04257283,
	0x05000001, 0x167d445f, 0xd9823520,
	0x82213521, 0x15333069, 0x017b8281, 0x4c817b48, 0x4c4c1002, 0x824cf0fd, 0x000226d8, 0x02f7ff3e, 0x2b538219,
	0x00160012, 0x1ab04b56, 0x1b405850,
	0x0124ea82, 0x80010002, 0x002fd085, 0x61030101, 0x03020506, 0x4e031e03, 0x8d1f401b, 0x2075841d, 0x2023844d,
	0x33218400, 0x130e4059, 0x13161313,
	0x14241416, 0x08071022, 0x33372b1b, 0x2b054e43, 0x11331135, 0x23060614, 0x07262622, 0x28080a82, 0x250350c4,
	0x10272432, 0x42491d50, 0x861e4b44,
	0x202e8c4f, 0x01363c18, 0x501cfee0, 0x411a235a, 0xfda80252, 0xff000058, 0x25f785ff, 0x26028c03, 0x1f452800,
	0x82812018, 0x03d62219, 0x442388be,
	0x238513fb, 0x23886e20, 0x8f13fb44, 0x10634223, 0x52208f92, 0x8512c342, 0x88722047, 0x13fb446b, 0x5bff8126,
	0xa802d601, 0x06242386, 0x01235f02,
	0x23056948, 0x2b35b001, 0x9a206788, 0x03454388, 0x00012c11, 0x01f6ff4d, 0x00a802dc, 0x41220014, 0x0023099a,
	0x41170202, 0x25290b93, 0x04102314,
	0x372b1a08, 0x05294933, 0x33113523, 0x061e4811, 0x524d2108, 0x2d301201, 0x52133533, 0x3e4f2c11, 0xb21f5551,
	0x1512312e, 0xe3013639, 0x503e19fe,
	0x511e112c, 0x8205b743, 0x49022367, 0x8b828c03, 0x83413220, 0x49922006, 0x00270d17, 0x00730001, 0x82400200,
	0x000a3a8b, 0x09224025, 0x02030306,
	0x014c0100, 0x17000001, 0x0203044d, 0x02180202, 0x2a4c824e, 0x120a000a, 0x08051112, 0x82332b19, 0x13260886,
	0x23010333, 0x52731101, 0x01f760f2,
	0xecfe6720, 0xbbfea802, 0xb2fe4501, 0x4d01a6fe, 0x0000b3fe, 0x7300ffff, 0x578314ff, 0x34207b82, 0x0f443f82,
	0x206f8206, 0x206f8277, 0x246f8217,
	0x401f0005, 0x8419821c, 0x600223f3, 0x6a870103, 0x05000527, 0x08041111, 0x2a698418, 0x52771521, 0xa8024e01,
	0x824ca4fd, 0x83752053, 0x20cf843b,
	0x21cf8536, 0xcf8d77ff, 0x5f862382, 0x23857782, 0x0a00552f, 0x090079ff, 0xb80101b1, 0x35b079ff, 0x209b832b,
	0x229b8277, 0x85a80217, 0x07ab4423,
	0x08209b82, 0x0d319b86, 0x29402c00, 0x0708090a, 0x01020304, 0x01000108, 0x24a8934c, 0x150d000d, 0x29a88515,
	0x11372707, 0x17371133, 0xb0831507,
	0x526f1d35, 0x018a1c6e, 0x2306014e, 0x52013043, 0x432fd1fe, 0x824cde3b, 0x8238205f, 0x821f205f, 0x001127fb,
	0x0e2b402e, 0x5984020a, 0x44000121,
	0x112315ee, 0x48141100, 0x3321098e, 0x25018213, 0x37112311, 0x01820323, 0x11172108, 0x097d7238, 0x0950727d,
	0x824f8203, 0xa8020903, 0x5601aafe,
	0xa80158fd, 0x01acfeaa, 0x58feaa54, 0x0122b082, 0x6f824700, 0x6f821020, 0x24000d27, 0x030a2140, 0x14da4102,
	0x6882c682, 0x2206da41, 0x82273301,
	0x01233cc8, 0x47111723, 0x031c0161, 0xfe625007, 0x020602e5, 0x90c8fda8, 0x58fda801, 0x83903802, 0xffff215b,
	0x03255b85, 0x0026028c, 0x18df433c,
	0x03217f84, 0x482388be, 0x472313ff, 0x820214ff, 0x462385a3, 0x3b850a37, 0x3b889a20, 0x22114743, 0x483e0002,
	0x1332064b, 0x2d002700, 0x03002a40,
	0x00610103, 0x4d1d0101, 0xeb820105, 0x0104613c, 0x001e0000, 0x0114154e, 0x141d1f00, 0x0b271527, 0x01130009,
	0x16080613, 0x3647052b, 0x05604d08,
	0x3e322725, 0x4c343502, 0x2908099a, 0x5d492c01, 0x34141434, 0x5d49495d, 0x33141433, 0x3d2f495d, 0x210d0d21,
	0x3c302f3d, 0x220d0d22, 0x4c1d0a3c,
	0x896c6c89, 0x07871d4c, 0x3b174c28, 0x6c54546c, 0x0787173b, 0x85ffff21, 0x8c03219f, 0x4120c382, 0x4f0c2341,
	0xc3840bd3, 0x88be0321, 0x13af4f23,
	0x6e202385, 0xaf4f2388, 0x89238513, 0x07df446b, 0x23866b91, 0x02270031, 0x00a2ff53, 0x020701a2, 0x00560053,
	0x501000a2, 0xb121076b, 0x0a374d03,
	0x72205785, 0xe34f7b88, 0x00320810, 0xff110003, 0x024802f6, 0x001b00b2, 0x00330027, 0x0e354038, 0x31000201,
	0x1b1f2030, 0x020d0f10, 0x02030a01,
	0x02004c02, 0x00610002, 0x4d1d0000, 0xa7410104, 0x1e210806, 0x28294e01, 0x33293328, 0x05292c29, 0x372b1908,
	0x26263727, 0x023e3435, 0x17163233,
	0x16071737, 0x060f4d16, 0x37275708, 0x01171614, 0x22232626, 0x3213020e, 0x3435023e, 0x16012726, 0x39263716,
	0x34140606, 0x6358495d, 0x3a262417,
	0x33140506, 0x6356495d, 0x02023618, 0x420d2401, 0x223c303e, 0x3d2f9b0d, 0x01020d21, 0x420eddfe, 0x25392734,
	0x896c3c5f, 0x3e2c1d4c, 0x233a2724,
	0x0b83395b, 0xfc39292e, 0x01183b22, 0x17283b24, 0x9afe6c3b, 0x54270482, 0xfe17361f, 0x822536dd, 0x08c341ac,
	0xff889a20, 0x20138350, 0x20ff820c,
	0x36ff824b, 0x002e001e, 0x16b04bdc, 0x0a405850, 0x01030112, 0x06000101, 0x841b4c02, 0x0109230c, 0x0c820801,
	0x1e855920, 0x0400232f, 0x04060500,
	0x01096705, 0x61010303, 0x342a8202, 0x080b4d1d, 0x00060602, 0x02070a61, 0x001e0000, 0xb04b1b4e, 0x20498218,
	0x222a8738, 0x87090900, 0x89002029,
	0x89002034, 0x0b4d2432, 0x8a080801, 0x3340213f, 0x00243a8c, 0x4d1d0101, 0x80483982, 0x06002906, 0x0a5f0706,
	0x18070701, 0x00203786, 0x59327584,
	0x20184059, 0x2800001f, 0x202e1f26, 0x001e002e, 0x0082111e, 0x24281429, 0x2b1d080c, 0x4a233521, 0x17220c72,
	0x31513533, 0x50252009, 0x2808069f,
	0x06062223, 0x16161415, 0x1c063c01, 0x42332f33, 0x27101027, 0x342f3343, 0x0f01061a, 0xc6bcbcc6, 0x312c81fe,
	0x2c301313, 0x3f05832b, 0x211f2b40,
	0x6767884e, 0x1f214e88, 0xd849422d, 0x3e49f549, 0x6d6d7930, 0x79303079, 0x30786d6e, 0x023e9482, 0x00006b00,
	0xac020f02, 0x1b001000, 0x2e403100,
	0x00040101, 0x03004c01, 0x03020100, 0x5a4f6701, 0x46052009, 0x1b230743, 0x82111319, 0x27102c2c, 0x18080642,
	0x3611332b, 0x43333236, 0x232305e7,
	0x51111123, 0x2c080747, 0x1d6b2323, 0x70182628, 0x3515337e, 0x535c4c60, 0x201b4b47, 0x02424c52, 0x010103a8,
	0x3f565f26, 0xfe112c50, 0x154f01fc,
	0x3c39373a, 0x32878416, 0x0200006d, 0x00a80211, 0x001c0011, 0x03324035, 0x82010501, 0x00012e87, 0x05010405,
	0x00040069, 0x02040302, 0x23298267,
	0x01064d17, 0x2306b54a, 0x12141a1c, 0x11222f82, 0x0b543227, 0x33112205, 0x518c8215, 0x232306de, 0x89351523,
	0x516d338d, 0x550f150e, 0x2b1b4170,
	0x535c616a, 0x211e4b44, 0x8d824b52, 0x14016c30, 0x51405430, 0xdf96245a, 0x36363d18, 0x6082183c, 0x00020033,
	0x029fff3f, 0x00b20218, 0x002e0017,
	0x1d0b4079, 0x337c821a, 0x03000113, 0xb04b4c02, 0x4058500a, 0x05040023, 0x72040303, 0x02212a82, 0x079a5186,
	0x074d1d22, 0x00229882, 0x19450662,
	0x401b2205, 0x23258324, 0x80030405, 0x5937269b, 0x18191740, 0x24260001, 0x2e181b1c, 0x14152e19, 0x1700090b,
	0x45081701, 0x062e1047, 0x23170706,
	0x32270627, 0x17332737, 0x50453636, 0x0548450f, 0x5c494408, 0x2a101433, 0x3b594c26, 0x0c0e271d, 0x24494e52,
	0x3d220d19, 0x223e3030, 0x3e220d0d,
	0x884c1d0a, 0x4c8a6c6b, 0x8a4c1e1e, 0x4d83626c, 0x045b6e13, 0x6a7d0144, 0x56757817, 0x17173d6d, 0x56566d3d,
	0x41173d6e, 0x60380503, 0x2c020000,
	0x1d00ab02, 0x37002a00, 0x01013440, 0x010f0005, 0x4c020402, 0x200b9d55, 0x0e9d5561, 0x20262a23, 0x2631821e,
	0x521e241d, 0x42190807, 0x3223051d,
	0x53031e33, 0x1720076f, 0x2e21c282, 0x0c284202, 0x06224b08, 0x340d6007, 0x4512393e, 0x13133059, 0x251f3336,
	0x5a340c19, 0x3d1f092c, 0x2c9e5938,
	0x4f1d112d, 0x251f0c4c, 0x0201a802, 0x47291102, 0x1f454038, 0x17050606, 0xc6c62d31, 0xfe0f2a28, 0x147101d9,
	0x2f2e3437, 0xff020112, 0xb38400ff,
	0x028c0325, 0x464e0026, 0x23851813, 0x2388be20, 0x2213eb50, 0x8314ff60, 0x482385fb, 0x3f2c0ac3, 0x1b02f6ff,
	0x3600b202, 0x31403400, 0x2309594e,
	0x01000401, 0x360bab53, 0x61050101, 0x1e050500, 0x31334e05, 0x1b1c1f21, 0x10231618, 0x4a180806, 0x3425096d,
	0x2e272626, 0x068d4503, 0x4306b653,
	0xa75205d7, 0x2e220808, 0x04523f02, 0x403c421b, 0x42181942, 0x335d493f, 0x5c321414, 0x255e5948, 0x19025203,
	0x413f373b, 0x16821918, 0x335c3a08,
	0x60351514, 0x325a474b, 0x2b28a514, 0x31331310, 0x0d1e3028, 0x3c292010, 0x2846382c, 0x3e41180f, 0x110c201f,
	0x28212c2d, 0x21100e1b, 0x3c31422d,
	0x0f102b4c, 0xffff4525, 0x21cb8400, 0xe3828c03, 0x2b415220, 0x0aaf500c, 0x0205012d, 0x03530160, 0x0206022f,
	0x88000055, 0x88be2033, 0x13734833,
	0x1fff3f26, 0xb2021b02, 0x00242385, 0x005e0206, 0x3b840082, 0x178c1420, 0x16825d20, 0x002b7882, 0x02f7ff42,
	0x00a8021c, 0x4d89001c, 0x1032056d,
	0x01020319, 0x02101804, 0x010f0103, 0x4c030302, 0x128c401b, 0x12820520, 0x2a855920, 0x01001f2c, 0x01040304,
	0x04008003, 0x29580004, 0x03002f05,
	0x06620203, 0x02020205, 0x1b4e021e, 0x21912340, 0x8306a04d, 0x84002027, 0x40592225, 0x288b820e, 0x171c001c,
	0x11222524, 0x06a15207, 0x15074508,
	0x15161636, 0x22230614, 0x16352726, 0x35363233, 0x35072634, 0x42112137, 0x49cec001, 0x6b5e3768, 0x4d204623,
	0x653a3e3d, 0xe9febf7d, 0xd049a802,
	0x551e0604, 0x0b68704f, 0x4823540d, 0x11385743, 0x9ffdbe5a, 0x00275882, 0x00480001, 0x820f0200, 0x000730e3,
	0x021e4021, 0x01000001, 0x0101005f,
	0x44044d17, 0xd15807c9, 0x08053a06, 0x11212b19, 0x15213523, 0x02011123, 0xbbc701ba, 0x4c4c5c02, 0xff00a4fd,
	0x254385ff, 0x2602be03, 0xa3535900,
	0x0aaf410c, 0xff480023, 0x85678314, 0x0aef4923, 0x00271794, 0xff500001, 0x820702f6, 0x00172597, 0x0218401b,
	0x244d9782, 0x1024280e, 0x2b1a0804,
	0x51113313, 0x264d06ff, 0x2e2a0808, 0x52503502, 0x38393b16, 0x1252163b, 0x43445530, 0x02132f57, 0x3e32fea8,
	0x43181843, 0xfece013e, 0x32594632,
	0x59321313, 0xbb830046, 0x03216784, 0x2097828c, 0x176b425d, 0xdf848b85, 0xaf4e2385, 0x20478513, 0x4e47886e,
	0x6b8f13af, 0x83138b4e, 0x870d2023,
	0x12ab498f, 0x5a065341, 0x57850c1f, 0x7b887220, 0x2613bf4e, 0x025aff50, 0x85a80207, 0x06002523, 0x00045f02,
	0xdb20ff8a, 0x8f593b88, 0x0b635407,
	0x9a205f85, 0x934b2388, 0x00012611, 0x02000028, 0x0b47422f, 0x2005af41, 0x1347425f, 0x33033323, 0x35018213,
	0x53cef603, 0x53ac09ac, 0xfda802ce,
	0xfd4b02b5, 0x01000058, 0x47821200, 0x47824520, 0x2700112a, 0x090f2440, 0x00030303, 0x2505fa5b, 0x054d1700,
	0x5e470204, 0x11002b06, 0x14111100,
	0x08061114, 0x4d842b1a, 0x50823720, 0x53831720, 0x23032335, 0x4f5b6d03, 0x5206063c, 0x06075261, 0x5e5a4f3b,
	0x825e065e, 0x5ec13161, 0x1ffee101,
	0xfd3f025e, 0xfd640258, 0xffff009c, 0x03216b85, 0x20d7828c, 0x18fb4168, 0x03218f84, 0x412388be, 0x238513fb,
	0x23886e20, 0x8513fb41, 0x416b8923,
	0xfb8210fb, 0xfb823320, 0xfb822520, 0x26000d29, 0x080b2340, 0x4d040104, 0x123017b9, 0x08051213, 0x13332b19,
	0x33173303, 0x13033337, 0x2108f683,
	0x59c3cf33, 0x59930492, 0x995dcfc4, 0x64019d04, 0xfbfb4401, 0x9cfebcfe, 0xe8fe1801, 0x01000000, 0x5f823f00,
	0x5f821820, 0x2800092b, 0x01082540,
	0x01010302, 0x095a434c, 0x240aaa41, 0x11090009, 0x21618411, 0xab411121, 0x01113506, 0x8f59c302, 0xc4589009,
	0x93011501, 0x3801c8fe, 0xebfe6dfe,
	0xff215682, 0x205785ff, 0x20db8303, 0x1847416e, 0x03247b84, 0x002602be, 0x47412385, 0x20238513, 0x4123886e,
	0x23851347, 0x47416b89, 0x208f8810,
	0x4247889a, 0x503613af, 0x07020000, 0x0900a802, 0x2c402f00, 0x01000106, 0x02030101, 0xd0824c02, 0x23060045,
	0x03020200, 0x200d1241, 0x05124112,
	0x0135333c, 0x15213521, 0x50152101, 0xb9fe5801, 0xa6fea601, 0x02455a01, 0xfd454b18, 0x53434be8, 0x205b8305,
	0x20a38303, 0x180f4174, 0x03217f84,
	0x85a382be, 0x13af4623, 0x6e202385, 0xdf522388, 0x02003610, 0xf6ff5f00, 0x1002f201, 0x30002300, 0x01b57900,
	0x01060701, 0x05404c4c, 0x03002730,
	0x03020102, 0x01008001, 0x01070600, 0xd1826706, 0x00610436, 0x4d200404, 0x00070700, 0x02050861, 0x001e0000,
	0x2b401b4e, 0x08242999, 0x18050501,
	0x00202f85, 0x59282d84, 0x00001240, 0x24262c2e, 0x23307182, 0x27241323, 0x1b080925, 0x2335212b, 0x2223020e,
	0x2406c64d, 0x26343533, 0x05ad5726,
	0x36363429, 0x16163233, 0x4c271115, 0x3d08071e, 0x36363233, 0x0c05aa01, 0x46343a21, 0x32141b4a, 0x1463475b,
	0x2e2b3537, 0x1d4d0112, 0x58534a4f,
	0x37764920, 0x2c11153a, 0x18403d2a, 0x0c221f43, 0x363d4118, 0x160f2646, 0x0c133231, 0x14822022, 0x4e511e30,
	0x0ff7adfe, 0x2623282a, 0x00501d0e,
	0x0341ffff, 0x02ea2406, 0x82780026, 0x020623a4, 0x06820153, 0xf9201788, 0x58201788, 0x2f881682, 0x881c0321,
	0x8b562017, 0xcc022117, 0x50201788,
	0x5f89178c, 0x178c5220, 0x2f88d020, 0x17885b20, 0xf2015a24, 0x17881002, 0x8a7e5f21, 0x3903218f, 0x59211788,
	0x21178aff, 0x1785f802, 0x0206012d,
	0x00fe005a, 0x0102b109, 0x5efeffb8, 0x003905ee, 0xff120003, 0x024802f6, 0x00360010, 0x004a003f, 0x1e4f4052,
	0x01020301, 0x08b9414c, 0x06082308,
	0x07080607, 0x01010a80, 0x0806010c, 0x0b670601, 0x04020201, 0x04010561, 0x0d4d2004, 0x00070701, 0xfd4b0961,
	0x46483705, 0x3b3d4042, 0x32343738,
	0x26132312, 0x26231223, 0x1f080e24, 0xc141252b, 0x36362308, 0xc0413333, 0x23072105, 0x2106bf41, 0x14823317,
	0x1616322b, 0x021e2307, 0x37363233,
	0x05ed4133, 0x2e331322, 0x24069559, 0x14150622, 0x08198216, 0x3301366c, 0x3a1e0704, 0x183e3731, 0x394c5522,
	0x2b22260f, 0x184a011e, 0x332a363b,
	0x0d03091d, 0x453f3931, 0x03f7021b, 0x20212611, 0x0b4d081c, 0x282c351f, 0xaf131b31, 0x20231002, 0x4612251f,
	0x202a3c4d, 0x122b282e, 0x112b2759,
	0x443b421a, 0x3f3a1e4a, 0x3a2f211a, 0x28101a40, 0x31263624, 0x4f48707b, 0x382b1e20, 0x2b11193f, 0x1b820401,
	0x7c3f1a39, 0x25343726, 0x0000501f,
	0xff5c0002, 0x020e02f6, 0x001800de, 0x437f0028, 0x0a2c0504, 0x01050103, 0x04020116, 0x401b4c02, 0x03200c86,
	0x59200c82, 0x1d241e85, 0x19000000,
	0x2908c15e, 0x01074d20, 0x61020404, 0xa3490306, 0x8e212007, 0x0106241f, 0x86180303, 0x07a14925, 0x191a142a,
	0x20220000, 0x281a2819, 0x182c7982,
	0x08112528, 0x332b1908, 0x33033313, 0x250bab5a, 0x23272626, 0x2b4f3715, 0x5c46080e, 0x05014e01, 0x31381d0b,
	0x112d513f, 0x3f502c11, 0x0b1f3b33,
	0x3e3c8a05, 0x3c3f1717, 0x16153b38, 0xfede023b, 0x0b1c1cef, 0x536a3b17, 0x163a6952, 0x391c1c0b, 0x4f541f3f,
	0x20205552, 0x544f5255, 0x0100001f,
	0xf7826300, 0x10020a22, 0x5f05815e, 0x202016a7, 0x1e23e588, 0x5f264e01, 0xf04b1ea7, 0x82332005, 0x013a08ac,
	0x22054ebc, 0x5b48494e, 0x32141432,
	0x514b475a, 0x07500321, 0x3c292d18, 0x4018173f, 0x182c283d, 0x19433f91, 0x536a3a17, 0x17396953, 0x2744481a,
	0x551f0f28, 0x1f555151, 0xdb42240d,
	0x249b8505, 0x002602ea, 0x0c9b4384, 0x03211784, 0x2017881c, 0x063b4357, 0x1fff6323, 0x88cb8202, 0x885e2017,
	0x82f62017, 0x88cc2017, 0x83512017,
	0x02002717, 0xf6ff4a00, 0xf341fc01, 0x0114260e, 0x01010105, 0x05f34100, 0xf3410c85, 0x0202210c, 0x230ff341,
	0x03066100, 0x21070d45, 0x1f8d0021,
	0x2209f341, 0x45006100, 0xf3410603, 0x2815250e, 0x19080825, 0x5b070545, 0x33240a99, 0x27133303, 0x080ef341,
	0x05b30142, 0x2e351d0b, 0x122f5543,
	0x42552f12, 0x0a1d332d, 0x014e0105, 0x163c3ad6, 0x3a3a3c16, 0x3d17173d, 0x0b1c1c39, 0x53693a17, 0x173a6953,
	0x011c1c0b, 0x3f22fd11, 0x5150551f,
	0x551f1f55, 0x1f555051, 0x2508f782, 0x02f6ff4c, 0x00b20206, 0x00320022, 0x22104060, 0x08090a0b, 0x02070102,
	0x04011e00, 0x4b4c0202, 0x585031b0,
	0x28821940, 0x02030424, 0xb7826a04, 0x054d1722, 0x200a8053, 0x821b821b, 0x8785201c, 0x2e1b8b20, 0x240e4059,
	0x232a2c23, 0x26322432, 0x8206152c,
	0x27132ed8, 0x27262637, 0x37171633, 0x021e0717, 0x06185a15, 0x1c443520, 0x83172005, 0x8203201b, 0x442720e4,
	0x6208050c, 0x16161415, 0x164920ec,
	0x226c2137, 0x49204c1b, 0x261a4138, 0x60565761, 0x515a2426, 0x05163333, 0x11232d13, 0x01183f3a, 0x393e1a01,
	0x18183d37, 0x2cdb013e, 0x21391839,
	0x2c3b1f25, 0x70734639, 0x27645941, 0x55586127, 0x1c13265e, 0x28452604, 0x451b25fe, 0x193e383e, 0x3d3a3f19,
	0xff001b43, 0x821e00ff, 0x023f2cfb,
	0x006600de, 0x3c00d889, 0x820040cd, 0x005524f7, 0x45afffec, 0xaf210635, 0x05ef57b0, 0x29061b42, 0x89000602,
	0x02000000, 0x27435400, 0x5e1c2006,
	0x003d0683, 0x00030403, 0x05008004, 0x05000300, 0x06006703, 0x00610206, 0x4d200202, 0x01040400, 0x05d26261,
	0x23132324, 0x835e2814, 0x0dd36205,
	0x07021e26, 0x33021e21, 0x2520f782, 0x08069b5e, 0x50af012b, 0x464e270b, 0x13325a46, 0x42542f12, 0x11315845,
	0x0297fe01, 0x283c3f19, 0xfbfe1a2e,
	0x18021b01, 0x3c39383b, 0x3f3b8717, 0x08324317, 0x5f78422d, 0x0b194340, 0x4542ba1f, 0x82451919, 0x85df82a6,
	0x02ea24a7, 0x438d0026, 0x17840c33,
	0x881c0321, 0x07334317, 0xcf46178f, 0x21178407, 0x2f88cc02, 0x8f07cf46, 0x43512017, 0x778f0663, 0x8507e746,
	0x88d02017, 0x07e74647, 0x5aff5423,
	0x05ab4302, 0x5f21a785, 0x20bf8b12, 0x462f85f8, 0xe38213cf, 0xff4e2008, 0x020402f6, 0x000f0110, 0x0258028d,
	0x0000c006, 0x0200b109, 0xb00602b8,
	0x00002b35, 0x82500001, 0x02fa3404, 0x001400ec, 0x002c402f, 0x61020303, 0x1f020200, 0x8201054d, 0x045f2d17,
	0x1a010101, 0x0601074d, 0x4e061806,
	0x45087382, 0x11140014, 0x11151114, 0x1c080811, 0x2311332b, 0x34353327, 0x1517023e, 0x15060626, 0x23153315,
	0x1883eb11, 0x6a3b179b, 0x1f534f53,
	0xc001b7b7, 0x41334846, 0x4a040921, 0x26260b03, 0x40fe4644, 0x50000200, 0x8f8329ff, 0x0029002b, 0xb67d0039,
	0x06020a1d, 0x07484907, 0x00002934,
	0x00020102, 0x07008001, 0x04610307, 0x20030301, 0x7b82084d, 0x18229284, 0x5351004d, 0x051c2506, 0x2d401b4e,
	0x04232b88, 0x844d1a04, 0x97bc8230,
	0x4059312f, 0x332a2b11, 0x2b392a31, 0x28152539, 0x09102328, 0x1721bf82, 0x06d24e33, 0x54493720, 0x0b4e4405,
	0x5c333521, 0x4946070b, 0x6323080f,
	0x2e311252, 0x01183e3b, 0x36200c05, 0x2d524030, 0x532d1212, 0x1f362f40, 0x134d050c, 0x4e42552f, 0x44c52254,
	0x31080561, 0x16163d39, 0x24213e3d,
	0x3b3f170d, 0x0c23204e, 0x51673916, 0x163a6851, 0x4420220c, 0x503ff0fd, 0x4318112d, 0x4e531ec4, 0x1f1f534f,
	0x534e4f53, 0x274f001e, 0x02292e05,
	0x02f90204, 0x00990026, 0x02060000, 0x88058258, 0x8b032117, 0x01291785, 0x0250010f, 0xc0e40277, 0x05894300,
	0xb0e40224, 0x28822b35, 0x41ffff21,
	0xcc20065f, 0x51203f88, 0x00241682, 0x5e000100, 0xfb2e0482, 0x1800de02, 0x2a402d00, 0x03020103, 0x19824c01,
	0x004d1923, 0x05d45903, 0x054d2023,
	0x088e5c04, 0x18001825, 0x4d251424, 0x112505f5, 0x3e331133, 0x055c4a02, 0x48112321, 0x290805af, 0x5e111506,
	0x220e0550, 0x4b483139, 0x3112501b,
	0x163c392f, 0xd9fede02, 0x200e2625, 0xb6fe5155, 0x35344a01, 0x4e521e14, 0x6382f7fe, 0x1d000125, 0x82020000,
	0x2000351f, 0x38403b00, 0x0706010b,
	0x01034c01, 0x00010401, 0x67000105, 0x2b050546, 0x61050707, 0x20050500, 0x0208094d, 0x22076d42, 0x83200020,
	0x82112085, 0x080a2200, 0x0516651e,
	0x15333526, 0x15231533, 0x79259193, 0x5a505c5c, 0x25958f5a, 0x5a5a384c, 0x98939538, 0x71000222, 0x0e2d9782,
	0x0300de02, 0x3d000d00, 0x01073a40,
	0x05cb6801, 0x004d1932, 0x5f040303, 0x1a040400, 0x0201054d, 0x085f0602, 0x2f050243, 0x00000404, 0x0d040d04,
	0x090a0b0c, 0x05060708, 0x03263982,
	0x17080911, 0x9782132b, 0x33350324, 0x03822311, 0xff153336, 0xa3adfc6e, 0x7002a3f0, 0x90fd6e6e, 0x47780147,
	0x004741fe, 0x24060b5e, 0x00060210,
	0x05876109, 0x2305aa60, 0x01034d1a, 0x5f205582, 0x8815f162, 0x83732053, 0x234b8751, 0x7300ffff, 0x102cbb82,
	0x2602ea02, 0x0000a000, 0x53020600,
	0x84062742, 0x1c032117, 0xa3441788, 0x21178407, 0x1788cc02, 0x2f8b5020, 0x5120178a, 0x5f89178c, 0x17835220,
	0x00040029, 0x0126ff69, 0x82de02e5,
	0x000736f9, 0x00190015, 0x093c403f, 0x49060208, 0x03070308, 0x5f000101, 0x21cc8202, 0xcc834d19, 0x094d1a22,
	0x30053541, 0x04041616, 0x19160000,
	0x17181916, 0x07040f10, 0x07394104, 0x39410a20, 0x35332706, 0x35011533, 0x5b52033e, 0x11273606, 0x6e691133,
	0xebfe6ea0, 0x0b244b40, 0x6a34104e,
	0x70024ead, 0x3400826e, 0x0a46b6fc, 0x1b221611, 0xd1fd2c02, 0x13223f34, 0xfd0602d1, 0x05f742fa, 0xd020df85,
	0x5b20df88, 0xff23c787, 0x8810025a,
	0x022621df, 0x0625df83, 0x00415f02, 0x074341ff, 0x3385f820, 0x20083f45, 0x0a0f4c01, 0x92000222, 0xa020ef82,
	0x122aef84, 0x29402c00, 0x02020405,
	0x28420449, 0x0202350a, 0x03005f03, 0x4e021a03, 0x0c0d0000, 0x03000a0b, 0x05110300, 0x0120d882, 0x0223d485,
	0x44231135, 0x012c054d, 0xf2fe6e32,
	0x991d504d, 0x673a16e7, 0xcd82cf83, 0x271a0c2c, 0x49e30121, 0x3e2ed1fd, 0xb1821726, 0xa8000122, 0xb02d6f82,
	0x0e000602, 0x15401800, 0x00020001,
	0x2f168349, 0x0101005f, 0x114e001a, 0x18080216, 0x3e35172b, 0xa8205589, 0xda215187, 0x824c8d46, 0x224b83df,
	0x82ea02b7, 0x42ab20df, 0x00350923,
	0x00800001, 0x02320200, 0x000a00d8, 0x09264029, 0x02030306, 0x070d4401, 0x97606682, 0x33373c19, 0x03230107,
	0xd7508011, 0x0101e06a, 0xd802f46e,
	0xe5e04efe, 0x1701dffe, 0x8200e9fe, 0xff80226f, 0x82578314, 0x60ad206f, 0x5f200c93, 0x08206f82, 0xf7426f82,
	0x4219200c, 0x5f2c25f7, 0xa7f8aab4,
	0x474a0247, 0x00476ffd, 0x4b846382, 0x82bc0321, 0x00af2663, 0x02070100, 0x20cf8253, 0x052162d2, 0x6db0d221,
	0x238406c7, 0x88d80221, 0x00552423,
	0x60a9ffa2, 0xa92006a3, 0x47832483, 0x9382ab82, 0xdf572385, 0x323b860a, 0x34001100, 0x0d0e3140, 0x05060b0c,
	0x00080304, 0x824c0101, 0x5f022403,
	0x91020200, 0x001123b8, 0x01821511, 0x1a08062c, 0x3335332b, 0x37270711, 0x07822311, 0x17372108, 0x15331107,
	0x168db45f, 0x7af8aaa3, 0x47a78f15,
	0x343a0001, 0x470d0143, 0x3432cdfe, 0x47dffe3b, 0x3130bb82, 0x29020000, 0x29001002, 0x0ab65600, 0x04030203,
	0x3a070d47, 0x04010616, 0x02610004,
	0x00000201, 0x07084d1a, 0x03030305, 0x1b4e0318, 0x83001a40, 0x82062010, 0x05ae5c1d, 0x1c892020, 0x10405922,
	0x292e1c82, 0x14242900, 0x24251424,
	0x1d080911, 0x8382332b, 0x4e05554e, 0x1521075c, 0x0ac74511, 0x45132321, 0x360808d2, 0x11054631, 0x2830302d,
	0x2a11050a, 0x14322e29, 0x191b0b4d,
	0x4e0d1f1c, 0x1a1d0b02, 0x020c201d, 0x202f4506, 0x202f2f20, 0xfe576026, 0x3a3301cd, 0x52211a3f, 0x89f7fe4a,
	0x82002009, 0x825b20cf, 0x82fc2004,
	0x001823cf, 0x6646b54c, 0x05014e05, 0x03001327, 0x01610003, 0x46bb8301, 0x1b220769, 0xcb841740, 0x22118346,
	0x820d4059, 0x0d864619, 0x3614f445,
	0x0f054b5b, 0x48333c23, 0x12501c4c, 0x3d3a2f32, 0x54060217, 0x460f2827, 0x322a0685, 0x501d1334, 0xfff7fe4d,
	0x978500ff, 0x2602ea24, 0xeb49b500,
	0x2117840c, 0x17881c03, 0x2307eb49, 0x0114ff5b, 0x1788c782, 0x4f445d20, 0x212f8406, 0x1785f802, 0x2b163344,
	0x02f6ff4c, 0x0010020b, 0x00230013,
	0x200a3761, 0x11376120, 0x141b1d25, 0x61231523, 0x36211b37, 0x07e45136, 0x1614152f, 0x452c0116, 0x13133058,
	0x45455830, 0x2d078357, 0x3d3b4557,
	0x3b3d1717, 0x17173e3b, 0xec4a0a3e, 0x39172b07, 0x6a535369, 0x1f4b173a, 0x5d485054, 0x54502505, 0x00ffff1f,
	0xea209785, 0xba20bb82, 0x840c0341,
	0x1c032117, 0x33461788, 0x21178407, 0x1788cc02, 0x03415020, 0x20478f06, 0x21178a52, 0x5f87020d, 0x5302262a,
	0x060000a2, 0x00565302, 0xd0207b88,
	0x5b204b88, 0x34083383, 0x37000300, 0x1302f2ff, 0x1b001602, 0x31002600, 0x42404500, 0x02020c0e, 0x202e2f00,
	0x0305011f, 0x01011a02, 0x0f4c0303,
	0x4b010201, 0x4a00010d, 0x4901011b, 0x201e8200, 0x223c8261, 0x4d044d20, 0x282d0a67, 0x28312727, 0x282c2a31,
	0x2b190805, 0x17e76037, 0x14130725,
	0x53131716, 0x64080533, 0x36363213, 0x27263435, 0x37161603, 0x130a0d2a, 0x37455830, 0x2b20194e, 0x130c0f25,
	0x3b455730, 0x36221950, 0x11ee0404,
	0x3e3b2332, 0x3d3b9017, 0xf1050517, 0x32193411, 0x533f5b1f, 0x0e173969, 0x2c252511, 0x53445e1f, 0x10173a6a,
	0x12012814, 0x01143623, 0x1f0a0d17,
	0x1feefe53, 0x3b265054, 0x10e3fe15, 0x88a7820c, 0x85f820fb, 0x083342fb, 0x080d7752, 0xf6ff112a, 0x11024602,
	0x38002800, 0x49004100, 0x01114640,
	0x4c010809, 0x04030500, 0x80040503, 0x03000900, 0x67030905, 0x0808010a, 0x2607f643, 0x0402070b, 0x5e610004,
	0x2a2e066c, 0x3a3d3f29, 0x29303239,
	0x23382a38, 0xe5822312, 0x080c2423, 0x0d6e521d, 0x16163222, 0x52070444, 0x3b4f0d61, 0x5237200f, 0x85080670,
	0x0d053801, 0x3d273021, 0x451b1b45,
	0x212f243e, 0x32160510, 0x18413b32, 0x0f02e901, 0x19201e23, 0x1d094f05, 0x35372a33, 0x10272497, 0x22242710,
	0x270f0f27, 0x0f01a1cb, 0x231d1d20,
	0x25214b10, 0x6b762f0f, 0x0f2e7469, 0x24342326, 0x43737f33, 0x291d1e4b, 0x23193f38, 0x4d562228, 0x2121544c,
	0x564d4c54, 0x3f3af422, 0x003f1919,
	0xff5a0002, 0x020c0229, 0x00180010, 0x406c0028, 0x0501030a, 0x02011600, 0x68550204, 0x001d2306, 0x42440505,
	0x01073407, 0x61020404, 0x1e020200,
	0x0301064d, 0x4e031c03, 0x4421401b, 0x2671054c, 0x07645206, 0x5921238b, 0x0e505040, 0x44522820, 0x11172205,
	0x055d4433, 0x2506c560, 0x27262622,
	0x21421123, 0x55262006, 0x22080751, 0x0b05495a, 0x432e351c, 0x12122f56, 0x2d42542f, 0x050b1c34, 0x173d3a88,
	0x393a3d17, 0x3d16163d, 0x50dd02d7,
	0xfe2f0e50, 0x1f1801f0, 0x54514e53, 0x50531f1f, 0x821f544f, 0x825820e3, 0x020a22e3, 0x23e384d8, 0x033f4042,
	0x53083653, 0xe0910e01, 0x8214fe52,
	0x059e4bb9, 0x5820b99c, 0x0323b99f, 0x51f5feaf, 0xba900d0b, 0x4c24bb82, 0xfe0129ff, 0x53069f41, 0x035207f7,
	0x0102230f, 0xf7530001, 0x0505210b,
	0x8307ae42, 0x610021d1, 0xb241e682, 0x0202220c, 0x0e17541a, 0xb241238d, 0x06035210, 0x23110522, 0x240ef972,
	0x11333533, 0x0f035203, 0x0a05b033,
	0x422e331d, 0x12122f54, 0x2e43562f, 0x050a1d35, 0x05015249, 0x3e3a3928, 0xd73d1717, 0xf78d1001, 0xfd392008,
	0x1f180123, 0x53504f54, 0x51541f1f,
	0xff1f534e, 0x00b000ff, 0x02130200, 0x00060008, 0x8800ecf2, 0x00ea220f, 0x200f8326, 0x09075700, 0x27838920,
	0x851c0321, 0x06022217, 0x074b4602,
	0x14ff6822, 0x2f873f84, 0x00a15d22, 0x012a0082, 0xf6ff5900, 0x1002ff01, 0xf7733100, 0x0c4b600d, 0xf74e2020,
	0x051e2608, 0x13232e4e, 0x05f7732e,
	0x2508b56a, 0x27262634, 0x2252022e, 0x0e476006, 0x08084152, 0x02505955, 0x34353917, 0x3d171437, 0x1f534f3a,
	0x50535820, 0x4f032254, 0x2f321503,
	0x15143633, 0x59533639, 0x575b2120, 0x94215c56, 0x0c0d2422, 0x231f1e20, 0x200a0713, 0x3c39363e, 0x383b1616,
	0x0b0a1a1a, 0x1e1a1c1c, 0x220c0812,
	0x3f3c3a40, 0x00441917, 0x86ffff00, 0x02ea24bf, 0x46cb0026, 0x012b0b4f, 0x01980105, 0x03670253, 0x82550207,
	0x00382827, 0x0100b109, 0x4e38ffb8,
	0xf78408a3, 0x881c0321, 0x07274137, 0x1fff5926, 0x1002ff01, 0x5e201788, 0x67855582, 0x178c1420, 0x17835d20,
	0x01002308, 0xf3ff5e00, 0xa8021302,
	0x36002d00, 0x0d203340, 0x17020102, 0x01030216, 0x01004c02, 0x01020302, 0x2b468003, 0x0b665f07, 0x2d002d2d,
	0x1e1f2729, 0x17080524, 0x5311332b,
	0x1621055a, 0x080c7615, 0x2706062e, 0x36361635, 0x26263435, 0x023e3527, 0x08087c47, 0x245e114a, 0x574e525b,
	0x2b301322, 0x32183c37, 0x5a52717d,
	0x434a1d24, 0x15193e38, 0x38333034, 0x4aeb0116, 0x4b1e2152, 0x1e3b3245, 0x270b0607, 0x57553944, 0x104c0f14,
	0x333a3908, 0x46021939, 0x282d1504,
	0x14132e2b, 0x15fe2e33, 0x0138bd82, 0xf6ff4e00, 0x9c02f401, 0x38001a00, 0x01103540, 0x01110203, 0x4c020304,
	0x00280382, 0x0205064a, 0x5f000202,
	0x2a052c49, 0x04030300, 0x04040061, 0x824e041e, 0x001a3438, 0x1124351a, 0x08071113, 0x37132b1b, 0x15373533,
	0x5f231533, 0x3721069b, 0x052d5815,
	0x11352f08, 0x4d76144e, 0x2c10bab9, 0x2f2a1229, 0x121f2a21, 0x011a4642, 0x217545c1, 0xe0fe4596, 0x040f2928,
	0x05044905, 0x44491a02, 0x00002401,
	0x8b85ffff, 0x0200032d, 0x00d20026, 0x02060100, 0x4bd14855, 0xd120062d, 0x2208b341, 0x8314ff4e, 0x242385af,
	0x5d020600, 0x848d8248, 0x2317923b,
	0x5d000100, 0xfe28df82, 0x18000602, 0x02b54400, 0xd64ade82, 0x04122607, 0x1a020201, 0x080d4a4d, 0x4e001825,
	0x8616401b, 0x00002214, 0x08905018,
	0x4e011e2a, 0x2414b759, 0x05102514, 0x2121eb82, 0x08f95a23, 0x60331121, 0x01270a8b, 0x0e054bfe, 0x4a343b24,
	0x50330900, 0x0f292654, 0x01515520,
	0x31b6fe4a, 0x511d1335, 0x8209014c, 0x208f85a7, 0x20bf82ea, 0x0bab42d6, 0x0321a785, 0x4817881c, 0x2f8507fb,
	0x1788cc20, 0x8f07fb48, 0x07fb4847,
	0x02201782, 0x8305fb48, 0x0dfb485f, 0xd0203385, 0x5b204b88, 0x00208182, 0x5a249384, 0x0602fe01, 0x07251786,
	0x87005f02, 0x24178500, 0x03fe01f6,
	0x5a2f8839, 0x478507bf, 0x1785f820, 0x32147b4a, 0x003b0001, 0x021c0200, 0x00070006, 0x031e4021, 0x6e000201,
	0x1a21056d, 0x09016e4d, 0x07000729,
	0x08041113, 0x5e212b18, 0x01310673, 0x9657c500, 0xc5579607, 0x5bfe0602, 0xfafda501, 0x051f6000, 0x47824620,
	0x27000f26, 0x070d2440, 0x200a1f60,
	0x0b1f601a, 0x0f000f25, 0x60131311, 0x1320091f, 0x33057160, 0x03230323, 0x43506476, 0x54575507, 0x64504307,
	0x5505545f, 0x5e235c82, 0x82fea201,
	0xfafd2603, 0x53fead01, 0x20eb8400, 0x22af8212, 0x82ea0246, 0x41e120d3, 0x17840c97, 0x881c0321, 0x07974117,
	0x02211784, 0x411788cc, 0x478f0797,
	0x4d825220, 0xc7820020, 0x5f824820, 0xc7821020, 0x2011eb5f, 0x0be84e1a, 0x0d000d22, 0x3c11eb5f, 0x48072327,
	0x7e5fa8b0, 0xac607e02, 0x03845faf,
	0x01050183, 0xfecbcb01, 0xcbfbfeff, 0x245b82cb, 0x0225ff44, 0x2a5b8213, 0x402a0009, 0x00010527, 0x824c0101,
	0x01032b72, 0x02800300, 0x1a010101,
	0x9a48044d, 0x2c8a8205, 0x13090009, 0x08051111, 0x13172b19, 0x05764123, 0x5bc1012c, 0x9555ae2a, 0xfe529003,
	0x2e82dbfe, 0x61fee029, 0x1ffd9f01,
	0x8500ffff, 0x82ea2057, 0x41e720e3, 0x04200513, 0x84052b41, 0x1c032117, 0x56211788, 0x21178a03, 0x1788cc02,
	0x178c5020, 0x52204789, 0xf820178c,
	0x01252f85, 0x035a0206, 0x06ef43fe, 0x2607075d, 0x00630001, 0x84f40100, 0x402c27db, 0x02010629, 0xdc830002,
	0x5f010023, 0x5fd88300, 0x253520b4,
	0x38016315, 0x8001d9fe, 0x3501cbfe, 0x4874014a, 0x018dfe4a, 0x85db824a, 0x20938357, 0x0cef41ed, 0xdb841784,
	0x13461785, 0x84178407, 0x201785db,
	0x36358251, 0x00010000, 0x02000080, 0x000a0211, 0xb7800019, 0x03030c0d, 0x69010203, 0x1e200699, 0x022b1e82,
	0x80020001, 0x02030104, 0x82008603,
	0x5901210a, 0x022eb582, 0x01020061, 0x4b1b5102, 0x58500bb0, 0x1d851840, 0x1d820120, 0x59000222, 0x00200682,
	0x00201f83, 0x40201f82, 0x5923409e,
	0x820c4059, 0x00192d84, 0x11252619, 0x2b190705, 0x07331133, 0x21069054, 0x5c4c0717, 0x07300805, 0x1115020e,
	0x05094a80, 0x333c230f, 0x0a21433c,
	0x30260d47, 0x111c251d, 0x02071211, 0x2c2a6306, 0x30321211, 0x0a192812, 0x251b1b1c, 0xf1fe1520, 0x01225082,
	0xd382c400, 0x0802272d, 0x2c001600,
	0x010c2940, 0x820d0002, 0x6d0220c0, 0x0d4606db, 0x09e66305, 0x16001627, 0x05113633, 0x257f8708, 0x16363303,
	0x7e831517, 0x2a087b82, 0x0945c415,
	0x1f1c1405, 0x33292830, 0x1125141f, 0x112c503f, 0x276d0602, 0x0106152c, 0x054d0402, 0x5d331402, 0x0000cf49,
	0x8298fb01, 0x102c0873, 0x2f005102,
	0x5d406000, 0x2125292d, 0x0201051d, 0x010c4c01, 0x85000200, 0x0406080a, 0x02010204, 0x07090b85, 0x01050305,
	0x57010d0d, 0x012d0a86, 0x12135f0d,
	0x0e0f1011, 0x0d010d06, 0x33be824f, 0x2c2f002f, 0x2427282b, 0x1c1f2023, 0x18191a1b, 0x14151617, 0x2209e675,
	0x441f0714, 0x2244076e, 0x21058d05,
	0x01922303, 0x7d15fc2c, 0x53095c45, 0x5c095257, 0x078d5b4f, 0x547d452a, 0x57550554, 0x5759055a, 0x59220783,
	0x07835a05, 0xfe51022b, 0xfea60113,
	0xfea7015a, 0x2a078c59, 0x01affded, 0x0153fead, 0x8b52feae, 0x23ff8207, 0x29ff6000, 0x0622e082, 0x87471900,
	0x00013505, 0x01030118, 0x01024c02,
	0x85000100, 0x04010300, 0x80040301, 0x042b0b82, 0x69040105, 0x05050106, 0x824e0511, 0x00192ced, 0x14112519,
	0x07071124, 0x46172b1b, 0x11200c91,
	0x2207a946, 0x50601527, 0x50200693, 0x2505a346, 0xd7133221, 0x9546dd02, 0xfafd3709, 0x0f292654, 0x00d90606,
	0x4700ffff, 0x1102f6ff, 0x0602b202,
	0x5e82ff00, 0x6c000122, 0x952a9c82, 0x0600a802, 0x1e402100, 0x94820203, 0x22058043, 0x7e024d17, 0x258205de,
	0x0600063a, 0x17080314, 0x0711212b,
	0x11333735, 0xcbd94501, 0x9b50025e, 0x58fd9261, 0xa8824384, 0x020e022a, 0x002700b2, 0x24324035, 0x27058764,
	0x03000100, 0x80030100, 0x02212082,
	0x05577e61, 0x04030322, 0x260a7d56, 0x1d270027, 0x522d1323, 0x3e2205cc, 0x03493703, 0x05137a09, 0x16164f08,
	0x06061415, 0x07030e07, 0x5c152115,
	0x2a40634a, 0x07121211, 0x34383a15, 0x52041838, 0x545c2505, 0x0a225d58, 0x29121b1b, 0x0142593a, 0x5840775f,
	0x16152d3c, 0x2b182320, 0x2a0f112d,
	0x1b4a4728, 0x224a4e1d, 0x151f2f31, 0x3b50392c, 0x90824c0b, 0xf7ff5024, 0xeb82f201, 0x31001e29, 0x0d132e40,
	0x8204010c, 0x03012514, 0x124c0200,
	0x4b21eb82, 0x08d47700, 0x0321b482, 0x05527761, 0x1811293a, 0x1a080424, 0x1e35372b, 0x36323302, 0x26263435,
	0x21373507, 0x07152135, 0x0805b469,
	0x22230637, 0x0c502626, 0x5c214a3a, 0x58602648, 0x01ebfeac, 0x6257bd70, 0x5d682b28, 0x19394922, 0x13170557,
	0x373b5442, 0xbb5d0a0b, 0x08ce4646,
	0x5553581d, 0x100d2761, 0x2e7a8200, 0x0200005d, 0x00b2021f, 0xb65b000f, 0x82020104, 0x5d4c2001, 0x1b2b05e7,
	0x07010103, 0x05040206, 0x82680401,
	0x4d172f8b, 0x05020200, 0x0505005f, 0x1b4e0518, 0x36821b40, 0x8b850021, 0x221d8922, 0x820f4059, 0x000f2330,
	0x0082110f, 0x08121224, 0xb9821c08,
	0x33132208, 0x35331503, 0x15331533, 0x35231523, 0xeb55e65d, 0x62624cc4, 0x0161814c, 0x0f26fed0, 0x8148a9a9,
	0x08348281, 0x54000125, 0xf901f9ff,
	0x2600a802, 0x34403700, 0x03010116, 0x00020111, 0x04010001, 0x004c0300, 0x03000301, 0x70800001, 0x00210a78,
	0x07304a00, 0x13112d27, 0x08052418,
	0x0725411b, 0x34353630, 0x26272626, 0x13070606, 0x07051521, 0x6b6c3636, 0x26470808, 0x430e5426, 0x3f3d2150,
	0x2f321217, 0x194d4e19, 0xfe54011f,
	0x450d11f1, 0x2b4c3c28, 0x5d341410, 0x3949264a, 0x1608581b, 0x3c401711, 0x061b3934, 0x07070204, 0x02484f01,
	0x040702b2, 0x4f2f1805, 0x3058453d,
	0x82100c13, 0x00022eaf, 0x02f6ff52, 0x00b2020e, 0x002e001e, 0x0539414e, 0x18821920, 0x00030427, 0x02006a04,
	0x11215f02, 0x02000223, 0x5f208785,
	0x20210e21, 0x0529711f, 0x24281928, 0x2b190806, 0xeb611713, 0x022e290b, 0x023e3435, 0x030e3337, 0x080fab4f,
	0x0a05a921, 0x422f351b, 0x12122f54,
	0x45445530, 0x15133158, 0x714d6336, 0x213c634c, 0x153b3884, 0x833d3f18, 0x402a0805, 0x18047001, 0x2e120919,
	0x57434153, 0x3214132f, 0x734b475b,
	0x43456c65, 0xfe3c455e, 0x3a3d17b0, 0x16173d3a, 0x3f3c393b, 0x237f0017, 0x82f62005, 0x02a823a9, 0xac820106,
	0x00030023, 0x2ee7864a, 0x00330023,
	0x40280043, 0x03011125, 0x734c0102, 0xd854098a, 0x011e2f07, 0x2d3b3d4e, 0x281a1c2b, 0x2b170804, 0xb04d3513,
	0x85421809, 0x4317850d, 0x15260a72,
	0x17161614, 0x0683020e, 0x0807c870, 0x302ecb20, 0x555b2112, 0x12215956, 0x38362e30, 0x59311314, 0x31594545,
	0x95381413, 0x14143835, 0x05833537,
	0x62343821, 0xb98205da, 0x3f173f08, 0x19046d01, 0x3f2c392b, 0x41181841, 0x2b392c3f, 0x341d0419, 0x44363542,
	0x260f0f26, 0x43353644, 0x1e103f33,
	0x2624252e, 0x24260e0e, 0x4e1e2e26, 0x2e382815, 0x1111302c, 0x382e2c2f, 0xfb610029, 0x08022105, 0x2606cf41,
	0x0106b555, 0x43010301, 0x19290610,
	0x00030105, 0x01030001, 0x0a537d69, 0x18000028, 0x401b4e00, 0x19820019, 0x20918620, 0x594e0424, 0xd6410e40,
	0x29282c07, 0x19080610, 0x3e23052b,
	0x4f273703, 0xcf500bd0, 0x10cf4f05, 0x396c133b, 0x1227354e, 0x2b1e0e03, 0x2e534124, 0x57301312, 0x30584544,
	0x60351513, 0x08f28337, 0x3b3a3d2b,
	0x3d16173e, 0x4253390a, 0x1202233d, 0x30120714, 0x57444356, 0x2f121330, 0x734a4254, 0x02017568, 0x3a3e4218,
	0x4018163d, 0x4129823d, 0x7b4505c7,
	0x1b003706, 0x43003700, 0x2d403000, 0x01060500, 0x04050204, 0x03030069, 0x24826100, 0x004d1d25, 0x60010202,
	0x393606aa, 0x383d3f38, 0x2c433943,
	0x07292c26, 0x372b1a08, 0x34352626, 0x245d3736, 0x16172605, 0x06141516, 0x05894d07, 0x021e372c, 0x36363233,
	0x35363637, 0xb6612634, 0x06072706,
	0x16141506, 0x33832237, 0x83323321, 0x0a5d2d2c, 0x0e0a0c0c, 0x4847502a, 0x0b0e2a4f, 0x0b830082, 0x50472f08,
	0x1a0a3d2a, 0x322e2d33, 0x0708091b,
	0x1b090807, 0x332d2e32, 0x08070a1a, 0x10228b08, 0x10221f13, 0x602c8a10, 0x2c603e3e, 0x1717403d, 0x0b8a3d40,
	0x2e2d5e2c, 0x2d2e1010, 0x32325126,
	0x0b852552, 0x3252253f, 0x23345132, 0x221c2f28, 0x00232829, 0x53000100, 0x0002f6ff, 0x0e00a802, 0x09b55a00,
	0x0ae24401, 0x0aaa4218, 0xdb5a0220,
	0x60172005, 0x1b280701, 0x01071b40, 0x86060006, 0x02212392, 0x05e2444e, 0x0e000e25, 0x82111211, 0x08082800,
	0x13172b1c, 0x45333523, 0x333e0594,
	0x82032315, 0x779c7995, 0xaa01a2fe, 0x95906e6b, 0x462e010a, 0xd8664df1, 0x00d2fe46, 0xff460300, 0x00200807,
	0x0029001b, 0x402b0037, 0x202d2e28,
	0x0203041f, 0x00004c01, 0x00030200, 0x03006902, 0x59030101, 0x28065243, 0x2c510103, 0x04292c29, 0x1b7e4107,
	0x230aed55, 0x05060607, 0x4105ec55,
	0x74410690, 0x062e2617, 0x330ef806, 0x056a4130, 0x06260123, 0x200d8207, 0x05844131, 0x35176f41, 0x4b2d0701,
	0x1b810122, 0x2d2e1012, 0x2e325225,
	0x7ffe224d, 0x0c82131d, 0x82512621, 0x020039bb, 0xf6ff4900, 0xb2020f02, 0x3a001d00, 0x2a402d00, 0x0f101f2e,
	0x01020501, 0x0124da84, 0x69010002,
	0x0337e082, 0x02005902, 0x00610302, 0x51030203, 0x272d3638, 0x1907042a, 0x4207372b, 0x07210c5b, 0x0506682e,
	0x15060625, 0x42071614, 0x37200d5d,
	0x320a7742, 0x0605499d, 0x2a0f0a0a, 0x4b3e4650, 0x09410e2c, 0x832c321a, 0x08082cd0, 0x09433402, 0x2e2b311a,
	0x820a1b33, 0x022a080c, 0x0a090d47,
	0x48502a0e, 0xfa2c4b3f, 0x2f4d2347, 0x3e2c603e, 0x2e111741, 0x2a28402b, 0x2b2c100f, 0x19355227, 0x2942ac2d,
	0x0c82102c, 0x3753232b, 0x4716301b,
	0x5e3e6247, 0x2025832a, 0x20dc822f, 0x0ab74102, 0x22003724, 0x13821f40, 0x00020323, 0x21d18203, 0xd1840101,
	0x0061012c, 0x51010201, 0x292c262c,
	0xac410604, 0x8bcd8d1b, 0x17aa41e8, 0x41171f43, 0x174317a7, 0x2ab38217, 0xff530001, 0x02fd01f6, 0x4d0600a8,
	0x023405cb, 0x034c0100, 0x02000201,
	0x00010086, 0x00570100, 0x5f000101, 0x00210882, 0x082d824f, 0x06000637, 0x06041111, 0x01172b18, 0x15213521,
	0x2f018201, 0xaa01a2fe, 0x020adefe,
	0xfd664d65, 0xffff00b4, 0x0a0151fe, 0x5c01af01, 0x5e012600, 0x070000ce, 0xdafd5e01, 0x21178200, 0x17822bfc,
	0x17857d20, 0x00009c23, 0x20178227,
	0x825182a8, 0xb4fb211f, 0xfa321f83, 0x017aff63, 0x00ec0273, 0xfb120147, 0xc00000d6, 0x1e824000, 0xfb010030,
	0x015a00d1, 0x000c02e0, 0x40300008,
	0x6b4e072d, 0x01022805, 0x01048502, 0x8a030003, 0x006021a4, 0x5020b082, 0x082b3382, 0x11110800, 0x19070511,
	0x8237372b, 0x332733a5, 0xb8a60717,
	0x8d0573fa, 0xd6d664b8, 0xb646b65a, 0x8f82d9d9, 0x008dfe2c, 0x02550148, 0x01460020, 0x6d85e27a, 0xf4fd0126,
	0x0f025a00, 0xd5256bbe, 0x0367fcb8,
	0x236b8a99, 0xd0fb0200, 0xdd20c382, 0x0e2f5784, 0x3a403d00, 0x03070a0d, 0x4c010100, 0x82020104, 0x050723c8,
	0xca930306, 0x0009092a, 0x090e0900,
	0x000b0c0e, 0x0820d285, 0x2720d282, 0x3321d287, 0x25d88337, 0xa1fbb889, 0x6c835f04, 0xd8d8c123, 0x20de876b,
	0x200082d9, 0x21e38200, 0x7782f7fd,
	0x7782dc20, 0x97014623, 0x23e384d0, 0xcdfbffff, 0xd5201382, 0x47251382, 0xadfd9e01, 0x83158400, 0xfe28082b,
	0x01e7009c, 0x00a201a9, 0x005e012f,
	0xc064027d, 0x010f0100, 0x02f901f2, 0x0000c078, 0x0100b112, 0xb06402b8, 0x01b12b35, 0x78200882, 0x33840882,
	0x7affaf36, 0xec027c01, 0x65012700,
	0x00000cfe, 0x65010600, 0x0300009c, 0x0808cb41, 0x5b002d31, 0x56005f00, 0x0c3a5340, 0x51020802, 0x04222350,
	0x0b390809, 0x03090302, 0x0101054c,
	0x08020106, 0x00690201, 0x09010a08, 0x67090803, 0x82030107, 0x8259203d, 0x03480806, 0x01046100, 0x51000300,
	0x5f5c5c5c, 0x5d5e5f5c, 0x46475a5b,
	0x2e2f4445, 0x18192c2d, 0x0b101617, 0x052b1707, 0x36022e22, 0x26363637, 0x3e352726, 0x26272602, 0x33023e26,
	0x06062215, 0x16161716, 0x15070606,
	0x0706021e, 0x16210d82, 0x0829a933, 0x21350131, 0x4d32fd15, 0x0e0b2f5e, 0x1402060c, 0x35323135, 0x0c060213,
	0x5d2f0b0d, 0x17403a4d, 0x090b0903,
	0x33373912, 0x0d071639, 0x401a020a, 0xa96efe37, 0x012e082b, 0x8676045d, 0x5d3a1e0b, 0x19292244, 0x096c0a11,
	0x22291912, 0x1f3a5c44, 0x1d0a4c0b,
	0x4d3f2f38, 0x1609152a, 0x4d291507, 0x1c3a3141, 0x29a84c08, 0x464b0125, 0x41050046, 0x24080873, 0x0031002b,
	0x00390035, 0x4079003d, 0x06010176,
	0x02161704, 0x01000607, 0x4c030705, 0x06010400, 0x80060401, 0x080d820c, 0x05070a21, 0x0000800a, 0x00040100,
	0x01086901, 0x0d090e06, 0x06050703,
	0x0a006707, 0x020b010f, 0x45670b0a, 0x2a080f9c, 0x36363a3a, 0x2c2c3232, 0x3d3a3d3a, 0x39363b3c, 0x37383936,
	0x35323532, 0x312c3334, 0x2e2f312c,
	0x20212223, 0x07101a11, 0x41252b18, 0x36210690, 0x15904136, 0x26221523, 0x05ba4126, 0x1127052e, 0x25071133,
	0x21153335, 0x01152135, 0x68080782,
	0x363263fa, 0x12070314, 0x5b652609, 0x0617423c, 0x18040e0a, 0x392f2f39, 0x0b0e0418, 0x3d411806, 0x0826655b,
	0x14030713, 0x0e2f0236, 0x71fe0e54,
	0x040201f2, 0x7831fb12, 0x10096cfd, 0x5a242a18, 0x4c0f3269, 0x363a1a05, 0x12284e44, 0x12071607, 0x36444f27,
	0x4c051a3a, 0x5a69320f, 0x11182923,
	0x0701d22c, 0x49d2f9fe, 0x34008246, 0x7979c4fe, 0xfdffff00, 0x007aff14, 0x00ec0295, 0xfe660167, 0x061343c9,
	0x5401662f, 0x00c0d859, 0x47010040,
	0x85015401, 0x2c0b84ff, 0x01b11200, 0xd8ffb802, 0xb12b35b0, 0x23088603, 0xaffeffff, 0xee203f82, 0x25090743,
	0x82020601, 0x5952d49c, 0x61d42006,
	0xfe250577, 0x017aff84, 0x26238251, 0x9c660126, 0x82070000, 0x000c2669, 0xfe020000, 0x373b86f9, 0x000b0007,
	0x003e4041, 0x00010004, 0x07800104,
	0x03020501, 0x80030502, 0x01252482, 0x67010002, 0x080c8200, 0x00570226, 0x5f030202, 0x02030106, 0x08084f03,
	0x0b080000, 0x090a0b08, 0x07000700,
	0x08111111, 0x052b1907, 0x23153311, 0x37360382, 0xfe113311, 0xa3a3f3f9, 0x03864cb6, 0x20fd4972, 0x68030549,
	0xab8298fc, 0x01216f82, 0x21ab8485,
	0x8183fe67, 0xec014724, 0xf386f401, 0x03000022, 0xde20a784, 0x35081f82, 0x0023001f, 0x406c0027, 0x06010869,
	0x06030503, 0x0f148005, 0x02000d02,
	0x80020d00, 0x03000400, 0x67030406, 0x05020709, 0x0a021113, 0x670a050b, 0x0b021012, 0x1e820c0e, 0x82000b21,
	0x010121ab, 0x0136ab84, 0x0201005f,
	0x00004f01, 0x24252627, 0x20212223, 0x1f001f00, 0x27511d1e, 0x07152912, 0x37072b1f, 0x35231123, 0x23064c66,
	0x33073337, 0x07230383, 0x82330723,
	0x37232803, 0x33270723, 0x82172337, 0x28082203, 0x25d982a9, 0x4229e8f3, 0x03828c29, 0x6f0d6f23, 0x37038225,
	0x8c284228, 0x25b6c328, 0x258cf8db,
	0xfebd218c, 0xe00249de, 0xc3d8fe49, 0x22080082, 0xbd3dae3d, 0xaefabdbd, 0x0000aeae, 0xfeffff00, 0x010000b9,
	0x00860047, 0xd84f0126, 0x01070000,
	0x83d0fd4f, 0x01fd2117, 0xa7201e82, 0x27241782, 0x38ff4f01, 0x07820b82, 0x82a8fd21, 0x21218207, 0x078218fc,
	0x23833b82, 0x02210129, 0x01670011,
	0x419001ec, 0x27920637, 0x00f5fe27, 0x029a0100, 0x216382b1, 0x63849c56, 0x000cfe22, 0xfe213f82, 0x221782e1,
	0x82c301c4, 0xb0e72217, 0x22058498,
	0x8207016c, 0x82f82081, 0xb111265f, 0xffb80100, 0x05674598, 0x826cb021, 0x2a148207, 0x13ffffff, 0xed004900,
	0x82001d02, 0x7eff2167, 0x07840b82,
	0x83970121, 0x2afe230f, 0x3f834900, 0x822afe21, 0x8222200f, 0x49b0213f, 0xb8223e85, 0x08839701, 0x85010221,
	0x01032110, 0xe7841085, 0x43823d20,
	0x4f856b20, 0x85fcfe21, 0xfcfe214f, 0xef824f85, 0x57834920, 0x85a8fd21, 0x54fc210f, 0xfc215f85, 0x200f8254,
	0x215fa133, 0x708604b1, 0x70870520,
	0xfcffff23, 0x2043829d, 0x2b6f8270, 0xfee70167, 0x4c98fff2, 0x000040cd, 0x00210b84, 0x820b846c, 0x08fd21cf,
	0xfd218785, 0x21778508, 0x7785b4fb,
	0x86b4fb21, 0x0d174177, 0xd78fb120, 0x83417793, 0x2165820e, 0x55850cfe, 0x820cfe21, 0x90112055, 0x00600844,
	0x01fd0500, 0x8501feff, 0x2200af02,
	0x2d002600, 0x35003100, 0x78407b00, 0x0401012b, 0x0105012a, 0x03292c2d, 0x01280503, 0x01270608, 0x4c050807,
	0x05040100, 0x80050104, 0x0503010a,
	0x06030506, 0x00020080, 0x00020400, 0x0b040069, 0x04030501, 0x08006705, 0x57080907, 0x010c0600, 0x07060907,
	0x08300e82, 0x010d5f09, 0x4f090809,
	0x2e2e3232, 0x00002323, 0x2b054245, 0x312e312e, 0x26232f30, 0x24252623, 0x222c7b82, 0x0e2b1323, 0x252b1907,
	0x043e3435, 0x20088b5b, 0x08035023,
	0x1515042e, 0x15333525, 0x25253501, 0x05150535, 0x17200a82, 0xfe360382, 0x322d1c75, 0x38141c2d, 0x13353236,
	0x58200154, 0x2e534255, 0x13821d11,
	0xfe1d5108, 0x8402863c, 0xe0fe2001, 0x7cfb7a01, 0xcc78da86, 0x192e2936, 0x262c1812, 0x0e133433, 0x46432627,
	0x4c291019, 0x243d303c, 0x161b1317,
	0x8686c736, 0x8b51c2fe, 0x43be528e, 0x3e8686d4, 0x00007979, 0xfeffff00, 0x02490091, 0x001d0210, 0x92e70166,
	0x8305c541, 0x09c34109, 0x5d41a820,
	0xa8fd2105, 0x41068b42, 0x53841eb3, 0x3382f520, 0x53827b20, 0xec012625, 0x41000092, 0x012011a3, 0x20064f42,
	0x08c04202, 0x87820320, 0x013c2708,
	0x001b025c, 0x000a0006, 0x4044000e, 0x01010441, 0x01020500, 0x06010203, 0x02030200, 0x01034c03, 0x00004a00,
	0x3a450104, 0x03032206, 0x053a4502,
	0x82010521, 0x0b4f3f1d, 0x0b07070b, 0x0d0e0b0e, 0x070a070c, 0x0706180a, 0x25252b17, 0x05152535, 0x33352505,
	0x03820315, 0xfe5c013c, 0xfe7a0186,
	0xfd2001e0, 0x86868635, 0xbe43bb5f, 0xe38b8e52, 0xa9fe8686, 0xb7848686, 0x8bffc826, 0xf3010b01, 0xff29b183,
	0x006d019c, 0x8e500126, 0x2dbf8532,
	0x07016d01, 0xfefd5001, 0x22003200, 0xb78200b1, 0x92436d20, 0x32b02105, 0x21059143, 0x108401b8, 0x84010321,
	0xffff2710, 0x8bfffefc, 0x4b85a900,
	0x82befd21, 0x8227204b, 0x82b0203d, 0x0127243d, 0x853aff4f, 0x2cff210f, 0xfc210f85, 0x215d8542, 0x0f8234fc,
	0x5da13320, 0x8704b121, 0x8505207f,
	0xff002a6e, 0x00fcfeff, 0x02040100, 0x26b382cc, 0x00009c54, 0x44540107, 0x0747059b, 0x01272e08, 0x00e0fe66,
	0x01270000, 0xff50fd54, 0x24cd82d8,
	0xff24fc54, 0x13fd46d8, 0x2c082582, 0x001bfe01, 0x02e50120, 0x0013005c, 0x09b04b71, 0x29405850, 0x04030400,
	0x09010a85, 0x71090000, 0x06030105,
	0x03010201, 0x01076802, 0x20798201, 0x2b068257, 0x085f0001, 0x00010001, 0x28401b4f, 0x09212b88, 0x222a9c86,
	0x82124059, 0x1813206d, 0x280a434d,
	0x2b1f070b, 0x35213727, 0x24038421, 0x15210733, 0x3e038421, 0x81fe379d, 0xfe379b01, 0x3fee012e, 0x87013f55,
	0x01375dfe, 0x3709feda, 0x89468a20,
	0x829d9d46, 0x828a2004, 0xfb012f49, 0x01ceffdc, 0x009402cc, 0x4b8e001b, 0xb7820bb0, 0x0600343b, 0x70060505,
	0x000d010e, 0x07710d00, 0x01080501,
	0x04050304, 0x03010968, 0x21c2840a, 0xc2850b67, 0xc2820682, 0xc2860c20, 0x36823220, 0x83850621, 0x860d2135,
	0x592234a6, 0x82821a40, 0x58001b21,
	0x0f201131, 0x0520d482, 0xdc83d488, 0xe083d889, 0x17fe2608, 0x0295fd30, 0x44fd3587, 0xfc35d802, 0x2e2903f3,
	0x72022e55, 0x023672fd, 0x3520fdc4,
	0xcffc1503, 0x46773230, 0x21018285, 0x06847373, 0x00007725, 0x82ffffff, 0xc301296e, 0x2700cc02, 0x2afe5401,
	0x06237a82, 0x82baf201, 0x68fe3117,
	0x0b010000, 0x2600b102, 0x009c4f01, 0x56010700, 0x8c050b42, 0x42492017, 0x972106e5, 0x211f8601, 0x09461100,
	0x204b8310, 0x204b8236, 0x214b84cc,
	0x4b84ce56, 0x2006fb4d, 0x0c0b4710, 0x56012722, 0x20065547, 0x05fb4d56, 0x829afe21, 0x826e201f, 0x01662a37,
	0x209864e7, 0x00004000, 0x20098266,
	0x8409836c, 0x473e2071, 0xfe27191b, 0x01950028, 0x822902d9, 0xd85a21bf, 0x5a207383, 0x2705cb47, 0x310070fc,
	0xf1023901, 0x5a24b982, 0x9cff38ff,
	0xfc230783, 0x829cff18, 0xfd5a264f, 0x00c800a8, 0x22c1821a, 0x439cffb8, 0x08860599, 0xb0010223, 0x201082c8,
	0x26cb8300, 0x01550053, 0x821102c5,
	0x545a2389, 0x9382c0d8, 0x01060125, 0x6100dcec, 0xd82006d3, 0x27832684, 0xaeff3c26, 0x0c03dc01, 0xfd235f83,
	0x8224ffe4, 0x825c2025, 0x05f96187,
	0x25842420, 0xfe034b08, 0x017aff22, 0x00ec0276, 0x00370033, 0x406e003e, 0x0c012a6b, 0x084c0101, 0x050b0601,
	0x8005060b, 0x01020e13, 0x01000c00,
	0x0c00800c, 0x0a00840c, 0x0a060b00, 0x0709690b, 0x10110502, 0x05030402, 0x0f126704, 0x00000302, 0x07835703,
	0x5f000333, 0x0002020d, 0x004f0003,
	0x3b3c3d00, 0x3536373a, 0x285a8234, 0x2c313233, 0x1b1c1d2b, 0x0e7d5a1a, 0x23370728, 0x23372307, 0x03843337,
	0x37065549, 0x033e3736, 0x020e0737,
	0x15060607, 0x1e171614, 0x2e171702, 0x27262702, 0x21056449, 0x33823405, 0xca26332b, 0x42288c28, 0x6e0d6e28,
	0x49038225, 0x3008066c, 0x0e07059c,
	0x2a4a3e2f, 0x243f3401, 0x0908080a, 0x40230a07, 0x604d0134, 0x04060e35, 0x8c9928dc, 0x70018c25, 0xca25a402,
	0xbdbd2103, 0x3dae3dbd, 0x080082c3,
	0x48252d29, 0x010e2b54, 0x421f0355, 0x2f692d37, 0x382a6a32, 0x55062143, 0x4a5f2f01, 0xfabd2821, 0x282951ae,
	0x00002eae, 0x4e22fe03, 0x3d2f064f,
	0x4b004100, 0x09401b01, 0x27284243, 0x5c040304, 0x482007e1, 0x29083141, 0x01020f14, 0x010e0c0e, 0x2d41800c,
	0x1112210b, 0x3f052d41, 0x0e000102,
	0x13570003, 0x00030210, 0x0e03010e, 0x0d0c0067, 0x00590c0d, 0x610d0c0c, 0x0d0c0d00, 0x20070b5d, 0x414f8c43,
	0x7d410681, 0x834f870a, 0x020e2648,
	0x03010002, 0x204a9100, 0x3b95c840, 0x26405959, 0x48490000, 0x40414647, 0x3d003e3f, 0x3a3c3d00, 0x31323334,
	0x1b1c1d1e, 0x4b0ad441, 0xd441062a,
	0x26262411, 0x4d262627, 0x372f1f73, 0x33270721, 0x35052337, 0x23373636, 0x41262107, 0xd92314e5, 0x4d020302,
	0x02241d81, 0xe9fe0103, 0x2905ef41,
	0x0d332a3b, 0x010125d7, 0xf341350b, 0x1208220a, 0x1c8a4d0a, 0x070f082d, 0x8aaefabd, 0x090d086c, 0x410f0bae,
	0x774c0afb, 0x0a410808, 0x070d0801,
	0x8007080d, 0x00010103, 0x0e01000e, 0x000c0080, 0x0d0c080d, 0x02090b67, 0x02111307, 0x06070506, 0x02101267,
	0x02020405, 0x00050100, 0x0f0e0067,
	0x00570e0f, 0x5f0f0e0e, 0x0e0f0114, 0x27774c0f, 0x23111724, 0x25432307, 0x064c4d13, 0x3733012b, 0x35331723,
	0x28e98923, 0x12124342, 0xa3f3aa2f,
	0x8c63fda3, 0xdca98c25, 0x220186b7, 0x09f842bd, 0x4928013b, 0x014920fd, 0xaeaeae5f, 0xffff0000, 0xdfff22fe,
	0x87020b01, 0x4f012600, 0x0b53459c,
	0x0cfe5b26, 0x1a00dfff, 0x28105345, 0xb80202b1, 0x35b0dfff, 0x473b832b, 0x33820eb3, 0x00000025, 0x45fafd03,
	0x27080673, 0x0042003e, 0x40740046,
	0x06010871, 0x060a0c0a, 0x0b00800c, 0x0b030003, 0x0a008000, 0x0a050c00, 0x0709690c, 0x0d120502, 0x08052143,
	0x020e113d, 0x02020f03, 0x00031300,
	0x01130067, 0x00571301, 0x5f011313, 0x10151416, 0x01130104, 0x0043434f, 0x43464300, 0x42444546, 0x003f4041,
	0x3d3e003e, 0x393a3b3c, 0x27323438,
	0x42181a26, 0x17230a8c, 0x412b1f07, 0x3420143b, 0x200bab4a, 0x09c64a23, 0x15020e22, 0x2805d14d, 0x23373327,
	0x15333501, 0x125241f2, 0x2c127324,
	0xbb4a4050, 0x4a502008, 0x3a2a05d5, 0x16343039, 0x6f25ca05, 0x78426f0d, 0x78c62105, 0x23096a41, 0x0f2a5142,
	0x4a0bc14a, 0x24080ade, 0x434e260b,
	0xfabd3dae, 0x7958feae, 0xff000079, 0x001bfeff, 0x02e60100, 0x012600a8, 0x0000a45b, 0xfe5b0107, 0x21178305,
	0x178221fc, 0x17828e20, 0x5b01272c,
	0x00004cff, 0x5b012700, 0x0782adfd, 0xfc212182, 0x8207820b, 0x26fa213b, 0x31202382, 0xfe212385, 0x831382ef,
	0x85502023, 0xaefb2107, 0xfa212b85,
	0x2d078210, 0xfd040000, 0x01dffff0, 0x008702de, 0xd542001b, 0x40673905, 0x06010864, 0x14850605, 0x0001020d,
	0x090e8601, 0x11050307, 0x040a0f15,
	0x2205e445, 0x45030b10, 0x088305e5, 0x00032108, 0x0c13165f, 0x03000402, 0x24244f00, 0x00001c1c, 0x27242724,
	0x22232526, 0x1f1c2021, 0x1d1e1f1c,
	0x3e485782, 0x4f172011, 0x1d440548, 0x06484f11, 0x21370128, 0x37330507, 0x07820523, 0x7a41fc20, 0x074d4f12,
	0x0d34012c, 0xfc0d5701, 0x8c258cdc,
	0x0a837601, 0x340adc43, 0xbd3dae3d, 0x3d3da801, 0x3debaeae, 0xfe02003d, 0x01a3ff22, 0x83e78223, 0x405a22e5,
	0x2de38557, 0x0e0d0100, 0x800e010d,
	0x05020709, 0x76420a10, 0x0b0f2c05, 0x020c0302, 0x030d0002, 0x82006700, 0x570d2e1c, 0x0e0d0d00, 0x0e01115f,
	0x004f0e0d, 0x11215000, 0x00861120,
	0x84121321, 0x433120d6, 0xd88613a5, 0x01072127, 0xd7233733, 0x23d39b0d, 0xc9fd0dab, 0x5d22d082, 0x9c46bc3d,
	0x3dcb8208, 0x36013dbc, 0xffff00ae,
	0x7aff15fd, 0xec029100, 0x63012700, 0x0000b7fe, 0x41010700, 0xf741f3fe, 0x24fe2705, 0xc501aeff, 0x1b820c03,
	0xd0fd5c2c, 0x07010000, 0xc4ff5a01,
	0x8173a000, 0xb0a02705, 0xffff2b35, 0x2382fefb, 0x2385a720, 0x82aafb21, 0x01272637, 0x009efd5a, 0x202b84a0,
	0x242b82a6, 0x0101b110, 0x212b83b0,
	0x078502b1, 0xfe01002f, 0x0120005f, 0x005c027f, 0x4034000b, 0x36578231, 0x01068500, 0x86050405, 0x02000100,
	0x68020103, 0x04040300, 0x77005703,
	0x03220597, 0x56824f04, 0x0b000b23, 0x25008311, 0x2b1b0707, 0x1d4a1325, 0x5ffe3609, 0x024055e5, 0x37befd26,
	0x6bfd7902, 0x3c022037, 0x4689469e,
	0x29318289, 0x39fc0100, 0x57011500, 0x67c35102, 0x8239fc21, 0x24042a67, 0x0437c0fb, 0x376dfb77, 0x3e678b15,
	0xaeff60fe, 0x0c030d02, 0x1d000a00,
	0x090a1a40, 0x01020308, 0x01000700, 0x01004c01, 0x82850100, 0x7637088b, 0x07021411, 0x35372b18, 0x23012525,
	0x01073301, 0x7a014b15, 0x00ffeffd,
	0x545c0154, 0x2739023c, 0xfdf3b05e, 0x965e0386, 0x0062eefe, 0xff5ffe02, 0x03a0018e, 0x82030000, 0x40222345,
	0x4582021f, 0x0585002c, 0x01030403,
	0x04047601, 0x56770000, 0x0706280a, 0x01052b17, 0x82210133, 0x5ffe2803, 0xfe555c01, 0x843c01a3, 0x03722406,
	0x838efc72, 0x327f8203, 0xb1fc0200,
	0xf3002f00, 0x0b006b02, 0x3f000f00, 0x84063c40, 0x07092353, 0x78410308, 0x0c0c291b, 0x0f0c0000, 0x0d0e0f0c,
	0x80413782, 0x410a2005, 0x28080e80,
	0x03331321, 0x55e5ddfd, 0xfd220246, 0x750237c2, 0xfe316ffd, 0xe655e580, 0xad3c022f, 0x7a468946, 0xc4fd3c02,
	0xfc030000, 0x20d3826b, 0x31d3863c,
	0x402d000b, 0x0202042a, 0x85000100, 0x03070508, 0xd8820506, 0x83080821, 0x05dd53da, 0x0920e08a, 0x0720e082,
	0xe483e086, 0xdc847520, 0x8b1cfe21,
	0x83ea8806, 0xffff27ee, 0xaeff74fe, 0x93428b01, 0x20fe2105, 0x0628fe82, 0x00885d01, 0x73fe0100, 0x8c201782,
	0x06241782, 0x1c401f00, 0x22082f69,
	0x82850002, 0x7602210b, 0x00272883, 0x04111206, 0x832b1807, 0x08748271, 0xa4fe3129, 0x01390154, 0xa4fe5438,
	0xfc5e0352, 0xfc0603fa, 0xfcffffa2,
	0x017dff25, 0x00120384, 0xfb610167, 0x70000087, 0x83004000, 0x07fe210b, 0x07240b86, 0xa8fd8202, 0x00244e82,
	0x20fe0200, 0xe0312b82, 0x0300c3ff,
	0x2a000700, 0x01022740, 0x00010100, 0x26068257, 0x055f0100, 0x82030403, 0x414f200f, 0x172412d3, 0x21152135,
	0x3c280382, 0x40fca401, 0x4683a401,
	0x51820082, 0xe9000122, 0x6f22c882, 0x4f828600, 0x16401922, 0x5f211183, 0x08236402, 0x0300032f, 0x17080311,
	0x3335332b, 0x8686e915, 0x2d2a8286,
	0x59ffca00, 0x73006801, 0x17000a00, 0x10831440, 0x2f838520, 0x0a23ec83, 0x83150a00, 0x3717242d, 0x82353636,
	0x07143331, 0x023dca07, 0x57075e01,
	0x0706c2a7, 0x0d404407, 0x6082bf0e, 0x82ffff21, 0x01492873, 0x021d026f, 0x504f0126, 0x478205ed, 0x0f4d9720,
	0xbc002915, 0x6f018bff, 0x2702f301,
	0x00282b82, 0x06016d01, 0x32f25001, 0x02502b84, 0x4f012006, 0x5c820893, 0x5802002e, 0x2f007900, 0x0e014f01,
	0x9a390000, 0xff210983, 0x2309842e,
	0x1e4f010e, 0x00241183, 0xf0000200, 0x682f6f82, 0x0500cc02, 0x4c000900, 0x501cb04b, 0x79174058, 0x05210f97,
	0x06327701, 0x00001522, 0x22080351,
	0x865f0302, 0x40592c17, 0x00060612, 0x06090600, 0x82070809, 0x12052c48, 0x2b170806, 0x33112725, 0x82070711,
	0x100127fc, 0x580e540e, 0x2957f378,
	0x79f32305, 0xf7820079, 0x3afff02a, 0x06026801, 0x54014701, 0x06228682, 0x517f0040, 0x2f14820e, 0x00005c00,
	0xb102fe01, 0x26002200, 0x3a403d00,
	0x27077265, 0x04030106, 0x7e040300, 0x0220e382, 0x2e067a65, 0x5f050404, 0x05050107, 0x234e0518, 0x52000023,
	0x08240cf7, 0x372b1908, 0x22093048,
	0x52150606, 0xa1830cf7, 0x1148e820, 0x36382305, 0xe7523433, 0x7864220e, 0x0afa47ce, 0x2011d952, 0x06cb52ce,
	0xff5c0023, 0x26ab8255, 0x010f0106,
	0x185a0256, 0x820f1f40, 0x00e92aef, 0x016f01c6, 0x0107034c, 0x2ab7824f, 0xb10800c6, 0xc6b00100, 0x822b35b0,
	0x00a82cd5, 0x01b00185, 0x000f008d,
	0x821c401f, 0x01003d0f, 0x01010059, 0x01026100, 0x51000100, 0x07090001, 0x0f010f00, 0x2b160803, 0x26262225,
	0x2807a370, 0x06061415, 0x3c242c01,
	0x25028224, 0x24243b25, 0x0887853b, 0x08822520, 0x3a820020, 0x9500583d, 0x29020102, 0x1c001800, 0x16181940,
	0x0f111314, 0x080b0c0e, 0x02040507,
	0x8249000e, 0x764c0886, 0x17080119, 0x27023f2b, 0x17173727, 0x15333527, 0x17373707, 0x17170707, 0x07272707,
	0x482f9207, 0x4d174d64, 0x104c105a,
	0x4d184d5a, 0x3d304764, 0x302e2d30, 0x0f4841c2, 0x2f194919, 0x64515164, 0x1948192e, 0x2d414710, 0x415b5a42,
	0x3d084f82, 0x16000200, 0x42020000,
	0x1b00a802, 0x47001f00, 0x05074440, 0x080f0302, 0x03010202, 0x090e6802, 0x0a0c0102, 0x010b0002, 0x01066700,
	0x4d170404, 0x0b020d10, 0x4e0b180b,
	0x1e1f0000, 0x7f481c1d, 0x08112414, 0x4e332b1f, 0xc4570f6e, 0x8237200a, 0x4e5c201c, 0xc1570e54, 0x8c35230b,
	0x384e8c25, 0x573d2007, 0x002c06b7,
	0x54000100, 0x0402aeff, 0x03000c03, 0x4310bb43, 0x172607e9, 0x54013301, 0x9f445c01, 0x82a22006, 0x82532033,
	0x9c032033, 0x82052033, 0xaf012333,
	0x3782a4fe, 0x5e035225, 0x8200a2fc, 0x00012800, 0x010a0177, 0x825c01e1, 0x401e286b, 0x0100001b, 0x44570001,
	0x0022075d, 0x0a824f01, 0x132a7287,
	0x77152135, 0x0a016a01, 0x26825252, 0x825a0021, 0xa7fe2037, 0x015a2237, 0x243787a4, 0x020a0100, 0x2037a358,
	0x826f8211, 0x316e8429, 0x5a000100,
	0xfe017dff, 0x0300cfff, 0x06b12600, 0xab9d4464, 0x0006b124, 0x3f821744, 0x83207782, 0x0021ae83, 0x203f8202,
	0x203f8223, 0x223f82f6, 0x84370007,
	0x552c2041, 0x98451934, 0x1708220f, 0x2052872b, 0x29568505, 0xa4015cfe, 0x8d464650, 0x9b824646, 0x7affd828,
	0xec02da01, 0x23431e00, 0x01022306,
	0x7282004c, 0x02008622, 0x32054f64, 0x114e021f, 0x0803111d, 0x17052b19, 0x2627022e, 0x50343526, 0x012a1094,
	0x604d01d9, 0x0a080e35, 0x74500a09,
	0x55312b10, 0x4a5f2f01, 0x3b40762d, 0x5e503174, 0x00002512, 0x7e000100, 0x80208382, 0x1c268382, 0x22402500,
	0xdb600101, 0x0000290a, 0x01006101,
	0x4e001f01, 0x1c2c2882, 0x1d111c00, 0x2b180804, 0x023e3717, 0x2506b364, 0x27272626, 0xd464021e, 0x7e350808,
	0x263f3201, 0x0607080a, 0x444d1009,
	0x3b5e4501, 0x09090b10, 0x5e3b110b, 0x21065586, 0x65293944, 0x2e692e34, 0x55044356, 0x525d2902, 0x3a2f7737,
	0x5f523373, 0x21658229, 0x8382a300,
	0xec02e03d, 0x27002b00, 0x16172440, 0x02040001, 0x004c0101, 0x02030002, 0x01006503, 0x82610001, 0x011f2881,
	0x2122234e, 0x831a1120, 0x5d372085,
	0xa320283d, 0x5d262a5d, 0xaf83271b, 0xaf827820, 0xaf82b520, 0x2d002d29, 0x22232a40, 0x82040b0c, 0x004c26a4,
	0x03010400, 0x24b08400, 0x02006102,
	0x82b08202, 0x2d2382b6, 0x15161718, 0x17080511, 0x3235172b, 0x80503636, 0x35372205, 0x06995f2e, 0x32352323,
	0x06855f1e, 0x15175e08, 0x1716020e,
	0x020e1616, 0x1a3f3878, 0x070d0a02, 0x37333916, 0x0b091239, 0x3f170309, 0x2f5d4d3b, 0x060c0d0b, 0x31361302,
	0x02143531, 0x0b0e0c06, 0x4c865e2f,
	0x313a1c08, 0x15294d41, 0x15091607, 0x2f3f4d2a, 0x4c0a1d38, 0x5c3a1f0b, 0x19292244, 0x0a6c0912, 0x22291911,
	0x1e3a5d44, 0x228d820b, 0x41ed0001,
	0x072b066b, 0xb04b4600, 0x40585023, 0x82020013, 0x030222b7, 0x21c38263, 0x23825f00, 0x67011921, 0x002005a0,
	0x840f1858, 0x594f2326, 0x24820c40,
	0x07000724, 0xd4821111, 0x172b1922, 0x23060150, 0xa3a3f3ed, 0x4106475d, 0x6b230723, 0x8a00ec02, 0x051f4167,
	0x02246783, 0x0202005f, 0x022c6786,
	0x02000100, 0x00006701, 0x57000303, 0x03215982, 0x2167825f, 0x67910300, 0x2d06f55c, 0xf3a3a378, 0xe0024986,
	0x008efc49, 0xaf48ffff, 0x06022407,
	0x83005001, 0xff692a0f, 0x00c70159, 0x01260073, 0x82cc8250, 0x829f2015, 0xffff3953, 0xcf019100, 0xe902ef01,
	0x50012f00, 0x4202f901, 0x0f0100c0,
	0xb9025001, 0xbb610983, 0x54422006, 0x022006e7, 0x4b850883, 0xc7203382, 0x27203382, 0x5f2a5b82, 0x07017602,
	0x9fff5001, 0x2f867602, 0x2f877620,
	0x2f840883, 0x2f82f120, 0xe9028f22, 0x59205984, 0x09245984, 0xb80100b1, 0xff235085, 0x82c900ff, 0x8267201f,
	0x2047831f, 0x854782ff, 0x203e851d,
	0x261f8200, 0x016d005f, 0x82f701fb, 0x9c7127bb, 0x01060000, 0xbb856471, 0x72201789, 0x06221182, 0x1d827201,
	0x01000024, 0x2f82c300, 0x2f829720,
	0x3d000536, 0x020104b6, 0x4c010001, 0x5021b04b, 0x020c4058, 0x00010101, 0x0026ff82, 0x1b4e011a, 0x9f451140,
	0x40592210, 0x395a820a, 0x12050005,
	0x2b170803, 0x33372725, 0x3f011707, 0x7b577c7c, 0xc4c66d7c, 0x1c82c6c4, 0x372a5fca, 0x17332737, 0x7b7cc307,
	0x5e857c57, 0x9d26eb82, 0xbb01d001,
	0xeb82ea02, 0x83a07421, 0x607421eb, 0xfd207385, 0x5b201782, 0x05231782, 0x83b53c00, 0x20d283c4, 0x20d28c29,
	0x08d2a319, 0x3527013b, 0x01071533,
	0x0e5e100d, 0x47d3d001, 0x0000d347, 0xff630005, 0x021c02a9, 0x002000f2, 0x002e0025, 0x003d0034, 0x2a5b405e,
	0x12070601, 0x30060a01, 0x000a0901,
	0x04090301, 0x05854d4c, 0x0403043e, 0x00010286, 0x00060700, 0x01086707, 0x020d0b06, 0x0a06090a, 0x09010c69,
	0x59090303, 0x28080682, 0x05610309,
	0x03090301, 0x3b2f2f51, 0x2f38393a, 0x33342f34, 0x11211631, 0x111f1121, 0x060e6111, 0x11332b1f, 0x3233023e,
	0x218a8233, 0xcd6b021e, 0x06063a09,
	0x35231507, 0x33132622, 0x17072235, 0x27262634, 0x07023e15, 0x33161615, 0x080d8735, 0x2a1f639c, 0x08081926,
	0x2056503f, 0x34282a10, 0x62241436,
	0x3f1d3f5c, 0x2c1c4814, 0x2f3213fb, 0xfb123230, 0xcf172011, 0x3b3b3e17, 0xa802173e, 0x45010202, 0x4b230447,
	0x1e393340, 0x260e0309, 0x50473a41,
	0x4f500222, 0xe0880103, 0x29236802, 0x01db0514, 0xf0913313, 0x85f50203, 0x01163935, 0x301302f5, 0x43fe0200,
	0x8b01a8ff, 0x3c00b202, 0x4d004c00,
	0x01334a40, 0x01310605, 0x011e0508, 0x4c030703, 0x06000200, 0x67060205, 0x08000500, 0x69080507, 0x04070109,
	0x07000301, 0x4d426903, 0x0100390a,
	0x3e4f0100, 0x3d44463d, 0x384c3e4c, 0x39162728, 0x070a2321, 0x14252b1d, 0x2136cd82, 0x2e222115, 0x34113502,
	0x3333023e, 0x15021e32, 0x22230315,
	0x9b7b2726, 0x26342911, 0x22232326, 0x01150606, 0x080ea27b, 0x0b89fead, 0xa8022926, 0x42375afd, 0x200a0a1f,
	0x2acc3842, 0x01071830, 0x09070727,
	0x1d120a07, 0x203f361e, 0x3e1e0909, 0x161a1835, 0x18070811, 0x282acd1a, 0x250f010b, 0x210a0a21, 0x0c2c2e25,
	0x2b4d2c0c, 0x0a460b29, 0x01384120,
	0x22483eb4, 0x48230b0b, 0x9efe2e3e, 0x1111190b, 0x4a240b04, 0x24493f3f, 0x1310050b, 0x0d2e334b, 0xfe312d0d,
	0x34300eae, 0x0e0e3237, 0x31353631,
	0xfe06000e, 0x02f6ff1d, 0x00b20226, 0x0045001e, 0x00610053, 0x0079006d, 0x76654068, 0x3c47556a, 0x080d1d2c,
	0x69750705, 0x01203d44, 0x02050906,
	0x8205004c, 0x09053994, 0x0b060c80, 0x00090203, 0x80000209, 0x08010104, 0x01050701, 0x010a6907, 0x09210f82,
	0x3e068259, 0x03610009, 0x00090001,
	0x001f1f51, 0x67717300, 0x4f5b5d65, 0x1f451f4d, 0x35404145, 0x82232533, 0x2e1e286b, 0x18070d24, 0x6c27232b,
	0x35240527, 0x37373634, 0x2205fb47,
	0x6c323336, 0x07220541, 0x1d9b2101, 0x3636172a, 0x06163335, 0x17011707, 0x2605aa47, 0x15062223, 0x8c051614,
	0x14012c0d, 0x32331616, 0x07273736,
	0x8a050606, 0x392c3b0b, 0x38482e12, 0x1d20524c, 0x123e3f25, 0x41481c0c, 0x181c4742, 0x2c015523, 0x1a96aa01,
	0x03039134, 0x130e0141, 0x3c70fc74,
	0x26131b49, 0x07263d3b, 0x0a880802, 0x15d9fd2d, 0x3d3d3034, 0x1937a518, 0x89fe0116, 0x20473a0b, 0x4b1d0e23,
	0x1c4b4645, 0x2b174e31, 0x16373420,
	0x2d313615, 0xfe441c34, 0x211a8b8b, 0x1a8a2c16, 0x3a0db435, 0x224a4035, 0x4bf50191, 0x1b231538, 0x28191725,
	0x8a0c1c13, 0xa5fe2b0b, 0x1d112f2c,
	0x142ccd28, 0x09883036, 0x09000024, 0xcb411ffc, 0x3d520808, 0x72006400, 0x8e008000, 0xa6009a00, 0x8300b200,
	0xa3af8040, 0x66748297, 0x2c3c4b5b,
	0x080c0d1d, 0x96a2ae0a, 0x203f5c63, 0x080d0801, 0x08004c02, 0x080a0d0a, 0x0912800d, 0x05100511, 0x0d000d02,
	0x07800002, 0x0c010204, 0x080a020b,
	0x0f690a01, 0x1282020e, 0x83590d21, 0x0d290807, 0x03066100, 0x000d0002, 0x1f3e3e51, 0xac00001f, 0x949ea0aa,
	0x7c888a92, 0x3e6c6e7a, 0x60643e64,
	0x4452545f, 0x1f3d1f42, 0x09ec413d, 0x18071323, 0x1cce412b, 0x9d1dec41, 0x240a421d, 0x42251842, 0xfd210b24,
	0x160a42d6, 0x9a1a2542, 0x0740421a,
	0x4272fa21, 0x4b421340, 0xdbfb210a, 0x42154b42, 0x72423257, 0x207e4248, 0x080a8842, 0xf5fd044c, 0xb001f6ff,
	0x2400b202, 0x3e003200, 0x5b004200,
	0x16265840, 0x3b000102, 0x01070201, 0x07080102, 0x03070a3a, 0x4c040806, 0x03060200, 0x80030206, 0x05000400,
	0x69050400, 0x01000000, 0x67010007,
	0x01090700, 0x08070608, 0x1d820067, 0x59062608, 0x03060600, 0x06030061, 0x3f3f5103, 0x423f423f, 0x2e2d2818,
	0x13111224, 0x2b1e070a, 0x13170703,
	0x07211521, 0x1a4b4417, 0x14442720, 0x4403200c, 0x052e0a08, 0xd7152135, 0x01789455, 0x7056fed0, 0xf041546a,
	0x41de2014, 0x292008af, 0x2b0a9841,
	0x01a801cd, 0x01b844b9, 0x84f54a06, 0x2016e543, 0x15b34320, 0x4a4a3124, 0x776c0100, 0x00072408, 0x8227402a,
	0x85002df6, 0x02030104, 0x01008603,
	0x57010202, 0x2206f275, 0x4a4f0201, 0x07260987, 0x11252b19, 0xec821533, 0x8dfe152d, 0xfd760252, 0xd801488a,
	0x82c946c9, 0x00280821, 0x00e0fb01,
	0x02c50148, 0x000c0020, 0x0b3b403e, 0x01030001, 0x0402004c, 0x04008502, 0x06850403, 0x01000501, 0x80010500,
	0x842b5782, 0x00000300, 0x03005703,
	0x82600003, 0x50002708, 0x0c000000, 0x49560c00, 0x37372408, 0x83231521, 0x33272b67, 0xb88b0717, 0x5252effa,
	0xc76c1105, 0x01c82805, 0xd9b6cad8,
	0x680000d9, 0x67300aeb, 0x91016501, 0x00c00000, 0x46010040, 0xd4018202, 0xf3680983, 0x02003a0b, 0x7aff12ff,
	0xec020701, 0x0b000700, 0x3e404100,
	0x01020400, 0x80010402, 0x25958207, 0x03050003, 0x1f4b0080, 0x4b052008, 0x0623071f, 0x68000301, 0x172016db,
	0x2a06244b, 0x11331125, 0xf3a3a314,
	0x4b4c0bfe, 0x0524062b, 0x98fc6803, 0x0f266f82, 0xf1009eff, 0x2b560603, 0x82072027, 0x82212048, 0x52f12503,
	0x62523e01, 0x23694383, 0xe6fd3105,
	0xc2ffaaff, 0x27001203, 0x70fe8202, 0x27000000, 0x2406c354, 0xfc820207, 0x2a0f82e0, 0xfc020000, 0x004600d9,
	0x841e02cd, 0x40352cdb, 0x00010432,
	0x07850001, 0x41030605, 0xab6913cc, 0x07d44114, 0xfe338283, 0x76025205, 0x82fe8afd, 0xd8014652, 0x01c946c9,
	0x8228fed8, 0xffff2b68, 0xc3fff2fb,
	0xa302e400, 0x7b826700, 0x0c001832, 0x06360040, 0x86012600, 0x4701009c, 0xecfa8202, 0x102a1186, 0xb00100b1,
	0x2b35b00c, 0x078503b1, 0x02223c82,
	0x3b82d3fc, 0x3b82cd20, 0x201be756, 0x0f605867, 0x2016e756, 0x06824205, 0x82152121, 0x33112901, 0x52fffd11,
	0x84fd7c02, 0xb5820383, 0xe0023d2b,
	0x468846e5, 0xfde002e7, 0x25b78420, 0xc3ff82fd, 0xb7864801, 0xa5857c20, 0x01060323, 0x201c8286, 0x82ab8708,
	0xfe01220b, 0x20278299, 0x58a38467,
	0x9e9014ff, 0x8b0eff58, 0x99fe2196, 0x8f879288, 0x003e2d82, 0x00d1fb02, 0x02d90148, 0x000c0020, 0xb6bf0011,
	0x06020b0f, 0x4b4c0107, 0x58500db0,
	0x2c432f40, 0x04032307, 0x2d430870, 0x43722005, 0x072f062c, 0x68070306, 0x00000600, 0x06005706, 0x825f0006,
	0x4f002508, 0x0eb04b1b, 0x30203682,
	0x64433691, 0x89379508, 0x85042169, 0x319d6886, 0x40595929, 0x11000012, 0x430d0e10, 0x092308a6, 0x432b1b07,
	0x25080ca6, 0x27372125, 0xfb629f21,
	0x04525222, 0xd66460dc, 0x0520fbd6, 0xfa343225, 0x73615add, 0x5f73d801, 0x32a7d9d9, 0x00820034, 0xbbfe0222,
	0x30068f41, 0x00080005, 0x081e4021,
	0x03040607, 0x01000105, 0x0c07574c, 0x00052808, 0x07031105, 0x11052b17, 0x01150133, 0xfe010135, 0x43024abb,
	0x0202bdfd, 0x023dfefd, 0x5abdfee0,
	0x0153bdfe, 0x821d011d, 0x03270853, 0xafff56fe, 0x07031202, 0x34002d00, 0x5e003b00, 0x31385b40, 0x191a1d22,
	0x0501070a, 0x0109011c, 0x0900011b,
	0x82094c03, 0x4b290809, 0x03020300, 0x05010085, 0x09010509, 0x07010a80, 0x04860700, 0x01080201, 0x05020105,
	0x00090069, 0x00590900, 0x61000909,
	0x27328206, 0x00005100, 0x3233393a, 0x2d345682, 0x11111a1a, 0x0b11131b, 0x072b1d07, 0x35022e35, 0x17161633,
	0x34260783, 0x35373636, 0x0d821533,
	0x0515012b, 0x26252535, 0x16152726, 0x07884c17, 0x82140321, 0x06062325, 0x15823401, 0x36368008, 0x24554ae7,
	0x3e33074b, 0x22225349, 0x2b3d4953,
	0x4f02142e, 0x500166fe, 0x301cfafd, 0x48050520, 0x56232151, 0x4232b14b, 0x2b013143, 0x34464535, 0x22025d51,
	0x2d353f4b, 0x2f17f205, 0x463b2f40,
	0x6a6a031f, 0xfe0a0901, 0x54db4ddb, 0x0d0efdad, 0x0201d701, 0x36463317, 0x0321493e, 0x1d47025c, 0x03c3192c,
	0x2b8bfe2a, 0x03df1938, 0x0000002b,
	0x001dfe01, 0x02e50137, 0x0013002d, 0x82354038, 0x020125e7, 0x02090a85, 0x0523f483, 0x82010203, 0x83572021,
	0x00012907, 0x0206085f, 0x4f000100,
	0x2412d666, 0x35233525, 0x20e18233, 0x08267b21, 0xfe152129, 0x50cacae7, 0x82509401, 0x6cfe2505, 0xd24cd837,
	0x4c230082, 0x82d8d8d8, 0xfb01223e,
	0x207382ff, 0x287382a9, 0x4045001b, 0x02040642, 0x2b748202, 0x030b0d0e, 0x86090009, 0x03030507, 0x08847684,
	0x0c237782, 0x8603080a, 0x17826678,
	0x848b808b, 0x21352325, 0x82c9fc15, 0x92012182, 0x50228b88, 0x8e866efe, 0x83d2d221, 0x35928490, 0x24feffff,
	0xc1015300, 0x27002102, 0xd0fde601,
	0x06010700, 0xac82ec01, 0x00b10828, 0xb007b001, 0xb7822b35, 0xebfd0439, 0x6f013c00, 0x03001902, 0x0b000700,
	0x51000f00, 0x00004e40, 0x82010108,
	0x0067379f, 0x03010902, 0x67030204, 0x07050600, 0x04005706, 0x0705010a, 0x0e820504, 0x5f070630, 0x0607010b,
	0x0c0c4f07, 0x04040808, 0x995b0000,
	0x10315b05, 0x17070c28, 0x3335132b, 0xb5820515, 0x17200383, 0xe9380b82, 0x027cfc86, 0x02cafd36, 0x0186c836,
	0x20868693, 0x46cf4646, 0x86866846,
	0x06268f82, 0x3c0093fb, 0x8f8a1502, 0x17001326, 0x64406700, 0x93856182, 0x02010428, 0x030d050e, 0x96830603,
	0x0b070a3f, 0x0108570a, 0x0f091006,
	0x060b0703, 0x0a006707, 0x115f0b0a, 0x0b0a0b01, 0x1014144f, 0x2b9d8710, 0x17141714, 0x13101516, 0x11121310,
	0x1220a996, 0x0120a982, 0xec5a9d82,
	0x20ad8307, 0x83b58221, 0x91fe2bb1, 0x3602c886, 0x36027ef9, 0x07851602, 0xbb84b988, 0x0626bd85, 0x0000cffb,
	0x1b5ad901, 0x000d3006, 0x00150011,
	0x406c0019, 0x02000069, 0x820c8500, 0x030624be, 0x87800601, 0x820120c0, 0x20ba87c0, 0x20ba840a, 0x8acc820b,
	0x162408c0, 0x0e121216, 0x060a0a0e,
	0x16000006, 0x18191619, 0x12151217, 0x0e131415, 0x10110e11, 0x0a0d0a0f, 0x060b0c0d, 0x8309435a, 0x05435ac0,
	0x6c413720, 0x0b744106, 0x0eb8fe25,
	0x82b30e54, 0x02f624bc, 0x859e0136, 0x5a932007, 0x81260762, 0x46014646, 0x0584ce46, 0xa361a420, 0xe4fb2f05,
	0xce015500, 0x27001102, 0xa0fbe701,
	0x078598ff, 0x826c0021, 0xfdec2c07, 0x000000a8, 0xbae70126, 0x82060198, 0x6b6c2005, 0x376f0565, 0x03b1210c,
	0x2a07486f, 0x6cb00104, 0x002b35b0,
	0x88ffff00, 0x01672753, 0xff1202e7, 0xab5cc098, 0x210b8205, 0x0b846c00, 0xec016624, 0x0984000a, 0xfd212182,
	0x252185f8, 0xe7014701, 0x2186f8fd,
	0xa16f2220, 0x2f699110, 0x001bfe02, 0x01e501aa, 0x000300bf, 0x402f0007, 0x232a5357, 0x012b1707, 0x2e063c41,
	0xca031bfe, 0xca0336fc, 0x46467901,
	0x824646cf, 0xfb0328f1, 0x014500dc, 0x842102cc, 0x000b2857, 0x003d4040, 0x54010600, 0x072006c9, 0x2f062943,
	0x04050504, 0x04040057, 0x01085f05,
	0x4f050405, 0x871a4a5e, 0x8205206a, 0xdcfb2572, 0x10faf005, 0x01240385, 0xcb4646db, 0x00200284, 0x08057f77,
	0x0c02dd22, 0x6c000d00, 0x02050cb6,
	0x4c010201, 0x5010b04b, 0x00254058, 0x04030304, 0x05010670, 0x71050000, 0x02249382, 0x68020301, 0x220f3578,
	0x4a23401b, 0x05210889, 0x22259786,
	0x820e4059, 0x000d28e0, 0x1211110d, 0x46071111, 0x352305e6, 0x77273721, 0xa33806c0, 0x05ddfa51, 0xfa464469,
	0x4f210599, 0x5ad6d664, 0x45434650,
	0xd9d94e46, 0x00233582, 0x77f3fd01, 0xa3fc06b7, 0xfc51d52b, 0x447903cd, 0x0389fc46, 0x25a39031, 0x00d1fb02,
	0x4741015a, 0x00132905, 0x1209407d,
	0x04050c0f, 0x2b094c41, 0x04010628, 0x70040303, 0x03080709, 0x201e4f41, 0x212a8326, 0x29858504, 0x2b1b5241,
	0x000e0e16, 0x0e130e00, 0x00101113,
	0x22075a41, 0x6d1b070a, 0x5a410631, 0x05487807, 0xfb517f2b, 0x444704ff, 0x03bbfb46, 0x20bc83ff, 0x054e78b7,
	0x20076641, 0x230082d9, 0xcffb0200,
	0xbc35c382, 0x05000c02, 0x4c001300, 0x0b124940, 0x03040104, 0x064c0104, 0x84128201, 0x20d18291, 0x3b0b8286,
	0x04050304, 0x02030067, 0x00570302,
	0x5f020303, 0x02030200, 0x0006064f, 0x06130600, 0x0f248e82, 0x0a0c0d0e, 0x21077b5e, 0xa455070a, 0x84212007,
	0x21373c93, 0x33372135, 0x51011707,
	0xd86bd6d6, 0x4f69fed8, 0xc203f9fb, 0x3cfc4442, 0x824d0904, 0x825a2010, 0x41d9208b, 0xfb270cff, 0x01aeffdc,
	0x820c03cc, 0x403d2295, 0x134e6e3a,
	0x796e6720, 0x12744712, 0x2208766d, 0x6e033313, 0x2108074b, 0xfd66fcfd, 0x37a2027a, 0xf50227fd, 0x02875487,
	0x373dfda7, 0xeafcfa02, 0x46fc5266,
	0x4e014688, 0x0682b2fe, 0x4c82fc20, 0xfd010033, 0x015a00f4, 0x000c02d9, 0x40300008, 0x0201012d, 0x065d4901,
	0x2e18e14d, 0x11080008, 0x07051211,
	0x37252b19, 0x83173327, 0xf4fd2a73, 0xb36bd8d8, 0x39fdc702, 0x26e982b3, 0x00b646b6, 0x82d3fb01, 0x82db2057,
	0x000d3857, 0x0c324035, 0x03000205,
	0x01044c01, 0x85020302, 0x01020506, 0x4d860100, 0x4c4312da, 0x2307210e, 0x64826084, 0xb8a10726, 0x6bb398fb,
	0x04216583, 0x05df4d68, 0xd9d9b623,
	0x07df4db6, 0xb34d7b20, 0x01272406, 0x820cfeec, 0x01062ed6, 0xff009c68, 0x0071feff, 0x020b0149, 0x10bb681d,
	0x02feec24, 0xff600000, 0x02003813,
	0xf2ffedfe, 0x76021301, 0x0a000600, 0x09b50800, 0x02000407, 0x72252b32, 0x200805b3, 0x15253501, 0xd701edfe,
	0x260229fe, 0x2602dafd, 0x84855bb8,
	0xfe6ca95a, 0x4eab4e91, 0xfb020000, 0x20f382e4, 0x27f384e2, 0xb7750013, 0x03050c11, 0x2405b44b, 0x40585010,
	0x23fc8327, 0x08700203, 0x0022fd83,
	0xfe827101, 0x2016744b, 0x05264125, 0x01212884, 0x28279786, 0x00124059, 0x10121300, 0x0827430f, 0x4106694b,
	0x43080a35, 0x37210725, 0x51a82127,
	0x644f9efb, 0x4d64dbdb, 0x644f6204, 0x12fcd6d6, 0x44630442, 0x5a9dfb46, 0xd9d95050, 0xd9d94e4e, 0x454343d9,
	0xfeffff00, 0x0155003f, 0x001102c1,
	0xd8ec0126, 0x01070000, 0x00d0fdec, 0xd820d783, 0xe020d782, 0x250b0b7c, 0x01020301, 0x3f4e4c01, 0x0f0b7c1d,
	0x42081221, 0x98820b32, 0x0717332f,
	0xd8d804fd, 0xbe03b36b, 0xfeb342fc, 0x05be4369, 0xb6d9d924, 0x9282b646, 0xffffd924, 0x7782edfb, 0x7782da20,
	0x95014725, 0x4600a9fd, 0xa78205e5,
	0x820ffc21, 0x859920a7, 0x00b021a7, 0x82085d47, 0xa0fb22af, 0x251f8200, 0x5a00f0fd, 0x37820b02, 0x0c014623,
	0x7c3584ff, 0xdc200643, 0x0a204b84,
	0x2d0b437c, 0x4800e3fb, 0x2002c801, 0x7b014700, 0x6387a8fd, 0xfb010023, 0x08fb44cb, 0x2738bf42, 0x37272317,
	0x27210733, 0xa32be882, 0xb8f2fab8,
	0x64d6d664, 0x420e05b8, 0xfb2110bf, 0x206b82ce, 0x209b84d6, 0x2ce78b98, 0x4900c0fe, 0x1d024701, 0xec016700,
	0x2fff8700, 0xd84f0126, 0x01070149,
	0x01d8ff4f, 0xb1110097, 0x23106b74, 0x54fcffff, 0x48203782, 0xfe213785, 0x82d3863d, 0xb7012143, 0xfb770b86,
	0x21458405, 0x5576a8fd, 0x00003a16,
	0x0074f904, 0x02dc0100, 0x000500cc, 0x0012000e, 0x40670016, 0x04010764, 0x05155f03, 0x00852308, 0x85020302,
	0x0401010a, 0x08010408, 0x05010b80,
	0x05080908, 0x01068009, 0x02070c03, 0x04030104, 0x0f820068, 0x00570823, 0x083f7608, 0x0f13133d, 0x0006060f,
	0x13161300, 0x0f141516, 0x11120f12,
	0x060e0610, 0x0b0c0d0e, 0x8208090a, 0x12052467, 0x6317070e, 0x052a06d6, 0x07333727, 0x17211521, 0x667b3525,
	0xfcfb3505, 0xfe0e540e, 0x64d6d616,
	0xfea501b7, 0xe701b959, 0x00fa4705, 0x2a079049, 0xb5d9d999, 0x46b7b746, 0x63effe46, 0xfe22062f, 0x0f710053,
	0x01262d05, 0x01d8c45a, 0x3cec0146,
	0x4000c000, 0x21100f71, 0x377187fc, 0x26002b0f, 0x00dcec01, 0xec014701, 0x334170fe, 0xb1092306, 0x457b0100,
	0x00002405, 0x4effff00, 0x4623089b,
	0x84038601, 0xffff2155, 0x270b3f50, 0x0c004e02, 0x063600c0, 0x86224382, 0x4386cafe, 0x2e084550, 0x2afbffff,
	0x1c00c3ff, 0x6600a302, 0x84f68202,
	0x67002529, 0x72fc8601, 0x01252985, 0x01820247, 0x20418522, 0x12275100, 0xfcffff23, 0x051b4f78, 0x01260223,
	0x24908286, 0xfd860147, 0x273b85c0,
	0xf3fd0300, 0xaa01afff, 0x3708e34e, 0x2258405b, 0x07020801, 0x38080501, 0x090e2331, 0x08050608, 0x4c030501,
	0x8205df4e, 0x0508220b, 0x09df4e01,
	0x0508002c, 0x09690802, 0x00000101, 0x06825901, 0x61000126, 0x01000106, 0x3d0be04e, 0x1111131c, 0x0b111a19,
	0x172b1d07, 0x27262635, 0x15253525,
	0x16160505, 0x2e233517, 0xe64e3502, 0x021e2306, 0x1b822317, 0xe04e1520, 0xab520816, 0xfd153124, 0xfe9a01b2,
	0x1d0002b4, 0x49011c31, 0x53232254,
	0x4d423d4a, 0x054f0423, 0x4808352d, 0x55232151, 0x4333b34a, 0x2b013244, 0x33454434, 0x06015c51, 0xdb62e808,
	0x0bcaad5e, 0x17f2010b, 0x3c2f402f,
	0x6a022045, 0x411e026b, 0x04252937, 0xdf4e03d7, 0x372b0813, 0x2c03df1a, 0x03000000, 0xaffffffb, 0x0703ae01,
	0x38003100, 0x55003f00, 0x353c5240,
	0x1e202126, 0x08090e1d, 0x0d050607, 0x821f0501, 0x410220e5, 0xec4f0514, 0x140d410f, 0x373d3e23, 0x254d8236,
	0x111a1a31, 0x0d411811, 0x41052005,
	0x0c410d0d, 0x07f34f09, 0xf34f0120, 0xb5fe231b, 0x13412c27, 0x02b22505, 0x1c2e1e02, 0x2c07fb4f, 0x4e02142f,
	0x4e0166fe, 0x301dfefd, 0x13fb4f21,
	0x06015c2b, 0xdb56e808, 0x0cc6b152, 0x0519410a, 0x28090050, 0x56df52d7, 0x0e0401b0, 0x1d01500e, 0x0807eb43,
	0x1b00a84b, 0x28002400, 0x82002c00,
	0x011d7f40, 0x4c010f10, 0x0e060108, 0x0e008506, 0x17850e05, 0x01001101, 0x80011100, 0x01020d16, 0x07098401,
	0x0a130502, 0x050f0402, 0x01146704,
	0x0215180f, 0x100f0310, 0x020b1268, 0x03000003, 0x08078357, 0x5f000323, 0x0002020c, 0x294f0003, 0x001c1c29,
	0x292c2900, 0x282a2b2c, 0x1c252627,
	0x23241c24, 0x1f202122, 0x1492651e, 0x1f071924, 0x396d212b, 0x4425201a, 0x3328081c, 0x35052337, 0x79fc1521,
	0x331a446d, 0xd6d68ffd, 0x4101b764,
	0x01b9bdfe, 0x8c258c74, 0x1b047a01, 0x3009876f, 0xbd3dae3d, 0xb5d9d95a, 0xaea0b746, 0x00464697, 0x050b4700,
	0xdc015338, 0x66002102, 0x0028ec01,
	0x004000c0, 0xe6010601, 0x080007d8, 0x095001b1, 0xffff2705, 0x53000ffc, 0x2b509901, 0x00a82806, 0x01670007,
	0x43f8fdec, 0x2d820585, 0x00b0ec23,
	0x0a375000, 0x48ffff21, 0x4622085b, 0x25859b01, 0x53ffff21, 0x472408e7, 0xaafd8501, 0x7f831585, 0x00d0fb23,
	0x247f825a, 0x0147000c, 0x09af4692,
	0xf9020023, 0x06af4979, 0x16001027, 0x14b77500, 0x6063480f, 0x1315162c, 0x00100012, 0x12111110, 0x63481111,
	0x09d94606, 0x15332408, 0x17250717,
	0x21273721, 0x72f9519f, 0xd6d66451, 0x8a064f64, 0x014d644f, 0xd5f8d688, 0x441a0744, 0x48eaf846, 0x4e220668,
	0x6a488a01, 0x00002105, 0x22055b4c,
	0x820c02d9, 0x90c74059, 0x85cafb21, 0x320421c7, 0xfb28c785, 0xc204442d, 0x42fb4644, 0xff27c790, 0x00c9fbff,
	0x82c7015a, 0x014724c7, 0x41abfd9c,
	0xfe3609bf, 0x01550062, 0x0011029e, 0x4bec0166, 0x4000c000, 0x01060000, 0x5b42b5ec, 0x05674907, 0xec016724,
	0x33863002, 0x67424620, 0x20538207,
	0x067b48d0, 0x0d014722, 0x420cab48, 0x94200913, 0x0f49178b, 0x204f8308, 0x0b421808, 0x86ec2008, 0x42472009,
	0xff230995, 0x8287fcff, 0x82412097,
	0x462b8297, 0xa38208db, 0x072a2b86, 0x38fff201, 0xffff0000, 0x27826afe, 0xbf858a20, 0xbf845320, 0x82470121,
	0x0281231b, 0x0d82405d, 0xb109002a,
	0x02b80101, 0x2b35b05d, 0xfb212b82, 0x202b82bf, 0x495385e9, 0x02220743, 0x7f820126, 0x01070025, 0x83c5fec9,
	0x63fc214f, 0x44202382, 0xfe212385,
	0x21f3884c, 0x5b8487c9, 0xfe010035, 0x0282ff5f, 0x00e0020c, 0x401d000a, 0x04050a1a, 0x82010203, 0x07eb553d,
	0x01003008, 0x16117601, 0x2b180702,
	0x15253501, 0x33010505, 0xfe372301, 0xfec2015f, 0x010a028d, 0xa4fe5400, 0x2a013c54, 0xad5edb62, 0xfc7a02f6,
	0x820096a2, 0xfc013800, 0x01aeff03,
	0x000c03a5, 0x40240011, 0x0f101121, 0x090a0b0c, 0x83060708, 0x6f0e205a, 0x18210cde, 0x265a8314, 0x25253527,
	0x87372303, 0x01072c61, 0x73011d15,
	0x54fefefd, 0x82d4fd2d, 0x02873169, 0x540f0103, 0x2731023e, 0xfdf1ae5e, 0x0c01708a, 0xac276f82, 0x9aa002f1,
	0x8362f2fe, 0x5cfe35e3, 0x6901c200,
	0x26007d01, 0x00885e01, 0xf2010701, 0xecff0cfe, 0x21052b41, 0x2b41ecff, 0x0afe2d05, 0xeb01a500, 0x2700c301,
	0xc6fde701, 0x28052352, 0x6c00c6fd,
	0xf2010601, 0x05934ce2, 0x080d817e, 0x0200005d, 0xa8ff60fe, 0xb202bc01, 0x67005700, 0x6a406d00, 0x0a090148,
	0x090d0146, 0x0c070133, 0x03004c03,
	0x03050105, 0x06008001, 0x06090a00, 0x0900670a, 0x09040d00, 0x0400690d, 0x04050200, 0x05006902, 0x050c0100,
	0x010e6901, 0x0701080c, 0x69070c0b,
	0x00000b00, 0x0b00570b, 0x825f000b, 0x00250808, 0x6158594f, 0x5967585f, 0x4e555767, 0x2741434b, 0x24163516,
	0x20152613, 0x2b1f070f, 0x2e222305,
	0x22353502, 0x114d1826, 0x23152d07, 0x33023e34, 0x17161632, 0x3517021e, 0x26294962, 0x16161411, 0x62373333,
	0x013e0e4f, 0x4237ab20, 0x372f0a1f,
	0x201a1b29, 0x12120c15, 0x17084505, 0x231c262e, 0x22181c23, 0x61622028, 0x260b2426, 0x6208ad29, 0x583a0a64,
	0x3841200a, 0x1c1b0a8b, 0x0c081a1b,
	0x3c332826, 0x1c080a1e, 0x091a191d, 0x7462ec01, 0x2b4c2422, 0x62c10b29, 0x0f430c78, 0x01262e0c, 0x0100a1ec,
	0x00f2010f, 0xc05d0273, 0x0b094300,
	0x00002d08, 0x43fe0100, 0xbd01cb00, 0x41009a01, 0x3b403e00, 0x07010500, 0x80070501, 0x06020000, 0x80060002,
	0x09010103, 0x01020701, 0x01046907,
	0x02210f82, 0x2f068259, 0x08610602, 0x06020601, 0x253d3f51, 0x26132426, 0x10250482, 0x2b1f070a, 0x0a694125,
	0x36323323, 0x08764137, 0x36230c82,
	0x62143335, 0x2724058d, 0x2223022e, 0x07c24e18, 0x21080c85, 0x4c8ffe06, 0x2a331b09, 0x1d26261d, 0x0f171e1a,
	0x14101414, 0x1f22291e, 0x1c1b2526,
	0x150e161f, 0x1e8d0714, 0x110f132b, 0x1e262a1e, 0x1b1c2427, 0x381e8420, 0x234438ef, 0x21200a0c, 0x11091c1c,
	0x0c272721, 0x1e1f1d0a, 0x2d0e0a1e,
	0x2117862d, 0x17831b1d, 0x0a0d2629, 0x1d1f1e1e, 0x432c0e0a, 0x272c0cdf, 0x5bffec01, 0x07000000, 0x20fec901,
	0x00300782, 0xc7feffff, 0xb001a500,
	0x2600c302, 0x989ce701, 0x6c2a0584, 0xf4010701, 0x1b004ffe, 0x9d541900, 0x01022611, 0x35b01bb0, 0x2d3c822b,
	0xf0fdffff, 0x0c025a00, 0x46000c02,
	0xcb4d9301, 0x04002905, 0xb4001bfe, 0xb401e501, 0x35087f57, 0x02434046, 0x03090001, 0x04010308, 0x06670100,
	0x05050401, 0x06825704, 0x5f050429,
	0x030a070b, 0x57050405, 0xb3712574, 0x71172005, 0x412706bb, 0x36fca401, 0x8582a401, 0x6e012206, 0x20008246,
	0x2b0382ba, 0x06000046, 0xaa00dcfb,
	0xbe01cc01, 0x13328388, 0x5d001700, 0x02045a40, 0x050e0002, 0x050c030d, 0x8a820601, 0x02080a27, 0x06070706,
	0x2b078357, 0x115f0706, 0x0f09100b,
	0x07060705, 0x20336957, 0x20968613, 0x066d5521, 0x03830783, 0x9f852820, 0x0221aa83, 0x210b89a8, 0xaa837801,
	0xce464622, 0x00290685, 0x37000200,
	0x2002a8ff, 0x055f6602, 0x407e2408, 0x04012d0e, 0x08012b05, 0x02011804, 0x4b4c0307, 0x585031b0, 0x04002440,
	0x04070800, 0x01096908, 0x82010307,
	0x690223bc, 0xef820600, 0x00630037, 0x5f010505, 0x17010100, 0x401b4e05, 0x0001002a, 0x05010405, 0x202e9667,
	0x097d5c57, 0x12405922, 0x29079066,
	0x27283827, 0x0a203916, 0x58441d08, 0x2a8a6606, 0x21164044, 0x8a66ab84, 0x1428442a, 0x44248966, 0x4b081314,
	0xff4d0003, 0x025802f6, 0x002600b2,
	0x00400034, 0x3d104072, 0x040d1d28, 0x253c0402, 0x0504011e, 0x4b4c0202, 0x585018b0, 0x02001f40, 0x02040504,
	0x04008005, 0x00610104, 0x4d1d0101,
	0x00050500, 0x02030661, 0x001e0000, 0x23401b4e, 0x06242191, 0x18030301, 0x00202785, 0x59282584, 0x00001040,
	0x2e30383a, 0x26266e82, 0x07242e1b,
	0xa6641908, 0x166a641d, 0x210b5262, 0x45620402, 0x55232114, 0x21070064, 0x50626efe, 0x2d0e6613, 0x080a0266,
	0x00010030, 0x01a4ff36, 0x00ca02fb,
	0x4b520017, 0x585016b0, 0x00001940, 0x00030203, 0x04058002, 0x84020202, 0x01030300, 0x0101005f, 0x1b4e0319,
	0x1b8e1e40, 0x1c820120, 0x1c825720,
	0x005f033a, 0x4f030103, 0x000d4059, 0x00170000, 0x3c111117, 0x1a080621, 0x2211052b, 0x230a976f, 0x23113333,
	0x3f080182, 0x493f0101, 0x04040e26,
	0x04040607, 0x3f4a250f, 0x5c624cfa, 0x0d05ba01, 0x31151218, 0x13303534, 0x050e1813, 0xdd02dafc, 0x000023fd,
	0xff750002, 0x02e301c6, 0x003800b2,
	0x40380045, 0x02112e35, 0x4c216a82, 0xe8971800, 0x04012408, 0x827e0100, 0x052d08c7, 0x00650501, 0x61020404,
	0x1d020200, 0x34364e04, 0x1c1d1f21,
	0x10221719, 0x2b180806, 0x16163337, 0x35363233, 0x2e272634, 0x36343502, 0x09517337, 0x26231723, 0x05fe6726,
	0x2c06fb5d, 0x15161607, 0x23060614,
	0x37262622, 0x08328316, 0x26272668, 0x16141506, 0x2c05467f, 0x2d2a3b3c, 0x1f4f4641, 0x1e2b2e21, 0x45434a1e,
	0x4602204c, 0x3a3d2e04, 0x363b1829,
	0x201a433c, 0x1e1d2a2d, 0x4c43444b, 0x2f44a820, 0x402d3213, 0x264d2d2e, 0x2625191b, 0x29141228, 0x31312b38,
	0x28311f17, 0x1715332f, 0x1b26353b,
	0x23192217, 0x26110f1c, 0x34332c37, 0x26301f18, 0x1782342f, 0x0fd73508, 0x271f2f16, 0x180e0919, 0x002a2d2f,
	0x00030000, 0x02230017, 0x00990241,
	0x0037001b, 0xb1500053, 0x40446406, 0x08070045, 0x04070804, 0x09040080, 0x7e090408, 0x36082883, 0x69030006,
	0x08000600, 0x69080607, 0x05000900,
	0x69050902, 0x01010200, 0x02005902, 0x00620102, 0x52010201, 0x12225052, 0x2c192226, 0x0a292c26, 0xb12b1f08,
	0x18440006, 0x21337f55, 0x1e413325,
	0x06947405, 0x22094141, 0x82363233, 0x09880858, 0x6635100a, 0x35645658, 0x09090c10, 0x6535100b, 0x35665957,
	0x4f280a2b, 0x29514845, 0x0707080a,
	0x51290a09, 0x284f4546, 0x0707090b, 0x043f2201, 0x453c483a, 0x39421b1e, 0x3e043b4c, 0x34242004, 0x24372b28,
	0x4829b61d, 0x274a3937, 0x18183f3a,
	0x4a2b3a3f, 0x2a493635, 0x1818403a, 0x2c294c40, 0x292e1111, 0x34324123, 0x2b292241, 0x292c1111, 0x33324022,
	0x2a373043, 0x3e3e491e, 0x392c1e47,
	0x3c2e1319, 0x00122f3d, 0x31080082, 0x01910004, 0x02da0141, 0x001a00b6, 0x004b0034, 0xb1600056, 0x40446406,
	0x08015655, 0x06013f09, 0x364c0208,
	0x4b010401, 0x0502070a, 0x05060206, 0x34828002, 0x00040333, 0x04006903, 0x04080900, 0x08006909, 0x08050600,
	0x0a4b4106, 0x0100613f, 0x35510102,
	0x4e525535, 0x354b354c, 0x3a1a234b, 0x292b262b, 0x2b1d080b, 0x440006b1, 0x75541813, 0x1616320c, 0x0e071415,
	0x26222302, 0x021e3726, 0x36363233,
	0xcf561837, 0x3517240f, 0x83333236, 0x07062e27, 0x17161615, 0x26272317, 0x15232326, 0x082c8235, 0x26343566,
	0x07222223, 0x0606069d, 0x3b1e0a07,
	0x1d3a3635, 0x0c060809, 0x313c2309, 0x1a1c3c37, 0x2d2d1307, 0x07162e2c, 0x0705060b, 0x272a2e17, 0x0508182e,
	0x2c083c06, 0x0e1b2b0a, 0x050d0e18,
	0x040e1b10, 0x311b1a13, 0x24150c14, 0x010b0a03, 0x19351797, 0x24193418, 0x240d0d24, 0x143a1d23, 0x25263030,
	0x2f250e0b, 0x43084982, 0x291c1907,
	0x152c1730, 0x06071a1d, 0x2f151d19, 0xd3363113, 0x22170101, 0x0203141e, 0x3d150f02, 0x5c0c133d, 0x15181072,
	0xffff010d, 0x5e012b00, 0xa8023402,
	0x59002f00, 0x5e010800, 0x0f010f1f, 0x2c013b00, 0xfb6f0983, 0x5e012105, 0x8406fb6f, 0x00220808, 0x00020000,
	0x01bf014a, 0x00ce0259, 0x0017000b,
	0x6406b139, 0x002e4044, 0x02030001, 0x05690301, 0x21820201, 0x06825920, 0x61000224, 0x2c820104, 0x0c0d5133,
	0x11130001, 0x170d170c, 0x0b000507,
	0x08060b01, 0x055c4116, 0x0afa5718, 0x36322724, 0xbb433435, 0xd0310806, 0x493d3d49, 0x4a3f3f4a, 0x2b1e1e2b,
	0x011b1b2b, 0x4b473fbf, 0x474b3e3e,
	0x2f1e393f, 0x32212132, 0xffff1e2f, 0xaaff0601, 0x12035201, 0x82020602, 0x87718200, 0x31635d0f, 0x2b170827,
	0x11331101, 0x2c038203, 0x4c4c0601,
	0x019a014c, 0xfe88fe78, 0x82058310, 0x827420d5, 0x03e42267, 0x34eb8212, 0x002c402f, 0x85020102, 0x00050106,
	0x01038605, 0x01000001, 0x22068257,
	0x825f0001, 0x000122e8, 0x2087824f, 0x078a7d0b, 0x2b1b0824, 0xb2611105, 0x15333305, 0x09011123, 0x93489595,
	0x3c025693, 0x45e7e745, 0x2a82c4fd,
	0x7e205b82, 0xda205b82, 0x13245b82, 0x3a403d00, 0x27053254, 0x86080708, 0x05020104, 0x02295d82, 0x01066701,
	0x00070700, 0x28068257, 0x0a5f0700,
	0x00070209, 0x101c6207, 0x2b1f0823, 0x05096737, 0x20051a62, 0x286f8211, 0x7e352315, 0x488b8b8b, 0x24008289,
	0x01459148, 0x21758310, 0x0582f0fe,
	0x28087882, 0xff5e0003, 0x021002a7, 0x002900fa, 0x01420035, 0x2eb04b5c, 0x10405850, 0x09020e35, 0x0b011400,
	0x021d2708, 0x4c030a05, 0x26128e1b,
	0x594c0307, 0x820ab04b, 0x852d202a, 0x702a08fc, 0x05040106, 0x02710405, 0x09000001, 0x6a090008, 0x010d0800,
	0x0b080a0b, 0x0a0a0067, 0x070c6105,
	0x18050502, 0x4b1b4e05, 0x34820cb0, 0x34832c20, 0xa8850121, 0x82232033, 0x892b2033, 0x86042133, 0xc68366a1,
	0x329f3020, 0x0a050523, 0x259f8857,
	0x1b51050a, 0x328b3540, 0x5a20c984, 0x0720c98a, 0x7a822f82, 0x07010c26, 0x6a070005, 0x5f263983, 0x050a0500,
	0x0082594f, 0x1f402d08, 0x00003636,
	0x41364236, 0x3134373b, 0x29002a2c, 0x25262800, 0x1e1f2024, 0x31114111, 0x2b1a080e, 0x36321137, 0x15333533,
	0x17322332, 0x1a440682, 0x07986406,
	0x2235232c, 0x15232223, 0x26263523, 0x9f183313, 0x07250875, 0x16161511, 0x07ce4d33, 0x145e6f08, 0x05400d21,
	0x401e2603, 0x38273d51, 0x1e153531,
	0x1040424a, 0x40111312, 0x9d39210e, 0x33142838, 0x1b37352f, 0x4125301f, 0x3f1a1c47, 0x7102153a, 0x02717301,
	0x510d7973, 0x0a313b52, 0x371e0805,
	0x294c3d2e, 0x67676b07, 0x0102016a, 0x2e210265, 0x0217312c, 0xfe020103, 0x0202daef, 0x26323716, 0x02001029,
	0xa9ff6a00, 0x59021102, 0xc3822000,
	0x404d4308, 0x0401264a, 0x06012505, 0x004c0207, 0x05070504, 0x00800704, 0x07050607, 0x02007e06, 0x0209010a,
	0x05006309, 0x03610105, 0x20010101,
	0x0606004d, 0x01086100, 0x001e0000, 0x0000004e, 0x13200020, 0x02821113, 0x11161128, 0x2b1f080b, 0xb9563505,
	0x2e5f080d, 0x3e112702, 0x0e333702,
	0x03150702, 0x17161614, 0x01020e11, 0x1d4f4a20, 0x3b4a4e1e, 0x03204c47, 0x28150750, 0x15282322, 0x20054e08,
	0x11a1454c, 0x2c29292c, 0x054e5711,
	0x64647232, 0x4a053171, 0x481b0149, 0x11282442, 0x0176fe01, 0x3e20240e, 0x4d011943, 0x52455a01, 0x86010626,
	0x82522605, 0x08cf8282, 0xf6ff252d,
	0x10023302, 0x33002300, 0x3e404100, 0x0a101112, 0x03060809, 0x07131900, 0x03020401, 0x1b1c2223, 0x0201051a,
	0x03004c03, 0x82610003, 0x4d203d33,
	0x02020104, 0x01006101, 0x4e011e01, 0x2b2d2425, 0x33253324, 0x052c1e20, 0x372b1708, 0x2b065b47, 0x36173727,
	0x16323336, 0x07173717, 0x2905cb41,
	0x06270717, 0x26222306, 0x804f0727, 0x253a080f, 0x08080a39, 0x2b273709, 0x45445719, 0x272c1857, 0x08070938,
	0x2d273909, 0x44445619, 0xe02d1956,
	0x17173d3b, 0x3e3b3b3d, 0x223e1717, 0x38531e39, 0x381d5237, 0x151d2b27, 0x2b821e16, 0x36511e2e, 0x3a1e5337,
	0x161c2d27, 0x462d1d15, 0x0bc17218,
	0x033aac82, 0xa9ff4800, 0xfc021002, 0x2e002700, 0x93003600, 0x2b330940, 0x00040519, 0x184b0105, 0x00323f06,
	0x85030203, 0x00060500, 0x80000506,
	0x06010000, 0x007e0100, 0x86080708, 0x0606010a, 0xec836102, 0x0b4d1731, 0x07010101, 0x07010961, 0x4e071807,
	0x9836401b, 0x822e8234, 0x02052337,
	0x32826906, 0x01070723, 0x30398859, 0x59510701, 0x34351240, 0x24252c2d, 0x13121811, 0x25048211, 0x1f080c10,
	0x9c67372b, 0x07b5580e, 0x2209fc42,
	0x6713022e, 0xc6080899, 0x36152726, 0x054a4836, 0x544c4434, 0x4c542222, 0x234e453b, 0x2e054a03, 0x22564e3c,
	0x3b4d5623, 0x4e24564d, 0x32474633,
	0x37163201, 0xaf344a31, 0xf5032831, 0x303f2911, 0x021f463c, 0x19026868, 0x1e253138, 0x2c12db03, 0x4c413444,
	0x6a6b0222, 0x01431c02, 0x122c2a7c,
	0xfe2c02cd, 0x1d2c219e, 0x3103e90c, 0x00010000, 0x02f6ff16, 0x00b20232, 0x40570035, 0x05040054, 0x02040502,
	0x090b0080, 0x0a0b090a, 0x02010680,
	0x00010107, 0x08670102, 0x0d0e0001, 0x000b0902, 0x05006709, 0x00610305, 0x4d1d0303, 0x0c0a0a00, 0x0c0c0061,
	0x004e0c1e, 0x00350000, 0x2d303235,
	0x2427292c, 0x13111423, 0x11231323, 0x830f1114, 0x333727f7, 0x35343526, 0x67183723, 0x232e070b, 0x2223022e,
	0x33070606, 0x15142307, 0x06821714,
	0x20063d48, 0x054c4833, 0x1016272b, 0x1051014a, 0x622f0443, 0x98a21852, 0x36400808, 0xf3041c3f, 0xeb01e410,
	0x1f05d810, 0x3631313d, 0x0652061b,
	0x52535a27, 0xe4062e60, 0x0a1e1938, 0x796b3809, 0x484b1c30, 0x20102a29, 0x08385157, 0x38192009, 0x0f1b4641,
	0x4a452629, 0x6067271b, 0x303deb82,
	0x3d020100, 0x1c00a802, 0x3d404000, 0x0f101112, 0x0b0c0d0e, 0x05060708, 0x0f010304, 0x24e68202, 0x4c020201,
	0x05746d00, 0xd1828020, 0x004d172c,
	0x60030101, 0x03030104, 0xe2830318, 0x1b001c2d, 0x05192912, 0x372b1908, 0x84350735, 0x33112503, 0x07153715,
	0x33230384, 0x83373632, 0x70a021c2,
	0x50210082, 0x080082aa, 0x2b299121, 0x2f165414, 0xd2013443, 0x4f2e3d2e, 0x012f3d2e, 0x3f47e90b, 0x3d464f46,
	0x3a28a946, 0x821e4b44, 0x02340865,
	0x00002200, 0xab021802, 0x25001a00, 0x3a403d00, 0x05030109, 0x03010201, 0x01066702, 0x00010701, 0x67000108,
	0x040a0a00, 0x0404005f, 0x010b4d17,
	0x08180808, 0x25238d82, 0x821b1d23, 0x111a2532, 0x11412611, 0x0c270082, 0x332b1e08, 0x84372335, 0x36112303,
	0x30743336, 0x23062805, 0x07331523,
	0x45111523, 0x39080841, 0x105a7e23, 0x48145c4a, 0x6e163637, 0x66293079, 0x10e25c5d, 0x474053d2, 0x474e1f1c,
	0x4c388042, 0x025b0149, 0x555e2501,
	0x4c245a51, 0x4d018038, 0x36363d18, 0x0100183c, 0xa7826000, 0xa802042f, 0x44001d00, 0x01014140, 0x4c010809,
	0x2405820a, 0x04008609, 0x21ae8205,
	0xb0820304, 0x25073042, 0x08080000, 0xde825700, 0x00610826, 0x51080008, 0x1d320982, 0x11131d00, 0x23111113,
	0x0b221211, 0x212b1f06, 0x93823503,
	0xb1823720, 0x23022e2a, 0x07213723, 0x17161623, 0x3608aa82, 0x1323020e, 0x53d95701, 0xff053e4b, 0x2304ef10,
	0x144a3e4a, 0x7c148a01, 0x5003191a,
	0x27033f10, 0x01e34e5a, 0x32244e1c, 0x122e2938, 0x330e4747, 0x453d3828, 0x82ddfe1b, 0x20a38261, 0x24a38245,
	0x00b1020b, 0x08a3832a, 0x04011429,
	0x02151d02, 0x01010401, 0x4c030007, 0x06010105, 0x01070001, 0x04006800, 0x03610204, 0x17020201, 0x0707004d,
	0x41095f08, 0x37820754, 0x242a2608,
	0x11131911, 0x0a161117, 0x332b1e08, 0x27033e35, 0x34333723, 0x3e262726, 0x16363702, 0x26261517, 0x16020e07,
	0x3fab8517, 0x07060616, 0x5f152115,
	0x04152a23, 0x69107d03, 0x04070102, 0x1c444d23, 0x471b2f36, 0x10272230, 0x2e087a83, 0xa210b501, 0x27250804,
	0x165b4e01, 0x35453027, 0x0b150a38,
	0x16366754, 0x05010204, 0x0504054b, 0x4b291104, 0x0812093e, 0x39554838, 0x8549071c, 0x823f20c7, 0x021828c7,
	0x001700a8, 0x433c403f, 0x682f0887,
	0x0c000108, 0x0a09020b, 0x05670900, 0x82030301, 0x040429be, 0x0a005f0a, 0x4e0a180a, 0x17233882, 0x18161700,
	0x200b5e69, 0x057f430d, 0xc1823520,
	0x13330322, 0x03220182, 0x0e420733, 0x23210805, 0x96105c35, 0xbb86109e, 0x90098f59, 0x10a0bc58, 0x9010a098,
	0x40387652, 0xfe820138, 0xfe3801c8,
	0x310a827e, 0x00007676, 0x4400ffff, 0x14027700, 0x2602ed01, 0x6382e701, 0x05832720, 0x016aff23, 0x300d8407,
	0xb1110096, 0xffb80101, 0x2b35b06a,
	0xb00102b1, 0x2e078296, 0x00010000, 0x024c0054, 0x001a0204, 0x504d000b, 0x163f0599, 0x04010103, 0x01050001,
	0x01066700, 0x5f020505, 0x1a020200,
	0x401b4e05, 0x0102001b, 0x89570205, 0x2118821e, 0x23825f05, 0x4f050222, 0x4a05f866, 0x776b0b45, 0x15333107,
	0x08011523, 0xb448b4b4, 0x46c74cb4,
	0xc746c1c1, 0x77829a82, 0x0d014422, 0x5724ab82, 0x1e000300, 0x40185982, 0x062e179b, 0x35132b17, 0x01441521,
	0x4a0d01d0, 0x3782004a, 0x7b007626,
	0xe901e401, 0x063aaf82, 0x01030bb3, 0x37372b32, 0x37173727, 0x07170717, 0x86760727, 0x82833284, 0x05828233,
	0x86ae8625, 0x82843283, 0x2005820b,
	0x26658286, 0x02570044, 0x820f0214, 0x82072009, 0x403a243b, 0x68020037, 0x0826086a, 0x05040501, 0x8f7b0663,
	0x176d680a, 0x8f830820, 0x6a153321,
	0x33340511, 0xfe64fa15, 0xfed001e6, 0xab0164e6, 0x4a9d6464, 0x6464b74a, 0x20058741, 0x28db82a5, 0x012602c3,
	0x019800e7, 0x22058206, 0x5411006c,
	0x074110d3, 0x3d002106, 0x27249782, 0x72001300, 0x27056f4a, 0x0304002a, 0x0a700403, 0x60745418, 0x2b1f0627,
	0x35233737, 0x26038233, 0x07333721,
	0x82231533, 0x07213903, 0xb0922da9, 0x0301e535, 0x912d3c2d, 0xfee435af, 0x6c3d2dfe, 0x6c4a7e4a, 0xb3850484,
	0xdb596f20, 0x00062906, 0x0004b306,
	0x372b3201, 0x2d050b65, 0xfe20016f, 0x557a01e0, 0x528e8b51, 0x2b8243be, 0x00ffff22, 0x47252b87, 0x5802ec01,
	0x05d95900, 0x0200003d, 0x2d006700,
	0x3702f301, 0x0a000600, 0x25402800, 0x03040506, 0x07000102, 0x42004a00, 0x07290f0b, 0x070a0707, 0x0603180a,
	0x37678717, 0x15213501, 0xfe4e0167,
	0xfe8c01b2, 0x9c8c0174, 0x4b83824b, 0xf8fe679b, 0x8806a75d, 0x0147245b, 0x8c5a02ee, 0x82372073, 0x00552873,
	0x000f000b, 0x823a403d, 0x0820086f,
	0x04030205, 0x00670300, 0x06040001, 0x00670401, 0x06070706, 0x06060057, 0x01095f07, 0x4f070607, 0x24134572,
	0x132b1b08, 0xf7691835, 0x83032009,
	0x48a1318d, 0x7948a3a3, 0x80013c01, 0x468f8f46, 0xb7fe9595, 0xff828c83, 0x7200502e, 0xf5010902, 0xf2012602,
	0x06019c00, 0x64200582, 0x20060b42,
	0x059f4e9c, 0x8264b021, 0x82002007, 0x00012400, 0x82d60050, 0x0091322b, 0xb16e0022, 0x4b446406, 0x58500eb0,
	0x03002740, 0x31a58201, 0x02000072,
	0x04000204, 0x00010080, 0x05010205, 0x0c820069, 0x0059022e, 0x62040202, 0x04020400, 0x28401b52, 0x01232983,
	0x9f800503, 0x4059312a, 0x13232609,
	0x06102426, 0xb12b1c08, 0x37440006, 0x220d5758, 0x52333536, 0x2720067d, 0x20050248, 0x05825995, 0x24222c08,
	0x151e1b1c, 0x0512140a, 0x34311045,
	0x1d22221a, 0x0c151f1b, 0xfa051212, 0x0a1e3c33, 0x1b1d1b09, 0x280c081a, 0x14424429, 0x831c1c09, 0x8226200b,
	0x31af82d6, 0x01ba005d, 0x00aa01fb,
	0x40240005, 0x02010021, 0xa1828601, 0x57000222, 0x02271d82, 0x0201035f, 0x824f0200, 0x0005370a, 0x04111105,
	0x132b1808, 0x23152135, 0x9e015d35,
	0x46640148, 0x4385aaf0, 0xa7017833, 0xa802df01, 0x2e000700, 0x446406b1, 0x03042340, 0x20498e02, 0x20488600,
	0xf7401807, 0x2fdb8308, 0x13331313,
	0x07232723, 0x8a538a78, 0x6109614e, 0x28084782, 0xb2fffe01, 0x000300b2, 0x02ac0013, 0x00bb0145, 0x002d0021,
	0x4031003a, 0x0501112e, 0x024c0104,
	0x01070101, 0x04010504, 0x05146c69, 0x06825920, 0x61000533, 0x05000103, 0x25245100, 0x27262524, 0x06082426,
	0x9b7b181e, 0x05905912, 0x2007bb53,
	0x07d65327, 0x36323322, 0x50057951, 0x0130052c, 0x2616042e, 0x3d39212c, 0x393d1818, 0x16262c21, 0x2f080e83,
	0x183e3920, 0x20393e18, 0x163b252c,
	0x1e2b2c2a, 0x2c2a2b1c, 0x251c0f5d, 0x1e1c2c1d, 0xfa2b2b2d, 0x170d221f, 0x3b36363b, 0x1f200d16, 0x160d201f,
	0x172b0b83, 0x2c5b220d, 0x2e2d1e1d,
	0x822e201e, 0x2e1e3c1f, 0xff1d1e2d, 0x004e00ff, 0x010a0276, 0x018701f0, 0x005f02ec, 0x40000007, 0x8200c000,
	0x08796000, 0x2582238f, 0x23842182,
	0x00b10926, 0x5f02b801, 0x3a089342, 0x01aeff6a, 0x001103ee, 0x40280019, 0x00010025, 0x02010002, 0x03000069,
	0x82590003, 0x61032751, 0x00030104,
	0x0a825103, 0x1800192b, 0x05212821, 0x172b1906, 0x08ef8235, 0x1337363d, 0x3333033e, 0x06222315, 0x0e030706,
	0x406a2303, 0x050c191a, 0x1f10073a,
	0x2f282f39, 0x050c1f1f, 0x1e0f0739, 0x48522c35, 0x02312d0d, 0x22453b04, 0x280b480a, 0x3df5fd2c, 0x820a2347,
	0x2f6b824f, 0x0200003b, 0x00a8021c,
	0x402a000b, 0x02050627, 0x86206982, 0x220a986d, 0x82020204, 0x0cbe500d, 0x2b1b062a, 0x35231133, 0x11231521,
	0x842e0183, 0x53e10149, 0x6102b349,
	0x9ffd4747, 0x97186102, 0x622007cb, 0x11205782, 0x0d285782, 0x2e403100, 0x01020409, 0x01210282, 0x1873824c,
	0x82154d43, 0x000d2518, 0x1511130d,
	0x3324dc83, 0x03351335, 0x213e6082, 0x21031513, 0xeaea6215, 0xaafeaf01, 0x5601ecec, 0x0608014a, 0x484a0601,
	0xfe08f9fe, 0x338248f7, 0x0a000126,
	0x4e02ffff, 0x3428bf84, 0x01053140, 0x4c010004, 0x04290583, 0x00020086, 0x03020103, 0x0f656e67, 0x0b303582,
	0x13110b00, 0x06061111, 0x03172b1a,
	0x13333523, 0x15380182, 0x62b40323, 0x075a8048, 0xc46fa5be, 0x46390101, 0x5902d1fe, 0x009efd47, 0x4c2e4782,
	0x0602f6ff, 0x1a00b202, 0x30002a00,
	0x12832d40, 0x16828520, 0x0203042b, 0x01056904, 0x03010103, 0x916d1859, 0x01033907, 0x241b1c51, 0x1c2a1b22,
	0x1628262a, 0x2b190606, 0x032e3701,
	0x031e3327, 0x0ea98c18, 0x8c180320, 0x012e0da4, 0x27110597, 0x6c384e37, 0x17365e48, 0x8c186126, 0x592008a2,
	0x0d9d8c18, 0x2204802b, 0x3754433e,
	0x69697b4e, 0x9a8c183d, 0xa0fe2209, 0x958c181b, 0x0000230b, 0x7118ffff, 0x022307b3, 0x82f40006, 0x054a08f1,
	0xf7ff2200, 0xb1023502, 0x0f000b00,
	0x27001b00, 0x99003300, 0x501ab04b, 0x0c2c4058, 0x010a0401, 0x00040700, 0x00070069, 0x09070809, 0x05050069,
	0x01026101, 0x4d1d0101, 0x0808010e,
	0x060d6203, 0x0303030b, 0x1b4e0318, 0x2e923440, 0x17020223, 0x2033844d, 0x21328300, 0x2a82010b, 0x2d083884,
	0x010d6206, 0x061e0606, 0x2b40594e,
	0x1c1d2829, 0x0c0c1011, 0x2d2f0001, 0x33293328, 0x271c2123, 0x1517271d, 0x1b111b10, 0x0f0c0f0c, 0x01540d0e,
	0x080f2405, 0x53132b16, 0x03240afd,
	0x13013301, 0x200a0154, 0x541b8a01, 0xa3370b19, 0x48393948, 0xc03a3a49, 0xfe4eaa01, 0x1c232a55, 0x1b22231c,
	0x8631011b, 0x87492016, 0x3d993a10,
	0x3f3f4f4d, 0xfe3d4d4f, 0xfda80267, 0x22d70158, 0x24242f2a, 0xfe222a2f, 0x20198720, 0x2a12873e, 0x00070000,
	0x02f6ff06, 0x41b20255, 0x3f240a37,
	0xc1004b00, 0x3305c749, 0x03010f3b, 0x03070b07, 0x0109800b, 0x0b010d07, 0x6a0b070a, 0x3d0c3c41, 0x61040000,
	0x04040110, 0x0c144d1a, 0x0a0a0313,
	0x08126106, 0x06060311, 0x1b4e061e, 0x3d883d40, 0x0e202282, 0x8a058241, 0x0d554147, 0x59263f90, 0x40413b40,
	0x57413435, 0x45472b09, 0x4b414b40,
	0x3f34393b, 0x63413f35, 0x4115201d, 0x07200e63, 0x410e6341, 0x33200b7f, 0x200a6f41, 0x0a874125, 0x0b8a2120,
	0x37418e36, 0x3a424137, 0xe501ca3a,
	0x3c1afe4d, 0x271b1b27, 0x71191926, 0xbe201586, 0xfe210786, 0x211886be, 0x08872601, 0x4039be39, 0x43383843,
	0x01f03940, 0x0126feda, 0x2d2b1a24,
	0x2b2d1e1e, 0x8704fe1a, 0x20078718, 0x871a8734, 0x00002a07, 0x01440001, 0x0114020f, 0x1edf4a55, 0xdf4a0720,
	0x460f2209, 0x2d378346, 0x01230067,
	0x004302f1, 0x401b0008, 0x16490718, 0x072d0805, 0x01014a00, 0x00760000, 0x00080000, 0x16060208, 0x0713252b,
	0x15173735, 0x0b011327, 0xc5c5a501,
	0x012301a5, 0xc264b1ab, 0xfeb164c2, 0x05774955, 0x5b00553e, 0xf501ef01, 0x01028701, 0x2e017fff, 0xbfd2412d,
	0x412d412d, 0x00b10900, 0x2e01b801,
	0x2905df45, 0x1d00ffff, 0x3d026d00, 0x2784f701, 0x5e02fa22, 0x84082d49, 0x5e022127, 0x55262788, 0xef016f00,
	0x27830902, 0x02280125, 0x83bfd2df,
	0xbfd2214f, 0x02214f85, 0x222788df, 0x82210067, 0x824120bf, 0x020126fd, 0xc0640258, 0x20218600, 0x05eb6264,
	0x00690025, 0x8503026f, 0xd9022347,
	0x45853601, 0x01214787, 0x20478836, 0x2097821b, 0x8297853b, 0x46062095, 0x06200dc3, 0xbb822682, 0x5b006924,
	0xe3850302, 0xff300123, 0x83df8385,
	0x2171854f, 0xc34685ff, 0x0e2e0808, 0x4a028b00, 0x0d00d901, 0x08b66000, 0x01040201, 0xb04b4c01, 0x4058500a,
	0x0001021f, 0x70000101, 0x03020506,
	0x71030404, 0x04040100, 0x12825701, 0x00600429, 0x50040104, 0x831d401b, 0x85002121, 0x03212084, 0x4c1f8f86,
	0x0d2c05f6, 0x12110d00, 0x07121111,
	0x372b1b06, 0x2c08de6d, 0x17213723, 0x57a2a2b0, 0x926f0193, 0x2b078357, 0x8b9291fe, 0x8989a6a8, 0x8989a8a6,
	0x2c05a341, 0x01150085, 0x015102d3,
	0xff090287, 0x058347fa, 0x19824020, 0x8347bf85, 0xff00260a, 0xff58020c, 0x1e4b42a2, 0x2b17062c, 0x07213515,
	0xf4015802, 0x46829696, 0x84000121,
	0x38002137, 0x176b4e18, 0x11223083, 0x30830321, 0xfe2c0123, 0x203282d4, 0x20338700, 0x2233a3ce, 0x8a3efec2,
	0x64012133, 0x022333a2, 0x8ba8fd58,
	0xa3fa2033, 0xfdee2233, 0x21338a12, 0x33a29002, 0xfc840323, 0x21338a7c, 0x33a22603, 0xfb1a0423, 0x20338be6,
	0x30339dbc, 0xf4580211, 0x50fbb004,
	0x00000100, 0x58026401, 0x202f9b03, 0x05674111, 0xfd212783, 0x826482a8, 0x26032133, 0xff4e3386, 0x4111201e,
	0x032305d3, 0x82969626, 0x00002568,
	0x4b000cff, 0x15256b9c, 0x4b033311, 0x829b8801, 0x9f96202f, 0x9611212f, 0xff412e85, 0xe1002105, 0x03212f9f,
	0x215f8be1, 0x2f9e2c01, 0x01112123,
	0x218f8a2c, 0x2f9f7701, 0x77010322, 0x2b416086, 0x0cff2305, 0x33a1c201, 0x338ec220, 0xa00d0221, 0x0d022133,
	0x0123338a, 0x410cff2c, 0x05211ec7,
	0x87cb8311, 0x000024cd, 0xa20d0201, 0x11332433, 0x414b0d02, 0xcf880500, 0x2f432c20, 0x8211201f, 0x58022565,
	0x0100a8fd, 0x2f9c9785, 0x31849788,
	0x02829782, 0x97416420, 0x8511201e, 0x436420cb, 0x03270e93, 0x000500bc, 0x821a401d, 0x85002141, 0x0120e082,
	0x08495718, 0x2305a04d, 0x152b1806,
	0x07413982, 0xa8fd2108, 0x0222a382, 0x07410000, 0x11441808, 0x02012d0b, 0x02008501, 0x05850203, 0x76030301,
	0x0f7a5118, 0x2b170622, 0x19218482,
	0x434b8502, 0xfd21051c, 0x268fb7a8, 0xd4fe5802, 0x84b004f4, 0x8801208f, 0x21cb858f, 0x87820001, 0x00020022,
	0x0520cb91, 0xfe2bcb86, 0xf45802d4,
	0x58025802, 0x820050fb, 0x2c0121fa, 0x2020d343, 0x053f4101, 0xfd222884, 0x5d8200a8, 0x84360341, 0x214c8648,
	0x7985a8fd, 0xcb41c583, 0x065b4109,
	0x9741cb9f, 0x28c9860a, 0xff000024, 0x0326023e, 0x0c9366bc, 0x001b4108, 0x0023001f, 0x002b0027, 0x0033002f,
	0x003b0037, 0x0043003f, 0x004b0047,
	0x0053004f, 0x005b0057, 0x0063005f, 0x006b0067, 0x0073006f, 0x007b0077, 0x0083007f, 0x008b0087, 0x0100008f,
	0x21153335, 0x33200382, 0x07200382,
	0x0b830786, 0x0b820520, 0x1b862320, 0x21201787, 0x17200f82, 0x0b8b2f8a, 0x4383238f, 0x47872f87, 0x0b832f83,
	0x0b8b0383, 0x17836b87, 0x32900126,
	0x96323efe, 0xfe260186, 0x32fa32a2, 0x0d845e01, 0xfa201682, 0x06861b85, 0x14842483, 0x16839620, 0x29853220,
	0xfa200683, 0x03830a82, 0x84c20121,
	0x8a032208, 0x20008432, 0x2506cb64, 0x00004800, 0x5f443eff, 0x00072906, 0x000f000b, 0x00170013, 0x083b8b41,
	0x97009346, 0x9f009b00, 0xa700a300,
	0xaf00ab00, 0xb700b300, 0xbf00bb00, 0xc700c300, 0xcf00cb00, 0xd700d300, 0xdf00db00, 0xe700e300, 0xef00eb00,
	0xf700f300, 0xff00fb00, 0x07010301,
	0x0f010b01, 0x17011301, 0x1f011b01, 0x4105d341, 0x33200773, 0x4106c741, 0x212007d3, 0x870ae341, 0x4115201b,
	0x1b8306d3, 0x23200383, 0x17872386,
	0x2742438b, 0x87478707, 0x0b1b422b, 0x2b834787, 0x410b5742, 0x078707fb, 0x420bf741, 0x1b83072f, 0x2b87178b,
	0x870f9342, 0x0f93425b, 0x778f1787,
	0x01285f8b, 0x329632f4, 0xfa323efe, 0x32270182, 0x322c0132, 0x8332dafd, 0x82962000, 0x24178316, 0xfe32c201,
	0x210b82a2, 0x07873296, 0x1e82fa20,
	0x3285c820, 0x34829620, 0x0d823b82, 0x0132a223, 0x2020835e, 0x20118232, 0x202082c8, 0x233284fa, 0x90013296,
	0xa5420884, 0x830d8606, 0x826b8436,
	0x845b8379, 0x8564201d, 0x8232203e, 0x3232212f, 0x17844285, 0x42329621, 0xb24207b3, 0x870c400c, 0x45380021,
	0x4f09088f, 0x00490045, 0x0051004d,
	0x00590055, 0x0061005d, 0x00690065, 0x0071006d, 0x00790075, 0x0081007d, 0x00890085, 0x0091008d, 0x00990095,
	0x00a1009d, 0x00a900a5, 0x00b100ad,
	0x00b900b5, 0x00c100bd, 0x00c900c5, 0x00d100cd, 0x00d900d5, 0x00e100dd, 0x00e900e5, 0x00f100ed, 0x00f900f5,
	0x010101fd, 0x01090105, 0x0111010d,
	0x01190115, 0x0421011d, 0x0db04b2b, 0xed405850, 0x30323436, 0x0c09052e, 0x72090b08, 0x2a2c0a00, 0x05242628,
	0x0b0a0c0b, 0x27292b67, 0x0c052325,
	0x3a3c3e40, 0x0e0d0538, 0x35670d0c, 0x2d2f3133, 0x484a0805, 0x05424446, 0x07080607, 0x3b3d3f67, 0x0e053739,
	0x4e505254, 0x100f054c, 0x49670f0e,
	0x41434547, 0x5c5e0605, 0x0556585a, 0x05060405, 0x4f515367, 0x10054b4d, 0x62646668, 0x12110560, 0x5d671110,
	0x5557595b, 0x70720405, 0x056a6c6e,
	0x03040203, 0x63656767, 0x12055f61, 0x76787a7c, 0x14130574, 0x71671312, 0x696b6d6f, 0x84860205, 0x057e8082,
	0x01020001, 0x77797b67, 0x14057375,
	0x8a8c8e90, 0x16150588, 0x8f671514, 0x87898b8d, 0x17181605, 0x83855716, 0x057d7f81, 0x20229100, 0x061a1c1e,
	0x18001718, 0x162f1d87, 0x1f215f17,
	0x05191b1d, 0x4f171617, 0x88ee401b, 0x090c23ef, 0xf0408008, 0x415923e0, 0x008200ff, 0x2101bb09, 0x1f012001,
	0x1d011e01, 0x1b011c01, 0x19011a01,
	0x17011801, 0x15011601, 0x13011401, 0x11011201, 0x0f011001, 0x0d010e01, 0x0b010c01, 0x09010a01, 0x07010801,
	0x05010601, 0x03010401, 0x01010201,
	0xff000001, 0xfd00fe00, 0xfb00fc00, 0xf900fa00, 0xf700f800, 0xf500f600, 0xf300f400, 0xf100f200, 0xef00f000,
	0xed00ee00, 0xeb00ec00, 0xe900ea00,
	0xe700e800, 0xe500e600, 0xe300e400, 0xe100e200, 0xdf00e000, 0xdd00de00, 0xdb00dc00, 0xd900da00, 0xd700d800,
	0xd500d600, 0xd300d400, 0xd100d200,
	0xcf00d000, 0xcd00ce00, 0xcb00cc00, 0xc900ca00, 0xc700c800, 0xc500c600, 0xc300c400, 0xc100c200, 0xbf00c000,
	0xbd00be00, 0xbb00bc00, 0xb900ba00,
	0xb700b800, 0xb500b600, 0xb300b400, 0xb100b200, 0xaf00b000, 0xad00ae00, 0xab00ac00, 0xa900aa00, 0xa700a800,
	0xa500a600, 0xa300a400, 0xa100a200,
	0x9f00a000, 0x9d009e00, 0x9b009c00, 0x99009a00, 0x97009800, 0x95009600, 0x93009400, 0x91009200, 0x8f009000,
	0x8d008e00, 0x8b008c00, 0x89008a00,
	0x87008800, 0x85008600, 0x83008400, 0x81008200, 0x7f008000, 0x7d007e00, 0x7b007c00, 0x79007a00, 0x77007800,
	0x75007600, 0x73007400, 0x71007200,
	0x6f007000, 0x6d006e00, 0x6b006c00, 0x69006a00, 0x67006800, 0x65006600, 0x63006400, 0x61006200, 0x5f006000,
	0x5d005e00, 0x5b005c00, 0x59005a00,
	0x57005800, 0x55005600, 0x53005400, 0x51005200, 0x4f005000, 0x4d004e00, 0x4b004c00, 0x49004a00, 0x47004800,
	0x00004600, 0x03844500, 0x00446608,
	0x00420043, 0x00400041, 0x003e003f, 0x003c003d, 0x003a003b, 0x00380039, 0x00360037, 0x00340035, 0x00320033,
	0x00300031, 0x002e002f, 0x002c002d,
	0x002a002b, 0x41280029, 0x00270021, 0x00250026, 0x00230024, 0x00210022, 0x001f0020, 0x001d001e, 0x001b001c,
	0x0019001a, 0x00170018, 0x00150016,
	0x00130014, 0x2a019011, 0x00060092, 0x35152b1f, 0x90233533, 0x15212403, 0x95331523, 0x23352303, 0x03902315,
	0x44820120, 0x038a0720, 0x0b821720,
	0x0f860520, 0x0f830783, 0x0b831f87, 0x178b038b, 0x1f872b87, 0x47860720, 0x4f8a0520, 0x5f872f87, 0x2f875b8b,
	0x1b8f1393, 0x8b8f2387, 0x50463b8f,
	0x21058305, 0x0b895802, 0x0124098c, 0x64323290, 0xc8200284, 0x01210584, 0x2306845e, 0x3232d4fe, 0x96201085,
	0x22850f84, 0x82056149, 0x211a8205,
	0x188470fe, 0x0f854c82, 0x322c0123, 0x86138332, 0x83308540, 0x87fa205d, 0x85608c49, 0x9325820c, 0x8b1c8570,
	0x202e887f, 0x073a4ac2, 0x474a0783,
	0x83962008, 0x21d788c3, 0x0a881a04, 0x0b86bd82, 0x700809d9, 0x000c0000, 0x0223001d, 0x00410239, 0x000f0007,
	0x001f0017, 0x002f0027, 0x003f0037,
	0x004f0047, 0x005f0057, 0x00b940bc, 0x00011801, 0x69000102, 0x1a030105, 0x02031904, 0x69020307, 0x1c070109,
	0x06031b08, 0x6906070b, 0x1e0b010d,
	0x0a031d0c, 0x690a0b0f, 0x200f0111, 0x0e031f10, 0x690e0f13, 0x16121700, 0x01155917, 0x21142213, 0x13161203,
	0x08118212, 0x61161775, 0x17160123,
	0x58595116, 0x48495051, 0x38394041, 0x28293031, 0x18192021, 0x08091011, 0x5b5d0001, 0x5f595f58, 0x57505355,
	0x4b4d5751, 0x4f494f48, 0x47404345,
	0x3b3d4741, 0x3f393f38, 0x37303335, 0x2b2d3731, 0x2f292f28, 0x27202325, 0x1b1d2721, 0x1f191f18, 0x17101315,
	0x0b0d1711, 0x0f090f08, 0x07000305,
	0x06240701, 0x22012b16, 0x32333435, 0x86071415, 0x86332007, 0x86172007, 0x8e212007, 0x200f871f, 0x871f8e05,
	0x873f870f, 0x2b01254f, 0x97232323,
	0xc5200382, 0x35200382, 0xfe210382, 0x20048245, 0x21038242, 0x0482b301, 0x8226fe21, 0x75012104, 0xfe210482,
	0x8324869d, 0xf901222c, 0x20008224,
	0x8403821d, 0x84582002, 0x20048205, 0x20088775, 0x201a9076, 0x3811831e, 0x02000000, 0xe8ff5300, 0x7c020502,
	0x0d000700, 0x1e402100, 0x050a0b0d,
	0x974e1801, 0x07340811, 0x03130700, 0x052b1706, 0x33133503, 0x27031513, 0x23273733, 0xb70a0107, 0xb7b744b7,
	0x8b8b0424, 0x01188b04, 0x47010647,
	0xfe06b9fe, 0xfcfa50b9, 0x010000fc, 0x26245f82, 0x7e025802, 0x251a8f52, 0x11211135, 0x25825802, 0x82a8fd21,
	0x002c2c2f, 0x022b0256, 0x000b0065,
	0x82154018, 0x8501220f, 0x08448202, 0x0001762e, 0x0b000506, 0x06030a01, 0x22372b16, 0x36133726, 0x16131732,
	0x0b412306, 0x08e7060a, 0x05e70717,
	0x12560b09, 0x0fe3010b, 0x0b1dfe0f, 0x26067353, 0x02610025, 0x82610234, 0xb306334b, 0x3201030a, 0x3411372b,
	0x16051736, 0x06050714, 0x2d872526,
	0x76100d24, 0x4683d601, 0x07180725, 0x840b06e7, 0x02642483, 0x8273022c, 0x40112237, 0x08c4830e, 0x0100852e,
	0x33147601, 0x2b180602, 0x36260325,
	0x16322133, 0x22060307, 0x06e71901, 0xd6010b0a, 0xe7060b0a, 0x01731707, 0x10120be3, 0x0f1dfe0d, 0x7b8c3283,
	0x7b820520, 0x3426132e, 0x16362537,
	0x06141115, 0x0f0f3427, 0x01212c85, 0x2374844e, 0x2afe0b0a, 0x00264482, 0x2d000200, 0xff825400, 0x7b826320,
	0x31001722, 0x360fe36d, 0x02010557,
	0x045f0002, 0x00020001, 0x010c0e4f, 0x0c121300, 0x41170e17, 0x0620051a, 0x270e1a41, 0x36322125, 0x22260327,
	0x1624a982, 0x05090b41, 0x2e072641,
	0x1c0187fe, 0x8f040709, 0x8f050d04, 0x41540704, 0x402b0934, 0x2a01080b, 0xd6fe0909, 0x82000b08, 0x00022100,
	0x6020c385, 0x08268b84, 0x0a0e15b5,
	0x43410203, 0x1437220d, 0x25d38216, 0x26252734, 0x4f411506, 0x22488a0a, 0x83d60176, 0x21e5847a, 0x7683670b,
	0x820d0521, 0x0907287a, 0x00020000,
	0x8264002c, 0x847320eb, 0xbf83185f, 0x00672109, 0x2c087671, 0x02010061, 0x12345101, 0x06043314, 0x0c7a411a,
	0x32163731, 0x26361337, 0x06222123,
	0xe7190117, 0x870a0b06, 0x86012068, 0xe4fe3760, 0x7304060a, 0x100de301, 0x1dfe0b12, 0x0909920f, 0x0b082a01,
	0x7782080b, 0x1323d78d, 0x82050a0e,
	0x0b9f41d7, 0x1605252b, 0x34113536, 0x06050726, 0x08ab4114, 0x85a0fe21, 0xd6fe2240, 0x05b64109, 0x41090521,
	0xef2405b6, 0x0907048f, 0x2a075341,
	0x00030000, 0x020cff00, 0x82d40158, 0x00093d09, 0x4045000f, 0x02070a42, 0x86030403, 0x01080000, 0x01000201,
	0x02010567, 0x57020404, 0x023f0682,
	0x09065f04, 0x04020402, 0x040a0a4f, 0x0a000004, 0x0e0f0a0f, 0x040b0c0d, 0x08090409, 0x82050607, 0x03320843,
	0x17060b11, 0x2135112b, 0x21350515,
	0x13112311, 0x23152111, 0xfd580211, 0x4c0701a8, 0xba060197, 0x4b4b8901, 0xcefd4b96, 0x19fee701, 0xfe4b3202,
	0xe3820019, 0x01218382, 0x2b83829d,
	0x000b0005, 0x04354038, 0x01050101, 0x20088082, 0x03020106, 0x00670200, 0x03050503, 0x03030057, 0x01075f05,
	0x4f050305, 0x00000606, 0x0b060b06,
	0x2875820a, 0x05000500, 0x06081111, 0x82748318, 0x27768570, 0xfe4b9d01, 0x4b0701ae, 0xfd236d82, 0x857d0238,
	0x82002070, 0x00022200, 0x86ef86bc,
	0x0507236b, 0xd2820306, 0x00226d82, 0xed820301, 0x6d180020, 0x6b950e3e, 0xd6821720, 0x33112122, 0xbc2edc84,
	0xaffe9c01, 0xbb06014b, 0x4bc802f4,
	0xd48583fd, 0x00000224, 0x5741f300, 0x18072006, 0x412dd34d, 0x1524093f, 0xa8fd5802, 0x89274482, 0x4b964b4b,
	0x8503004b, 0xbc032153, 0x0b37f382,
	0x43000f00, 0x01034040, 0x85010001, 0x09000104, 0x02030805, 0x63020006, 0x0a210b58, 0x05586301, 0x5d5dc283,
	0x0d344105, 0x18060b26, 0x3335112b,
	0x0384c682, 0x35051529, 0x4cbb1521, 0x86ba4c4b, 0xe8012774, 0x3302cdfd, 0x7c8418fe, 0xd3847b82, 0x869d0121,
	0x05a7417f, 0x8501032b, 0x01070300,
	0x05030005, 0x0a6b6267, 0x02010624, 0xa7410200, 0x35352216, 0x20728221, 0x2e788425, 0xfe4b5201, 0xf34bbc63,
	0xfd7e024b, 0x834b9637, 0x00002871,
	0x00bc0002, 0x895802f3, 0x01032767, 0x85000400, 0x67820400, 0x82040121, 0x18012067, 0x8208f958, 0x97012067,
	0x82372067, 0x15212265, 0x30058225,
	0x4bbc1533, 0xfafe5101, 0x02f3bb4b, 0x4b82fdc9, 0x83d58496, 0x0cff2167, 0x0323cf84, 0x18000700, 0x231f2b6e,
	0x052b1706, 0x23204b82, 0xb5820382,
	0x6656e120, 0xb0042305, 0x9b8250fb, 0x37540020, 0x000b3d08, 0x00170011, 0x04564059, 0x00010001, 0x020b0f85,
	0x86070807, 0x0d010103, 0x02030c05,
	0x6727ae82, 0x08060109, 0x82570608, 0x06210806, 0x0e0a5f08, 0x08060802, 0x0c12124f, 0x0006060c, 0x12171200,
	0x14151617, 0x0c110c13, 0x0e0f1011,
	0x0daf410d, 0x18061024, 0xce84012b, 0x33352122, 0xea420782, 0x05614305, 0xbb2f9282, 0x4bbca8fd, 0x0701f9fe,
	0x0601964b, 0x848901bb, 0x014b24e4,
	0x43cdfde8, 0x03210e6f, 0x86af8200, 0x092c08f7, 0x48000f00, 0x01034540, 0x85000200, 0x01020806, 0x00860107,
	0x04010902, 0x67040205, 0x07070500,
	0x05005705, 0x0a5f0705, 0x07050701, 0x201ff643, 0x20948205, 0x419a8a01, 0x938406dd, 0xb004f426, 0x7d0250fb,
	0x00218f8a, 0x058b4303, 0x82bc0321,
	0x000b2809, 0x40430013, 0x82010240, 0x0785210b, 0x06208782, 0x03208782, 0x03208783, 0x06218783, 0x2a878406,
	0x06005f06, 0x044f0605, 0x6c000004,
	0x042205ad, 0x0544040b, 0x00032805, 0x060a1103, 0x82172b17, 0x35133b82, 0x03331331, 0x35051533, 0x13231521,
	0x4bbc0323, 0x014b014b, 0x01fafebb,
	0x0882bb06, 0xda428989, 0x19fe2305, 0x8f59e701, 0x58022105, 0x0f258b82, 0x25402800, 0x0855820e, 0x02030624,
	0x00020801, 0x01014c01, 0x85000200,
	0x02020304, 0x00007602, 0x0f000f00, 0x05141214, 0x152b1906, 0xee820135, 0x33131335, 0x15010115, 0x01030323,
	0x38fdfe03, 0xfe38f4f4, 0x820301fd,
	0x38f43407, 0x20022002, 0x02fffd38, 0xe0fd3801, 0x0238e0fd, 0x82fffd01, 0x0b335740, 0x1b401e26, 0x01020104,
	0x57186582, 0x12210f56, 0x20ce8203,
	0x235f8205, 0x20021501, 0x20273c83, 0x387804f4, 0x8a3888fb, 0x000521ab, 0xa1823f9e, 0x84839c82, 0x38f4e022,
	0x7f893e84, 0x0089012c, 0x40260007,
	0x01020023, 0x0c688602, 0x82e8820a, 0x184f208f, 0x82094f5c, 0x351134e9, 0x11211521, 0x58021123, 0x014bfafe,
	0xfd4b4b3e, 0x823202ce, 0x218b8521,
	0x4b825201, 0x45237366, 0x012108a5, 0x21458352, 0x448483fd, 0x07010129, 0x58020cff, 0x84008a01, 0x01032143,
	0x6482908e, 0xb7660120, 0x21438209,
	0x8d831105, 0x0107012b, 0xf4fafe51, 0xfd4b7e02, 0x222282cd, 0x823e0100, 0x5d892043, 0xcb8321bb, 0xc4822982,
	0x0121c082, 0x27378400, 0x0700bc03,
	0x24402700, 0x2407c349, 0x57000303, 0x261b8202, 0x01045f03, 0x41030003, 0x1121100c, 0x2c828233, 0x014b0701,
	0x4b3e0106, 0xcdfd3302, 0x214b874b,
	0x4b825201, 0x4b84c784, 0x02000022, 0x41167f67, 0x3321060b, 0x84468311, 0x83822044, 0x56d58243, 0x438505bb,
	0x85204482, 0x0ae95d18, 0x02010323,
	0x0ac36701, 0x21061044, 0x8a861521, 0x837e0221, 0x01012489, 0x840cff07, 0x00032287, 0xb7701817, 0x21cc820e,
	0xca440311, 0x5b348206, 0x02210d2b,
	0x24bb8258, 0x402f000b, 0x26bb852c, 0x86040304, 0x41000102, 0x0622090c, 0x0d410205, 0x08816c06, 0x2b1b0624,
	0x0a473511, 0x11212b05, 0x06011123,
	0xfe07014b, 0x16414bf9, 0x0e274207, 0x07245f82, 0x27402a00, 0x02235f85, 0x18860203, 0x4210ea68, 0x11210f77,
	0x21568333, 0x52854b07, 0x0250fb22,
	0x21057742, 0x73450601, 0x840b2006, 0x2050824f, 0x35511885, 0x29ac8418, 0x19060515, 0x2311052b, 0x51823335,
	0x28063f42, 0x06014b01, 0x02f4fafe,
	0x05c34132, 0x00cefd23, 0x2e7e8203, 0x02580200, 0x000700d2, 0x00290025, 0x824f4052, 0x040125f4, 0x4c010402,
	0x0862a418, 0x03020425, 0x827e0204,
	0x05033829, 0x00690300, 0x06070002, 0x00680702, 0x06010106, 0x06060057, 0x82085f01, 0x4f012f09, 0x28290000,
	0x1b1d2627, 0x13151819, 0x50820809,
	0x13073208, 0x2b170609, 0x01350121, 0x01150133, 0x34353303, 0x3435033e, 0x22232626, 0x33070606, 0x32333634,
	0x0e141516, 0x33071503, 0x1c012335,
	0x1c01e4fe, 0x08068320, 0x152a303e, 0x11151f1f, 0x2f2d2e2f, 0x182d0110, 0x151a2928, 0x0d151f1e, 0x54014747,
	0xfe5e0120, 0xacfe20a2, 0x0e1c0801,
	0x22130c0f, 0x0f2b2a1e, 0x1d23240d, 0x18281813, 0x190d0c18, 0x0048881a, 0xa4269f82, 0xb4017002, 0xdd82cc02,
	0x32000726, 0x446406b1, 0x264b7318,
	0x2b170827, 0x440006b1, 0x06755813, 0x585ca426, 0x5c70025c, 0x00230082, 0x82fe0001, 0x845a2053, 0x84262053,
	0xf76e1851, 0x2045871c, 0x2b3f84fe,
	0x01000000, 0x5c029800, 0xea025101, 0x1f209382, 0x73183f84, 0x03240d5f, 0x03110300, 0x012c7e86, 0x01173327,
	0x5b5e6e06, 0x8e8e5c02, 0xfe203b84,
	0xb7203b82, 0x19203b84, 0x0e203b84, 0x27054f42, 0x11760000, 0x18080210, 0x0128b484, 0x01333723, 0x5e5b4b49,
	0x00283582, 0xa000ffff, 0x0d025c02,
	0x26203382, 0x096da718, 0x01274b83, 0x01600205, 0x442f0353, 0x07221e37, 0x86822b17, 0x0e010729, 0x020a4e09,
	0x82cfcf60, 0x2a73823a, 0x01700285,
	0x001c03d2, 0x84270007, 0x051c2287, 0x08ca4501, 0x02020325, 0x82760101, 0x00072227, 0x056e6b07, 0x0006b13a,
	0x33371344, 0x23272317, 0x25948507,
	0x035a4b94, 0xac70025a, 0x006969ac, 0x89204b82, 0xce204b82, 0x03214b8b, 0x097c4601, 0x02200b82, 0x13224b86,
	0xe1870411, 0x1733272f, 0x07333733,
	0x518a1301, 0x51500350, 0x224c828a, 0x82ac6969, 0x8290204b, 0x02c8264b, 0x000f00f9, 0x63978428, 0x0037065c,
	0x01030301, 0x01010059, 0x03006103,
	0x23510301, 0x04102212, 0x842b1a08, 0x05357f98, 0x72743720, 0x41903e06, 0x2928260d, 0x09410d25, 0x34343d22,
	0xf902213e, 0x2f21212f, 0x18183b36,
	0x0002003b, 0x265f82c6, 0x00390393, 0x7b19000d, 0x0f2f22df, 0x1500010e, 0x0f190e13, 0x00060819, 0x7b0d010d,
	0xc56707df, 0x05f54205, 0x67060621,
	0x28080bc7, 0x293d2c01, 0x3d282d11, 0x292d112a, 0x1b13121c, 0x0212121b, 0x283b2970, 0x3c29112c, 0x33112c27,
	0x15201f14, 0x151f2014, 0x20eb8200,
	0x268b828f, 0x00fa02c7, 0x6d9d001d, 0x142405cb, 0x26405850, 0x220acb6d, 0x6d720005, 0x4b2218ca, 0x2d8216b0,
	0xcf6d2720, 0x6d2e9b0b, 0x59272af9,
	0x23250940, 0x6d232512, 0x132308fa, 0x83363423, 0x171625eb, 0x32331616, 0x370af96d, 0x22232626, 0x0b3bca06,
	0x1d172223, 0x1314141c, 0x3b08100a,
	0x1623210b, 0x0b380c84, 0x8a020910, 0x070f3031, 0x0c161715, 0x31322816, 0x16160710, 0x00150b17, 0x01290082,
	0x8a029500, 0xd002c301, 0xcf711800,
	0x35133528, 0x01951521, 0x468a022e, 0x01000046, 0x70020301, 0x17039001, 0x2b238343, 0x01073337, 0x3d3d5003,
	0xa7a77002, 0xc7267b84, 0x570114ff,
	0x7ba9bbff, 0x42821720, 0x533dc724, 0x4083ec50, 0xe4000126, 0x8d011fff, 0x19294982, 0x06b16800, 0x0e404464,
	0x228f820c, 0x82000101, 0x00042d01,
	0xb04b4c03, 0x40585014, 0x0302001e, 0x6482a482, 0x0300012a, 0x00006a01, 0x59000404, 0x04293482, 0x00040061,
	0x401b5104, 0x2120821d, 0x1f978502,
	0x26b75930, 0x23241211, 0x2b1b0805, 0x440006b1, 0x7a413517, 0x26342405, 0x82352323, 0x070f768d, 0x26222708,
	0x10130ee4, 0x301c1829, 0x2a3b2520,
	0x100d2e32, 0x17112e2f, 0x020329da, 0x0f19180f, 0x0c3e4126, 0x28261c1f, 0x7882030e, 0xde000126, 0x6d015aff,
	0x13220982, 0xb7845200, 0x01000a24,
	0xb7820102, 0x82020221, 0x820a20b3, 0x821620b3, 0x01022d10, 0x00020070, 0x00590200, 0x62000202, 0x00240882,
	0x15401b52, 0x01211882, 0x27178f85,
	0x1625b559, 0x19080323, 0x0521a184, 0x6d411815, 0x37270808, 0x15060633, 0x32331614, 0x19136d01, 0x0a222512,
	0x1f352e20, 0x1123132c, 0x03042877,
	0x1723280f, 0x260d1520, 0x83191b14, 0x7b22085c, 0x2402ceff, 0x2600c702, 0x23002a00, 0x272a2040, 0x13161718,
	0x00081112, 0x144c0101, 0x004a0101,
	0x78820001, 0x00002f08, 0x10282976, 0x2b170602, 0x26342317, 0x3e373434, 0x34363705, 0x35073526, 0x15173337,
	0x16141427, 0x07040e07, 0x16160606,
	0x11331103, 0xd5826ce8, 0x443c2724, 0x0782283d, 0x086d472b, 0x0101466c, 0x47483202, 0x360e8232, 0x6c660101,
	0x212a2732, 0x3b26272a, 0x2c282a2f,
	0x3535131a, 0x826a5613, 0x13552a00, 0x2f133435, 0x322e3544, 0x261f8320, 0x86014c01, 0x8300c4fe, 0x00bc34a3,
	0x03bf0100, 0x0005001b, 0x40470013,
	0x09101244, 0x18030503, 0x2a0aef58, 0x05030205, 0x02060880, 0x48840505, 0x07220af0, 0xe04d0201, 0x06132807,
	0x0d0e0f13, 0x4f07080c, 0x092405f2,
	0x132b1806, 0x3321a782, 0x08ad8215, 0x2733132b, 0x23113335, 0x15172303, 0xe9ac40bc, 0x07027a4e, 0x017a4e3d,
	0x01c80107, 0x38e5fe53, 0x540138fe,
	0xc347f6fe, 0x0b01acfe, 0x378e8347, 0x52000300, 0x0602eaff, 0x0900dd02, 0x32001800, 0x34403700, 0x02020c18,
	0x3b089083, 0x00010005, 0x06670105,
	0x00000204, 0x03000203, 0x07020069, 0x00570207, 0x5f070202, 0x07020700, 0x3323354f, 0x33122629, 0x1e060811,
	0x3315132b, 0x23263435, 0x13062223,
	0x36363533, 0x08a34018, 0x11071725, 0x82333634, 0x2404821b, 0x15151632, 0x08048233, 0x06141148, 0x26222123,
	0x0e0aa0dc, 0x3a0a0e70, 0x2417112c,
	0x1725191a, 0x140fc411, 0xb81c142b, 0x142b131d, 0xfe140f0f, 0x020f1492, 0x0eb3b38c, 0xd4fd0a0a, 0x13200750,
	0x1a24241a, 0xb1072013, 0x0f14a901,
	0x13131dd4, 0x2482d41d, 0x2a825720, 0x00820020, 0xbd000237, 0xbf010000, 0x1b002503, 0xd1002900, 0x1f2628b7,
	0x01060803, 0x05d66d4c, 0x0300343e,
	0x03040004, 0x05000072, 0x07700005, 0x08010601, 0x80080601, 0x0802090a, 0x02008408, 0x02221a82, 0xec826904,
	0x59050122, 0x012e2182, 0x05010062,
	0x4b1b5201, 0x58501cb0, 0x3b853540, 0xad800021, 0x3640213c, 0x0423378a, 0xa67e0500, 0x59593775, 0x1c1c1240,
	0x291c291c, 0x24131411, 0x22261222,
	0x1f060b10, 0x4418012b, 0xf7411a7e, 0x7c01390d, 0x4232043f, 0x18183a34, 0x3241343a, 0x18043f02, 0x1e1e281a,
	0xb9181d28, 0x34080d42, 0x293a2b02,
	0x44434c1f, 0x3b2b1f4c, 0x4633141c, 0xfd133345, 0x0d1942ef, 0x34099b4d, 0xb3060003, 0x32010001, 0x0111152b,
	0xf4580215, 0xc0fdb004, 0x0a7b4d30,
	0x2a089375, 0x01013515, 0x01150135, 0x8208fef8, 0x01782526, 0x78e001e0, 0xff2f2a83, 0xff0100ff, 0x0359020c,
	0x024700bc, 0x6b590264, 0x178207f1,
	0x22072f50, 0x75650247, 0x01280aab, 0x0bff5b00, 0xc603fc01, 0x3c1a7f56, 0x11211117, 0xf5a1015b, 0x45fbbb04,
	0xff000000, 0x005000ff, 0x02fa0100,
	0x000602ec, 0x290f8498, 0x02f6ff47, 0x02b20211, 0xcb830106, 0x0e2fa118, 0x18ffff21, 0x82076399, 0x8402201f,
	0x8253202f, 0x0200222f, 0x200f82a8,
	0x260f8400, 0x02000080, 0x820a0211, 0x83f1204f, 0x4743180f, 0xd8012109, 0x3faf5f94, 0x7b755020, 0x206f8205,
	0x484f84f2, 0x022306ab, 0x84580206,
	0x06574a0f, 0x51200f82, 0xc53c0f84, 0x92017002, 0x06003903, 0x00ff5902, 0x7500ffff, 0xe2015c02, 0x2700ea02,
	0x77ff5302, 0x0623b282, 0x832b5302,
	0xffe52417, 0x8474015a, 0x075f210f, 0x4f490f83, 0x06022306, 0x47845702, 0x3782cf20, 0x37828820, 0x52020623,
	0x491f8337, 0x1f8206bb, 0x1f845620,
	0x8206234b, 0x8e50200f, 0xd153212f, 0xd72b2f83, 0x80011fff, 0x06000000, 0x82f35e02, 0x0d17410f, 0x87010021,
	0x17bb410f, 0x3e520720, 0x06012705,
	0x6803564c, 0x488298fc, 0x18ffff21, 0x23072745, 0xd6010602, 0x77267384, 0xe1010a01, 0x0f825c01, 0x20825e20,
	0x03820120, 0x0601022e, 0xa964cc10,
	0xf53c0f5f, 0xe8030600, 0x00231182, 0x830747de, 0xe5002c06, 0xf93dfd75, 0x020bff74, 0x82db0359, 0x00062210,
	0x83338202, 0x27378202, 0x0cffbc03,
	0x58020000, 0xff201f82, 0x37841f82, 0x03861a83, 0x58020124, 0x01942800, 0x63000d24, 0x01885b00, 0x1d005323,
	0x21038300, 0x01910083, 0x74003c24,
	0x01864b00, 0x27824e20, 0x3e008124, 0x018e8100, 0x4d004d24, 0x01827300, 0x75007724, 0x01827700, 0x38000824,
	0x01884700, 0x31823e20, 0x11200389,
	0x0c280d82, 0x6d006b00, 0x60003f00, 0x3f240186, 0x05013f00, 0x07820f82, 0x00420023, 0x21018648, 0x01910050,
	0x12002822, 0x33200188, 0x35833186,
	0x2b883f20, 0x91005f21, 0x00122201, 0x20ef825c, 0x28038663, 0x004c004a, 0x004a001e, 0x20019254, 0x2247884e,
	0x825e0050, 0x847120ed, 0x867320d7,
	0x86692005, 0x00922207, 0x220182a8, 0x8a800080, 0x4131206b, 0x5b20084d, 0x4c205f82, 0x3720038a, 0x11240b82,
	0x58005a00, 0xb02a0782, 0x8900b000,
	0x59006800, 0xf1825900, 0x09820582, 0x4e005e22, 0x5d210186, 0x20019100, 0x24ef883b, 0x00480012, 0x87018a44,
	0x00802acf, 0x0098fbc4, 0x00470060,
	0x2047826c, 0x24438250, 0x00520054, 0x20e18253, 0x2013824a, 0x20038253, 0x08078449, 0x00000024, 0x2bfc51fe,
	0xd1fb63fa, 0xf4fd8dfe, 0xf7fdd0fb,
	0x9cfecdfb, 0x63faaffe, 0x14fd63fa, 0x84feaffe, 0x0182f9fe, 0xb9fe8432, 0x01fd01fd, 0xe1fef5fe, 0x3dfd13ff,
	0xf5fe9dfc, 0x91200d82, 0x91260f82,
	0xfefcc8fe, 0x2b82fcfe, 0xdcfb1b26, 0x68fe1aff, 0x362e0182, 0x9afe10fc, 0x70fc28fe, 0x3cfe53fe, 0x018722fe,
	0xfefafd37, 0xfa21fc1b, 0xfef0fd26,
	0xfe15fd22, 0xfefefb24, 0xfe39fc5f, 0x2e058260, 0xfe6bfcb1, 0xfc73fe74, 0x0020fe25, 0x82ca00e9, 0x82bc2003,
	0x00f0249a, 0x825c00f0, 0x00e92801,
	0x005800a8, 0x82540016, 0x007726c1, 0x0000005a, 0x2801825a, 0x007e00d8, 0x007800a3, 0x240382ed, 0x006900ca,
	0x24038291, 0x00c900f1, 0x0801825f,
	0xc300c326, 0xfd009d00, 0x43fe6300, 0x1ffc1dfe, 0x8dfef5fd, 0xaffee0fb, 0x0fff12ff, 0xd9fce6fd, 0xd3fcf2fb,
	0x99fe82fd, 0xbb33f582, 0x1dfe56fe,
	0x24fefffb, 0x93fbebfd, 0xe4fbcffb, 0x82fee4fb, 0xd1fb25c9, 0xd1fbf3fd, 0xdc2a0f82, 0xd3fbf4fd, 0x71fe7bfe,
	0x1982edfe, 0xfb3f2208, 0xfcedfbd8,
	0xfbf0fd0f, 0xfbe3fbcd, 0xfecefbcb, 0xf954fcc0, 0xfc53fe74, 0xfdbbfe87, 0xfc2afb82, 0x20378278, 0x221182ff,
	0x820ffc3f, 0xfbd12431, 0x8279f9d0,
	0xfec92a47, 0xfb3ffe62, 0xfcd0fbd0, 0x2429820f, 0xfcbffb6a, 0x2af58263, 0xfe5cfe03, 0xfe60fe0a, 0x8243fe6a,
	0xfdc7220f, 0x297983f0, 0x4d003700,
	0x75003600, 0xd1821700, 0x4a002b28, 0x06010601, 0xeb827400, 0x6a005e36, 0x48002500, 0x30001600, 0x60002200,
	0x3f004500, 0x54004400, 0x76200382,
	0x24060142, 0x006f006f, 0x2a018467, 0x00500050, 0x0078005d, 0x824e0013, 0x006a2801, 0x0062003b, 0x824c000a,
	0x00222235, 0x242d8206, 0x00550067,
	0x2403821d, 0x00690067, 0x2303821b, 0x0085000e, 0x012700a0, 0x000d022c, 0x892c0100, 0x820b8b28, 0x8253204f,
	0x822c2019, 0x200383a3, 0x8207862d,
	0xbc002112, 0x03820483, 0x0986bc20, 0x12820f87, 0xd0440120, 0x01002205, 0x82098507, 0x000026eb, 0x00fe00a4,
	0x38038298, 0x000501a0, 0x00890085,
	0x00c60090, 0x0195008f, 0x00c70003, 0x00de00e4, 0x2247827b, 0x82bd0052, 0x848e823e, 0x825b2005, 0x004728ef,
	0x00490047, 0x82800053, 0x86472043,
	0x82502007, 0x00fe263b, 0x007500c5, 0x204782e5, 0x264d82cf, 0x00cf00a4, 0x820601d7, 0x004a2223, 0x243b8277,
	0x00800050, 0x0a718292, 0xc800b600,
	0xec00da00, 0x0a01f800, 0x5c011c01, 0x1e02ce01, 0x42023002, 0x60024e02, 0x1003b002, 0x2a032203, 0x6a035803,
	0x8e037c03, 0xb203a003, 0xd603c403,
	0xf403e203, 0x72044804, 0xe004ce04, 0xfe04ec04, 0x6c052a05, 0xe8059605, 0x0c06fa05, 0x30061e06, 0x54064206,
	0x76066406, 0xbc06aa06, 0xf406e806,
	0x24071207, 0x42073607, 0xaa077207, 0xea07d807, 0x0808fc07, 0x6a081a08, 0x8e087c08, 0xb208a008, 0xde08cc08,
	0x5e094c09, 0x520a0e0a, 0x1a0b980a,
	0x860b740b, 0xa40b980b, 0x1c0c0a0c, 0x360c240c, 0x4e0c420c, 0xe20cc00c, 0x000df40c, 0x400d0c0d, 0x640d520d,
	0x880d760d, 0xb40da20d, 0xd20dc00d,
	0x080ee40d, 0x500e3e0e, 0x740e620e, 0xb60e860e, 0xf40ee20e, 0x180f060f, 0x3c0f2a0f, 0x7c0f6a0f, 0xa00f8e0f,
	0x2e102210, 0x46103a10, 0x5e105210,
	0x76106a10, 0x94108210, 0xa2112611, 0xfc11f011, 0x14120812, 0x9c122012, 0x2e131a13, 0x8a133613, 0xa2139613,
	0xba13ae13, 0xd213c613, 0xea13de13,
	0x0c14fc13, 0xd4144414, 0xf414e014, 0x3e150015, 0xc2158a15, 0xf415e815, 0x0c160016, 0x24161816, 0x7c167016,
	0x9c168a16, 0xfa16d416, 0x32170617,
	0x64173e17, 0x88177617, 0xcc179417, 0x80183418, 0x98188c18, 0xb618a418, 0x0e190219, 0x26191a19, 0x40193219,
	0xbe194c19, 0x521ad019, 0x221bc41a,
	0xa61b9e1b, 0xbe1bb21b, 0x2a1cca1b, 0x461c361c, 0x5e1c521c, 0xc81c6a1c, 0x201d0e1d, 0x381d2c1d, 0x8c1d801d,
	0xa41d981d, 0xbe1db01d, 0xd61dca1d,
	0xf41de21d, 0x4c1e181e, 0x641e581e, 0x7c1e701e, 0xd61eaa1e, 0xee1ee21e, 0x061ffa1e, 0x441f181f, 0x5c1f501f,
	0xd21f681f, 0x8c200c20, 0xd820d020,
	0x4e21fa20, 0xde219621, 0xa2223622, 0x1e23aa22, 0x08248e23, 0xbe245024, 0x90252c25, 0x0184b825, 0x25c4c00a,
	0x26e025d4, 0x2616260c, 0x267e2642,
	0x26942688, 0x27ba26ae, 0x28122874, 0x28442832, 0x28882850, 0x290a2998, 0x29282916, 0x2948293c, 0x298a2962,
	0x2afe29c2, 0x2aa62a18, 0x2bea2ad0,
	0x2b522b2c, 0x2b962b8a, 0x2c0e2cb2, 0x2c902c84, 0x2cb62c9c, 0x2cd22cc2, 0x2dfc2cf0, 0x2d302d1c, 0x2ed62d42,
	0x2f462fd4, 0x30702f64, 0x3016300a,
	0x303e3028, 0x311631b2, 0x31363124, 0x31843150, 0x32e031b8, 0x324a320a, 0x328c3280, 0x32c632b0, 0x330633ee,
	0x333e3328, 0x33683354, 0x34b633a4,
	0x341c340c, 0x3456342a, 0x34e43490, 0x351a35fe, 0x35523536, 0x358e356e, 0x36fe35bc, 0x36983640, 0x372a37f6,
	0x3766375e, 0x378c3772, 0x37b437a4,
	0x37d037c4, 0x380c38dc, 0x3846383a, 0x39fc3874, 0x3b723a8c, 0x3c483cb6, 0x3ca83c70, 0x3df63cbe, 0x3d2c3d1a,
	0x3d7e3d60, 0x3ed03dbc, 0x3e843e02,
	0x3f3a3fae, 0x3fbe3f74, 0x401840d0, 0x41dc4076, 0x413a4106, 0x41a04166, 0x424442f2, 0x43f242a6, 0x43624336,
	0x43a44398, 0x44dc43be, 0x4448443c,
	0x44904484, 0x44aa44a0, 0x44c244b6, 0x450445f8, 0x45444520, 0x45b845a4, 0x45dc45d2, 0x461246f2, 0x47aa4620,
	0x47c2473a, 0x47ec47d4, 0x480248f6,
	0x4872480e, 0x48e248d6, 0x490049f0, 0x4918490c, 0x4942492e, 0x496a4958, 0x49a4497a, 0x4aee49dc, 0x4aca4a08,
	0x4b5a4bde, 0x4b864b68, 0x4cd24b90,
	0x4dd44c2c, 0x4ebe4d6e, 0x4fde4e3e, 0x4fa24f88, 0x50ec4fe4, 0x50465018, 0x518c5182, 0x536452f4, 0x53765300,
	0x541654c2, 0x55cc5468, 0x552c5512,
	0x55845568, 0x55d655a0, 0x564656ec, 0x5668565c, 0x56a25696, 0x57f256dc, 0x5780575e, 0x581658aa, 0x583c5828,
	0x58a6587a, 0x590c59da, 0x5a6e5966,
	0x5ad85a0a, 0x5b185bf4, 0x5b405b2c, 0x5b645b54, 0x5b8a5b78, 0x5bea5b9e, 0x5c1a5cfe, 0x5c4e5c34, 0x5c825c68,
	0x5cb65c9c, 0x5de85cce, 0x5d1c5d04,
	0x5d4c5d34, 0x5d7e5d64, 0x5db25d98, 0x5de65dcc, 0x5e185efe, 0x5e505e32, 0x5e985e7a, 0x5ed25eb8, 0x5f1c5ffe,
	0x646061e2, 0x65d065f8, 0x661666fe,
	0x6658663c, 0x6696667a, 0x670c67dc, 0x67786748, 0x68f067ba, 0x684e6824, 0x68c2688e, 0x691a69f6, 0x69b66972,
	0x6a326afc, 0x6a726a52, 0x6aba6a98,
	0x6bf86adc, 0x6b406b1e, 0x6b7c6b62, 0x6cd46bac, 0x6c6a6c00, 0x6cb46c94, 0x6cec6cd2, 0x6d166df8, 0x6d626d3c,
	0x6ed86d92, 0x6e766e56, 0x6fb46e94,
	0x6f5a6f10, 0x70f46fac, 0x71007158, 0x71267110, 0x823e7132, 0x58540801, 0x68716071, 0x78717071, 0x88718071,
	0x98719071, 0xa871a071, 0xb871b071,
	0xc871c071, 0xdc71d071, 0xec71e471, 0xfc71f471, 0x0c720472, 0x1c721472, 0x3e723672, 0x01004672, 0x85020000,
	0x48002201, 0x08008000, 0xb0010200,
	0x8d00a002, 0x83030000, 0x06000c0e, 0x002d1d83, 0x00ba000f, 0x04010003, 0x00000009, 0x85038280, 0x0001220b,
	0x850d821a, 0x0002240b, 0x869a000e,
	0x00032423, 0x86a80026, 0x0004240b, 0x86ce002a, 0x0005240b, 0x86f80056, 0x0006240b, 0x864e0128, 0x0007240b,
	0x867601d8, 0x0008230b, 0x1787022a,
	0x18000924, 0x17867802, 0x5a000a24, 0x0b869002, 0x2c000b24, 0x0b86ea02, 0x2a000c24, 0x0b861603, 0x1a010d24,
	0x0b864003, 0x84000e3e, 0x43005a04,
	0x70006f00, 0x72007900, 0x67006900, 0x74006800, 0x28002000, 0x29006300, 0x32240782, 0x32003000, 0x2d200182,
	0x30200382, 0x35220382, 0x15822c00,
	0x2e005524, 0x03825300, 0x47002022, 0x61203582, 0x68203d82, 0x63223b82, 0x1b827300, 0x4c004c22, 0x2e205182,
	0x41220982, 0x01826c00, 0x52002022,
	0x1f835788, 0x65005222, 0x65202782, 0x76203782, 0x64200982, 0x42204582, 0x72220782, 0x05826b00, 0x03826c20,
	0x39827920, 0x91824d20, 0x03826e20,
	0x67222b83, 0x45827500, 0x2f826120, 0x58005424, 0x8f842d00, 0x37002d22, 0x32220182, 0x0f824d00, 0x5a00502c,
	0x51003600, 0x56003800, 0x1d824a00,
	0x89834d99, 0xe1826520, 0x56204f87, 0x73207784, 0x6f229d82, 0xeb846e00, 0x3f822e20, 0x34003024, 0x0d823b00,
	0x74007426, 0x61006600, 0x74207d82,
	0x68208982, 0x6e202582, 0x22061941, 0x82310076, 0x823820b5, 0x82342003, 0x82312003, 0x822d207d, 0x82622049,
	0x00342307, 0x7f8f0029, 0x2d21cb87,
	0x41cd8d00, 0x43201b43, 0x6d227182, 0x7d827000, 0x79006e22, 0x28208b82, 0x6d207982, 0x20205b82, 0x64201184,
	0x658f1182, 0x87002021, 0x00202167,
	0x72202d8b, 0x20209982, 0x72203d82, 0x64203982, 0x6d200b82, 0x72240782, 0x73006b00, 0x6f204382, 0x2021df82,
	0x20879900, 0x34cd412c, 0x20214f99,
	0x20d78d00, 0x228f824e, 0x826c0069, 0x82502065, 0x006e2495, 0x82680063, 0x006c2207, 0x24118241, 0x006f006c,
	0x20bb8476, 0x2205826c, 0x82740074,
	0x82722005, 0x82742017, 0x20cf8317, 0x201b8468, 0x220d8267, 0x8264006c, 0x826e200b, 0x0065211b, 0x2020e583,
	0x66201382, 0x63200d82, 0x20064341,
	0x263b8275, 0x006e0069, 0x822e0067, 0x2049835f, 0x22fd8270, 0x822f003a, 0x82752001, 0x42672009, 0x2e200ec1,
	0x6f228782, 0x2b906d00, 0xad866e20,
	0x70211f87, 0x20598300, 0x223d8265, 0x4254004c, 0x20220697, 0x25824400, 0x03827620, 0x7020bf83, 0x4620b386,
	0x3b428982, 0x004c2205, 0x205d8269,
	0x208d8265, 0x201b8273, 0x8da5822e, 0x82202011, 0x006c221d, 0x20958261, 0x20298273, 0x202d8466, 0x20bf8461,
	0x2033826f, 0x202f823a, 0x20378250,
	0x831f8272, 0x0061220f, 0x21d3826c, 0x438f0020, 0x85824920, 0x4c262b83, 0x39003600, 0x9b825900, 0x34004d26,
	0x58003300, 0x58260982, 0x50004b00,
	0x09825600, 0x57003222, 0x52200982, 0x49204184, 0x74205d82, 0x6c20b584, 0x63200582, 0x75207182, 0x99418582,
	0x82722005, 0x22c985bd, 0x42790074,
	0x68202e35, 0x74214982, 0x256f4100, 0xcd822f20, 0x67006522, 0x0b837784, 0x220b2941, 0x822f0073, 0x22cda3e5,
	0x8476002f, 0x00692241, 0x20078264,
	0x21cd8274, 0x00840002, 0x8288ff21, 0x070f4b11, 0x04851184, 0x82850221, 0x24840807, 0x0201c900, 0x6200c700,
	0x0301ad00, 0x63000401, 0x9000ae00,
	0x26002500, 0xff00fd00, 0x05016400, 0xe9002700, 0x07010601, 0x65002800, 0xc8000801, 0x0901ca00, 0x0a01cb00,
	0x0c010b01, 0x29000d01, 0xf8002a00,
	0x0f010e01, 0x10012b00, 0x11012c00, 0xcd00cc00, 0xfa00ce00, 0x1201cf00, 0x14011301, 0x15012d00, 0x16012e00,
	0x17012f00, 0x19011801, 0x3000e200,
	0x1a013100, 0x1c011b01, 0x32006600, 0xd100d000, 0xf20afb82, 0x011d01d3, 0x0091001e, 0x00b000af, 0x00ed0033,
	0x01350034, 0x0120011f, 0x01360021,
	0x00230122, 0x01fb00e4, 0x00250124, 0x01260137, 0x00280127, 0x00d40038, 0x006800d5, 0x012901d6, 0x012b012a,
	0x002d012c, 0x013a0039, 0x012f012e,
	0x00310130, 0x003c003b, 0x003201eb, 0x013301bb, 0x013d0034, 0x01e60035, 0x00440036, 0x00370169, 0x006c006b,
	0x0138016a, 0x006e0039, 0x00a0006d,
	0x00460045, 0x000001fe, 0x003a016f, 0x01ea0047, 0x0001013b, 0x01700048, 0x0072003c, 0x003d0173, 0x013e0171,
	0x0140013f, 0x00490041, 0x01f9004a,
	0x00430142, 0x0044014b, 0x0045014c, 0x00760074, 0x00460177, 0x01470175, 0x01490148, 0x014d004a, 0x004c014b,
	0x004d014e, 0x014e014f, 0x0050014f,
	0x005000e3, 0x01510151, 0x00530152, 0x00520078, 0x007b0079, 0x017a007c, 0x00550154, 0x007d00a1, 0x005300b1,
	0x005400ee, 0x01560155, 0x00580157,
	0x01590156, 0x00e5005a, 0x005b01fc, 0x01570089, 0x015d015c, 0x0058005e, 0x0080007e, 0x017f0081, 0x0160015f,
	0x01620161, 0x00590063, 0x0164015a,
	0x01660165, 0x005b0067, 0x01ec005c, 0x01ba0068, 0x006a0169, 0x006b015d, 0x016c01e7, 0x016e016d, 0x0097006f,
	0x00140013, 0x00160015, 0x00180017,
	0x001a0019, 0x011c001b, 0x01710170, 0x01730172, 0x00750174, 0x01760103, 0x01780177, 0x017a0179, 0x017c017b,
	0x017e017d, 0x0180017f, 0x01820181,
	0x01840183, 0x01860185, 0x01880187, 0x018a0189, 0x018c018b, 0x018e018d, 0x0190018f, 0x01920191, 0x01940193,
	0x01960195, 0x01980197, 0x019a0199,
	0x019c019b, 0x019e019d, 0x01a0019f, 0x01a201a1, 0x01a401a3, 0x01a601a5, 0x01a801a7, 0x01aa01a9, 0x01ac01ab,
	0x01ae01ad, 0x01b001af, 0x01b201b1,
	0x01b401b3, 0x01b601b5, 0x01b801b7, 0x01ba01b9, 0x01bc01bb, 0x00be01bd, 0x000f0011, 0x001e001d, 0x000400ab,
	0x002200a3, 0x00c300a2, 0x000d0087,
	0x00120006, 0x0010003f, 0x00b300b2, 0x00bf0142, 0x000c000b, 0x0060005e, 0x0040003e, 0x00c500c4, 0x00b500b4,
	0x01b700b6, 0x00c101c0, 0x00bf00be,
	0x010a0005, 0x01c301c2, 0x01c501c4, 0x01c701c6, 0x01c901c8, 0x01cb01ca, 0x01cd01cc, 0x01cf01ce, 0x01d101d0,
	0x01d301d2, 0x01d501d4, 0x01d701d6,
	0x01d901d8, 0x01db01da, 0x01dd01dc, 0x01df01de, 0x01e101e0, 0x01e301e2, 0x01e501e4, 0x01e701e6, 0x01e901e8,
	0x01eb01ea, 0x01ed01ec, 0x01ef01ee,
	0x01f101f0, 0x01f301f2, 0x01f501f4, 0x01f701f6, 0x01f901f8, 0x01fb01fa, 0x01fd01fc, 0x02ff01fe, 0x02010200,
	0x02030202, 0x02050204, 0x02070206,
	0x02090208, 0x180b020a, 0x080e93f8, 0x1402134e, 0x16021502, 0x18021702, 0x1a021902, 0x23001b02, 0x88000900,
	0x8b008600, 0x8c008a00, 0x5f008300,
	0x8200e800, 0x1c02c200, 0xbd008400, 0x1d020700, 0x1f021e02, 0x85002002, 0x21029600, 0xef000e00, 0xb800f000,
	0x8f002000, 0x1f002100, 0x09067572,
	0x6100a74c, 0x4100a400, 0x22029200, 0x9c002302, 0x99009a00, 0x9800a500, 0x08002402, 0x2502c600, 0x27022602,
	0x29022802, 0x2b022a02, 0x2d022c02,
	0x2f022e02, 0x31023002, 0x33023202, 0x35023402, 0x37023602, 0x39023802, 0x3b023a02, 0x3d023c02, 0x3f023e02,
	0x41024002, 0x43024202, 0x45024402,
	0x47024602, 0x49024802, 0x4b024a02, 0x4d024c02, 0x4f024e02, 0xb9005002, 0x52025102, 0x54025302, 0x56025502,
	0x58025702, 0x5a025902, 0x5c025b02,
	0x5e025d02, 0x60025f02, 0x62026102, 0x64026302, 0x66026502, 0x68026702, 0x6a026902, 0x6c026b02, 0x6e026d02,
	0x70026f02, 0x72027102, 0x74027302,
	0x76027502, 0x78027702, 0x7a027902, 0x7c027b02, 0x7e027d02, 0x80027f02, 0x82028102, 0x84028302, 0x86028502,
	0x88028702, 0x8a028902, 0x8c028b02,
	0xa6008d02, 0x8f028e02, 0x91029002, 0x93029202, 0x95029402, 0x97029602, 0xdb00d900, 0xdd00dc00, 0xe000df00,
	0x4300e100, 0x8e00d800, 0xde008d00,
	0x99029802, 0x9a029e00, 0x72624106, 0x07657665, 0x63616d41, 0x076e6f72, 0x6f676f41, 0x0a6b656e, 0x746f6443,
	0x65636361, 0x4406746e, 0x19826163,
	0x72250682, 0x0674616f, 0x210d8445, 0x1f88450a, 0x86450721, 0x8545203a, 0x4506333a, 0x646c6974, 0x63530565,
	0x0c617768, 0x6d6f6347, 0x4985616d,
	0x88470a21, 0x48042934, 0x02726162, 0x49074a49, 0x49203c86, 0x49203c86, 0x06283c84, 0x7563614a, 0x4b0c6574,
	0x06213d8a, 0x2113844c, 0x80844c06,
	0x8b4c0c21, 0x854e201a, 0x854e201a, 0x8a4e201a, 0x4f0d2f1a, 0x676e7568, 0x6d757261, 0x7475616c, 0x6e854f07,
	0x85520621, 0x85522030, 0x8a522030,
	0x53062130, 0x08231a84, 0x826c6153, 0x6f6c238a, 0xc18c530c, 0x6d72652a, 0x62646e61, 0x5406736c, 0x082a3b84,
	0x64656354, 0x616c6c69, 0x278a540c,
	0x8c550d21, 0x85552075, 0x55072175, 0x0527e485, 0x6e697255, 0x85550667, 0x845720ea, 0x570b3e6f, 0x63726963,
	0x6c666d75, 0x57097865, 0x72656964,
	0x73697365, 0x72675706, 0x0b657661, 0x211c8959, 0x12845906, 0x85590621, 0x845a203d, 0x5a0a213d, 0x21085941,
	0xd0416106, 0x86612005, 0x85612073,
	0x630a2173, 0x64202189, 0x0621b984, 0x21068465, 0x1888650a, 0x86650721, 0x85652033, 0x65062133, 0x05276384,
	0x77686373, 0x8a670c61, 0x670a21df,
	0x04263488, 0x72616268, 0x0f826908, 0x73656c24, 0x08830a73, 0x2405ed41, 0x076a6902, 0x20508669, 0x20508669,
	0x21508469, 0x2d866a08, 0x416a0621,
	0x6b2005e6, 0x06215a8a, 0x2113846c, 0x9d846c06, 0x8b6c0c21, 0x856e201a, 0x856e201a, 0x8a6e201a, 0x6f0d211a,
	0x200c7041, 0x2177856f, 0x30857206,
	0x30857220, 0x308a7220, 0x41730621, 0x732005e6, 0x2007e641, 0x201c8b73, 0x05db4174, 0xdb417420, 0x8a742007,
	0x750d211c, 0x75206a8c, 0x07216a85,
	0x27e28575, 0x69727505, 0x7506676e, 0x0621e884, 0x21648477, 0xbe41770b, 0x77092109, 0x2708db41, 0x61726777,
	0x790b6576, 0x06211c89, 0x21128479,
	0x3d857906, 0xdb417a20, 0x417a2005, 0x0836086b, 0x65672e72, 0x6e616d72, 0x732e720a, 0x646e6174, 0x09647261,
	0x01825f77, 0x696c2e29, 0x657a0b67,
	0x822e6f72, 0x6574322c, 0x65730e64, 0x2e6e6576, 0x6f727565, 0x6e616570, 0x271a840c, 0x73616c73, 0x0a646568,
	0x70240c85, 0x0d74696c, 0x4a860a85,
	0x59873486, 0x626e072f, 0x63617073, 0x79681165, 0x6e656870, 0x8306855f, 0x8c182069, 0x20188a11, 0x21188d27,
	0x3e827262, 0x67697225, 0x895f7468,
	0x2040830a, 0x26278d19, 0x61657267, 0x83726574, 0x860e2019, 0x61622119, 0x12200e84, 0x218a0e86, 0x128d1a20,
	0x1a8a5f20, 0x1a860f20, 0x73656c23,
	0x204c8373, 0x200f8a14, 0x2014875f, 0x23148615, 0x69637361, 0x83058f42, 0x8417202a, 0x656c22a0, 0x83aa8666,
	0x20178309, 0x86179225, 0x20f78af0,
	0x25258922, 0x6c637865, 0x22916d61, 0x22901b20, 0x64832985, 0x1b891120, 0x1920f786, 0x20183a41, 0x22198313,
	0x8574656b, 0x052541aa, 0x138b1420,
	0x1b20e787, 0x7f411486, 0x756e2905, 0x7265626d, 0x6e676973, 0x70267084, 0x6f697265, 0x06855f64, 0x18201183,
	0x188a118c, 0x188d1620, 0x13205d87,
	0x71261686, 0x74736575, 0x55846f69, 0x13861020, 0x75716524, 0x54836c61, 0x6f630f26, 0x5f6e6f6c, 0x0f830584,
	0x0f8a1520, 0x3b881596, 0x2b851220,
	0x1a205f8b, 0xf941128d, 0x881a850c, 0x8511203d, 0x0a1b420f, 0x11850e20, 0x1724bf87, 0x696d6573, 0x09881285,
	0x2120a283, 0x5f201792, 0x1120218c,
	0x2005b741, 0x09be415f, 0x118c1c20, 0x200eea42, 0x411c8710, 0x16200714, 0x5f20108b, 0x1520b188, 0x96421686,
	0x8713200d, 0x0a9141ff, 0x13881220,
	0x88095841, 0x0b2f4112, 0x15901e20, 0x1e8b5f20, 0x84894789, 0x74736128, 0x73697265, 0x08875f6b, 0x696c2e24,
	0x15901e67, 0x14201e8c, 0x6e411e88,
	0x8812200a, 0x6c732414, 0x83687361, 0x42182046, 0x5f250983, 0x65726170, 0x0763436e, 0x0943188b, 0x20318308,
	0x42318a1a, 0x1a830ae2, 0x1a8a1420,
	0x8a090641, 0x099e4114, 0x158a1720, 0x1920ff8b, 0x1e43178a, 0x9424200d, 0x8d5f2019, 0x9f2f2024, 0x8b2f8e24,
	0x087041b1, 0x7529838b, 0x7265646e,
	0x726f6373, 0x20e08365, 0x895e8a23, 0x0d384119, 0x6c731225, 0x41687361, 0x1b200c8c, 0x1b8c128d, 0x1b850f20,
	0x15207c88, 0x88420f8a, 0x85112009,
	0x0acb4115, 0xc8413786, 0x95378608, 0x8815854d, 0x8413202b, 0x625f2409, 0x896b6361, 0x200d8813, 0x2013885f,
	0x23e38a1d, 0x5f726162, 0x200d0c41,
	0x8e0e8919, 0x890d2019, 0x62642a19, 0x75670d6c, 0x656c6c69, 0x051e456d, 0x0d880e20, 0x6769722c, 0x62047468,
	0x11746861, 0x418e7461, 0x6d61172a,
	0x73726570, 0x5f646e61, 0x2e240988, 0x2167696c, 0x218d1792, 0x21891320, 0x20085341, 0x47bc830e, 0x16200929,
	0xae440e89, 0x8312200b, 0x0d124716,
	0x12871420, 0x74656b22, 0x8383ae84, 0x14840b20, 0x2005e445, 0x200b860f, 0x0622465f, 0x61214385, 0x0a864672,
	0x228a1720, 0x11206e8b, 0xa6881787,
	0x11871320, 0x200ae641, 0x8813830d, 0x88152021, 0x0c67450d, 0x338a1583, 0x6f641224, 0x83826c6c, 0x0d25128a,
	0x73756c70, 0x8304835f, 0x881220c1,
	0x2012880d, 0x8a128410, 0x840f2031, 0x0a104674, 0x97420f8a, 0x85162009, 0x0f4e4515, 0x16851720, 0x2e894e86,
	0x17851420, 0x73656c23, 0x86148973,
	0x84e48969, 0x891f8509, 0x8c528625, 0x20cb8358, 0x20119011, 0x41118c19, 0x13200b28, 0x79487e8a, 0x43138508,
	0x12200e37, 0x3542ba87, 0x8d1a2009,
	0x20578b12, 0x471a8718, 0x9c840bdd, 0x0d451887, 0x41112008, 0x19201013, 0xae8c118c, 0x96411987, 0x8d85880a,
	0x886c838d, 0x83508c48, 0x8e1b2019,
	0x0c3c4248, 0x73656c23, 0x0aae4273, 0x0f8a1620, 0x1320168a, 0xec42168b, 0x8b172006, 0x20a38a13, 0x41178b14,
	0x0e200767, 0x07411484, 0x474f8508,
	0x1d200dfe, 0xab492284, 0x84112017, 0x0b02471d, 0x118c1920, 0x0c20d48b, 0xa6861984, 0x0c871020, 0x8507a443,
	0x0eb9439f, 0xc98a1489, 0x3a840f20,
	0x23054e43, 0x67696c2e, 0x5e43f185, 0x84212011, 0x0a1c4627, 0x830c4a4b, 0x840d2039, 0x07804321, 0x0d881520,
	0x2241b58b, 0x08074305, 0x26431220,
	0x43b98d09, 0x5a830a1f, 0x278a1c20, 0x830cfa42, 0x05ce411c, 0x7e411690, 0x090e4305, 0x27412a83, 0x85fd8a05,
	0x08b74bb3, 0x2d426684, 0x4347850e,
	0xb7850dcf, 0x5a832d88, 0x0d881820, 0x4a495f20, 0x8d18840e, 0x8e1b2013, 0x0b224113, 0x1b8f1e20, 0x41413a8d,
	0x08bf4605, 0x3a47fc85, 0x89152010,
	0x0ae14234, 0x8d069b44, 0x89112050, 0x615f220e, 0x20ca8374, 0x41118a16, 0x19200a2b, 0x428d168a, 0x19942120,
	0x8f85d48b, 0x4405714e, 0xa24109f0,
	0x2477830a, 0x3173732e, 0x42a38630, 0x14820822, 0x1a393022, 0x84142f45, 0x072b081a, 0x63746962, 0x046e696f,
	0x6f727565, 0x72696c0b, 0x72755461,
	0x6873696b, 0x62757205, 0x720b656c, 0x65657075, 0x69646e49, 0x820b6e61, 0x76693345, 0x6e656c61, 0x6c0a6563,
	0x6369676f, 0x6e616c61, 0x0a860964,
	0x726f2308, 0x63696d05, 0x6d096f72, 0x73756e69, 0x3130302e, 0x41707507, 0x776f7272, 0x726f6e0e, 0x61456874,
	0x0e847473, 0x69720a24, 0x0a856867,
	0x6f730e23, 0x24198a75, 0x776f6409, 0x8523846e, 0x65572118, 0x09233286, 0x8666656c, 0x884b8431, 0x830e2018,
	0x88522018, 0x750b234f, 0x42874470,
	0x6f6c1329, 0x4f726577, 0x8345656e, 0x4268261e, 0x6b636f6c, 0x26138714, 0x72617551, 0x84726574, 0x84162014,
	0x68542314, 0x2a866572, 0x16847320,
	0x16840e20, 0x6c614823, 0x200e8466, 0x220e8415, 0x8c766946, 0x89172024, 0x8552863b, 0x2453853c, 0x65766553,
	0x857e856e, 0x66092416, 0x846c6c75,
	0x750e254e, 0x72657070, 0x13205d88, 0xac8d0e84, 0x826c1221, 0x20128df4, 0x8b128613, 0x831520be, 0x20bd9013,
	0x84158309, 0x83142069, 0x20b78f09,
	0x8c348816, 0x904b84b6, 0x05b041b5, 0x13254c84, 0x68676972, 0x41948d74, 0x4c200528, 0x2284ac82, 0x6f6c0f26,
	0x52726577, 0xe98a2783, 0x27201e88,
	0x0e83e984, 0x646e4123, 0x8b2a834c, 0x2036890b, 0x8927901b, 0x22438c1b, 0x86707055, 0x84508b6e, 0x8b28207a,
	0x89279143, 0x840f2050, 0x847c8f28,
	0x9054960f, 0x8927871b, 0x730a2b44, 0x65646168, 0x6867696c, 0x0a840b74, 0x64656d26, 0x096d7569, 0x64240b84,
	0x0c6b7261, 0x3105f451, 0x63726943,
	0x620b656c, 0x6b63616c, 0x61757153, 0x8e826572, 0x0d834220, 0x69725429, 0x6c676e61, 0x41721265, 0x2082054d,
	0x11241287, 0x6e776f64, 0x1120248c,
	0x8a05f141, 0x24468223, 0x74696857, 0x8c468d65, 0x8d468412, 0x8c468311, 0x621a2a11, 0x6f44786f, 0x656c6275,
	0x82738244, 0x6f482ae7, 0x6f7a6972,
	0x6c61746e, 0x241a8f14, 0x7466654c, 0x20148f15, 0x20bd8352, 0x89158813, 0x8818203e, 0x70552113, 0x1220578c,
	0x5583188d, 0x2b843f89, 0x11205384,
	0x56282688, 0x69747265, 0x1e6c6163, 0x578c1190, 0x30877089, 0x5d831e82, 0x37931920, 0xcd836384, 0xc0834c20,
	0x6169442d, 0x616e6f67, 0x6f72436c,
	0x82257373, 0x24158c2f, 0x65707055, 0x22498372, 0x424c6f54, 0x259508ff, 0x26865684, 0x4b857b87, 0x200f5e41,
	0x85658813, 0x202d8319, 0x84138e14,
	0x8712204d, 0x095b4114, 0x12871720, 0x200e5a41, 0x83178c11, 0x413c8851, 0x10200958, 0x26412487, 0x8f1d2007,
	0x0c564110, 0x55416b88, 0x9218200e,
	0x35af8435, 0x70657214, 0x6563616c, 0x746e656d, 0x72616843, 0x65746361, 0x62550c72, 0x6f632407, 0x550d626d,
	0x0d83083d, 0x72670925, 0x84657661,
	0x63612309, 0x09847475, 0xcf551020, 0x2432840b, 0x6f726163, 0x2409836e, 0x746c612e, 0x099f550e, 0x1c883784,
	0x72620923, 0x244b8565, 0x6e697208,
	0x231c8467, 0x646c6974, 0x0a205484, 0x83051656, 0x82142014, 0x616d2a04, 0x6e727574, 0x62616465, 0x2032856f,
	0x0a51560f, 0x62210a82, 0x066a560b,
	0x0a200b83, 0x83054a56, 0x7507270a, 0x3045696e, 0x07863041, 0x07863120, 0x07863220, 0x07853320, 0x1f864220,
	0x1f864220, 0x1f864220, 0x0a334231,
	0x2e67696c, 0x63617073, 0x660b7265, 0x83747469, 0x616823a7, 0xf7550972, 0x30732205, 0x20098831, 0x21098832,
	0x3c560a33, 0x73732605, 0x72063430,
	0x2306822e, 0x61620835, 0x36210884, 0x23388408, 0x09746c61, 0x09822385, 0x2e720522, 0x07200582, 0x07822183,
	0x07830a20, 0x6f726226, 0x0c6e656b,
	0x5b563484, 0x2ca88306, 0x30313032, 0x01000100, 0x0f00ffff, 0x21009900, 0x01840018, 0xff29ff25, 0x82500029,
	0x004b3801, 0x00a8024b, 0x02de0200,
	0xff000006, 0xffb20229, 0x02ec02f6, 0x82f6ff10, 0x003c081f, 0x202c00b0, 0x585500b0, 0x20205945, 0x0e00b84b,
	0x06b04b51, 0xb0585a53, 0x28b01b34,
	0x20666059, 0xb058558a, 0xb9612502, 0x00080008, 0x62236363, 0xb021211b, 0x00b05900, 0xb2442343, 0x38088b82,
	0x2d426043, 0xb02c01b0, 0x2d666020,
	0x232c02b0, 0x2d212321, 0x202c03b0, 0x1403b364, 0x43420015, 0x204313b0, 0xb1426060, 0x42431402, 0x430325b1,
	0x544302b0, 0x0cb02078, 0x2a088223,
	0xb0646143, 0xb2785004, 0x82020202, 0x21b02446, 0x83211c65, 0x0eb22615, 0x1c420115, 0x250a8220, 0x13b24223,
	0x1b821301, 0x00b02329, 0x59655850,
	0x830116b2, 0xb02d2a29, 0x03b02c04, 0x4315b02b, 0x236f8358, 0x434316b0, 0x1b3e2086, 0xb0206420, 0x04b050c0,
	0x28b25a26, 0x45430d01, 0x06b04563,
	0xb0215845, 0x52592503, 0x9c82585b, 0x588a1b26, 0x5050b020, 0x40251282, 0xb0201b59, 0x24098338, 0x20595938,
	0x822d85b1, 0x82282091, 0x220d8612,
	0x8230b020, 0x30b0210c, 0xc02e2983, 0x66205850, 0x618a8a20, 0x500ab020, 0x3b826058, 0x1b832020, 0x09830a20,
	0x09833620, 0x1b603635, 0x59595960,
	0x2502b01b, 0x63430cb0, 0x585200b0, 0x834b00b0, 0x8221202c, 0x4b1b230f, 0x25831eb0, 0x614b1e26, 0x630010b8,
	0x632f1182, 0x620005b8, 0x61645959,
	0x2b01b059, 0x85235959, 0x205922e2, 0x2dcf8264, 0x2d594223, 0x202c05b0, 0x04b02045, 0xd3826125, 0x5043072e,
	0x2307b058, 0x2308b042, 0x21211b42,
	0x60243282, 0x2c06b02d, 0x0328fe84, 0xb164202b, 0x20426207, 0xee831c83, 0xbe851b20, 0xb0280583, 0x63456002,
	0x212a05b0, 0x43241c82, 0x8a208a20,
	0xb1386b82, 0xb0250530, 0x58512604, 0x611b5060, 0x23585952, 0x20592159, 0x585340b0, 0x1b231b82, 0x8740b021,
	0xb02d318a, 0x09b02c07, 0x00b22b43,
	0x60430002, 0x08b02d42, 0x233a0e82, 0xb0202342, 0x61422300, 0x666202b0, 0xb06301b0, 0x07b06001, 0x09b02d2a,
	0xad83202c, 0x63430e26, 0x620004b8,
	0xaf822282, 0x59604022, 0x60212283, 0x2c248244, 0x2c0ab02d, 0x000e09b2, 0x2a424543, 0x08384221, 0x422c0b21,
	0x0c200d48, 0x01224585, 0x1782232b,
	0x6032fa82, 0x238a4520, 0x20642061, 0x585020b0, 0x1b00b021, 0x578230b0, 0x821b2021, 0x25a587a4, 0x232503b0,
	0x62854461, 0x3e960d20, 0x8224b021,
	0x883c8235, 0x21348bda, 0xd0842c0e, 0x0c0db325, 0x82450300, 0x231b3565, 0x212a5921, 0x2c0fb02d, 0x450202b1,
	0x446164b0, 0x2c10b02d, 0x2029c282,
	0x430fb020, 0x5000b04a, 0x24088258, 0xb0594223, 0x200d8310, 0x200d8252, 0x220d8210, 0x8211b02d, 0x62102148,
	0x2024f183, 0x630004b8, 0x2708b882,
	0x604311b0, 0x20608a20, 0x422311b0, 0x12b02d23, 0x58544b2c, 0x446404b1, 0x0db02459, 0x2d782365, 0x4b2c13b0,
	0x534b5851, 0x1b211485, 0x20178221,
	0x3c178413, 0x00b12c14, 0x58554312, 0x431212b1, 0x426101b0, 0x592b11b0, 0xb04300b0, 0xb1422502, 0x2004830f,
	0x24048210, 0x231601b0, 0x2dc98220,
	0x01b15850, 0xb0604300, 0x8a422504, 0x7683208a, 0x212a1023, 0x87368223, 0x851b200b, 0x2332831f, 0xb0612502,
	0x59201d82, 0x4720c982, 0x4723bf82,
	0x4102b060, 0x20210dac, 0x14c241b0, 0x00b14108, 0x44231300, 0xb04301b0, 0x01b23e00, 0x60430101, 0x15b02d42,
	0x00b1002c, 0x58544502, 0x422312b0,
	0x0eb04520, 0x0db04223, 0x6002b023, 0xb7602042, 0x00011818, 0x00130011, 0x8a424242, 0x14b02060, 0x012e1b82,
	0x0814b161, 0x2b8bb02b, 0x2d59221b,
	0xe38216b0, 0x2d2b1527, 0xb12c17b0, 0x23078301, 0x02b12c18, 0x19230783, 0x8303b12c, 0x2c1a2307, 0x078304b1,
	0xb12c1b23, 0x23078305, 0x06b12c1c,
	0x1d230783, 0x8307b12c, 0x2c1e2307, 0x078308b1, 0xb12c1f23, 0x24078309, 0x20232c2b, 0x057f41b0, 0x6006b02e,
	0x2358544b, 0x01b02e20, 0x21211b5d,
	0x2c206c82, 0x16201c8a, 0x71201c88, 0x2d201c85, 0x26201c8a, 0x72201c88, 0x20251c85, 0x0fb0002c, 0x23e7982b,
	0xb56101b0, 0xe783ea85, 0x2120df8b,
	0x2020df82, 0x2220df82, 0x0783df82, 0xdf822320, 0x24200783, 0x0783df82, 0xdf822520, 0x26200783, 0x0783df82,
	0xdf822720, 0x28200783, 0x0783df82,
	0xdf822920, 0x2a200783, 0x0783df82, 0x202c2e32, 0x6001b03c, 0x2c2fb02d, 0x18b06020, 0x23432060, 0x43240e82,
	0x612502b0, 0xb0350782, 0x2d212a2e,
	0xb02c30b0, 0x2fb02b2f, 0x31b02d2a, 0x4720202c, 0x16cd4120, 0x38612327, 0x558a2023, 0x25219c58, 0x2d59211b,
	0xe24132b0, 0x0eb13407, 0xb0424506,
	0x31b01601, 0x0105b12a, 0x30584515, 0x82221b59, 0x41332020, 0x23970a1e, 0x202c3423, 0x20b98435, 0x854d8235,
	0x44452047, 0xb0221126, 0x7b422b01,
	0x23178314, 0x00b41600, 0x44270083, 0xb138233e, 0x83150134, 0x2c3623eb, 0xc0823c20, 0x602f3394, 0x614300b0,
	0x37b02d38, 0x3c172e2c, 0x9f38b02d,
	0x01b0232a, 0x2e826343, 0x2c393308, 0x160002b1, 0x202e2025, 0x2300b047, 0x2502b042, 0x478a8a49, 0x61234723,
	0x1b625820, 0x01b05921, 0x38b24223,
	0x14150101, 0x3ab02d2a, 0x1600b02c, 0x268217b0, 0xb0250424, 0x26842504, 0x000cb12f, 0x430bb042, 0x2e8a652b,
	0x3c202023, 0x2053828a, 0x21268d3b,
	0x28842e20, 0x06b02024, 0x2d874223, 0x60b0203e, 0xb0205850, 0xb3585140, 0x20052004, 0x2604b31b, 0x42591a05,
	0xb0202342, 0x8a20430a, 0x81827f82,
	0x60462325, 0x434306b0, 0x60240fae, 0x2b01b020, 0x30059546, 0x64604304, 0x4305b023, 0x58506461, 0x614304b0,
	0x240b821b, 0x03b05960, 0x20338f25,
	0x289a8261, 0x232604b0, 0x1b386146, 0x20618223, 0x82e78246, 0x82978406, 0x8264924f, 0x2b012288, 0x207e8223,
	0x236d8260, 0x612505b0, 0x558f0382,
	0x61245182, 0x2504b020, 0x03208483, 0x49450582, 0x236b8906, 0x3cb02d59, 0x25070b41, 0xb0202020, 0x0b412605,
	0x3c232506, 0x3db02d38, 0xb0231a88,
	0x8242230a, 0x2346221f, 0x216c8247, 0x1b826123, 0x42413e20, 0x41cc8308, 0xb0290569, 0x2e585400, 0x21233c20,
	0x20bd831b, 0x82148502, 0x088a4154,
	0x2506b022, 0x4920a582, 0x410bbb48, 0x794205c4, 0x23602111, 0x2106ad41, 0xa4822123, 0x898a3f20, 0xa2864320,
	0xb0602025, 0x8f666020, 0x07e241f2,
	0x232c4025, 0x82462e20, 0xb0463569, 0x50584317, 0x5859521b, 0x2e593c20, 0x140130b1, 0x41b02d2b, 0x52221d8c,
	0x1d8c501b, 0x1d8c4220, 0x4f8b3b87,
	0x4324318f, 0x2b3ab02c, 0x442e709b, 0x2b3bb02c, 0x3c20208a, 0x422306b0, 0x2a99388a, 0x4306b025, 0x8230b02e,
	0x844520a2, 0x250424f2, 0x412604b0,
	0x61240579, 0x42230cb0, 0x2205a942, 0x82430bb0, 0x203c246d, 0x8638232e, 0x2c462ad0, 0x25040ab1, 0x1600b042,
	0x203283b0, 0x2dd24225, 0xc5424720,
	0x02b02447, 0x82614625, 0x233c26dd, 0x20211b38, 0x082f4220, 0x86592121, 0x2c4725a7, 0x2b3a00b1, 0x20078641,
	0x230d8248, 0x23212b3b, 0x86061741,
	0x080241cd, 0xb02c4924, 0xf6431500, 0x00b22d05, 0x14150101, 0x36b02e13, 0x4ab02d2a, 0x4b281796, 0x0100b12c,
	0x37b01314, 0x4c232382, 0x8239b02c,
	0x824d2006, 0x4516292a, 0x202e2023, 0x61238a46, 0x30072d41, 0x0ab02c4e, 0x4db04223, 0x4fb02d2b, 0x0000b22c,
	0x20088246, 0x20088250, 0x23088301,
	0x01b22c51, 0x52201184, 0x11840882, 0x1a825320, 0x82470021, 0x82542023, 0x83012008, 0x82552008, 0x2011841a,
	0x84088256, 0x2c572611, 0x000000b3,
	0x20248243, 0x20098258, 0x23098401, 0x01b32c59, 0x5a201385, 0x13850982, 0x1d825b20, 0x43010022, 0x5c202782,
	0x01200982, 0x5d200984, 0x13851d82,
	0x09825e20, 0x5f201385, 0x00216a82, 0x20268245, 0x20088260, 0x20088301, 0x846a8261, 0x82622011, 0x20118408,
	0x211a8263, 0x23824800, 0x08826420,
	0x08830120, 0x1a826520, 0x66201184, 0x11840882, 0x97846720, 0x24824420, 0x97846820, 0x69200983, 0x09839784,
	0x97846a20, 0x6b200983, 0x09839784,
	0x97846c20, 0x6d200983, 0x09839784, 0x97846e20, 0x6f240983, 0x3c00b12c, 0x2008c041, 0x210d8470, 0x5e8240b0,
	0x0a857120, 0x0a824120, 0xb02c7224,
	0x26831600, 0x8242b021, 0x2c73250d, 0x2b3c01b1, 0x74202384, 0x23830a85, 0x23847520, 0x23831883, 0x3c827620,
	0x55883d20, 0x0d847720, 0x78203184,
	0x41200a85, 0x79204782, 0x2e830a85, 0x47827a20, 0x52853d20, 0x0a857b20, 0x7c202083, 0x20830a85, 0x2b827d20,
	0x4f883e20, 0x0d847e20, 0x7f204f84,
	0x2e830a85, 0x0a858020, 0x5a824220, 0x39828120, 0x4f853e20, 0x0a858220, 0x83202083, 0x20830a85, 0x2b828420,
	0x4f883f20, 0x0d848520, 0x86204f84,
	0x41200a85, 0x87204482, 0x2e830a85, 0x39828820, 0x4f853f20, 0x0a858920, 0x8a202083, 0x20830a85, 0x2c8b2108,
	0x03000bb2, 0xb0585045, 0x04b21b06,
	0x58450302, 0x211b2123, 0x2b425959, 0xb06508b0, 0x78502403, 0x2e07d047, 0xb84b002d, 0x5852c800, 0x8e0101b1,
	0x4d01b059, 0x702a05f2, 0x420700b1,
	0x020020b3, 0x09832a00, 0x0815b526, 0x0a02020f, 0x1d230b85, 0x84001206, 0x4209260b, 0x048005bb, 0x20248200,
	0x2419820b, 0x00bb420b, 0x33018240,
	0x2a0b0002, 0x000300b9, 0x24b14400, 0x58518801, 0x588840b0, 0x64230f83, 0x8328b144, 0x08b8220f, 0x25108500,
	0x1b594400, 0x128327b1, 0x8008ba29,
	0x40040100, 0x84546388, 0x20188229, 0x3b008259, 0x110617b5, 0x2a0e0201, 0x85ff01b8, 0xb18d04b0, 0xb3440002,
	0x00066405, 0x00004444, 0x9af4fa05,
	0x000026c7,
};
static const unsigned int DefaultFontBoldCompressedSize            = 65661;
static const unsigned int DefaultFontBoldCompressedData[65664 / 4] =
{
	0x0000bc57, 0x00000000, 0x1c920100, 0x00000400, 0x00010025, 0x82110000, 0x00042e04, 0x45444710, 0x22a92346,
	0x010000ef, 0x2815821c, 0x4f5047e0,
	0x9db9b053, 0x3f0f82b8, 0x0a0000fc, 0x55534758, 0x71231142, 0x0c00001b, 0x50000054, 0x2f534ffe, 0x5ad15c32,
	0x5d0000a2, 0x00290f82, 0x616d6360,
	0x7ab72570, 0x300f8291, 0x060000b4, 0x7476633a, 0x0bae0220, 0x8301005c, 0x284f8214, 0x67706646, 0xfd2e626d,
	0x280f827c, 0x0e00005c, 0x7361670c,
	0x20178270, 0x200f8210, 0x3c07820c, 0x796c6708, 0x31ba0f66, 0x63000084, 0xea0000f0, 0x6165685c, 0x49b41e64,
	0x4e01001b, 0x211f824c, 0x10826836,
	0x079aff23, 0x820f824f, 0x24002923, 0x78746d68, 0x67d848e7, 0xa8200f82, 0x143c9f82, 0x61636f6c, 0xba97dc5c,
	0xbc580100, 0x0c050000, 0x7078616d,
	0x51129c08, 0xc85d0100, 0x20283f82, 0x656d616e, 0x54a9cb82, 0xe8200f82, 0x862b1f82, 0x74736f70, 0xc329dab2,
	0x82630100, 0x9c1f2d87, 0x70657270,
	0x82f53b53, 0x68910100, 0xb2262f82, 0x02000100, 0x09820e00, 0xa8200283, 0x19200b82, 0x12201182, 0x14220382,
	0x05821400, 0x26001622, 0x28220582,
	0x05822800, 0x32002a22, 0x34220582, 0x05823700, 0x39003922, 0x3b220582, 0x05825300, 0x8a005522, 0x8d220582,
	0x05829600, 0x9d009822, 0x9f220582,
	0x0582a000, 0xab00ab22, 0xad220582, 0x0582b000, 0xb200b222, 0xb4220582, 0x0582cc00, 0xd000ce22, 0xd2220582,
	0x0582d200, 0xf200d434, 0xde010100,
	0x0100de01, 0x5f025002, 0x69020300, 0x0b826a02, 0x79027622, 0x7e220582, 0x05828002, 0x83028322, 0x01222982,
	0xa2820300, 0x03821020, 0x03822020,
	0xa9822820, 0x31820220, 0x00005328, 0x5b025602, 0x21820400, 0x5d020224, 0x17865e02, 0x83005421, 0x005c2217,
	0x3b178205, 0x000a0000, 0x006a0048,
	0x4c464403, 0x67140054, 0x006b6572, 0x74616c14, 0x0018006e, 0x1c2b4b83, 0x414b0400, 0x1c00205a, 0x824c4f4d,
	0x4f522205, 0x2205824d, 0x824b5254,
	0x00002305, 0x5182ffff, 0x45820020, 0x616d022c, 0x0e006b72, 0x6b6d6b6d, 0x81821a00, 0x03820420, 0x1b820120,
	0x02229583, 0x69820400, 0x0e00062c,
	0x3a04c602, 0xc808c007, 0x11820e09, 0x0100002a, 0x01000800, 0x0c00c808, 0xd0220582, 0x2d82a000, 0x13821820,
	0x39821220, 0x1400142c, 0x16001200,
	0x13002600, 0x01822800, 0x2a00242e, 0x25003200, 0x37003400, 0x39002e00, 0x20080182, 0x003b0032, 0x00330053,
	0x008a0055, 0x008d004c, 0x00820096,
	0x009d0098, 0x009f008c, 0x009200a0, 0x280182ab, 0x00ad0094, 0x009500b0, 0x300182b2, 0x00b40099, 0x009a00c0,
	0x00cc00c2, 0x00ce00a7, 0x081382d0,
	0xd200d226, 0xd400b500, 0xb600f200, 0xde01de01, 0x6902d500, 0xd6006a02, 0x80028002, 0x8302d800, 0xd9008302,
	0x4008da00, 0x01210195, 0x201784b6,
	0x22058452, 0x91bc0140, 0x40082301, 0x1d83c201, 0x95e00121, 0x891b8941, 0x872b9b21, 0x20238845, 0x21098752,
	0x37a3e001, 0x19988599, 0x1f95dd86,
	0x85c80121, 0x211d8501, 0xef82ce01, 0xcda5e984, 0x84d40121, 0x075f4101, 0x0125cb82, 0x01ec01e6, 0x896b95ec,
	0xf2012315, 0x018a3a08, 0x25069d41,
	0xfe01f801, 0x25830402, 0x080a022d, 0x01010040, 0x0000006e, 0x84380101, 0x84352005, 0xff2c2c05, 0x01010034,
	0x002aff2c, 0x83cc0001, 0x7e002711,
	0x01001bff, 0x0583de00, 0x83770121, 0x29012111, 0x2d200b84, 0x00210b83, 0x200584c4, 0x281784ce, 0x0016002c,
	0xff340101, 0x09b74251, 0x000c0029,
	0x00010012, 0x829a0094, 0x02012605, 0x0002005f, 0x20098215, 0x242f8207, 0x000a0009, 0x24318207, 0x0009001d,
	0x2201821f, 0x82280011, 0x00122801,
	0x002f002a, 0x82310013, 0x00192801, 0x00470041, 0x8249001a, 0x00213a01, 0x0063005d, 0x00650022, 0x00290066,
	0x007e0078, 0x0080002b, 0x00320081,
	0x225d828d, 0x82960034, 0x003c2201, 0x280182a0, 0x00ba003d, 0x003e00c0, 0x320182c2, 0x00d60045, 0x004600dc,
	0x00df00de, 0x0283024d, 0x824f0083,
	0x0500267d, 0x00500094, 0x210190a2, 0x018f00a8, 0x8d00ae21, 0x00cc2101, 0xb421018d, 0x20018f00, 0x8d7d82ba,
	0x82c02003, 0x21038c8d, 0x458e8e05,
	0xc600cc22, 0xcc2a0190, 0xcb010100, 0x01000000, 0x05846a01, 0x05845120, 0x05842220, 0x05849420, 0x05843220,
	0x05839e20, 0x001c0223, 0x0973410a,
	0x00e20431, 0x0501000c, 0x00e80008, 0x00240002, 0x82090001, 0x000b2223, 0x28078212, 0x00140014, 0x00160011,
	0x260d821e, 0x00260020, 0x8228001b,
	0x00222801, 0x0030002a, 0x82320023, 0x002a2801, 0x00370034, 0x8239002b, 0x002f2401, 0x823f003b, 0x41300819,
	0x35004800, 0x53004a00, 0x55003d00,
	0x47006500, 0x72006700, 0x74005800, 0x64008000, 0x8a008200, 0x8d007100, 0x7a009500, 0x9d009800, 0xa0008300,
	0x89220182, 0x0182ab00, 0xad008a28,
	0x8b00b000, 0x0182b200, 0xb4008f2a, 0x9000b800, 0xc100ba00, 0xc3222b82, 0x2b82cc00, 0xd000ce26, 0xd200a700,
	0xaa240182, 0xde00d400, 0x38083182,
	0x00eb00e0, 0x00ed00b6, 0x01c200f2, 0x00de01de, 0x026902c8, 0x02c9006a, 0x00790276, 0x027e02cb, 0x02cf007f,
	0x00830283, 0x01d200d1, 0x01f401ee,
	0x01dc01ac, 0x01e801e2, 0x200d82d0, 0x200382d6, 0x241584ee, 0x02ee01fa, 0x82098200, 0x20238207, 0x822383fa,
	0x2225850f, 0x82a601ee, 0x86ac2019,
	0x22438321, 0x88e201dc, 0x84b2201d, 0x01be2443, 0x84be01b8, 0x01f42109, 0x25864383, 0xca206782, 0xee226984,
	0x6b8bc401, 0x13867387, 0x338f3185,
	0xf4209d85, 0xa785af86, 0x2983bb85, 0x0002fa34, 0x94045e04, 0x48020602, 0x8e048204, 0x5e04b804, 0x11824202,
	0x15845e20, 0x05827220, 0x11828820,
	0x0d850c20, 0x88202384, 0x7e242586, 0x12021802, 0x1e220382, 0x1d822402, 0x2a025e22, 0x36240182, 0x36023002,
	0x94213d84, 0x833b8302, 0x20578559,
	0x8459839a, 0x8e522019, 0x2127841f, 0x01833c02, 0x2f8a6584, 0x94208986, 0x8e2c7784, 0x54024e02, 0x60025a02,
	0x6c026602, 0x72212984, 0x829b8204,
	0x0478389d, 0x047e0252, 0x028804ac, 0x048a0284, 0x04900282, 0x0101005e, 0x82a80235, 0x032c2205, 0x200582ae,
	0x270b83b8, 0x9603a300, 0xa3000100,
	0x25221784, 0x1d84b202, 0x05847320, 0x05848620, 0x0584ed20, 0x0584c020, 0x05845d20, 0x0583af20, 0x2c202f84,
	0x01233b83, 0x84d9032c, 0x848e2017,
	0x84162005, 0x82bc2005, 0x032b2105, 0x2b220b83, 0x0b831002, 0x82f60221, 0x032f2105, 0x36201783, 0x2c220584,
	0x4784c603, 0x0582d820, 0x23840120,
	0x55032c22, 0x28203b84, 0x2d200582, 0x30201184, 0xfe200586, 0x30211182, 0x22178303, 0x84c50230, 0x8417200b,
	0x84412029, 0x20778341, 0x20538632,
	0x22cb824b, 0x82db02f9, 0x02f72205, 0x10f944fe, 0x70006434, 0x01000100, 0x02005502, 0x36000d00, 0x00003700,
	0x01823900, 0x41000228, 0x03004700,
	0x01824900, 0x5d000a28, 0x0b006600, 0x01828900, 0xaf001528, 0x1600b000, 0x0182b200, 0xba001828, 0x1900c000,
	0x0182c200, 0xd2002022, 0x212c0182,
	0xdf00d400, 0x83022200, 0x2e008302, 0x00225782, 0x05820600, 0x2f03bf26, 0x60002f00, 0x66200184, 0x038b4982,
	0x91006c21, 0x00722201, 0x21018478,
	0x018d008a, 0x83007e21, 0x00842101, 0x8a200191, 0xdf226582, 0xc782a802, 0x05844420, 0x05841020, 0xde020528,
	0x70010100, 0x0582d802, 0x0d033a22,
	0x04221d82, 0x23841002, 0x97820620, 0x00210982, 0x2237820a, 0x820c0001, 0x00012401, 0x492a0014, 0x00200a5f,
	0x00221b82, 0x39821000, 0x00003026,
	0x2c010100, 0x02200582, 0x0c203582, 0xe2222382, 0x11821bff, 0x51ff3922, 0x02204588, 0x0c221582, 0x05821c00,
	0x7c003222, 0x25109d49, 0x02030002,
	0xad490250, 0x00592805, 0x025b0205, 0x8209005c, 0x00002273, 0x8f55823e, 0x82322003, 0x20038713, 0x201f8a38,
	0x22738244, 0x8206022c, 0x842d2005,
	0x022c2105, 0x2e209d83, 0x0b260b82, 0x1e001800, 0xbf822400, 0x3600302c, 0x42003c00, 0x4e004800, 0x2f845400,
	0x0584c520, 0x0583f620, 0x84170321,
	0x84fe200b, 0x84db2005, 0x841e2011, 0x84372005, 0x23d98205, 0x4b032d01, 0xee201d84, 0x2e220582, 0xcf822a03,
	0x0a000026, 0xa602c800, 0x3620574a,
	0x4c4f4d36, 0x52520020, 0x00204d4f, 0x4b52546e, 0x008a0020, 0x82ffff00, 0x8200203d, 0x00022445, 0x82080007,
	0x000a22f3, 0x20f7820b, 0x2019840d,
	0x24db820b, 0x00020001, 0x201b9a03, 0x201b9a04, 0x201b9a05, 0x271b8e06, 0x6c61610e, 0x63560074, 0x5e2c0583,
	0x706d6363, 0x6f6c9601, 0x9c016c63,
	0xa2200584, 0xa8200584, 0xae210584, 0x27238273, 0x7373b401, 0xba013130, 0x32220582, 0x0582c001, 0xc6013322,
	0x34220582, 0x0582cc01, 0xd2013522,
	0x36220582, 0xbf82d801, 0xc3840220, 0x9a000025, 0x83000200, 0x820a208f, 0x0f2e09dd, 0x14001200, 0x19001600,
	0x1f001c00, 0x24002200, 0x28002600,
	0x2c002a00, 0x32002f00, 0x36003400, 0x3b003900, 0x3f003d00, 0x44004100, 0x48004600, 0x4e004b00, 0x53005000,
	0x58005600, 0x5c005a00, 0x60005e00,
	0x65006200, 0x6a006800, 0x6e006c00, 0x73007100, 0x78007500, 0x7d007b00, 0x83008000, 0x87008500, 0x8b008900,
	0x8f008d00, 0x93009100, 0x99009600,
	0x9f009c00, 0xa400a200, 0xa800a600, 0xac00aa00, 0xb000ae00, 0xb400b200, 0xb900b700, 0xbd00bb00, 0xc100bf00,
	0xc600c300, 0xcb00c800, 0xcf00cd00,
	0xd400d100, 0xd900d600, 0xdd00db00, 0xe100df00, 0xe500e300, 0xe900e700, 0xed00eb00, 0xf100ef00, 0xf500f300,
	0xf900f700, 0xfd00fb00, 0x03010001,
	0x08010601, 0x0c010a01, 0x11010e01, 0x15011301, 0x1a011701, 0x20011d01, 0x26012301, 0x2c012901, 0x32012f01,
	0x37013401, 0x3c013a01, 0x41013e01,
	0x46014401, 0x4b014801, 0x50014e01, 0x56015301, 0x5c015901, 0x61015f01, 0x65016301, 0x6a016801, 0x70016d01,
	0x01000000, 0x05847e01, 0x05847320,
	0x05847420, 0x05847520, 0x05847620, 0x2005cf49, 0x200b8478, 0x20058479, 0x2005847a, 0x2005847b, 0x0805847c,
	0x80017d38, 0x3c030203, 0xae035e03,
	0xbc039204, 0x1c040204, 0x92048404, 0x1205a604, 0x80052c05, 0x8e050406, 0x0406f605, 0x60061806, 0xd0067206,
	0x3007e206, 0x3e07b407, 0x0582a607,
	0x0a08c828, 0x18088e08, 0x05828008, 0xe808a23c, 0x4c09fa08, 0xba096609, 0x140acc09, 0xcc0a2e0a, 0x200be60a,
	0x2e0b360d, 0x05827a0b, 0x0b889e09,
	0x0c0a0cf8, 0x0d800c6e, 0x0d360d1c, 0x0e1e0e4a, 0x0e7e0e30, 0x0ee60e90, 0x0f420ff8, 0x4db20f54, 0x10c40f00,
	0x10361024, 0x11b410a2, 0x113a2312,
	0x27821124, 0x129411a6, 0x12121200, 0x12a6277e, 0x23f61298, 0x1310133a, 0x14901372, 0x141e1400, 0x15ac148e,
	0x15141502, 0x15881576, 0x161016f6,
	0x16004da2, 0x4d4e17c0, 0x176c1700, 0x18d817c6, 0x185c184a, 0x19c418b2, 0x19d64b18, 0x19b0192a, 0x1a2c1ac2,
	0x23ae1a3e, 0x1bc01a3a, 0x1ba62730,
	0x1bae1b42, 0x273e1cc0, 0x1c581ca6, 0x1c3a23b6, 0x1d521dd0, 0x1dd21d70, 0x1e721ef0, 0x1f261f86, 0x1fb21f44,
	0x200c20c4, 0x20862026, 0x20e02098,
	0x4b5021f2, 0x216221d6, 0x21a627c4, 0x234022d2, 0x224e223a, 0x22a627b6, 0x232c23c4, 0x234e233a, 0x24a22388,
	0x241c2402, 0x247e2464, 0x250c25ee,
	0x257a2560, 0x26dc25c2, 0x266a264c, 0x27d026be, 0x27282716, 0x27a62794, 0x280e28ba, 0x286e2828, 0x28c42888,
	0x291e29d6, 0x29922930, 0x2a1c2ab0,
	0x2baa2a2e, 0x2bc42aaa, 0x2b4a2b30, 0x2baa2b9c, 0x2c142cbe, 0x2c6e2c26, 0x2cd42c80, 0x456e2df2, 0x2d802dd2,
	0x2e0e2efc, 0x2ed24598, 0x2f3c2fb2,
	0x2faa2f56, 0x300c30c4, 0x30963026, 0x311431b4, 0x318e312e, 0x321832a8, 0x32a63236, 0x331633c4, 0x33823330,
	0x34ee339c, 0x344e3408, 0x34ae3468,
	0x350e35c8, 0x357a3528, 0x35da3594, 0x364836f4, 0x36d23662, 0x383e37f0, 0x374c3756, 0x080582b4, 0x4838c2a8,
	0x6a385638, 0xbc38a238, 0x0e39f438,
	0xc039a639, 0x723a583a, 0x8a40de3a, 0x643bf83a, 0xc43b7e3b, 0x303cde3b, 0x983c4a3c, 0xba3ca63c, 0x5e3e083d,
	0xa03d163d, 0xba3d004d, 0x5e3e443e,
	0x003f723e, 0x1e3f004d, 0xfe3f7a3f, 0xf03f883f, 0x0c40fe3f, 0x8a407c40, 0x06419e40, 0x28411441, 0x88416e41,
	0x5a42d641, 0x4c42e441, 0x6e425a42,
	0xd042b642, 0x3c432243, 0x0e448a43, 0x00449843, 0x22440e44, 0x6a445844, 0xd444ba44, 0x824a4045, 0xc4455a45,
	0xe045d245, 0x52464046, 0xd64bd046,
	0x6847ea46, 0x7a47d64b, 0x0582c447, 0x4e48d228, 0x5c48d64b, 0x0582da48, 0x49f42a08, 0x494c493a, 0x4ac649ac,
	0x4a264a0c, 0x4a824a74, 0x4b184b96,
	0x4bbc4b2a, 0x4cea4bd6, 0x4c004d6a, 0x4df24c78, 0x4d2e4d00, 0x08018214, 0x424d2e34, 0xb64da84d, 0xd84dc44d,
	0x004eec4d, 0x404e144e, 0x00000100,
	0x08000100, 0x1a000200, 0x57000a00, 0xa4005c00, 0xd500d000, 0xce01cd01, 0x0002cc01, 0x1d825502, 0x56000a36,
	0x9f005b00, 0xd400cf00, 0x91019001,
	0xe701b401, 0x03005702, 0x012b3986, 0x04000e00, 0x244a1e4a, 0x834a2e4a, 0x00042a4f, 0x00f500c7, 0x00d701fc,
	0x21218706, 0x63843a01, 0x0c00052e,
	0x1800c405, 0x32002400, 0x4f010100, 0x05831382, 0x09822482, 0x4f010224, 0x0a82ed01, 0x68020122, 0x00209386,
	0x29856186, 0x04000022, 0x08201786,
	0xea220782, 0x5d89cbff, 0x00500023, 0x20bb8202, 0x242f822c, 0x001e4708, 0x215b8814, 0x5b8500ea, 0xea010122,
	0x06203b84, 0x04210582, 0x20618b00,
	0x20538806, 0x24418202, 0x01680202, 0x208b861e, 0x205f8aea, 0x27bd877c, 0x28001a00, 0x48003800, 0xb3836186,
	0x62834f20, 0x03201f82, 0x4f20bf82,
	0x0024d382, 0x68020200, 0xad82c38a, 0xc5870d84, 0x2f820920, 0x85000121, 0x82012039, 0x8809200b, 0x00012481,
	0x8accff14, 0x0106220d, 0x830d8219,
	0x08474137, 0x84760021, 0x005022e9, 0x24ad8204, 0x00260018, 0x20898a36, 0x204d82ed, 0x20318200, 0x20898203,
	0x0a4b41ed, 0x0b820120, 0x0b206983,
	0xed207988, 0x0b206584, 0x04200582, 0x1383ad8e, 0x08204383, 0xc9826784, 0x411c0121, 0x8589089b, 0x1382de20,
	0x0700082e, 0xde401000, 0x1c00ea40,
	0x28005c21, 0x51208984, 0x5120af84, 0x00206782, 0x02240982, 0xec015101, 0x200ed141, 0x820f830d, 0x222983b3,
	0x8a0e0000, 0xff8a22ed, 0x1e7141ce,
	0x53833383, 0x03205f87, 0x51215f82, 0x410d8301, 0x10200d71, 0x2006e141, 0x831b8201, 0x841120f7, 0x85398573,
	0x2805830f, 0x00080001, 0xff140001,
	0x0c7141cf, 0xc1861720, 0x4031eb88, 0x000200c2, 0x002e000a, 0x00b64404, 0x00c2440a, 0x21bd8616, 0x5d420101,
	0x4213200f, 0x1183105d, 0x15820020,
	0x02000825, 0x82007a40, 0x240121a5, 0x4021e389, 0x2a598468, 0x00040042, 0x001e400a, 0x86280018, 0x83a98359,
	0x05a7425b, 0xaf836783, 0xc5881520,
	0x2005cb42, 0x12bd4115, 0x6f871383, 0x6f840a20, 0x6f892120, 0x84d80021, 0x82042089, 0x001624cd, 0x82300022,
	0x8452206d, 0x825220ed, 0x05af4159,
	0x83015221, 0x0b1f430b, 0x1b821720, 0x29860120, 0xa3820020, 0x22093941, 0x41d5ff8a, 0x5d831eaf, 0x85010221,
	0x205f8353, 0x840b8303, 0x0daf4161,
	0xaf411a20, 0x22318308, 0x841b0000, 0x83398573, 0x431b206f, 0xd6200c21, 0x200caf41, 0x41c18616, 0x002108af,
	0x25e587cc, 0x1600882d, 0xbb822400,
	0x23845620, 0x89425620, 0x831d200e, 0x221d860f, 0x421e0000, 0xda200c89, 0x5183d99e, 0x56010223, 0x85538301,
	0x840b82d9, 0x20d98d0d, 0x83d98820,
	0x00002231, 0x85738421, 0x20d98339, 0x20d98c21, 0x20d98cdb, 0x89b58612, 0x44b420d9, 0x2c2109e5, 0x0ae544ac,
	0x01208587, 0x55838182, 0x87422320,
	0x20118310, 0x20158200, 0x21418208, 0xa382006e, 0x8a1d0121, 0x845c20e1, 0x901c2057, 0x00252435, 0x82080003,
	0x84c58267, 0x0dab4559, 0x4407f744,
	0x252007d7, 0x230d4945, 0x68022e01, 0x02221182, 0x3b824f01, 0xb820c389, 0x3a2a6b84, 0x0a000400, 0x1600e82b,
	0x4d432200, 0x25c58708, 0x01560102,
	0x008300ec, 0x9d410120, 0x90272008, 0x2011839b, 0x20d18600, 0x20d18464, 0x20d18a22, 0x20d19652, 0x23778329,
	0x363c2a3c, 0x2d417982, 0x01012205,
	0x446b8851, 0x29200593, 0x2f20c78e, 0x5120c786, 0xa820c78c, 0x84326184, 0x12000800, 0x1e00ac40, 0x3e002e00,
	0x5e004e00, 0x6f426c00, 0x82ea2008,
	0x01012257, 0x254d8263, 0x01ea0103, 0x0f8d0151, 0x0f8e5420, 0x8806af45, 0x8a5c202f, 0x8202201f, 0x0911413f,
	0x2005fd43, 0x1011412b, 0xb9451183,
	0x8232200d, 0x01022223, 0x41498256, 0x0221087f, 0x2e138256, 0x00060008, 0x00f825d0, 0x00dc00c4, 0x471c000e,
	0xf9540c0f, 0x01012205, 0x2027825a,
	0x43d58200, 0x022308ef, 0x41d9ff1c, 0x02210961, 0x2647840e, 0x01960105, 0x820c00a4, 0x462c2043, 0x30200e47,
	0x49875586, 0x00003122, 0x5a208d84,
	0x31205986, 0x23086541, 0xffc20101, 0x210a6f43, 0xbb419e01, 0x82332016, 0x000e2e7d, 0x0042251a, 0x00320026,
	0x0101003e, 0x8343825c, 0x8459825f,
	0x870b8555, 0x825c2067, 0x420b8771, 0xd78509ab, 0x7d883320, 0x2e010228, 0x43010200, 0xdb896802, 0x841c0121,
	0x824a2081, 0x330e2611, 0x331a001e,
	0x8571842a, 0x827583c9, 0x06bb4855, 0x5c206389, 0x70838182, 0x97860120, 0x35000022, 0x8310a141, 0x82002011,
	0x82082015, 0x00b8265f, 0x01680202,
	0x21758936, 0x7584a600, 0x05823020, 0x16000622, 0x200e4d41, 0x0e4d4137, 0x37823820, 0x1c000e2a, 0x38002a00,
	0x54004600, 0x02227386, 0x85845a01,
	0x0d87a985, 0x82059f44, 0x20a18819, 0x20278303, 0x85bb8701, 0x0721410d, 0x01203585, 0x7382ca82, 0x2408194a,
	0x0102000a, 0x06074344, 0x39825a20,
	0x23081542, 0x0e010600, 0x20068541, 0x222d8206, 0x821a000a, 0x003a3493, 0x0060004c, 0x00900080, 0x00b000a0,
	0x000300c2, 0x85501a01, 0xaa3f2103,
	0x03202582, 0x01280382, 0x0200401a, 0x9a3f9a3f, 0x30280f88, 0x8a3f0300, 0xc4153c00, 0x1e241188, 0x783f0400,
	0x2a224f82, 0x1388b215, 0x05000a26,
	0x1600643f, 0x15210183, 0x2015829e, 0x227d8202, 0x870401f5, 0xea19211f, 0x44205582, 0x00210582, 0x21658400,
	0x0f82da19, 0x34403422, 0xca201f88,
	0x24220f82, 0x0f845e15, 0x90360126, 0x143f0100, 0x01200b82, 0x3a200382, 0xa8203186, 0x02211382, 0x4b118500,
	0x0425081b, 0x0102006a, 0x0b2542a1,
	0x00d0043b, 0x000a0002, 0x09070034, 0x131000be, 0x23001eb2, 0x00541714, 0x0101001c, 0x203d825e, 0x0ac34401,
	0x4d84ec20, 0x0f423c20, 0x42118310,
	0x0427060f, 0x02020082, 0x420c0168, 0x0421090f, 0x16074370, 0x05003e2c, 0x8e3d0c00, 0x18009c06, 0x6d822400,
	0x73835d83, 0x6182c282, 0x5e010224,
	0x0a83ed01, 0x89850b82, 0x3e000022, 0x2109ed42, 0xc7821a04, 0xc78b9720, 0x84900321, 0x00302a67, 0x187a1205,
	0x2a0c00d8, 0x83578234, 0x820120bd,
	0x2049895b, 0x204384ed, 0x83c39040, 0x42002011, 0x032105d3, 0x20c38446, 0x21c3890e, 0xd3423403, 0x4242201a,
	0x5e2008d3, 0x43285b84, 0x08000300,
	0x1600283d, 0x01207784, 0x5e22a782, 0xc9865e01, 0x2585d583, 0x13823582, 0x08000122, 0xd6206b82, 0xa2202382,
	0x3c20cb8c, 0x442c6f84, 0x343c0500,
	0x86040c00, 0x2a001a00, 0x83068f41, 0x098b4a41, 0x0022df85, 0x4b844500, 0x01201b85, 0x45200b82, 0x83125349,
	0x21e18613, 0xe184dc02, 0xe1890a20,
	0x69460220, 0x921e2005, 0x4b472037, 0xed200ca3, 0x02222182, 0xd188ed01, 0x0b830320, 0x01200d84, 0x0120c182,
	0x0022a586, 0x85824700, 0x2983fb83,
	0x47209183, 0x2109bb41, 0xef82e601, 0xef8bbc20, 0x844c0221, 0x003028ef, 0x12080003, 0x88160028, 0x42ec20eb,
	0x0221087d, 0x830b8301, 0x44492049,
	0x49201459, 0x42088541, 0x4a2005a5, 0xee206f8a, 0x0d20ed84, 0x0121ed89, 0x216f8964, 0x6f8a4211, 0x2005bd46,
	0x42e38600, 0x9b83052b, 0x2011c944,
	0x856f884c, 0x8a4d2025, 0x8406206f, 0x8a0f206f, 0x846c206f, 0x135d416f, 0x5d414f20, 0x20bb830c, 0x42e98202,
	0x0320072f, 0x5d410b83, 0x414f2012,
	0xec20065d, 0x01201b82, 0x4f200b82, 0x00247d8a, 0x9e010200, 0x4d0b5d41, 0x7d85066b, 0x8507a541, 0x8c5120b5,
	0x4313837d, 0x03230b77, 0x41015e01,
	0x0d4a0511, 0x4251200d, 0x4585086d, 0x69485220, 0x6802230d, 0xc143a501, 0x08b14708, 0x41680021, 0x85870a03,
	0x2005ab41, 0x25858354, 0x18009e01,
	0x07442800, 0x05c94206, 0x200f814e, 0x0ee54254, 0x77905520, 0x77869820, 0x7b41ec20, 0x6e002909, 0x0c000300,
	0x34002000, 0x430af343, 0x57200737,
	0x2012ef42, 0x222f8257, 0x43100108, 0xec200cbf, 0x15427982, 0x015e2205, 0x837584ec, 0x20118339, 0x22d58208,
	0x8203000c, 0x02a422f3, 0x21198268,
	0x21820103, 0x4bed0121, 0x7f930c77, 0x4584d720, 0x7f925920, 0x7f835920, 0x4106f14b, 0xd7200791, 0x5d837f86,
	0x8701d721, 0x8202200d, 0x8d47896b,
	0x88a3208d, 0x94d7208d, 0x4154208d, 0x5b20120d, 0x5783798a, 0x83078541, 0x41d78559, 0x5b201107, 0x1383c192,
	0x02238d8c, 0x827b0168, 0x41bd8527,
	0x01300a9b, 0x00020054, 0x003c000a, 0x170c0005, 0x00c63030, 0x46050946, 0xe5890577, 0x6d44d720, 0x82012008,
	0x000124fb, 0x455d0000, 0x118310bf,
	0xfe227387, 0x71820200, 0x83410b20, 0x46ec200a, 0x5f201683, 0x37217983, 0x2177840a, 0x5d850030, 0x8b0d8346,
	0x839187f1, 0x20858321, 0x0a7f425f,
	0x02008a24, 0x75437a01, 0x4378200c, 0x612218f3, 0xf5820400, 0x85058151, 0x01032173, 0xe588e382, 0xf3850d83,
	0x200d5345, 0x20f98261, 0x83678201,
	0x207f831b, 0x0dff4261, 0x82800121, 0x056f467f, 0x290ab152, 0x03009e00, 0x22000c00, 0x33414c00, 0x0987460a,
	0xa5826320, 0xff820620, 0x68020322,
	0x820ced51, 0x870f8617, 0x856420ed, 0x7a2823b5, 0xd9462c00, 0x01032306, 0xdb460154, 0x01022205, 0x06f14b56,
	0x33421187, 0x830d8505, 0x8a6320ab,
	0x052f43ab, 0xad84a820, 0x2f434385, 0x9c9a200b, 0x966620af, 0x8e1782af, 0x826720af, 0x44082047, 0xed200653,
	0x03227d82, 0xad865b01, 0x04209b83,
	0x73410d85, 0x831d850a, 0x906620ab, 0x86b120ab, 0x8a2383ab, 0xdc0421ab, 0x30165742, 0x01070069, 0x00100008,
	0x3332331c, 0x000c305c, 0x06b94128,
	0xd701ea22, 0x01200983, 0x77518f83, 0x89692011, 0x82042577, 0xb4010200, 0x200ca749, 0x3a6b84e8, 0x000a0058,
	0x0a2e0a16, 0x0058140a, 0x0a320022,
	0x196c1916, 0x00400078, 0x49670101, 0x032208ad, 0x8f41ed01, 0x01012206, 0x416f82ec, 0xcb49079d, 0x436b2011,
	0x11831047, 0x07490020, 0x76042705,
	0x68020200, 0x47439301, 0x64042109, 0x6d28ef96, 0x0c000500, 0x1c2f6c32, 0x200ccb49, 0x083545ea, 0xcb49ea20,
	0x05f74d0a, 0xeb8a6d20, 0x02000e24,
	0xff489b01, 0x4984200c, 0x6f201a6f, 0x85087947, 0x00702c49, 0x32062f05, 0x2f7c325a, 0x410c0014, 0x1b850867,
	0x11842b82, 0x02000824, 0x65823003,
	0x658cb620, 0x65849620, 0x08006a32, 0x20001200, 0x08052e00, 0xfa041805, 0x50004000, 0x4e064d41, 0x012107af,
	0x874d8301, 0x095d410d, 0x55821f88,
	0xb9460120, 0x00002206, 0x20838872, 0x20e384ec, 0x12214572, 0x65411383, 0x10032706, 0x68020200, 0x65419201,
	0x86022109, 0x20166541, 0x0aad4774,
	0x22055f43, 0x82ea01ed, 0x200b829b, 0x05294601, 0x1d520f82, 0x22b58508, 0x49740000, 0x13410889, 0x41742005,
	0x02250979, 0x0102001c, 0x0c8949bd,
	0xcb538220, 0x18002509, 0x28009e08, 0xfd85d782, 0x42058b49, 0x8f49074b, 0x825a8205, 0x099b494d, 0x9b497620,
	0x49762014, 0x77200e9b, 0x1220818a,
	0x9420fd84, 0x0121fd89, 0x21818b88, 0x818aa607, 0x42068b48, 0x022006db, 0x49069b48, 0x79200dad, 0x79208194,
	0xb1488188, 0x897a2005, 0x18012181,
	0x95208184, 0x7e20818a, 0x2018b945, 0x0c2f497c, 0xfb86ec20, 0x2207e742, 0x41ec0103, 0x1142078f, 0x05714106,
	0xad497c20, 0x4d0f8708, 0x0120088f,
	0x0121ff82, 0x0c37469f, 0xad49ff85, 0x007e2c13, 0x000c0005, 0x002a001a, 0x4c480038, 0x5b43085d, 0x09974105,
	0x1f420f85, 0x210b8205, 0x7d82ed01,
	0x200dbf49, 0x08a1427e, 0x20050d41, 0x0d47467f, 0x01680223, 0x82d984b9, 0x0915413d, 0x261abf49, 0x00040081,
	0x49d6010a, 0xea220cbf, 0x7790ec01,
	0x19438120, 0x9082200e, 0x869c2077, 0x0a234877, 0x498e0021, 0xc98d0cbf, 0xc5488420, 0x050b490c, 0xa3418420,
	0x05c95706, 0x45051743, 0x23410577,
	0x0951490b, 0x51491b82, 0x840d820a, 0x48598395, 0x01210ac3, 0x065d46b5, 0xd7010323, 0x0d174101, 0x9f846e20,
	0x46003222, 0x08240782, 0x1600d000,
	0x44064748, 0x9f42071d, 0x4aea2005, 0x86200637, 0x2144b18c, 0x8d138505, 0x491383d9, 0x85200f43, 0x7f853b82,
	0x210a1f41, 0x1f414201, 0x0d594b0c,
	0x7b448820, 0x41882012, 0x2746141f, 0x20b98b0b, 0x4ded8203, 0xc7870b85, 0x9f875983, 0x0300c026, 0xb8016802,
	0x200cc542, 0x289584ac, 0x004a0036,
	0x00060002, 0x08075218, 0x2007794b, 0x0691438a, 0x01246b85, 0x8a000000, 0x8a20ab92, 0x1a24ab84, 0x3c002c00,
	0x20087348, 0x064554ea, 0x87097348,
	0x208f8311, 0x821d8204, 0x08374ea3, 0xb387bf83, 0x53416183, 0xb701210c, 0x0121b382, 0x47e38500, 0x00210ad7,
	0x22b582d2, 0x4952000a, 0x714514a7,
	0x059f5a05, 0xd701d722, 0x43057f45, 0x8c200cef, 0x4308a749, 0x8c2005ef, 0x1383d992, 0x200df755, 0x10f75582,
	0x7f832e20, 0x2bc62723, 0x08534216,
	0x20113348, 0x10c1478e, 0x3f551183, 0x8284200d, 0x84022023, 0x088d4da9, 0x84be2821, 0x00442ce1, 0x280c0005,
	0x00742856, 0x532a001a, 0x5c20087d,
	0x9020d392, 0x1b83d386, 0x0b820120, 0xd3929020, 0x79861383, 0x005e2827, 0x01680202, 0x21d38949, 0x71844c28,
	0x2a22d384, 0x754f2a36, 0x825c2005,
	0x20d39145, 0x83d39092, 0x20598711, 0x20598404, 0x21598945, 0xcd4ff227, 0x742a2309, 0xc7881600, 0x2109a941,
	0x0b830102, 0x9420b783, 0x20141f46,
	0x0e534894, 0x99449520, 0x82272009, 0x20c98231, 0x216f8946, 0x1d824a06, 0x08000832, 0x12007006, 0xcc171e00,
	0x2a000818, 0x44003600, 0x21083153,
	0xab8200ed, 0x84ea0121, 0x077952db, 0xed010224, 0x9b47f201, 0x821f8208, 0x8297200b, 0x059d5203, 0x09820120,
	0x73889820, 0xe8050122, 0x210b435c,
	0x6f856e01, 0x0f120025, 0x831e0074, 0xfe0d256b, 0x50004200, 0x4c083353, 0xec2009a3, 0x5008cb5b, 0x01200745,
	0xbf5c8786, 0x829a200f, 0x09b34871,
	0x7b899b20, 0xff000123, 0x21eb89b1, 0x315e5e05, 0x05534512, 0x43058d47, 0x0b820507, 0x20126746, 0x0e75479d,
	0x89489e20, 0x05774608, 0x75899e20,
	0xfff60423, 0x0c334fd1, 0x08000123, 0x05ed4600, 0x2007a75e, 0x086948ec, 0x0b824682, 0xec010322, 0x65460183,
	0x48a02010, 0xa1200e6d, 0x45087d47,
	0xa120056d, 0x200cab5a, 0x220d8ab4, 0x827c0006, 0x0101210d, 0x210a5d45, 0x8b494400, 0x00a32616, 0x0df00d03,
	0x20a582e4, 0x20338600, 0x20678201,
	0x0dd146a3, 0x02ba0123, 0x44b58668, 0x6a200b5d, 0xa52a5396, 0x0a000400, 0x22001600, 0xed442e00, 0x01012206,
	0x465582de, 0xde200541, 0x47590b8c,
	0x84de2009, 0x8ea52073, 0x86af2079, 0x4fde2079, 0xe5530cfd, 0x832e2005, 0x280d2367, 0x6b82340d, 0x01206183,
	0x4f896d82, 0x20052541, 0x108343a7,
	0x57441183, 0x8287200d, 0x01022223, 0x0c2f41de, 0x8d467c20, 0x44a9201a, 0xa9201233, 0x8310ed50, 0x22f4834f,
	0x83030001, 0x855d825b, 0x2069850d,
	0x830c8201, 0x0dc74547, 0xed84b020, 0x69412f85, 0x415e200b, 0xab261669, 0x0a000400, 0xff82321e, 0x69412220,
	0x82e62008, 0x05694159, 0x7388e620,
	0xe6010122, 0x0022b382, 0x5d41ab00, 0x84b2200e, 0x0102226f, 0x175d41e6, 0x0bca0b23, 0x855d82d6, 0x11774d3f,
	0x5d41ad20, 0x41118310, 0x8a200d5d,
	0x61832382, 0x410b8d42, 0xaf201b5d, 0x20125d41, 0x105d41af, 0x0320db89, 0xd947bd82, 0x2419830b, 0x00000001,
	0x10fd4eaf, 0xed84b320, 0x5d412f85,
	0xae01210a, 0x20165d41, 0x05c742b1, 0x008c1f22, 0x20095d41, 0x41598251, 0x5120055d, 0x200a0b4e, 0x206b8451,
	0x257189b1, 0x02005a01, 0xc55aa601,
	0x96a8200c, 0x83b32065, 0x261f23db, 0x07451400, 0x0f015d08, 0x578ab320, 0x57826220, 0x578b9a20, 0x54f00021,
	0x9744128f, 0x4bb52005, 0xed440ce5,
	0x21b58905, 0x0b820103, 0x2012ed44, 0x08d760b5, 0xb6204585, 0x00267d89, 0x02020084, 0x41430168, 0x00012409,
	0x827b0006, 0x4201201f, 0xad420c3f,
	0x843a2005, 0x1116227d, 0x0a535e72, 0x3550ed20, 0x0fcb580a, 0x4b42b820, 0x42118310, 0x26200d4b, 0x02202382,
	0x6b64b783, 0x1c092315, 0xbf5e1400,
	0x0f094408, 0x5f90ba20, 0x5f8d1183, 0x25632520, 0x08614808, 0x002c0225, 0x820a0002, 0x020426c3, 0x20da20da,
	0x200b82e6, 0x20f18400, 0x220582f2,
	0x90bc0000, 0x86118355, 0xf0012755, 0x68020200, 0xad89c001, 0x79500220, 0x00be2a17, 0x080a0004, 0x0068085c,
	0x83c18216, 0x116d435b, 0xf14ebe20,
	0x42c8200e, 0xbf4b0c07, 0x00202205, 0x123f4346, 0x0300c026, 0xaa010800, 0x200a0b56, 0x081b44f2, 0x83010221,
	0x0001240b, 0x4bc00000, 0x138312d3,
	0x210aa344, 0x3f4cc101, 0x01ec2408, 0x89f201ed, 0x040121d9, 0x4f120965, 0xf22007cd, 0x45835d82, 0x33830320,
	0x200a3f48, 0x830b8201, 0x47c22079,
	0x55410851, 0x92c22005, 0x871383c3, 0x00982689, 0x01680202, 0x217d89bf, 0x7d848600, 0xf1424e20, 0x4e342008,
	0xf2200857, 0x7d856f84, 0x0d8e0b82,
	0x82097348, 0x2275821b, 0x49c40000, 0xc4201459, 0x85088d47, 0x45c520a1, 0x8d820d49, 0x1d499f83, 0x0f1d6605,
	0x20132f59, 0x0c9b43c7, 0x87415383,
	0x82002005, 0x00012400, 0x48f20103, 0x074d0613, 0x84c7200d, 0x09b1411d, 0x858dc720, 0x47ca0121, 0x994108a7,
	0x6600210a, 0x082e2582, 0x0e000600,
	0x1a1e1a00, 0x2600261e, 0x63423400, 0x43f22008, 0xd7490a91, 0x83c9200f, 0x2229861b, 0x48ca0000, 0xa34e0c6f,
	0x00012205, 0x22158208, 0x43760006,
	0xf9880611, 0x44e40221, 0xcc2c16ed, 0x0c000500, 0x18006001, 0x2400a219, 0x5708b346, 0xb7430b23, 0x20638509,
	0x267788cc, 0x008e0202, 0x52ab0102,
	0x20200cfb, 0x23098d4b, 0x2a051e05, 0x430a614c, 0xce200fff, 0x8310a943, 0x82002011, 0x00082415, 0x82d80202,
	0x01682203, 0x0a514286, 0x01486020,
	0x42d0201a, 0xd020129f, 0xf0242f82, 0x0800fe00, 0x2208354d, 0x820100ec, 0x472b830b, 0xae200de5, 0x0126c182,
	0xd7010300, 0x3745ec01, 0xb001210b,
	0x201a2d54, 0x087f42d2, 0x20051541, 0x12e942d3, 0x83095159, 0x420d8f5b, 0x198309e9, 0x53829983, 0x01209f82,
	0x0226b182, 0x02003401, 0xaf46ac01,
	0x84c6200c, 0x4a60208d, 0x362208bd, 0x11504600, 0x42b98208, 0x02200837, 0xdf43c783, 0x68198208, 0x254f0a63,
	0x41d52007, 0xd5200e13, 0x83123f41,
	0x06274113, 0x004a0127, 0x01680202, 0x0a8d4183, 0x8d849420, 0x03004822, 0x1a23ad82, 0x57002c00, 0xd7200fe7,
	0x410a994f, 0xd8200521, 0x8708994f,
	0x57d820ef, 0x19821049, 0x20083351, 0x8bc78204, 0x0743410f, 0xbb820120, 0x2809ed42, 0x000a0002, 0x02ad0102,
	0x83c18268, 0x0a4748f9, 0xa3850020,
	0x05006c22, 0x22068163, 0x4150003e, 0x4b850631, 0x85078141, 0x05b34869, 0x7555e782, 0x8ada200c, 0x053f42b5,
	0x7f82da20, 0x20052d42, 0x067b51d7,
	0x00212382, 0x10014104, 0xcd461583, 0x8681200d, 0x0b7949a3, 0x2017494a, 0x225182dc, 0x4acc0f0a, 0x91620c49,
	0x01022207, 0x082d465c, 0x5c010122,
	0x00225582, 0x7944dc00, 0x84c3200e, 0x820220c5, 0x0b114129, 0x230aa74b, 0x8c018001, 0x4608d34e, 0xde2011db,
	0x83109d43, 0x20cf8d11, 0x83cf8447,
	0x0867448b, 0x494a0020, 0x42e0201b, 0xe0201265, 0x8910494a, 0x820320db, 0x0b494abd, 0x01241983, 0xe0000000,
	0x2010494a, 0x85ed84c4, 0x23114d2f,
	0x114de220, 0x825a2012, 0x09836559, 0x01240c83, 0x5a010200, 0x200a6941, 0x2077845a, 0x0e6941e2, 0x7b84a920,
	0x79912983, 0x678c4620, 0x69413f83,
	0x05dd5609, 0x73450020, 0x0f1f4508, 0x8141e420, 0x41118310, 0x35200d81, 0xa3852382, 0x20258141, 0x128141e6,
	0x8141e620, 0x20f38910, 0x41ff8303,
	0x69850801, 0x00000124, 0x8141e600, 0x02aa2210, 0x85138268, 0x11a55e2f, 0x54004022, 0xa76c658a, 0x09c56805,
	0x82010321, 0x82658a0b, 0x205f840d,
	0x12ff48e8, 0xd3541385, 0x4513830d, 0x02230cd1, 0x84230168, 0x8351208d, 0x10c96959, 0xb7693820, 0x825b200a,
	0x01012227, 0x83d38263, 0x01022241,
	0x680b8863, 0x0022059b, 0x8741ea00, 0x41118310, 0x37200d87, 0x02222382, 0x3b825b01, 0x25098741, 0x0002005c,
	0x6b91000a, 0x6b886520, 0x87016521,
	0x8201200b, 0x82012009, 0x90ec2017, 0x8d11836b, 0x8238206b, 0x206b8323, 0x20d7a265, 0x85538267, 0x016721d7,
	0xd15b0b87, 0x00002205, 0x836b90ee,
	0x206b8d11, 0x83238239, 0x4b67206b, 0x0d6b10df, 0x00f02c11, 0x02080003, 0x001400ea, 0x82680101, 0x01012237,
	0x837d865b, 0x20dd8309, 0x0e3943f0,
	0x83021921, 0x205f8327, 0x205fa268, 0x215f83f2, 0x5f848e11, 0x476f5b20, 0x07c76e0c, 0x5f8ef220, 0x996a3a20,
	0xa25b2008, 0x83f4205f, 0x680b215f,
	0x54205f8a, 0x5420bf88, 0xf4205984, 0x3b205f8e, 0x54205f86, 0xf741e982, 0x111f410f, 0x7542f620, 0x86562010,
	0x0b296d5f, 0x56010122, 0xf6206584,
	0x3c206b8e, 0x56206b86, 0xd7716b8c, 0x4615210a, 0x796fb98a, 0x41f8200f, 0x118310eb, 0x200deb41, 0x23238240,
	0x015b0102, 0x4e0bd771, 0x14210a39,
	0x068b4646, 0x20057b41, 0x20bb8861, 0x0a314361, 0xb5846120, 0x6d90fa20, 0x6d8d1183, 0x23824120, 0x61206d83,
	0x230c9d53, 0x000c0003, 0x830d2b44,
	0x0102216d, 0x03206389, 0x71880b83, 0x01201985, 0xfc208b82, 0x200c2b44, 0x85878463, 0x0d2b4413, 0x2b441383,
	0x8242200f, 0x8203202d, 0x416583f9,
	0x012108c7, 0x100d706c, 0xd5428b83, 0x20bd8309, 0x0e79555b, 0x0f83fe20, 0xef420020, 0x41ff2007, 0x012408c3,
	0xe2ff1e01, 0x0121e989, 0x12fd5410,
	0x5b20e985, 0x20083543, 0x85918203, 0x21c18c0d, 0x794a0101, 0x82318308, 0x8573840c, 0x0001218d, 0x7d6a0f83,
	0xffa82209, 0x217589e3, 0x75849a00,
	0x0e00062c, 0x2e001e00, 0x52004000, 0xab866400, 0xeb586b89, 0x83778205, 0x4959827d, 0x01200ed7, 0x86090f73,
	0x050121e5, 0x81898f86, 0x37820520,
	0x87000121, 0x838d8253, 0x25138423, 0x00010008, 0xc746ff14, 0x00012409, 0x820d0106, 0x42012013, 0x42240cd5,
	0x0a000200, 0x0222a382, 0xbd86140d,
	0x2205cd62, 0x42070100, 0x11840f59, 0x200d5942, 0x22238217, 0x75670102, 0x00200b5d, 0x93435185, 0x09012510,
	0x5e010200, 0x68206388, 0x00203982,
	0x455d1382, 0x22858208, 0x437d0102, 0x68200679, 0xa220518c, 0x7e24a384, 0x12000800, 0x2a22a982, 0x63823600,
	0x5a004e24, 0x31616600, 0x0ba15708,
	0x0f540b8b, 0x6ced2009, 0x02220871, 0x8555ed01, 0x6ced200a, 0x1783087b, 0x2009cb43, 0x209f84ed, 0x1003410b,
	0x20119374, 0x06034118, 0x850b8947,
	0x110341b1, 0xc3940d20, 0x4182ec20, 0x68010125, 0x54000000, 0x0b85076b, 0x178a5a20, 0x0b8ade20, 0x0b8a5c20,
	0x0b88ea20, 0x00233d82, 0x84680102,
	0x460b8347, 0x00220519, 0xdd440d01, 0x4199200e, 0x1b4b0863, 0x4d76200b, 0x0121197f, 0x0805430f, 0x4b835420,
	0x48100121, 0x65200a5f, 0x5421fd84,
	0x07bf4501, 0x82010321, 0x200d880b, 0x840d8302, 0x6d438233, 0x14200cc1, 0x4708cf45, 0x51760b5b, 0x24738313,
	0x01660102, 0x823f8366, 0x82012059,
	0x855420e5, 0x2043840d, 0x200b8201, 0x20f08201, 0x835f8412, 0x84662071, 0x49122071, 0x0120117f, 0xc1421383,
	0x862a200d, 0x466620bf, 0x2c2010b5,
	0x0924e583, 0x001400f4, 0x20053148, 0x082d4d01, 0x82072143, 0x77002019, 0x01200cc1, 0x5f8d1183, 0x5f841520,
	0xcf426520, 0x16e3720c, 0x46160121,
	0xd7200ab5, 0xd9833782, 0x4184d482, 0xf184d720, 0x8505d741, 0x411620df, 0x7c220ed7, 0x29846802, 0x6b8c6620,
	0x59456220, 0x84652010, 0x0b194959,
	0x59455e20, 0x1801210d, 0xf5860f83, 0x19010022, 0x200cfb50, 0x0c1774ac, 0x4b860320, 0x5b790620, 0x90aa2008,
	0x85ad836f, 0x058566c9, 0xad840b86,
	0x2d820020, 0x1b010022, 0xc7413d84, 0x891c2007, 0x5c012361, 0x074fb0ff, 0x00462f10, 0x00080003, 0x002a0018,
	0x015e0103, 0xcf850165, 0x3f45c383,
	0x4f1e200f, 0x5e200a17, 0x1f206984, 0xd3413b88, 0x82032005, 0x05fd663f, 0x77670120, 0x20298508, 0x8793841e,
	0x0001241f, 0x411e0100, 0x12200e6f,
	0xc1423188, 0x0094280b, 0x000a0002, 0x82040058, 0x821a2005, 0x003c21a3, 0x0320f585, 0xc342ab82, 0x214a8205,
	0x0d850400, 0x420ac542, 0x678305e1,
	0x79862120, 0x83015e21, 0x2111852f, 0xdf670002, 0x21012112, 0x1342df8a, 0x8d222005, 0x680223a3, 0x11820901,
	0x6d830220, 0x200cb741, 0x200d8202,
	0x417d8201, 0x002008b7, 0x211cb167, 0xb1672401, 0x67178315, 0x01210db1, 0x0a675025, 0x65826520, 0x85095f68,
	0x825420f7, 0x094b6f8b, 0xe5831d87,
	0xe74c2420, 0x68132010, 0x63410a5d, 0x8605210a, 0x2408d147, 0x00240018, 0x0a7f7330, 0x83005c21, 0x00012400,
	0x455c0102, 0x0b5f0ad7, 0x8200200b,
	0x0100223b, 0x73268227, 0x0121081d, 0x23798828, 0xff2a0501, 0x210a1545, 0x3b481c05, 0x825c2012, 0x205f8b13,
	0x846b8303, 0x0d3b486d, 0x35452a20,
	0x22318308, 0x5f2b0100, 0x0f87087d, 0x22083b48, 0x4cffb404, 0x0122090f, 0x7b71a604, 0x8400210b, 0x2c084948,
	0x0028001a, 0x00440038, 0x01010052,
	0x83158254, 0x82002005, 0x05b769eb, 0xd9660d85, 0x830f8509, 0x010221ef, 0x42059f45, 0x118305e3, 0x2d010022,
	0x47858d84, 0x2e010022, 0x520ce343,
	0x0124098d, 0x14010600, 0x2b426986, 0x12817c09, 0x82e10021, 0x82022025, 0x82e12005, 0x82002057, 0x8403200b,
	0x410d830b, 0x8b750d15, 0x22318408,
	0x82310100, 0x0001212f, 0x01203985, 0x31203882, 0x0020898b, 0x8309af45, 0x82872089, 0x8201201b, 0x20898937,
	0x15695550, 0x0033012d, 0x09080003,
	0x00140000, 0x84cf0101, 0x07434bbf, 0x61010122, 0x00200f82, 0x79482182, 0x0276210d, 0x20053d45, 0x892f8261,
	0x11a57a5f, 0x4d84d020, 0xb582d020,
	0x09820020, 0xd0010223, 0x410b8301, 0x35200b59, 0x01201b82, 0x29837782, 0x36010022, 0x200ccb79, 0x0c814ba7,
	0x83111f5f, 0x83538733, 0x8303205f,
	0x4161845f, 0x38200d45, 0x85085b42, 0x84392065, 0x82398573, 0x390121d7, 0x200ccf41, 0x0c1f5fa8, 0xc1869820,
	0xa952e589, 0x6c08250a, 0x16001c05,
	0xd561bd86, 0x3b012110, 0x83100f49, 0x0df14611, 0x17417920, 0x0bdb4c06, 0x2017f146, 0x0af1463d, 0x9784f220,
	0xc982cf20, 0x21055941, 0x0b8701cf,
	0x2205c341, 0x443d0100, 0x01210ddd, 0x06b341c7, 0x8b59cf20, 0x4100200b, 0xe62011b3, 0x0b4a5984, 0x01e62109,
	0xb3410b83, 0x823f200b, 0x49012075,
	0x0022067d, 0xb3414001, 0x41a2200c, 0x5d831eb3, 0x85010221, 0x05b34153, 0x61840b82, 0x740db341, 0x31830963,
	0x43010022, 0x39857384, 0x38820120,
	0xb3414320, 0x0985600c, 0x7f820120, 0xc1868220, 0x33820620, 0x0a00022c, 0x03002000, 0x5e000200, 0x17828600,
	0x03827a20, 0x00220783, 0x15824501,
	0x70000122, 0x6a200f82, 0x64201d82, 0x15830984, 0x2109e942, 0x9382006c, 0x844b0121, 0x204783d1, 0x22478426,
	0x823e0016, 0x82382033, 0x22078303,
	0x82470100, 0x02012209, 0x204d8468, 0x200b8222, 0x214d8216, 0x0983001c, 0x01211b86, 0x208f845d, 0x2305825c,
	0x01050102, 0x0eb74018, 0x414c0121,
	0x5c200697, 0x0f5a2782, 0x5950200f, 0x61200cfb, 0xd7224184, 0xd7826101, 0x82053b41, 0x410d840b, 0x49200d3b,
	0x43084357, 0x4a2005bd, 0x850c814e,
	0x42492013, 0x4d200e1d, 0x2008d143, 0x09c141d7, 0x45ac0821, 0x26220a4d, 0xf9823200, 0x33704c20, 0x0b895908,
	0xbd510b83, 0x09f74905, 0xd7010224,
	0x2b496801, 0x834c200e, 0x2241860f, 0x884d0100, 0x08012383, 0x2b5eff42, 0x3408230a, 0x85899100, 0x44fa0021,
	0x497416b7, 0x073d6205, 0x7951ea20,
	0x0102220c, 0x081f7c51, 0x2007957f, 0x20218600, 0x74088201, 0x00250a3f, 0x0102009a, 0x0c215d8b, 0x8313916a,
	0x8200205f, 0x05a36353, 0x8307916a,
	0x695f8715, 0x337c096d, 0x05a34105, 0x01210b82, 0x0fb363ea, 0x01209b84, 0x1d827782, 0x00219582, 0x11517401,
	0x17828c20, 0x15425985, 0xdc042108,
	0x8512c15f, 0x6b542097, 0x97850e29, 0x79855420, 0x85083f6c, 0x8297850f, 0x2097920b, 0x08174c54, 0x55205785,
	0x2108a341, 0xe1660402, 0x418d2005,
	0x04210999, 0x321d8262, 0x03080008, 0x03460356, 0x00620338, 0x002c0312, 0x6a2c001e, 0x6b820af5, 0x86680221,
	0x01002243, 0x20198457, 0x20778201,
	0x20188201, 0x245b8858, 0xff180401, 0x20578aa6, 0x8257850a, 0x00742c4f, 0x00960320, 0x003c002e, 0x6d5c004c,
	0x036e0899, 0x09f5660d, 0x7507fb68,
	0x01210e47, 0x0ded665a, 0x6f5b0121, 0x0f820d35, 0x22085d48, 0x46ff8e03, 0x09420b77, 0x415d2019, 0x3d491471,
	0x09094205, 0xec820f85, 0x01030024,
	0xa985015c, 0x200dad43, 0x0d67685d, 0x2206df76, 0x18080001, 0x2108c743, 0xa3490096, 0x0b234605, 0x1343c220,
	0x00602816, 0x03080003, 0x5d14002a,
	0x5e2008b7, 0xf9425f82, 0x05ab4b05, 0x75416020, 0x00022608, 0x0102007c, 0x0cf942c5, 0x57846a20, 0x830d1d58,
	0x5f012037, 0x0221080d, 0x09275f01,
	0x830b895e, 0x82012021, 0x46622068, 0x118310f5, 0x200df546, 0x20d18410, 0x0c89465e, 0x20179d48, 0x21d18364,
	0xd1840201, 0x3d69f420, 0x64012113,
	0x200ecb44, 0x20d182cb, 0x22d98201, 0x42f401ea, 0x00200953, 0x2011db4d, 0x0ceb4861, 0x61010224, 0xaf446101,
	0x8366200e, 0x4900200f, 0x67200705,
	0x200c7346, 0x0c234ced, 0x4b860720, 0x2708ab43, 0x02003001, 0x68000a00, 0x4a054d5f, 0x5020068b, 0x20088b4a,
	0x0ca572ea, 0x8b4a0d83, 0x430f830b,
	0x55480525, 0x05d16909, 0x0c154718, 0x41690121, 0x5173106b, 0xae00270a, 0x68020200, 0x03412b01, 0x849c200a,
	0x42642093, 0x3c2208b9, 0x91864a00,
	0xb9425d87, 0x05ab4209, 0x7f8b9589, 0x72056743, 0x2d440bed, 0x616b2005, 0x01211311, 0x0e7d436b, 0xaf416c20,
	0x20a3820d, 0x2211822c, 0x44540102,
	0x0b820517, 0x03820820, 0x7e000622, 0x01200582, 0x200bf555, 0x05614c01, 0x1000072e, 0x30001e00, 0x48003c00,
	0x62005400, 0x2806d752, 0x015e0102,
	0x000000ec, 0x74478204, 0x5e20090d, 0x534e1182, 0x05e57605, 0x74010121, 0x9f7c0589, 0x0da5440d, 0x33836e20,
	0x2206894e, 0x886f0100, 0x000124ad,
	0x41a9ff9c, 0x8e200a4d, 0x28081d47, 0x002c001e, 0x004a003a, 0x208b865a, 0x858b8203, 0x767b858d, 0x5682057d,
	0x1b853182, 0x11465e20, 0x7d712010,
	0x01210d55, 0x08fb7972, 0x2005b743, 0x0c7d4272, 0x7d42aa20, 0x820a200c, 0x4369850d, 0x01200567, 0x0120a582,
	0x04281382, 0x5b005600, 0xd400cf00,
	0x200cd34a, 0x230d8205, 0x009f0001, 0x09054a18, 0x0900482e, 0x1e001800, 0x2e002800, 0x36003200, 0x4032cb82,
	0x02004400, 0x73026f02, 0x6b020400,
	0x6d026c02, 0x0f827102, 0x82026e21, 0xcd012185, 0xce20e582, 0xcc200382, 0x70221182, 0xb7827402, 0x02217582,
	0x32558255, 0x00c70009, 0x01fc00f5,
	0x01910190, 0x01d701b4, 0x8a5702e7, 0x01222279, 0x220d8a76, 0x8c770114, 0x847820c3, 0x8cf52095, 0x826d8213,
	0x8cfc200f, 0x84a82013, 0x09cf6227,
	0x9920eb83, 0xd720ff84, 0x08995118, 0xdb860020, 0x17823220, 0x03821220, 0x7f010022, 0x12555b18, 0x19821020,
	0x82000a21, 0x062d41bb, 0x9f000224,
	0x0f82aa00, 0x5802042c, 0x0500bc02, 0x8a020001, 0x0f825802, 0x07854b20, 0x005e012b, 0x002c0164, 0x080b0200,
	0x20058209, 0x22198204, 0x840f0000,
	0x2d048605, 0x43475355, 0x2000a000, 0xbc03fdff, 0x84820bff, 0xf500db28, 0x93000020, 0x2f82d4cd, 0xa8021022,
	0x20202682, 0x0c826b82, 0x84000021,
	0x821420a1, 0x82012005, 0x0014240b, 0x82260604, 0x00cc2207, 0x081f8280, 0x2f004ccc, 0x7e003900, 0xac00a900,
	0xb100ae00, 0xbb00b800, 0x13010701,
	0x23011b01, 0x33012b01, 0x3e013701, 0x4d014801, 0x65015b01, 0x7e016b01, 0x92018f01, 0x37021b02, 0xc7025902,
	0x0403dd02, 0x0c030803, 0x28031203,
	0x3f0ebc03, 0x9e1e851e, 0xf31ebd1e, 0x1020f91e, 0x1a201420, 0x22201e20, 0x30202620, 0xac203a20, 0xbd20ba20,
	0x2221bf20, 0x02229921, 0x12220f22,
	0x1e221a22, 0x2b222822, 0x61224822, 0x00256522, 0x0c250225, 0x14251025, 0x1c251825, 0x2c252425, 0x3c253425,
	0x54255125, 0x5a255725, 0x60255d25,
	0x66256325, 0x6c256925, 0x94257325, 0xa0259f25, 0xb725b325, 0xc125bd25, 0xcc25ca25, 0xa3e08ca7, 0xfdffb3e0,
	0xf384ffff, 0x3a003026, 0xab00a000,
	0x2008cd82, 0x00b400b0, 0x01bf00ba, 0x0116010a, 0x0126011e, 0x0136012e, 0x01410139, 0x0150014c, 0x0168015e,
	0x20cd846e, 0x28cd8418, 0x03d802c6,
	0x03060300, 0x20cd820a, 0x20cd8426, 0x24cd8280, 0x1ef21ebc, 0x26cd82f8, 0x20172013, 0x8420201c, 0x823920cd,
	0x86b920cd, 0x849020cd, 0x841120cd,
	0x842720cd, 0x226022cd, 0x20cd9664, 0x2ecd9250, 0x25802571, 0x25a02595, 0x25b625b2, 0x84c025bc, 0xe08b24cd,
	0x86b0e0a0, 0x82c520cd, 0x210282d1,
	0x04822601, 0xfe29029e, 0x00d80091, 0xfe74fe00, 0x2b28893e, 0x37ff4aff, 0x36f338fd, 0xbae10000, 0xe2231585,
	0x854ce174, 0x2de12709, 0x38e1cfe1,
	0x1b8233e1, 0x1ce1242a, 0x0000b3e0, 0xeadffadf, 0xe1280582, 0xcfdfd7df, 0xa9dfcddf, 0xdd3f2783, 0xdd49dd47,
	0xdd35dd3a, 0xdd31dd36, 0xdd29dd32,
	0xdd14dd18, 0xdc000010, 0xdce0dce4, 0x82dedce2, 0xdcdc2605, 0xdcd1dcd0, 0x232d83d2, 0x8ddc88dc, 0x03830783,
	0xdc62dc2f, 0x2100005f, 0x02b421c0,
	0x00010052, 0x081382cc, 0x7001e828, 0x00008201, 0x84018201, 0x8e018c01, 0x30021e02, 0x44023a02, 0x58024e02,
	0x64025a02, 0x74027202, 0x98028a02,
	0x2b829e02, 0x84020021, 0xbc0229b1, 0xc802be02, 0xd402d002, 0x03831383, 0x00d00229, 0x02d80200, 0x84dc02da,
	0x02da240d, 0x83e402e0, 0x21038309,
	0x0583e002, 0x86000021, 0x85cd821b, 0x0000230f, 0x2589e202, 0x07851387, 0x4f820220, 0x05890985, 0x02c00223,
	0x270d83c4, 0xea02e802, 0xee02ec02,
	0xec200b84, 0x03830583, 0x05012d08, 0x73015401, 0xde015b01, 0xd001fe01, 0x63017401, 0x5a016401, 0x5001e601,
	0x4f015e01, 0x51015c01, 0xed015201,
	0xec01ea01, 0xcf015601, 0xc20afb82, 0x000d000c, 0x00160012, 0x00220021, 0x00280026, 0x00340032, 0x003b0036,
	0x0041003c, 0x004d004b, 0x0052004e,
	0x005d0059, 0x00680067, 0x006e006d, 0x01670174, 0x0168015d, 0x026101f4, 0x0078007c, 0x00840083, 0x008d0089,
	0x00990098, 0x009f009d, 0x00ad00aa,
	0x00b400af, 0x00ba00b5, 0x00c600c4, 0x00cb00c7, 0x00d600d2, 0x00e100e0, 0x00e700e6, 0x016501ed, 0x016601d7,
	0x010601f2, 0x01dc0155, 0x01dd01e3,
	0x01d801e4, 0x017e02d2, 0x016f01d3, 0x01d601f3, 0x017f02f0, 0x01d101fd, 0x02800258, 0x01700183, 0x00060057,
	0x00040002, 0x0005000a, 0x000b0009,
	0x001c0010, 0x00190017, 0x002e001a, 0x002b002a, 0x0013002c, 0x00450040, 0x00430042, 0x01440049, 0x004800e8,
	0x005e0061, 0x0060005f, 0x004c006f,
	0x007d00d1, 0x007b0079, 0x007c0081, 0x00820080, 0x00930087, 0x0090008e, 0x00a50091, 0x00a200a1, 0x008a00a3,
	0x00be00b9, 0x00bc00bb, 0x01bd00c2,
	0x00c100e9, 0x00d700da, 0x00d900d8, 0x00c500e8, 0x000700ea, 0x0003007e, 0x0008007a, 0x000e007f, 0x00110085,
	0x000f0088, 0x00140086, 0x0015008b,
	0x001d008c, 0x001b0094, 0x001e0092, 0x00180095, 0x0023008f, 0x0025009a, 0x0024009c, 0x0027009b, 0x0031009e,
	0x002f00a9, 0x003000a7, 0x002d00a8,
	0x002900a0, 0x003500a6, 0x003700ae, 0x003900b0, 0x003800b2, 0x003a00b1, 0x003d00b3, 0x003f00b6, 0x003e00b8,
	0x004700b7, 0x004600c0, 0x004a00bf,
	0x004f00c3, 0x005100c8, 0x005000ca, 0x005300c9, 0x005600cc, 0x005500cf, 0x005b00ce, 0x005a00d4, 0x006600d3,
	0x006300df, 0x006500dc, 0x006200de,
	0x006400db, 0x006a00dd, 0x007000e3, 0x007100e9, 0x00ee0075, 0x00f00077, 0x00ef0076, 0x00d00057, 0x02d5005c,
	0x027b027d, 0x02770276, 0x027a0278,
	0x02790275, 0x02530252, 0x025a0256, 0x0258025b, 0x02500251, 0x02540259, 0x006c0057, 0x006900e5, 0x006b00e2,
	0x001f00e4, 0x00720096, 0x007300eb,
	0x016201ec, 0x016e016d, 0x016b0169, 0x016a016c, 0x01da01d9, 0x01e20159, 0x020702e0, 0x02030201, 0x02090205,
	0x0208020a, 0x02040202, 0x01fa0106,
	0x01eb01e7, 0x01ef01e5, 0x023902ee, 0x0243023d, 0x02410242, 0x020b0213, 0x020d020c, 0x020f020e, 0x02110210,
	0x021b0212, 0x0219021a, 0x02170218,
	0x02150216, 0x0228021c, 0x022a0229, 0x022e0214, 0x022f0232, 0x02300233, 0x02310234, 0x00540035, 0x000000cd,
	0xff260006, 0x033202b7, 0x8202002d,
	0x000b3d0b, 0x00140010, 0x40360018, 0x13161733, 0x0e0f1012, 0x07080b0d, 0x0e000304, 0x4c010003, 0x29089482,
	0x85000300, 0x03050406, 0x15760303,
	0x15111115, 0x11181518, 0x13141114, 0x06071113, 0x35132b19, 0x37350333, 0x01350133, 0x04821533, 0x01153f08,
	0x01150117, 0x07153733, 0xf2828226,
	0x0181fe8d, 0xf4fd1eee, 0xfbfd0c02, 0xfe9c0169, 0x13a070f0, 0xfe82ab02, 0xfdf28d81, 0xee018d85, 0x84fffc6e,
	0xfd8c0d02, 0x9c0107fb, 0xa0f1fe8d,
	0x9e82138d, 0x1b3b9582, 0x3d020000, 0x0700a802, 0x2d000b00, 0x04002a40, 0x04010200, 0x05006702, 0x825f0005,
	0x4d172f21, 0x01020306, 0x4e011801,
	0x0a0b0000, 0x27820809, 0x11072d08, 0x08071111, 0x13332b19, 0x27231333, 0x33370723, 0xb21b2303, 0x2972b3bd,
	0xbc4127ee, 0xa8021653, 0x979758fd,
	0x004101ff, 0x00ffff00, 0x032b5f84, 0x0026028c, 0x01000001, 0x82530207, 0x00982a54, 0x0102b108, 0x35b098b0,
	0x20238a2b, 0x202388ae, 0x20238258,
	0x202385a2, 0x20238da2, 0x202388c0, 0x20239856, 0x20238884, 0x206b8750, 0x896b8f02, 0x9852208f, 0x8886208f,
	0x935b2047, 0x51ff2523, 0xa8023d02,
	0x00252385, 0x005f0207, 0x20cb8a9f, 0x233b88e8, 0x00ffff59, 0x0221cb84, 0x20cb8eb0, 0x202388ab, 0x375f8f5a,
	0x09000200, 0x3f020000, 0x0f00a802,
	0x42001300, 0x01123f40, 0x4c010102, 0x032f1782, 0x67030208, 0x06000800, 0x67060804, 0x41010100, 0x003006a5,
	0x5f050404, 0x05020709, 0x4e051805,
	0x10110000, 0x0f213882, 0x2a008511, 0x2b1d080a, 0x15211333, 0x84331523, 0x21230803, 0x13072335, 0x09231133,
	0xad6101c1, 0xfec1a3a3, 0x4a2c6ace,
	0xa802074c, 0xc169aa6a, 0x01a6a66a, 0x820c010a, 0x00033e91, 0x02f6ff55, 0x00ae0220, 0x0028001b, 0x40450035,
	0x03010142, 0x05010e00, 0x04012a02,
	0x217b8205, 0x91820404, 0x0501062b, 0x67050204, 0x00030300, 0x21358261, 0x8a824d17, 0x82610121, 0x1e23081d,
	0x29294e01, 0x34293529, 0x26282b2d,
	0x171a1c1e, 0x17080742, 0x3e11332b, 0x1e323302, 0x06141502, 0x83150706, 0x020e3907, 0x26262223, 0x36323313,
	0x26343536, 0x22262726, 0x16151107,
	0x023e3716, 0x233b0e83, 0x39221055, 0x3c6c5530, 0x2a2c1117, 0x17153836, 0x30566e3d, 0x5f5b2d3c, 0x82112c2a,
	0x15410811, 0x251a2624, 0x14383520,
	0x02353814, 0x010203a8, 0x3c4c2a10, 0x0a1b342d, 0x41250d03, 0x2a4b3b3a, 0x01040210, 0x23250d97, 0x04112320,
	0xe9fe0203, 0x010103c6, 0x1f221004,
	0x00123230, 0x00010000, 0x37e38251, 0x00b20228, 0x40300025, 0x0403002d, 0x00030400, 0x05000080, 0x7e050004,
	0x0229c982, 0x02020061, 0x05004d1d,
	0x30d38705, 0x28142326, 0x08061024, 0x33252b1c, 0x2223030e, 0x85a6822e, 0x231722d2, 0x25ca822e, 0x14150606,
	0xcd831616, 0xb2012f08, 0x31180576,
	0x5f4b4155, 0x36171534, 0x5240485e, 0x76041830, 0x25281506, 0x13133531, 0x2c283135, 0x4a3ab315, 0x4c1d1029,
	0x88676c89, 0xba82214e, 0x25233b2b,
	0x6367260d, 0x0d276964, 0x219e8223, 0x9f85ffff, 0x028c0325, 0x430d0026, 0x01200c3f, 0x840a3f43, 0xd90321c3,
	0x57202388, 0xa2233a82, 0x82b10800,
	0x08734223, 0x19ff5123, 0x85e78202, 0x06002423, 0x8b285e02, 0x888e205f, 0x4251203b, 0x5f88068b, 0x00020034,
	0x02f7ff47, 0x00af0219, 0x00250013,
	0x012e4031, 0x8a820301, 0x02020126, 0x0204054c, 0x2109f641, 0x22410202, 0x142b0807, 0x14251414, 0x38242a25,
	0x1a080642, 0x3611372b, 0x1e171636,
	0x0e141503, 0x22222302, 0x11132626, 0x33361616, 0x3435023e, 0x8227022e, 0x4735080f, 0x1c27302a, 0x1a43795f,
	0x6480461b, 0x23191c17, 0x0e1e1f58,
	0x18403d06, 0x303d220d, 0x0116110f, 0x0205a702, 0x20020101, 0x6a69874c, 0x021d4a87, 0xfe440204, 0x30118224,
	0x595f2705, 0x16365f4a, 0x00020202,
	0x00020000, 0x08a78614, 0x2d001742, 0x3c403f00, 0x02070105, 0x06030100, 0x01044c02, 0x00010501, 0x67000106,
	0x07020809, 0x00610207, 0x4d170202,
	0x03060600, 0x03030061, 0x184e031e, 0x182d1818, 0x11212a2d, 0x11423814, 0x1e080a11, 0x2322b582, 0xb9903335,
	0x15331524, 0xbd8e1523, 0x90333321,
	0x6f6f21bf, 0x0124c18e, 0x2b015a22, 0xc422c490, 0xc58dbe5a, 0x41ffff21, 0x032a056b, 0x002602d9, 0x01000012,
	0xcb410207, 0x01022107, 0x86093f44,
	0x060223e7, 0xf7821300, 0x73000122, 0x142ffc82, 0x0b00a802, 0x2c402f00, 0x03000200, 0x44030204, 0x06210f1b,
	0x061a4401, 0x0b212582, 0x28008311,
	0x2b1b0807, 0x15211133, 0x31d48421, 0x01731521, 0xf1e9fe8d, 0x022b01f1, 0x6da36da8, 0x1f426dbe, 0x215b8405,
	0x8f828c03, 0x7f421620, 0x83702018,
	0x85b3847f, 0x137f4223, 0x23846a20, 0x4788c020, 0x4207bf45, 0x6b850ba3, 0x23888420, 0x2007bf45, 0x0abf4501,
	0x8e202385, 0xaf422388, 0xffff2110,
	0x8a050f41, 0x425220b3, 0x23880fd3, 0x47888620, 0x4207e345, 0x238308f7, 0x0251ff25, 0x85a80214, 0x06002423,
	0x410c5f02, 0xab200b13, 0x5a203b88,
	0x00395f8f, 0xff290002, 0x022c02f6, 0x001c00b2, 0x40320025, 0x0102002f, 0x00020100, 0x08298280, 0x00060526,
	0x01006705, 0x00610301, 0x4d1d0303,
	0x04060600, 0x04040061, 0x234e041e, 0x13232814, 0x08071023, 0x21132b1d, 0x21054b44, 0x5b442307, 0x053c4305,
	0x022e4c08, 0x021e2125, 0x36363233,
	0x038a012e, 0x29343a1a, 0x78091b32, 0x5563330c, 0x1839634b, 0x4b633918, 0x123a6850, 0xe8fe8e01, 0x373d1901,
	0x011b3832, 0x22534c87, 0x552b2f13,
	0x4e21255d, 0x89676687, 0x5a25214f, 0x524a0c9c, 0x82522121, 0x01002f8a, 0x00006c00, 0xa8021902, 0x29000900,
	0x3b422640, 0x01052611, 0x04180404,
	0x232b824e, 0x11090009, 0x06220082, 0x35421a08, 0x15213306, 0x016c1121, 0x01c9fead, 0x02f0fe10, 0x6cb36da8,
	0x5385e4fe, 0xfb824520, 0xfb822120,
	0x4200262e, 0x01253f40, 0x01030605, 0x4c020501, 0x26095d45, 0x05060107, 0x45670600, 0x4282145f, 0x26002632,
	0x28142326, 0x08081123, 0x35012b1c,
	0x06061133, 0x081a6745, 0x01353745, 0x6e27f32c, 0x37624e49, 0x5f341515, 0x3258454b, 0x03780317, 0x332b2e14,
	0x39151336, 0x133a2336, 0xfe651001,
	0x1e1f16b6, 0x6b6d8a4d, 0x101d4b87, 0x21394a28, 0x67260c22, 0x276a6462, 0x009a070d, 0x8400ffff, 0xae032ab3,
	0x22002602, 0x07010000, 0x07834802,
	0x230b9f42, 0x0211ff45, 0x2385d782, 0x02060024, 0xac82fc5d, 0x8e203b88, 0x93423b88, 0x01002f10, 0x00004100,
	0xa8021702, 0x27000b00, 0x0f822440,
	0x01030432, 0x01026704, 0x4d170000, 0x03020506, 0x4e031803, 0x0b214c82, 0x0b9b4300, 0x83113321, 0x11233501,
	0x78411123, 0xe67878e6, 0xf1fea802,
	0x58fd0f01, 0xd5fe2b01, 0x00214e82, 0x20048214, 0x08538244, 0x17001327, 0x38403b00, 0x01020305, 0x0002060b,
	0x6700010a, 0x08000a00, 0x67080a07,
	0x02020104, 0x090c4d17, 0x18070702, 0x28618207, 0x14151617, 0x13001300, 0x2b008711, 0x2b1f080d, 0x35231133,
	0x15333533, 0x15200384, 0x23286f83,
	0x35331111, 0x2d2d4123, 0x04837782, 0x01e6e625, 0x824e60fa, 0xfe602200, 0x2a7d8306, 0x00619901, 0x00780001,
	0x84df0100, 0x402929d3, 0x01010326,
	0x005f0201, 0x04206e83, 0x0521d682, 0x1671445f, 0x6d833520, 0x65822120, 0x78153330, 0x5a01747b, 0x01677a74,
	0xfe6868d9, 0xff826727, 0x30000226,
	0x2702f7ff, 0x112b5382, 0x79001500, 0x5014b04b, 0x821a4058, 0x010123e6, 0xcb857200, 0x01010030, 0x05066203,
	0x1e030302, 0x4b1b4e03, 0x21821bb0,
	0x21831b20, 0x01000223, 0x21229380, 0x1d8d1f40, 0x4d209784, 0xfc454684, 0x59250805, 0x120e4059, 0x12151212,
	0x13241415, 0x08071022, 0x33372b1b,
	0x32331616, 0x33113536, 0x06061411, 0x26262223, 0x080a8207, 0x0275c026, 0x1a24221a, 0x454d1f76, 0x8e1f5148,
	0x1b259f75, 0xd8014130, 0x5d5224fe,
	0x5e491e26, 0x58fda802, 0xffff0000, 0x25051741, 0x26028c03, 0x33452800, 0x826a2018, 0x03ed2219, 0x452388c0,
	0x7820130f, 0xdf222382, 0x23888403,
	0x85130f45, 0x888e2023, 0x107b4223, 0x0f458f92, 0x20478513, 0x45478886, 0x7826130f, 0xdf0151ff, 0x2385a802,
	0x02060024, 0x0082005f, 0xab205f88,
	0x0f453b88, 0x00012c11, 0x01f6ff40, 0x00a802ec, 0x41220015, 0x00240990, 0x4d170202, 0x2c070a45, 0x254e031e,
	0x04102314, 0x372b1a08, 0x06424933,
	0x11352e08, 0x0e141133, 0x2e222302, 0x0e784102, 0x2a292426, 0x2f127810, 0x55424255, 0x28c4102d, 0x2e11102a,
	0xfedb012c, 0x2d534121, 0x512d1112,
	0x828b8200, 0x5d022367, 0x8b828c03, 0x7b413220, 0x008c2206, 0x050b4998, 0x27056f4c, 0x68000100, 0x54020000,
	0x0a3a8b82, 0x22402500, 0x03030609,
	0x4c010002, 0x00000101, 0x03044d17, 0x18020202, 0xd8824e02, 0x0a000a2a, 0x05111212, 0x332b1908, 0x133d8582,
	0x23010333, 0x72681103, 0x01de8cc1,
	0x02e1990b, 0x01d5fea8, 0xfeb3fe2b, 0xfe3801a5, 0x822e82c8, 0xff68227b, 0x82578311, 0x8234207b, 0x061f4410,
	0x67206f82, 0x1d206f82, 0x05246f82,
	0x1c401f00, 0xf3841982, 0x03600223, 0x276a8701, 0x11050005, 0x18080411, 0x212a6984, 0x01786715, 0xfda8023e,
	0x53826ec6, 0xcf843b84, 0xcf853620,
	0x8d77ff21, 0x212387cf, 0x7782a802, 0x55342385, 0x79ff2000, 0x01b10900, 0x79ffb801, 0x002b35b0, 0x6700ffff,
	0x83829b82, 0xbb442385, 0x209b8207,
	0x319b8604, 0x402c000d, 0x08090a29, 0x02030407, 0x00010801, 0xa8934c01, 0x0d000d24, 0xa8841515, 0x07352408,
	0x33113727, 0x07173711, 0x67152115,
	0x78632b38, 0x018c2963, 0x6518e93e, 0xfe47012b, 0x3d652bec, 0x82006eaf, 0x8230205f, 0x05cf435f, 0x2c402f28,
	0x03090a0e, 0x5b830304, 0x02000326,
	0x80020300, 0x21057441, 0x74410405, 0x00112608, 0x13111411, 0x05654611, 0x82133321, 0x23112501, 0x03233711,
	0x21080182, 0x92301117, 0x92670567,
	0x66030e6f, 0x0e036663, 0xbdfea802, 0x58fd4301, 0xfeb96801, 0xb93101cf, 0x6f8398fe, 0x6f823e20, 0xa802192b,
	0x24000d00, 0x030a2140, 0x14da4102,
	0x6682c682, 0x2206da41, 0x82273313, 0x346084c8, 0x03d9983e, 0xd899720b, 0xa8020b03, 0x01b9e0fd, 0x0258fd67,
	0x22588221, 0x8400ffff, 0x8c032557,
	0x3c002602, 0x8518d343, 0x88d92023, 0x13074923, 0x11ff3e23, 0x859f8202, 0x0a434623, 0xab203b85, 0x43433b88,
	0x00023c11, 0x02f7ff36, 0x00b20221,
	0x00230013, 0x002a402d, 0x61010303, 0x1d010100, 0x8201054d, 0x04613ce7, 0x1e000001, 0x14154e00, 0x1b1d0001,
	0x23152314, 0x1300090b, 0x08061301,
	0x4c052b16, 0x15240aa6, 0x27020e14, 0x21066c4d, 0xae4c2223, 0x2c012a05, 0x1535604c, 0x4c603515, 0x3407854b,
	0x1435344b, 0x33343514, 0x37141437,
	0x894c1d09, 0x4c896b6c, 0x2107821d, 0x07826c6b, 0x67266d2e, 0x26686363, 0x63636826, 0xffff2667, 0x03219785,
	0x20bb828c, 0x0c1b4141, 0x200be34f,
	0x21bb8336, 0x2388c003, 0x8513bf4f, 0x88842023, 0x07ef4423, 0xff490220, 0x8923850a, 0x13bf4f6b, 0x31202383,
	0x00318f87, 0xff530227, 0x0198009c,
	0x00530207, 0x00980060, 0x077b5010, 0x4d03b121, 0x57850a43, 0x7b888620, 0x2310f34f, 0x04000300, 0x2308c382,
	0x00b20255, 0x0025001b, 0x403b002f,
	0x020d0e38, 0x2c2d0002, 0x0f101e1f, 0x03080102, 0x01011b02, 0x004c0303, 0x61261482, 0x1d000000, 0x0e82044d,
	0x4f610121, 0x273e050b, 0x272f2626,
	0x292c282f, 0x2b190805, 0x26372737, 0x3e343526, 0x16323302, 0x07173717, 0xe0491616, 0x27262405, 0x82171413,
	0x22232a1a, 0x32130606, 0x34353636,
	0x301b8227, 0x063d3b3f, 0x60351505, 0x1a63534c, 0x063e3b1e, 0x080b8204, 0x63514b27, 0xec01501a, 0x332f340c,
	0x347e1437, 0xea011435, 0x3d28350c,
	0x3759233d, 0x1d4c896b, 0x3d1e3123, 0x3555223e, 0x350b826c, 0x0d012e22, 0x2aec1c27, 0xfe68261e, 0x636726ad,
	0x27eb1b23, 0xb741001c, 0x88ab2008,
	0x138750f3, 0xf6ff0d24, 0xf3824f02, 0x2c001c39, 0xb04bef00, 0x40585016, 0x0301100a, 0x00010101, 0x1b4c0206,
	0x8517b04b, 0x83092011, 0x82082011,
	0x241e8311, 0x01010209, 0x210c8207, 0x31855959, 0x0400232e, 0x04060500, 0x01096705, 0x61010303, 0x01311d82,
	0x080b4d1d, 0x00060602, 0x02070a61,
	0x001e0000, 0x204a864e, 0x222a8738, 0x87090900, 0x89002029, 0x89002034, 0x0b4d2432, 0x8a080801, 0x3340213f,
	0x00213a8c, 0x82638201, 0x06934839,
	0x06060029, 0x010a5f07, 0x86180707, 0x84002037, 0x59593275, 0x1d1e1840, 0x24260000, 0x2c1e2c1d, 0x1c001c00,
	0x29008211, 0x0c242614, 0x212b1d08,
	0xfc472335, 0x34352905, 0x32333636, 0x35331716, 0x20094551, 0x0f424325, 0x07383f08, 0x46292f17, 0x4f21204f,
	0x17302a46, 0xb2140107, 0xfeb2a8a8,
	0x112a2687, 0x21252a11, 0x250f1025, 0x3f1e293d, 0x97888799, 0x3e2a1e3e, 0xc36aa76a, 0x6b2b5f6a, 0x2c6a5e60,
	0x5f5f6a2c, 0x90822b6b, 0x0002002b,
	0x02000064, 0x00ae021a, 0x258b8211, 0x012e4031, 0x2e450401, 0x02012705, 0x00670103, 0x64510404, 0x46052006,
	0x1c23073b, 0x8212141a, 0x2811252c,
	0x18080642, 0x250a5d51, 0x2323020e, 0x54511115, 0x232e0807, 0x3e0d6423, 0x6c591544, 0x35151439, 0x424b4b60,
	0x18153b38, 0x02313f42, 0x010203a8,
	0x45583114, 0x112d513f, 0x116b01fe, 0x2f2e2a2c, 0x87820012, 0x04825a20, 0xa802243a, 0x19000e00, 0x2c402f00,
	0x05000100, 0x69050104, 0x02000400,
	0x67020403, 0x1723ac82, 0x4a01064d, 0x192306b7, 0x820f1117, 0x260e2229, 0x05195421, 0x1533112a, 0x16163233,
	0x06061415, 0x35208582, 0x22088589,
	0x741f775a, 0x74313987, 0x3f404964, 0x4a1b1942, 0xa8022f46, 0x56612964, 0x8d285e51, 0x2e3212f7, 0x8212312e,
	0x3026087b, 0x27029dff, 0x1700b202,
	0x72002b00, 0x01200a40, 0x01130403, 0x4c020300, 0x500ab04b, 0x00224058, 0x03030504, 0x29827204, 0x51860221,
	0x1d270799, 0x0303004d, 0x45066200,
	0x1b220503, 0x24832340, 0x03040523, 0x21259a80, 0x56824059, 0x1f26282e, 0x151c1d1e, 0x00090b14, 0x07170117,
	0x2e102c45, 0x17070606, 0x03062723,
	0x33021e14, 0x52173327, 0x4e0805a4, 0x020e2223, 0x624e2c01, 0x37151537, 0x634d4e62, 0x2b111536, 0x356f4628,
	0x1c0ba219, 0x63452833, 0x1411183a,
	0x33283538, 0x1d0a0b1c, 0x6c6b894c, 0x1e1e4b8a, 0x626c8a4b, 0x71134e82, 0x5d01025b, 0x1535614c, 0x68175e77,
	0x2769655f, 0x82603515, 0x542408a3,
	0x37020000, 0x1c00ad02, 0x3b002a00, 0x01013840, 0x012a0005, 0x010e0504, 0x4c030402, 0x02000400, 0x69020401,
	0xff41ec82, 0x09955506, 0x1f272923,
	0x2635821d, 0x421e241c, 0x53190807, 0x1720105f, 0x2e24bc82, 0x11232302, 0x08080b42, 0x26262751, 0x15540706,
	0x47414e2f, 0x1214325b, 0x211c3033,
	0x823d0b18, 0x321a0832, 0x2579392e, 0x290f0e26, 0x24201427, 0x02a8021b, 0x2b100102, 0x453f3c4d, 0x0506051e,
	0xcf282b15, 0x0c2220c6, 0x8001ecfe,
	0x1f2b2d11, 0x02041022, 0x00020101, 0x8400ffff, 0x8c0325bb, 0x4e002602, 0x8518ff45, 0x88d92023, 0x13d75023,
	0x11ff5426, 0xad023702, 0xa3482385,
	0xff352d0a, 0x022202f6, 0x003700b2, 0x00314034, 0x2308a353, 0x01000401, 0x390ba353, 0x61050101, 0x1e050500,
	0x32344e05, 0x1c1d2022, 0x10231618,
	0x2b180806, 0x334f3337, 0x34352605, 0x2e272626, 0x05764503, 0x53021e21, 0x9e520bae, 0x2e640808, 0x02713602,
	0x34363a17, 0x37141437, 0x34604b35,
	0x5f341515, 0x325a474a, 0x01720115, 0x362e3113, 0x3a151538, 0x345d4a36, 0x62361514, 0x35604c4d, 0x2320b212,
	0x23260d0c, 0x0b1a2924, 0x442d2210,
	0x27463731, 0x3f220e0f, 0x09161631, 0x1b1e200b, 0x100c1822, 0x364a3123, 0x102b4c3c, 0x00492910, 0x00ffff00,
	0x0321cf84, 0x20e7828c, 0x0c2f4152,
	0x2a0b7b50, 0x015802f7, 0x022f035f, 0x8a550206, 0x88d92033, 0x135b4833, 0x19ff3526, 0xb2022202, 0x00242385,
	0x005e0206, 0xff200082, 0x11206f83,
	0x5d21178c, 0x2d1782fc, 0x34000100, 0x2502f6ff, 0x1f00a802, 0x474d9100, 0x1c143605, 0x1b040101, 0x01030211,
	0x03020110, 0x01034c03, 0x1b4b0104,
	0x20168b40, 0x20168705, 0x2b328559, 0x0401001f, 0x03010403, 0x04040080, 0x2e078b56, 0x62020303, 0x02020506,
	0x4e021e02, 0x9123401b, 0x06824d21,
	0x00202783, 0x59222584, 0x92820e40, 0x1f001f3c, 0x22262518, 0x1b080711, 0x2111172b, 0x36150715, 0x1415021e,
	0x26222306, 0x904d3527, 0x343a0805,
	0x35072626, 0x34112337, 0x2cbfd701, 0x65223d4e, 0x2341286d, 0x2f213b31, 0x5359222c, 0x0201da9e, 0x02b364a9,
	0x4c270b04, 0x0e6f713f, 0x16177a0f,
	0x33353b37, 0x9d730d07, 0x6082bbfd, 0x3f24f382, 0x18020000, 0x0730f382, 0x1e402100, 0x00000102, 0x01005f01,
	0x044d1701, 0x5807cb44, 0x1c4a06e1,
	0x35233505, 0x11231521, 0xd901b1f0, 0x6c3c02b2, 0x00c4fd6c, 0x00ffff00, 0x03254384, 0x002602d9, 0x0ca35359,
	0x220b2b50, 0x8311ff3f, 0x49238567,
	0x17940ae7, 0x00010027, 0x02f6ff47, 0x25978210, 0x401b0017, 0x97820218, 0x280e184d, 0x08041024, 0x33132b1a,
	0x11194d11, 0x47352708, 0x2d2f1277,
	0x77112f2d, 0x46593213, 0x13325a46, 0x39fea802, 0x14143733, 0xc7013337, 0x5c4839fe, 0x33141433, 0xbb84485c,
	0x03216784, 0x2097828c, 0x187b425d,
	0xc0202385, 0x9b4e2388, 0x20238513, 0x4e238884, 0x6b8f139b, 0x8313774e, 0x05ab4923, 0xab498f82, 0x06134312,
	0x850c2f5a, 0x88862057, 0x13ab4e7b,
	0x51ff4726, 0xa8021002, 0x00252385, 0xf65f0206, 0x20ff8a00, 0x593b88e8, 0x0120079f, 0x850a9f59, 0x88ab205f,
	0x535a2023, 0x012610df, 0x00002300,
	0x47423402, 0x01032107, 0x4d09664c, 0x072309d5, 0x4d130700, 0x032205d5, 0x01821333, 0xb4d70335, 0x90039077,
	0xa802b477, 0x3302cdfd, 0x000058fd,
	0x820d0001, 0x824a2047, 0x00112a47, 0x0f244027, 0x03030309, 0x050a5c00, 0x4d170024, 0x18520405, 0x00112508,
	0x14141111, 0x8305174d, 0x8237204d,
	0x83172050, 0x03233553, 0x4d5a0323, 0x0f052e65, 0x12388137, 0x4c652a05, 0x4b064b84, 0xd1316182, 0xfe7401bb,
	0x2f02bb8c, 0x4f0258fd, 0xff00b1fd,
	0x216b85ff, 0xd7828c03, 0xfb416820, 0x218f8418, 0x2388c003, 0x8513fb41, 0x88842023, 0x13fb4123, 0x6b892385,
	0x8210fb41, 0x822e20fb, 0x822920fb,
	0x000d29fb, 0x0b234026, 0x04010408, 0x3017ad4d, 0x05121312, 0x332b1908, 0x17330313, 0x03333733, 0x08f68313,
	0xa9b42e21, 0x72017280, 0x82b4a980,
	0x017b017b, 0xe7440164, 0xfebcfee7, 0xfe03019c, 0x000000fd, 0x82360001, 0x8221205f, 0x0009245f, 0x82204023,
	0x0ae74f5e, 0x2a09a541, 0x13090009,
	0x18080412, 0x4111332b, 0x113706a6, 0x757fb9ef, 0xba7e7603, 0x93011501, 0x1301edfe, 0xebfe6dfe, 0x85ffff00,
	0x8303204f, 0x416e20d3, 0x7384183f,
	0x02c00324, 0x23850026, 0x85133f41, 0x88842023, 0x133f4123, 0x6b892385, 0x88103f41, 0x88ab208f, 0x13a74247,
	0x00004735, 0xa8021002, 0x2d000900,
	0x01062a40, 0x02010100, 0x44004b02, 0x002408f6, 0x5f030202, 0x2409fb44, 0x12090009, 0x056a4111, 0x2101353b,
	0x01152135, 0x01471521, 0x01cdfe44,
	0x01bafeb8, 0xd0016c46, 0x30fe6c6c, 0x847b826c, 0x83032057, 0x4174209f, 0x2385180b, 0x9f82d920, 0xb3462385,
	0x20238513, 0x5223888e, 0x003c10bf,
	0xff530002, 0x02f801f7, 0x0023001a, 0x4b87002f, 0x58501bb0, 0x000101b5, 0x1b4c0107, 0x05200782, 0x8b460782,
	0x00273006, 0x02010203, 0x00800103,
	0x07060001, 0x82670601, 0x610436dd, 0x20040400, 0x0707004d, 0x05086100, 0x1e000002, 0x401b4e00, 0x2429992b,
	0x05050108, 0x202f8518, 0x282d8400,
	0x00124059, 0x262b2d00, 0x307f8224, 0x24122323, 0x08092527, 0x35212b1b, 0x23020e23, 0x06c54d22, 0x34353333,
	0x22232626, 0x26231706, 0x32333636,
	0x1115021e, 0x065b4f27, 0x32335108, 0x94013636, 0x361f0b05, 0x1b4b472f, 0x4a5f3414, 0x282a1047, 0x70012134,
	0x51551d02, 0x122d5241, 0x2f2c5a6e,
	0x30301e11, 0x1d3f1433, 0x43180b20, 0x2746383f, 0x2927190f, 0x432c1b0f, 0x28101a47, 0xa0fe3949, 0x21230cf1,
	0x40181a2a, 0xffff0000, 0x24060f41,
	0x002602f4, 0x22a28278, 0x82530206, 0x21178805, 0x17851603, 0x0206012f, 0x000a0058, 0x0102b108, 0x35b00ab0,
	0x2137872b, 0x1f882803, 0x1f935620,
	0x88ec0221, 0x8b502057, 0x89022057, 0x8c52206f, 0x88ee2017, 0x885b202f, 0x01512417, 0x881a02f8, 0x685f2117,
	0x7f881882, 0x7f885020, 0x84ff5921,
	0x8d02209f, 0x8813209f, 0x825a2037, 0x00200836, 0x03000300, 0x5802f6ff, 0x36001a02, 0x48003d00, 0x1db5ca00,
	0x01040201, 0x10b04b4c, 0x31405850,
	0x0805c941, 0x08007224, 0x08070706, 0x01010a72, 0x0806010c, 0x0b690601, 0x04020201, 0x04010561, 0x0d4d2004,
	0x00070701, 0x1b4c0962, 0xb04b2206,
	0x20388212, 0x08024232, 0x402139a9, 0x23348b33, 0x80070806, 0x593b6fa2, 0x46164059, 0x3c3e4044, 0x3437383a,
	0x13231232, 0x22122327, 0x080e2426,
	0x42252b1f, 0x36290843, 0x26333336, 0x06222326, 0x05414215, 0x1716162c, 0x33023e33, 0x07161632, 0x07821e23,
	0x33373622, 0x20056e42, 0x20268513,
	0x202a8307, 0x05665e14, 0x06348508, 0x2d351f0a, 0x241c453f, 0x0121525c, 0x151e2519, 0x43190170, 0x1d332b3d,
	0x19070308, 0x4c46282f, 0x03ed031d,
	0x17171c0c, 0x0c6f0815, 0x27323c23, 0x822b1c30, 0x21231b03, 0x2e35781b, 0x1e201721, 0x24530e21, 0x451c1029,
	0x1f50483f, 0x2c1f2a3e, 0x0f1f4c45,
	0x25222225, 0x7985350f, 0x1c183b36, 0x1e4b4328, 0x1b012910, 0xa12a2a3e, 0x1b252b1d, 0x00003c17, 0x52000200,
	0x1702f6ff, 0x1800de02, 0xa9002800,
	0x2c060950, 0x01050103, 0x04020116, 0x401b4c02, 0x200c850a, 0x200c8203, 0x201e8559, 0x2037821d, 0x084d5f19,
	0x074d2029, 0x02040401, 0x4a030661,
	0x4b26062b, 0x58501fb0, 0x248e2140, 0x03010624, 0x2a861803, 0x4a020021, 0x21220554, 0x915f0500, 0x4d202105,
	0x03212d82, 0x2d23915f, 0x14405959,
	0x0000191a, 0x28192022, 0xa382281a, 0x2528182c, 0x19080811, 0x3313332b, 0x555b3303, 0x2626250b, 0x37152327,
	0x080ece4f, 0x7501523c, 0x1b0a0501,
	0x503f2930, 0x2d11112d, 0x332d3f51, 0x73050b1c, 0x1212322f, 0x302e2f32, 0x02301212, 0x1afdfede, 0x3b170a1b,
	0x6c54546b, 0x1c0a173c, 0x1b60361a,
	0x49454549, 0x05831a1a, 0x97821b20, 0x0001002b, 0x02f6ff58, 0x001a0212, 0x1a5f6021, 0x5f60c382, 0x1322230a,
	0x5f602328, 0x5a022007, 0x162509f7,
	0x26231716, 0x06544426, 0x33162908, 0xa0013632, 0x54220372, 0x345f4a4f, 0x5e341415, 0x2255514a, 0x23077402,
	0x13333030, 0x2f323613, 0x46429821,
	0x6c3b171a, 0x3b259b82, 0x474b1b17, 0x2495842a, 0xff161b4a, 0x249386ff, 0x002602f4, 0x0c3f4484, 0x0321ab84,
	0x29178541, 0x57020601, 0x08000a00,
	0x3f4401b1, 0xff582208, 0x88cb8319, 0x435e2037, 0x378406ef, 0x88f60221, 0x83512017, 0x02002317, 0xfb824100,
	0x1f420620, 0x01142c0e, 0x01010105,
	0x4c020400, 0x850a401b, 0x0c1f420c, 0x42020221, 0x00230f1f, 0x52030661, 0x1f420822, 0x41248d05, 0x002309fb,
	0x45000061, 0x1f4205e0, 0x0202210b,
	0x870b1f42, 0x111f4223, 0x25281525, 0x45190808, 0xd76107d9, 0x16162607, 0x33033317, 0x10315513, 0x0a059b25,
	0x582b311c, 0x3f380679, 0x0a1b2f29,
	0x01750105, 0x12302fdf, 0x2e2f3012, 0x32121232, 0x0a1c1a36, 0x26078141, 0x011a1b0a, 0x4222fd03, 0x32080f20,
	0xff440002, 0x021002f6, 0x002700ba,
	0x40630037, 0x0a0b2713, 0x06010208, 0x01230002, 0x4c020204, 0x4a000109, 0x5032b04b, 0x00194058, 0x03040002,
	0x826a0402, 0x4d1722e1, 0x0a585405,
	0x1b821b20, 0x85201c82, 0x1b8b2087, 0x0e40592e, 0x2f312829, 0x37293728, 0x06152e28, 0x132bdd82, 0x26263727,
	0x17163327, 0x61071737, 0xea8a0793,
	0x11241c83, 0x27363632, 0x08057e5e, 0x1614158b, 0x3e32e216, 0x9b1f3315, 0x32471014, 0x20372c3e, 0x5a32130c,
	0x315a4748, 0x552e1213, 0x1b201943,
	0x2c1a0510, 0x11323116, 0x31130101, 0x11302e30, 0xd8013111, 0x31172a4a, 0x3012161e, 0x57342b4a, 0x48345651,
	0x1313325c, 0x46485a31, 0x07123058,
	0x25031515, 0x54fe1a3c, 0x31363814, 0x34131233, 0x14373432, 0x1300ffff, 0x4102f6ff, 0x6600de02, 0x00d88900,
	0x00409a39, 0x55020701, 0xafffe200,
	0x02b10900, 0xafffb801, 0x05c758b0, 0x29065342, 0x89000602, 0x02000000, 0x37824c00, 0x02102308, 0x001b001a,
	0x40320024, 0x0300002f, 0x04000304,
	0x00050080, 0x03050003, 0x06060067, 0x02006102, 0x96642002, 0x1223240b, 0x5f281423, 0x25220567, 0x63430e33,
	0x021e220a, 0x055f5f07, 0x85332721,
	0x013e08ff, 0x260a6f98, 0x5e494a52, 0x30131434, 0x5c484457, 0xfe021131, 0x341603ae, 0xd1253030, 0x2f1402e3,
	0x14302c2c, 0x18433e8f, 0x546c3c17,
	0x173b6b54, 0x637f461b, 0x13133532, 0x153a37c1, 0xd7823a15, 0xf4249f85, 0x8d002602, 0x840c6b43, 0x41032117,
	0x6b431785, 0x09ab4708, 0x28201f85,
	0xab471f88, 0x211f840f, 0x5788ec02, 0x8507ab47, 0x88f62017, 0x43512017, 0x878f06a3, 0x178c5220, 0x2f88ee20,
	0x2607c347, 0x0251ff4c, 0x881a0210,
	0x065f2117, 0x8405c347, 0x13032147, 0x5a201788, 0x2a084786, 0x02f6ff48, 0x011a020c, 0x028d000f, 0xc0100258,
	0xb1090000, 0x02b80200, 0x2b35b010,
	0x00010000, 0x0200004a, 0x00f60202, 0x45550014, 0x1d2c05e5, 0x02030300, 0x02020061, 0x01054d1f, 0x5f382182,
	0x01010104, 0x01074d1a, 0x06180606,
	0x1b401b4e, 0x03000200, 0x69030201, 0x59221d92, 0x76820f40, 0x00143f08, 0x11141114, 0x08111115, 0x332b1c08,
	0x33272311, 0x023e3435, 0x06261517,
	0x33151506, 0xdd112315, 0x19932370, 0x495a733f, 0xa9a91c4e, 0x3d61af01, 0x09244537, 0x08046705, 0x61391f1e,
	0x428251fe, 0x4b000227, 0x11022aff,
	0x057d7e02, 0xa4469420, 0x1c0a2c05, 0x09030701, 0x02060201, 0x83401b4c, 0x8504200c, 0x06c3460c, 0xc9822920,
	0x00020130, 0x07008001, 0x04610307,
	0x20030301, 0xb582084d, 0x1822cc84, 0x8652004d, 0x051c2506, 0x2d401b4e, 0x04232b88, 0x844d1a04, 0x97f68230,
	0x4059312f, 0x32292a11, 0x2a382930,
	0x28152538, 0x09102228, 0x1728d882, 0x33160633, 0x35363632, 0x4305704a, 0x33220aab, 0x1c5d3335, 0x26262105,
	0x080fbd46, 0x01795d22, 0x3534341f,
	0x1d0b0514, 0x513f2c33, 0x2d11112d, 0x332c4051, 0x69050c1e, 0x475a3213, 0xce225752, 0x0805a844, 0x11302c33,
	0x24353011, 0x35381416, 0x0c201e36,
	0x53693a17, 0x173b6a53, 0x3f1e200b, 0x5744f8fd, 0x451a1330, 0x43481ade, 0x1a1a4744, 0x48434447, 0xff00001a,
	0x053341ff, 0x0216032b, 0x00990026,
	0x02060100, 0x05c74958, 0x26082746, 0x022aff4b, 0x86810311, 0x010f281f, 0x02770250, 0x4300c0da, 0x022505c9,
	0x2b35b0da, 0x21478900, 0x2785f602,
	0x02060024, 0x1782ff51, 0x00010026, 0x02000057, 0x27053746, 0x0103b550, 0x4c010103, 0x20053242, 0x2b1e8217,
	0x03004d19, 0x00610103, 0x4d200101,
	0x2207375c, 0x8917401b, 0x21238214, 0x19875f02, 0x0d405922, 0x18250f82, 0x14241800, 0x053c4f25, 0x11331123,
	0x05584933, 0x23111523, 0x05b54b11,
	0x15062a08, 0x05765711, 0x2b331d0d, 0x761b4a47, 0x2c24250e, 0xde02112f, 0x2321ebfe, 0x5559210d, 0x4b01b5fe,
	0x19102b2a, 0xf1fe4246, 0x22008200,
	0x821d0001, 0x02212b9f, 0x002000de, 0x010bb594, 0x9f830507, 0x5850172f, 0x02002340, 0x044d1902, 0x01000001,
	0x2fb5825f, 0x004d1701, 0x61050707,
	0x20050500, 0x0208094d, 0x8505d842, 0x822120ca, 0x2328821f, 0x67000105, 0x28923484, 0x238b4020, 0x2d824788,
	0x875f0621, 0x5959234c, 0x91821140,
	0x20002022, 0x1120df83, 0x0a230082, 0x612b1e08, 0x152208ce, 0xeb931523, 0x55557225, 0x8f4e4e76, 0x524125ef,
	0x78524b4b, 0x0222f292, 0xef826800,
	0x03172408, 0x00030008, 0x403b000d, 0x07000038, 0x00040101, 0x03006701, 0x005f0403, 0x4d1a0404, 0x02020105,
	0x43085f06, 0x042f05bb, 0x04000004,
	0x0c0d040d, 0x08090a0b, 0x82050607, 0x11032a37, 0x2b170809, 0x15333513, 0x05ff6101, 0x33112b08, 0xfe94ea15,
	0x019aa4ea, 0x7a029b0a, 0x86fd8e8e,
	0x64480164, 0x006454fe, 0x6a000100, 0x19020000, 0x09001002, 0x24402700, 0x56620100, 0x4d1a2305, 0x57820103,
	0x91645f20, 0x20558815, 0x8652846a,
	0xffff214c, 0xf4244b86, 0xa0002602, 0x840c7f45, 0x28032163, 0x01221785, 0x5f450206, 0x09eb4805, 0x02211f84,
	0x203788ec, 0x203d8250, 0x204f8800,
	0x451788f6, 0x2f85075f, 0x52206789, 0x26082f83, 0x60000400, 0xee012cff, 0x03000803, 0x15000700, 0x3d001900,
	0x08093a40, 0x02490602, 0x03080001,
	0x04010307, 0x83670100, 0x4d1a22d2, 0x053d4109, 0x04161630, 0x16000004, 0x18191619, 0x040f1017, 0x41410407,
	0x410a2007, 0x332f0641, 0x01153335,
	0x35033e35, 0x14113311, 0x8227020e, 0x8a603206, 0xc5fe8a7a, 0x08224c44, 0x783d1474, 0x7a0274a4, 0x3400828e,
	0x0b67b2fc, 0x181a100d, 0xdafd2302,
	0x15254338, 0xfd1002cb, 0x20c389f0, 0x45c388ee, 0x6a2507f3, 0x190251ff, 0x21db8702, 0xdb830226, 0x5f020623,
	0x21338800, 0x33881303, 0xdf845a20,
	0x6f000226, 0x89011cff, 0x122fdf84, 0x27402a00, 0x02020405, 0x04000049, 0x82030101, 0x020036d8, 0x005f0302,
	0x021a0303, 0x0d00004e, 0x000a0b0c,
	0x11030003, 0x080a4205, 0x35023e24, 0xc5442311, 0x94f52b05, 0x4845e6fe, 0x18f9861a, 0xbe836e3d, 0x66a2fc34,
	0x181e150c, 0xfd66d101, 0x284231c7,
	0x01000018, 0x6b827700, 0x1002912c, 0x18000e00, 0x00011540, 0x69820002, 0x5f010030, 0x1a010100, 0x16114e00,
	0x2b180802, 0x538a3517, 0x50877720,
	0x4b8ee420, 0x84ffff21, 0x02d1224b, 0x20cf82f4, 0x091742ab, 0x6b306382, 0x41020000, 0x0a00d802, 0x09b74e00,
	0x02030306, 0x20087d44, 0x22278212,
	0x82004d19, 0x0825626c, 0x19401b22, 0x02271482, 0x0203045f, 0x8d180202, 0x4059221b, 0x1044620c, 0x0733373b,
	0x11032313, 0x95b0726b, 0xce96e2c3,
	0x52fed802, 0xeafefae6, 0xfafe0601, 0x22938200, 0x8311ff6b, 0x2093827b, 0x209384ad, 0x06a7575d, 0x93825520,
	0x93821020, 0x47000922, 0x20053d44,
	0x07144317, 0x14431920, 0x401b2a0d, 0x00020015, 0x01020001, 0x0c2c4367, 0x67050645, 0x2f430bc1, 0xac552c08,
	0xa01101a2, 0x650e0265, 0x82658dfd,
	0x216b8483, 0x8382bc03, 0xd751af20, 0x4cc82008, 0xc8240505, 0x002b35b0, 0x2384a783, 0x88d80221, 0x00552423,
	0x62a9ffb1, 0xa920066f, 0x2006a749,
	0x82cb8255, 0x592385b3, 0x3b860acb, 0x0011002e, 0x0e0d4056, 0x060b0c0d, 0x08030405, 0xe345cf82, 0x06ef4308,
	0x1123daac, 0x82151100, 0x08063a01,
	0x35332b1a, 0x27073533, 0x35233537, 0x17371121, 0x15331107, 0x2386ac55, 0x33e582a9, 0xa0982276, 0x5437d965,
	0xfe65d246, 0x3f5431f6, 0x0065f9fe,
	0x01320082, 0x00002800, 0x1a023202, 0x56002700, 0x02030ab6, 0xd0450004, 0x06163a07, 0x00040401, 0x02010261,
	0x4d1a0000, 0x03050708, 0x03180303,
	0x1a401b4e, 0x20108300, 0x5e1d8206, 0x202005a3, 0x59221c89, 0x1c821040, 0x2700272e, 0x14231423, 0x09112425,
	0x332b1d08, 0x33208582, 0x8406425e,
	0x46162006, 0x2323057c, 0x8b060622, 0x5d283509, 0x2b2c1406, 0x060b272c, 0x2e282a11, 0x136b1433, 0x0a17151b,
	0x18380583, 0x4010020a, 0x2c1e1e2c,
	0x60261e2c, 0x01c3fe57, 0x1b30443d, 0xedfe3e45, 0x00270888, 0x00520001, 0x82050200, 0x001826c7, 0x0103b54c,
	0x27c68803, 0x03030013, 0x01016100,
	0x1947b383, 0x401b2207, 0x47c38417, 0x3347114d, 0x14474613, 0x67522708, 0x39220e05, 0x1b4b4731, 0x24250e76,
	0x0212302e, 0x27255010, 0x5458200e,
	0x4e01b2fe, 0x190f2928, 0xeffe4143, 0x9786ffff, 0x2602f424, 0x8345b500, 0x21af840c, 0x17854103, 0x4508034b,
	0x52220983, 0xcf8311ff, 0x5d203788,
	0x85066f69, 0x88132037, 0x078b4417, 0xf6ff3924, 0xff821e02, 0x200e1f63, 0x431f6320, 0x345f4b28, 0x5f341515,
	0x07854a4b, 0x36344a2c, 0x34361414,
	0x14143734, 0xfc4b0a37, 0x070a5007, 0x481b6b2c, 0x1a484445, 0x4544481a, 0xff821b48, 0xff839785, 0xff8cba20,
	0x03211784, 0x82c78228, 0x08834617,
	0x8409034c, 0xec02211f, 0x00231f85, 0x82500206, 0x9200203d, 0x8a52204f, 0x02312117, 0x26246787, 0x009c5302,
	0x53213582, 0x20338960, 0x204b88ee,
	0x0833835b, 0x00030034, 0x02cbff1b, 0x00390237, 0x0026001b, 0x40410030, 0x0c0e0f3e, 0x2e000203, 0x041f202d,
	0x011a0203, 0x03030102, 0x00010d4c,
	0x01011b4a, 0x02020049, 0x38826100, 0x624d2021, 0x282e0bd9, 0x28302727, 0x282c2a30, 0x2b190805, 0xd8623737,
	0x13072316, 0xda621614, 0x32172207,
	0x06da6236, 0x10381b2f, 0x5f34150c, 0x1b4d344b, 0x0e34432e, 0x080b820b, 0x4a314a41, 0x024c351b, 0x260dc603,
	0x14373419, 0x1436347f, 0x230dc103,
	0x5f1f4305, 0x3b6b5443, 0x370e0a17, 0x5b1f3e39, 0x3c6c543f, 0x400c0917, 0x29193e01, 0x0507ec10, 0x1bec481a,
	0x1c2c4548, 0x880405e7, 0x130321ef,
	0x2342ef88, 0x03310805, 0xf6ff0a00, 0x1a025202, 0x37002700, 0x7e004000, 0x080110b5, 0x4b4c0101, 0x585014b0,
	0x05002940, 0x05040403, 0x00090072,
	0x03090503, 0x08010a67, 0x07df4308, 0x02070b24, 0x5f600404, 0x832a200a, 0x0503232b, 0x2ca18004, 0x16405928,
	0x3c3e2829, 0x884f3839, 0x12232405,
	0x62251422, 0xff530560, 0x1632230c, 0x3c563317, 0x23072505, 0x32331616, 0x5007f253, 0x37200f79, 0x08079b4e,
	0x0c053885, 0x4127311f, 0x491d1d48,
	0x13353a41, 0x312f1205, 0x0f254232, 0x1703e302, 0x0513151f, 0x3b220a76, 0x92313632, 0x0d0d211e, 0x1a171e21,
	0xd01a0a0a, 0x180b0173, 0x0c171315,
	0x0e231f46, 0x7167732d, 0x3022307c, 0x471d2230, 0x32485f7c, 0x4b43261b, 0x1b4b211e, 0x4d473d43, 0x474d1e1e,
	0xd61b433d, 0x14143330, 0x00000033,
	0xff500002, 0x02160229, 0x0018001a, 0x406c0028, 0x0501030a, 0x02011600, 0x4d4c0204, 0x1d230533, 0x44050500,
	0x07340762, 0x02040401, 0x02020061,
	0x01064d1e, 0x031c0303, 0x21401b4e, 0x53056c44, 0x239108b4, 0x2217ae53, 0x44331117, 0x2b74057d, 0x23272309,
	0xae531311, 0x7150390e, 0x311a0a05,
	0x2d52402a, 0x4f2c1112, 0x1b312a3e, 0x2f6a050b, 0x31121231, 0x0805ac53, 0xe702d721, 0x0a1b1a35, 0x556d3c17,
	0x173b6a53, 0xfe1a1b0a, 0x1a3801f4,
	0x48454449, 0x45481a1a, 0x821a4944, 0x824e20e3, 0x021422e3, 0x20e384da, 0x54e38470, 0x975406ca, 0x83c39115,
	0x82e293e7, 0x058252fc, 0x4e031c22,
	0x4e20e7bd, 0x0322e79f, 0xe7a0ffb1, 0xe7824220, 0xcb410820, 0x417f2006, 0x8a5305bf, 0x09975306, 0x01010222,
	0xb7550c83, 0x82d68308, 0x55012013,
	0x002105b3, 0x41d28261, 0x02220cde, 0xd7551a02, 0x90238d0e, 0x066d53f6, 0x23110522, 0x270b8151, 0x33171616,
	0x03113335, 0x080ede41, 0x05920123,
	0x2b301c0a, 0x112c4f3e, 0x40522d12, 0x091b302b, 0x2ee07105, 0x30121230, 0x12322e2e, 0x01d73212, 0x2cf6830c,
	0x55536a3b, 0x0a173c6d, 0xfd351a1b,
	0x0ddf4119, 0x00ffff2f, 0x0200009c, 0x0012021a, 0xecf20006, 0x220f8800, 0x832600f4, 0x0602210f, 0x20084759,
	0x21278370, 0x17854103, 0x07550320,
	0xff4c2211, 0x84478411, 0x06002337, 0x58825d02, 0x0100002c, 0xf6ff4e00, 0x1a020802, 0xeb553000, 0x0ca7620d,
	0x20502020, 0x051e2608, 0x13222e4e,
	0x05eb552e, 0x200da362, 0x06706602, 0x230cf255, 0x15021e17, 0x08068c6e, 0x016f5051, 0x2d2b2d12, 0x3514112e,
	0x1f545033, 0x54585e22, 0x6e012159,
	0x2b382502, 0x3012112d, 0x2159552f, 0x5b5d6123, 0x1896205e, 0x19090919, 0x101b1817, 0x41210a07, 0x18403e39,
	0x1c3c3f17, 0x17170911, 0x060f1815,
	0x3c42220c, 0x1918433f, 0x86ffff46, 0x02f424bb, 0x46cb0026, 0xf7360ca3, 0x5f019001, 0x07036702, 0x00005502,
	0x090038ff, 0xb80100b1, 0xc34f38ff,
	0x21f38408, 0x37854103, 0x2612c347, 0x0219ff4e, 0x881a0208, 0x825e2057, 0x8400205d, 0x8c11206f, 0xfc5d2117,
	0x2e081883, 0xff500001, 0x021c02f3,
	0x002b00a8, 0x0d414044, 0x17030201, 0x16020101, 0x03010501, 0x0201004c, 0x05010205, 0x00030080, 0x02030102,
	0x67040069, 0x0620070d, 0x3208dc74,
	0x282b002b, 0x1f202126, 0x2418191e, 0x2b170807, 0x49341133, 0x6f780670, 0x06062508, 0x36163527, 0x08056b78,
	0x023e3550, 0x23263435, 0x11150622,
	0x57612750, 0x13245a52, 0x3c362b2e, 0x78853517, 0x1b205149, 0x38333e43, 0x40352516, 0x4de4012e, 0x4f1f2255,
	0x1d372e48, 0x260c0608, 0x5c593540,
	0x0f6f1113, 0x2b2e2c03, 0x6701142f, 0x1f231103, 0x35262230, 0xc4821cfe, 0x4100012f, 0xff01f6ff, 0x1a00ac02,
	0x35403800, 0x25aa8210, 0x03040111,
	0x03824c02, 0x064a0028, 0x02020205, 0x8c495f00, 0x03002405, 0x82610403, 0x041e22c6, 0x3438824e, 0x351a001a,
	0x11131124, 0x2b1b0807, 0x35333713,
	0x15331537, 0x06ef6123, 0x59153721, 0x2f0805fe, 0x1d411135, 0xaeac7369, 0x1725280e, 0x342b2b2a, 0x49441122,
	0x5fb1011a, 0x5f9c306c, 0x201dfafe,
	0x6b07040b, 0x1c020605, 0x0901494d, 0xffff0000, 0x032d8b85, 0x0026020d, 0x010000d2, 0x7b550206, 0x06a94bde,
	0xc341de20, 0xff412208, 0x85af8311,
	0x06002423, 0x82475d02, 0x923b848d, 0x79002017, 0x042b0533, 0x18001002, 0x02b54400, 0x4b030001, 0x1226072e,
	0x02020104, 0xd5824d1a, 0x01620024,
	0x1f820001, 0x401b4e23, 0x82148616, 0x2119830e, 0x0e6b6201, 0xb7592705, 0x25142414, 0xeb820510, 0x5d232121,
	0x1120084b, 0x210bdf62, 0x604a0402,
	0x5076330f, 0x200e2725, 0x4e015359, 0x2a27b2fe, 0x4044190f, 0x23791101, 0x02042206, 0x20bf82f4, 0x0cbb42d6,
	0xf6ff5126, 0x28030402, 0x5f491785,
	0x095f4a08, 0x02211f84, 0x493788ec, 0x1785075f, 0x52204f89, 0x00205582, 0x5f496786, 0x49678305, 0x33850d5f,
	0x4b88ee20, 0x33885b20, 0x04025124,
	0x17881002, 0x79725f21, 0x04220977, 0x9b885003, 0x20050b5d, 0x080b5d01, 0x03214f84, 0x48378813, 0x012e05bf,
	0x00003300, 0x10022402, 0x21000700,
	0x77621e40, 0x4d1a2109, 0x341a7762, 0x787eb3e6, 0xb37e7805, 0x60fe1002, 0xf0fda001, 0x00010000, 0x2047820c,
	0x2647824c, 0x4027000f, 0x62070d24,
	0x1a200a77, 0x240b7762, 0x110f000f, 0x068f6f13, 0x20051e61, 0x07756213, 0x705f6b2f, 0x7b43032d, 0x702d0342,
	0x0744795f, 0x235d8245, 0xfe990167,
	0xfd250382, 0xfea301f0, 0x85e7855d, 0x82f42067, 0x41e120c7, 0x17840c9b, 0x85280321, 0x129b4117, 0x02211f84,
	0x413788ec, 0x4f8f079b, 0x55825220,
	0x3a20cf83, 0x1e20cf82, 0x4b62cf82, 0x4f1a2011, 0x2a8208ae, 0x0d000d22, 0x08114b62, 0x07232724, 0x88a4ae3a,
	0x8a610360, 0x6789ada9, 0x0a016605,
	0xb5b50601, 0xf6fefafe, 0x0100b3b3, 0x24ff3900, 0x5b822302, 0x2a00092a, 0x01052740, 0x4c010100, 0x03287282,
	0x80030001, 0x01010102, 0xe6486082,
	0x05257705, 0x11111329, 0x2b190805, 0x41233717, 0x01350530, 0xaa235bab, 0x7a047c78, 0xdcfefe78, 0xfeed01ff,
	0xfd7d0183, 0x05a34a14, 0xf4205783,
	0xe720e382, 0x20051b41, 0x21068204, 0x6f85ffff, 0x85280321, 0x06012417, 0x5b045602, 0x8f850d87, 0x3788ec20,
	0x378b5020, 0x4f890220, 0x4f8c5220,
	0x2f881320, 0x17835a20, 0x5a24d782, 0xfd010000, 0x1b62d784, 0x4d1a2112, 0x35201b62, 0x015a1525, 0x01fafe17,
	0x01e9fe92, 0x3d016a17, 0xc3fe6969,
	0xc3856b01, 0x8b835b85, 0xf741ed20, 0x2117840c, 0x8b824103, 0x2f461782, 0x20378512, 0x231f85f6, 0x51020600,
	0xa6823d82, 0x00800037, 0x022d0200,
	0x00170014, 0x030b4084, 0x0d000201, 0x0203020c, 0x06126c02, 0x22821e20, 0x0001022b, 0x01048002, 0x86030203,
	0x330a8200, 0x01005901, 0x00610201,
	0x51020102, 0x0bb04b1b, 0x18405850, 0x01201d85, 0x02221d82, 0x06825900, 0x1f830020, 0x1f820020, 0x409e4020,
	0xcd515920, 0x00172e05, 0x11252617,
	0x2b190705, 0x07331133, 0x05475633, 0x07173308, 0x22232626, 0x06060706, 0x64801115, 0x23110509, 0x48412c36,
	0x0b6c0a24, 0x2324231d, 0x020f1916,
	0x29285c10, 0x3638140f, 0x1315221b, 0x1a27231f, 0xd483e8fe, 0xb0000122, 0x2e29d382, 0x16001202, 0x29402c00,
	0x21cd820d, 0xbe820e00, 0x004c0224,
	0x4b4b0202, 0x78b18207, 0x1627061a, 0x46241600, 0x87080511, 0x3303267b, 0x17163232, 0x087b8415, 0x15150625,
	0x051064b0, 0x2a1d1c15, 0x2c261822,
	0x17282121, 0x021b4945, 0x2b276b10, 0x03030615, 0x20040573, 0x82db5255, 0xfb012274, 0x08738298, 0x5c022527,
	0x44002f00, 0x292d4140, 0x171d2125,
	0x070b0f13, 0x01070b03, 0x01064c01, 0x85000100, 0x02030405, 0x01070104, 0x05c15585, 0x07070623, 0x2b3a8276,
	0x2c2f002f, 0x2427282b, 0x13111323,
	0x11250084, 0x2b1f070e, 0x09144421, 0x8d331321, 0x23032101, 0x24080192, 0x6c821afc, 0x77400450, 0x6f4a0445,
	0x7743034d, 0x704a0345, 0x7742044c,
	0x6c4c0344, 0x03457482, 0x02497742, 0x36158248, 0x034a7742, 0x02457747, 0xfe5c0243, 0xfe580163, 0xfe5e01a3,
	0x8a5d01a2, 0xfda22207, 0x830f84a4,
	0x20038a13, 0x28c18200, 0x0229ff54, 0x00100207, 0x067f4718, 0x01170122, 0x4c21d282, 0x36dd8402, 0x04010300,
	0x80040301, 0x04000100, 0x69040105,
	0x05050106, 0x824e0511, 0x00182ce1, 0x14112518, 0x07071124, 0x46172b1b, 0x11200c89, 0x2206a146, 0x50541527,
	0x762006ea, 0x24059a46, 0x02d71a27,
	0x098b46e7, 0x50f0fd35, 0x040e2725, 0x00ffffd1, 0x02f5ff3e, 0x02b2021a, 0x82ff0006, 0x0001225a, 0x2c988262,
	0x00a802a8, 0x40210006, 0x0102031e,
	0x08627503, 0x01010225, 0x83011801, 0x00063a80, 0x08031406, 0x11212b17, 0x33373507, 0xce300111, 0x1b027acc,
	0xfd958d95, 0x2d438458, 0x02000044,
	0x00b20217, 0x40340028, 0x42820131, 0x004c0129, 0x00030001, 0x82800301, 0x61022a1f, 0x1d020200, 0x0303004d,
	0x0a245704, 0x28002826, 0x2c13242d,
	0x22051953, 0x4837033e, 0x232805f8, 0x07060622, 0x33033e23, 0x07894118, 0x030e4a08, 0x15211507, 0x3c503853,
	0x10191d35, 0x2a2c2d11, 0x7803132c,
	0x56321603, 0x30584543, 0x1c1c0b13, 0x41302c18, 0x8b34012d, 0x393a452f, 0x1e251d22, 0x0d0d2322, 0x4a3b2223,
	0x29101029, 0x30223b4b, 0x301c202f,
	0x05283b31, 0x828a826d, 0xff452495, 0x82f901f6, 0x001f2fef, 0x1239403c, 0x0d030201, 0x0c020401, 0x1a820201,
	0x00050126, 0x04004c04, 0x04220982,
	0xb3826901, 0x825f0321, 0x4d1721b3, 0x05213782, 0x05bf6d61, 0x1112282c, 0x06231513, 0x372b1c08, 0xfd5a1635,
	0x06f86b05, 0x15213522, 0x0808b65e,
	0x3f452633, 0x3a382259, 0x53572015, 0x8201f68d, 0x2c4f3ea6, 0x61361511, 0x1d59284d, 0x141b1e7d, 0x2f313335,
	0x97750d05, 0x01af5b67, 0x3b4c2a11,
	0x13325a46, 0x33648213, 0x00520001, 0x02260200, 0x000f00b2, 0x0101b55a, 0x4c010201, 0x2b05635f, 0x0101031b,
	0x04020607, 0x68040105, 0x92822882,
	0x05020223, 0x2592825f, 0x1b4e0518, 0x35821b40, 0x8b850021, 0x221d8922, 0x820f4059, 0x000f2330, 0x0082110f,
	0x08122122, 0x2208b984, 0x15033313,
	0x15333533, 0x15231533, 0xdc523523, 0x729de37e, 0x79724e4e, 0xfec10178, 0x96960536, 0x8279796a, 0x01003434,
	0xf8ff4a00, 0xa8020102, 0x38002600,
	0x01163540, 0x41110401, 0x03200727, 0x21092741, 0xc9720303, 0x00002107, 0x24082741, 0x18131132, 0x05274124,
	0x2a0ae36e, 0x07062226, 0x05152113,
	0x6e323607, 0x450808d8, 0x374a2626, 0x2f1e3545, 0x220c1231, 0x4f351920, 0x69011e43, 0x210afcfe, 0x4b3b2229,
	0x33141029, 0x3a26495d, 0x167c1f3d,
	0x38140918, 0x132a2735, 0x09090304, 0x02696a01, 0x04020483, 0x3e502f17, 0x14335c49, 0xaf831106, 0x4900022e,
	0x1302f6ff, 0x1e00b202, 0x4e002e00,
	0x20053a41, 0x27198219, 0x04000304, 0x0202006a, 0x23119e60, 0x85020002, 0x9e602087, 0x1f20290e, 0x2e1f2628,
	0x28192e20, 0x1922c782, 0x9963132b,
	0x05ec5c0c, 0x0e333723, 0x0bef4f03, 0x1606072b, 0x0506cd16, 0x3a313617, 0x08ba824a, 0x475b3226, 0x13315945,
	0x4b603415, 0x3b654ea3, 0x2f2e5c1e,
	0x2d2f1112, 0x0214312e, 0x01331102, 0x040a0a9d, 0x44563013, 0x363e2384, 0x6e484c61, 0x42436a61, 0xfe2a3c59,
	0x323513ac, 0x12133331, 0x37342f31,
	0xffff0014, 0xd7824c00, 0xa8020a25, 0x82010602, 0x030023ac, 0x0f824300, 0xe7821520, 0x3300232d, 0x28004300,
	0x01112540, 0x75010203, 0x3c550adf,
	0x011e2f07, 0x2d3b3d4e, 0x281a1c2b, 0x2b170804, 0xb7833513, 0x200f764c, 0x0667600e, 0x18363621, 0x2907d944,
	0x15060622, 0x17161614, 0x0683020e,
	0x43323321, 0x2208059a, 0x133531cc, 0x59595e22, 0x3413225d, 0x163b3932, 0x485b3214, 0x14325b48, 0x2a973b16,
	0x2b10102b, 0x832c2929, 0x32302705,
	0x30321312, 0x05823330, 0x6b013e08, 0x392c1a05, 0x18413f2b, 0x2b3f4118, 0x051a2c39, 0x3541321c, 0x0f264636,
	0x3745270f, 0x55324135, 0x1c23170c,
	0x0b0b1d1c, 0x231c1d1d, 0x1f128316, 0x2523212a, 0x22250d0d, 0x00202a21, 0x07836200, 0x2505cf41, 0x0106b555,
	0x11430301, 0x05192907, 0x01000301,
	0x69010300, 0x200aab7f, 0x05d84b00, 0x82001921, 0x91862019, 0x4e042420, 0x410e4059, 0x282c07d6, 0x08061029,
	0x23052b19, 0x2737033e, 0x230d6a61,
	0x020e1415, 0x3410e74f, 0x35219b22, 0x042b4035, 0x212a2214, 0x0f274737, 0x46593213, 0x08fd8247, 0x5d341436,
	0x12312f41, 0x2f2f3012, 0x32121232,
	0x3c371f0a, 0x0e04364d, 0x30130510, 0x5a474558, 0x30131332, 0x6c434456, 0x0d017967, 0x31343814, 0x35141334,
	0x13363333, 0x4505c741, 0x0036068b,
	0x003a001e, 0x40300046, 0x0605002d, 0x05020401, 0x03006904, 0xaa770003, 0x18002005, 0x3609be44, 0x40423b3c,
	0x463c463b, 0x2a2d272c, 0x2b1a0807,
	0x35262637, 0x45373634, 0x172c052d, 0x14151616, 0x23030e07, 0x37022e22, 0x45057343, 0x31630553, 0x06072706,
	0x16141506, 0x32832237, 0x82323321,
	0x0626082b, 0x09080a50, 0x2e1c0b0a, 0x4c3a394c, 0x0a0a1d2f, 0x1d0a1309, 0x383a4c2f, 0x671d2f4b, 0x24291407,
	0x07162924, 0x01820807, 0x25281625,
	0x82152823, 0x70082509, 0x23161623, 0x92330382, 0x34305c29, 0x3d302c70, 0x220d0d21, 0x6e2b313d, 0x865a682a,
	0x4f22080c, 0x0d0d2321, 0x52202325,
	0x2459272a, 0x0d0d2423, 0x58232324, 0x2b5a2926, 0x20353421, 0x21343520, 0xcf420100, 0x0e002507, 0x09b55a00,
	0x260be744, 0x05010104, 0x5e060001,
	0x7e45057c, 0x09786106, 0x00220982, 0x23928606, 0x444e0221, 0x0e2505e7, 0x12110e00, 0x08008211, 0x1c08082d,
	0x2313172b, 0x21373335, 0x07152135,
	0x03231533, 0x9c678a71, 0x01c0fe5c, 0x8e5957bc, 0x1a010a89, 0x786ebc6e, 0xe6fe6eb2, 0x47030000, 0x20080713,
	0x2b001e00, 0x2b003900, 0x2f302840,
	0x03042122, 0x004c0102, 0x03020000, 0x00690200, 0x03010103, 0x06564359, 0x51010328, 0x2a2d292c, 0x82410704,
	0x1714221b, 0x05024913, 0x06060727,
	0x27263417, 0x052f4603, 0x36363722, 0x231a7741, 0x0bc90658, 0x26076c41, 0xcc0304f0, 0x4127290a, 0x70410585,
	0x32f2251a, 0x133c0135, 0x2c056741,
	0x1d3c1b29, 0x0f15bffe, 0x2023250d, 0x29bb8252, 0x40000200, 0x1802f5ff, 0xdb82b202, 0x31003c31, 0x01102e40,
	0x2e2f0001, 0x05011120, 0x83020102,
	0x020124de, 0x82690100, 0x020337e4, 0x02020059, 0x03006103, 0x3a510302, 0x2b272d38, 0x2b190704, 0x63420713,
	0x16162909, 0x022e0717, 0x06062223,
	0x1523d282, 0x42071414, 0x37200d66, 0x08088042, 0xb726263b, 0x0905066c, 0x2e1c0b0a, 0x4d3d394a, 0x07600e2f,
	0x22232716, 0x07081527, 0x06605108,
	0x23282810, 0x07071628, 0x6b010108, 0x0a130607, 0x394c2e1d, 0x012f4c3c, 0x4a226c22, 0x06554225, 0x25260f26,
	0x0c21215e, 0x26053c42, 0x5fdb190c,
	0x8411251d, 0x0e2a27d4, 0x286a101e, 0x6f422359, 0x290f2105, 0x0220e482, 0x200abf41, 0x05c57f3a, 0x0021c482,
	0x21d58203, 0xd5840101, 0x0061012c,
	0x51010201, 0x2a2d272c, 0xb4410604, 0x1837431b, 0x431ab341, 0xb241172b, 0x1723431a, 0x1b430020, 0x02082406,
	0x4d0600a8, 0x022905d3, 0x034c0100,
	0x02000201, 0x281b8286, 0x00570100, 0x5f000101, 0x200b8200, 0x29f9824f, 0x11060006, 0x18060411, 0x136f172b,
	0x71270805, 0xc0fe1b01, 0xebfebc01,
	0x6e44020a, 0x00c6fd78, 0x29feffff, 0xd701f700, 0x26006f01, 0x00f65e01, 0x5e010700, 0x8200b2fd, 0xeffb2117,
	0xb9201782, 0xd8231785, 0x82270000,
	0x82a82017, 0x211f8251, 0x1f8378fb, 0xff5afa32, 0x027f017c, 0x014700eb, 0x00d9fb12, 0x4000c000, 0x00301e82,
	0x00d1fb01, 0x02f30158, 0x00080019,
	0x072d4030, 0x2805734e, 0x85020102, 0x00030104, 0x08a49303, 0x08000822, 0x05111111, 0x372b1907, 0x21352137,
	0x07173327, 0x9efab67d, 0x95b56105,
	0xb058e1e1, 0xe0e1b061, 0xfe278f82, 0x01460071, 0x822d0255, 0xe27a2105, 0x01266d85, 0x5800f4fd, 0x6bbe2b02,
	0xfcb6b525, 0x8a760389, 0x0200236b,
	0xc382d0fb, 0x5784f120, 0x3d000e2f, 0x0a0d3a40, 0x01000307, 0x01044c01, 0x23c88202, 0x03060507, 0x0929ca93,
	0x09000009, 0x0c0e090e, 0x83fb820b,
	0x820820d2, 0x872720d2, 0x373321d2, 0xac25d883, 0x04c6fbb6, 0x236c8339, 0x9ce5e58b, 0xe021de87, 0x82e282e1,
	0xcafd21e3, 0xdc207782, 0x46237782,
	0x84d09701, 0xffff23e3, 0x1382a8fb, 0x1382d520, 0x9e014725, 0x8400adfd, 0x82002015, 0xfe28082b, 0x01cd009c,
	0x009f01bc, 0x005e012f, 0xc064027d,
	0x010f0100, 0x020302f2, 0x0000c069, 0x0100b112, 0xb06402b8, 0x01b12b35, 0x69200882, 0x33840882, 0x7cffa636,
	0xeb028501, 0x65012700, 0x00000cfe,
	0x65010600, 0x0300009c, 0x0808cb41, 0x5b002d31, 0x56005f00, 0x0c3a5340, 0x51020802, 0x04222350, 0x0b390809,
	0x03090302, 0x0101054c, 0x08020106,
	0x00690201, 0x09010a08, 0x67090803, 0x82030107, 0x8259203d, 0x03480806, 0x01046100, 0x51000300, 0x5f5c5c5c,
	0x5d5e5f5c, 0x46475a5b, 0x2e2f4445,
	0x18192c2d, 0x0b101617, 0x052b1707, 0x36022e22, 0x26343637, 0x3e352726, 0x26273402, 0x33023e26, 0x06062215,
	0x16161716, 0x15070606, 0x0706021e,
	0x16210d82, 0x0829a933, 0x2135012f, 0x553bfd15, 0x0f0b3267, 0x3413050d, 0x13343030, 0x0b0e0d05, 0x33556632,
	0x08041436, 0x3b120b0d, 0x123b3839,
	0x05080d0a, 0xfe333714, 0x0829a76e, 0x044a012e, 0x1f0c848c, 0x1947603d, 0x09101420, 0x140f0985, 0x60471a20,
	0x6d0c1f3d, 0x272e1707, 0x1629483c,
	0x15081709, 0x273d4928, 0x6d08172e, 0x012529a8, 0x00616120, 0x0a6f4105, 0x37003339, 0x3f003b00, 0x78407b00,
	0x03012f32, 0x17180106, 0x00060702,
	0x4b070501, 0x80210841, 0x280d820c, 0x0a05070a, 0x00000080, 0x3a1b8201, 0x06010869, 0x030d090e, 0x07060507,
	0x0b020067, 0x00590203, 0x0b010f0a,
	0x820b0a03, 0x07a2450e, 0x3c3c2e08, 0x34343838, 0x3f3c2e2e, 0x3d3e3f3c, 0x3b383b38, 0x3734393a, 0x35363734,
	0x332e332e, 0x23243031, 0x1b212022,
	0x2b180710, 0x023e3525, 0x1a8e4126, 0xb8411520, 0x26362d05, 0x11270526, 0x25071133, 0x33152135, 0x70080382,
	0x15333501, 0x36315afa, 0x10070214,
	0x66350f0d, 0x123a3750, 0x030e0a08, 0x2c2c381b, 0x0e031b38, 0x3a13080b, 0x36665037, 0x07100e0f, 0x02361402,
	0x0f760f29, 0x15015efe, 0xfb2904d7,
	0x85f1881d, 0x22120b09, 0x3b624a1f, 0x036d091e, 0x3c2d3013, 0x0715294b, 0x29150617, 0x302e3c4b, 0x096d0313,
	0x4a623b1e, 0x0c12211f, 0x1201ce21,
	0x3cceeefe, 0x36008261, 0x8989d1fe, 0xff000000, 0xff0bfdff, 0x029d007c, 0x016700eb, 0x43c9fe66, 0x662f0617,
	0xd8595401, 0x004000c0, 0x54014701,
	0x84ff8501, 0x12002c0b, 0xb80201b1, 0x35b0d8ff, 0x8603b12b, 0xffff2708, 0x7cffa6fe, 0x0b430101, 0x06012509,
	0xd49c8202, 0x20066156, 0x050b62d4,
	0x827bfe21, 0x825a2023, 0x01262623, 0x00009c66, 0x20698207, 0x2e7c820c, 0xfffafe02, 0x020d017f, 0x000700f2,
	0x7da2000b, 0x2a3105db, 0x01000400,
	0x80010400, 0x02050107, 0x03050203, 0x25298280, 0x01000201, 0x0c820067, 0x00570223, 0x05cc6d02, 0x4f03022a,
	0x0bb04b1b, 0x23405850, 0x28893187,
	0x86030321, 0x05072228, 0x820b8206, 0xaa40202a, 0x59592d57, 0x08081440, 0x0b080000, 0x090a0b08, 0x08060e7a,
	0x19070834, 0x2111052b, 0x33112315,
	0x33113715, 0x01fafe11, 0x8ba0a016, 0x73038172, 0x6354fd64, 0xfc6a0304, 0xff000096, 0xfff0feff, 0x028e017b,
	0x012700ed, 0xe583fe67, 0xec014724,
	0x5741f401, 0x00002406, 0x827bfe03, 0x82e8201f, 0x1f3c081f, 0x27002300, 0x69406c00, 0x04060108, 0x03060403,
	0x020f1480, 0x0201020d, 0x0080010d,
	0x05030004, 0x09670304, 0x13050207, 0x0b0a0211, 0x12670a05, 0x0e0b0210, 0x0200020c, 0x0067000b, 0xe1842482,
	0x005f013f, 0x4f010201, 0x26270000,
	0x22232425, 0x1f002021, 0x1d1e1f00, 0x191a1b1c, 0x15161718, 0xe6491814, 0x07152809, 0x37072b1f, 0x63211123,
	0x372307f8, 0x83330733, 0x23072303,
	0x03823307, 0x23372328, 0x37330307, 0x03820523, 0x260d3008, 0x8ffbfe99, 0xdd05018f, 0x65275727, 0x77275827,
	0x7b217613, 0x57267914, 0xca266526,
	0x01cb20ab, 0x65206502, 0xeafeb221, 0x6a9e026a, 0x82b7e3fe, 0x53230800, 0xb2b25399, 0x990501b2, 0x00009999,
	0xfeffff00, 0x010000b0, 0x00980050,
	0xd84f0126, 0x01070000, 0x83d0fd4f, 0xf8fc2117, 0xb0201e82, 0x27241782, 0x38ff4f01, 0x07820b82, 0x82a8fd21,
	0x21218207, 0x078218fc, 0x23833b82,
	0x022a0129, 0x01670024, 0x419001ec, 0x2792063b, 0x00ecfe27, 0x02a30100, 0x216382b2, 0x63849c56, 0x000cfe22,
	0xfe203f82, 0x01237082, 0x82e101c4,
	0xb0e72217, 0x22058487, 0x8207017a, 0x267b8381, 0x0100b111, 0x4587ffb8, 0xb02105d3, 0x8207827a, 0xffff2974,
	0x370000ff, 0x2f020001, 0x4f232d82,
	0x82003788, 0x88ff236d, 0x07839701, 0x8220fe21, 0x213d8219, 0x0f8220fe, 0x3d822220, 0x8537b021, 0x01b8223c,
	0x21088397, 0x10850102, 0x85010321,
	0xffff2710, 0x370034fd, 0x4b827400, 0xfe214582, 0x840b82fc, 0x824d8507, 0x215d84eb, 0x0f85a8fd, 0x8554fc21,
	0x54fc215d, 0x33200f82, 0xb1215da1,
	0x206e8604, 0x246e8605, 0xfcffff00, 0x20438294, 0x2b6f8270, 0xfee70167, 0x4c87fff2, 0x000040cd, 0x00210b84,
	0x820b847a, 0x08fd217f, 0xfd218785,
	0x21778508, 0x7785b4fb, 0x86b4fb21, 0x0d134177, 0xd58fb120, 0x7f417793, 0x2165820e, 0x55850cfe, 0x820cfe21,
	0x90112055, 0x00600844, 0x02fd0500,
	0x8e010100, 0x1f00b302, 0x2a002300, 0x32002e00, 0x78407b00, 0x04010128, 0x01050127, 0x0326292a, 0x01250506,
	0x01240308, 0x4c050807, 0x05040100,
	0x80050104, 0x0603010a, 0x08030608, 0x00020080, 0x00020400, 0x0b040069, 0x04060501, 0x08006705, 0x57080907,
	0x010c0600, 0x07060907, 0x22080e82,
	0x0d5f0908, 0x09080901, 0x2b2f2f4f, 0x0020202b, 0x2f322f00, 0x2b303132, 0x2d2e2b2e, 0x2023202c, 0x82212223,
	0x231f2c7b, 0x070e2a12, 0x35252b19,
	0x5c043e34, 0x17200501, 0x31077875, 0x040e1415, 0x35251515, 0x35011533, 0x05352525, 0x0a820515, 0x03821720,
	0x1b7cfe33, 0x1b2b302b, 0x2c403d2a,
	0x26017601, 0x60575963, 0x08118426, 0xab10fe4b, 0x18015502, 0x8c01e8fe, 0xc6ab74fb, 0x2e3ccc88, 0x12121d36,
	0x283a1d1f, 0x534b3324, 0x50572321,
	0x16274233, 0x3c0f110f, 0xfe9f9fba, 0x7e7e73bb, 0xc16dbc74, 0x89399f9f, 0xffff0089, 0x370088fe, 0x2f021002,
	0xe7016600, 0x05bd4192, 0xbb410983,
	0x41a82009, 0xfd210555, 0x068142a8, 0x201eab41, 0x20538300, 0x203382ce, 0x2a53828e, 0x9cec0126, 0x01270000,
	0x86eefd4f, 0x82ee2045, 0xb1112245,
	0x06474201, 0x47420220, 0x002c0807, 0x0092fe03, 0x0278013a, 0x00060035, 0x000e000a, 0x04414044, 0x05000101,
	0x02030102, 0x02000601, 0x4c030203,
	0x4a000103, 0x01040000, 0x45069145, 0x05210868, 0x3f1d8201, 0x070b0b4f, 0x0b0e0b07, 0x070c0d0e, 0x180a070a,
	0x2b170706, 0x25352525, 0x25050515,
	0x03153335, 0x013c0382, 0x0165fe78, 0x01f6fe9b, 0xab1afd0a, 0xc950abab, 0x8273cc50, 0x9f9fc37d, 0x9f9fb4fe,
	0xa826b784, 0x1e018bff, 0xb1830502,
	0x01a6ff29, 0x0126006d, 0x83329850, 0x02fe2f0d, 0x07016d01, 0xf4fd5001, 0x22003200, 0xb78200b1, 0x88436d20,
	0x32b02105, 0x02200783, 0x03211087,
	0x27108401, 0xe6fcffff, 0xc4008bff, 0xfd214b85, 0x204b82c6, 0x203d8227, 0x243d82b8, 0xff4f0127, 0x210f854c,
	0x0f853eff, 0x8540fc21, 0x32fc215d,
	0x33200f82, 0xb1215da1, 0x206e8704, 0x2a6e8505, 0xfeffff00, 0x010000ea, 0x82d3020c, 0x9c5428b3, 0x01070000,
	0x8302fe54, 0x0cfd27d3, 0x9e007cff,
	0xc582eb02, 0xe0fe662c, 0x27000000, 0x50fd5401, 0xcd82d8ff, 0x24fc5424, 0x5947d8ff, 0x08258213, 0x1bfe012d,
	0xfd011f00, 0x13006702, 0xb04ba400,
	0x40585009, 0x0304002a, 0x0a700403, 0x00000901, 0x01057109, 0x02010603, 0x68020301, 0x82010107, 0x8257207a,
	0x00012906, 0x0001085f, 0x1b4f0001,
	0x20054f47, 0x21318229, 0x30a48504, 0x88284021, 0x8609212b, 0x59235b9c, 0x82124059, 0x465018a0, 0x070b280b,
	0x37272b1f, 0x84213521, 0x07332403,
	0x84211521, 0x36a93e03, 0x9a018efe, 0x013cfe2a, 0x3e7d3eeb, 0x5ffe7a01, 0xfecc012b, 0x861f370d, 0x98616861,
	0x20048298, 0x2d498286, 0xdcfb0100,
	0xdc01d0ff, 0x1b009d02, 0xd747ca00, 0x00343b05, 0x06050506, 0x0d010e70, 0x710d0000, 0x08050107, 0x05030401,
	0x01096804, 0xf5840a03, 0x850b6721,
	0x820682f5, 0x870c20f5, 0x500c24f5, 0x89334058, 0x860d213b, 0x40213aa7, 0x21358232, 0x70838506, 0x592334a8,
	0x821a4059, 0x001b21bf, 0x24117147,
	0x2b1f070f, 0x08114105, 0x21352123, 0x09154137, 0x15212a08, 0x07fe0721, 0x02a6fd2f, 0x56fd2981, 0xfd29d102,
	0x2d210306, 0x62022d7d, 0x022876fd,
	0x2926fdb2, 0xd6fc0303, 0x6173302f, 0x21018264, 0x06846f6f, 0x00007332, 0x08ffffff, 0xd6010000, 0x2700d302,
	0x20fe5401, 0x06237a82, 0x82c4f201,
	0x54fe2117, 0x142c1782, 0x2600b202, 0x009c4f01, 0x56010700, 0x8b060b47, 0x82372017, 0xff4f2535, 0x0197019c,
	0x00211f86, 0x10714611, 0x22204b83,
	0xd5204b82, 0x56214b84, 0x214b84ce, 0x7b83dafd, 0x47fcfb21, 0x27220c6f, 0xb9475601, 0xfb562206, 0x211f83b4,
	0x1f8286fe, 0x37826e20, 0xe701662a,
	0x00208764, 0x66000040, 0x7a200982, 0x71840983, 0xaf823e20, 0x27167f47, 0x8a001ffe, 0x2f02e201, 0x5a21bf82,
	0x207383d8, 0x062f485a, 0x11826720,
	0xf7024222, 0x5a24b982, 0x9cff38ff, 0xfc210783, 0x22c38218, 0x825a0107, 0x00c8227d, 0x22c1821a, 0x449cffb8,
	0x08860509, 0xb0010222, 0x2707ab6c,
	0x41004afe, 0x2402ce01, 0x5a238982, 0x82c0d854, 0x06012793, 0x00dcec01, 0x37840900, 0xff47d820, 0x33fe2707,
	0xef01aeff, 0x5f830c03, 0xffe4fd23,
	0x20258224, 0x8587825c, 0x84242025, 0x034b0825, 0x75ff16fe, 0xf2027f01, 0x36003200, 0x6e003d00, 0x01296b40,
	0x4c010001, 0x0a060108, 0x0b060a0b,
	0x020e1380, 0x000c0001, 0x00800c01, 0x00840c0c, 0x050b000a, 0x09690b0a, 0x11050207, 0x03040210, 0x12670405,
	0x0003020f, 0x83570300, 0x00033307,
	0x02020d5f, 0x4f000300, 0x3b3c0000, 0x3536393a, 0x5a823334, 0x30313228, 0x1b1c2a2b, 0xbd49191a, 0x4914200a,
	0x072505bd, 0x37233723, 0x49038433,
	0x362606bd, 0x33023e37, 0x2a522207, 0x17162b06, 0x1717021e, 0x27262606, 0xce492726, 0x37343206, 0x26330723,
	0x266526e1, 0x13732657, 0x13742072,
	0x06d44973, 0x04922f08, 0x67370f06, 0x392e0155, 0x08070920, 0x20090708, 0x4f012e39, 0x06133b63, 0x8426d904,
	0x01652065, 0x219d0258, 0xb22102be,
	0x9953b2b2, 0x0082b753, 0x20262908, 0x74296053, 0x25323a1a, 0x66313568, 0x1c3c3129, 0x25027204, 0x1c1d5a64,
	0x990501b2, 0x99292851, 0x00000022,
	0xff16fe03, 0x2f051f4f, 0x0041003d, 0x4075004b, 0x28424372, 0x04030427, 0x290a2a41, 0x01020f14, 0x010c0d0c,
	0x2641800d, 0x1112210b, 0x2c052641,
	0x03021013, 0x0002020e, 0x6700030c, 0x08248200, 0x00590c23, 0x610d0c0c, 0x0d0c0d00, 0x49000051, 0x41464748,
	0x003e3f40, 0x3c3d003d, 0x3233343b,
	0x1c1d1f30, 0x11ec4a1b, 0x4f112e41, 0x9e4d1b2d, 0x21372106, 0x2705074b, 0x37363635, 0x26330723, 0x21143b41,
	0xa94d02c9, 0x0101231f, 0x4541f2fe,
	0x0e242905, 0x21980a19, 0x1f1c0cc1, 0x21094841, 0xaf4d0803, 0x0306361e, 0x990501b2, 0x0403858e, 0x06029902,
	0xfe030000, 0x017bff16, 0x0b374c85,
	0x010a3208, 0x0c0d0c08, 0x03800d08, 0x0f0e0101, 0x800f010e, 0x0d000c00, 0x670d0c07, 0x0702090b, 0x06021113,
	0x67060705, 0x05021012, 0x00020204,
	0x6700050e, 0x2b248200, 0x0e00570e, 0x145f0f0e, 0x0f0e0f01, 0x2527374c, 0x07231117, 0x03843723, 0x4d0d7d42,
	0x012b060f, 0x17233733, 0x80233533,
	0x425726e4, 0x9f301268, 0x8f8f0501, 0x20656dfd, 0xb1d29c65, 0xb2160185, 0x2d090741, 0xfd6a1d01, 0x69016a62,
	0x00999999, 0xe382ffff, 0x1401df29,
	0x26008702, 0x449c4f01, 0x5b260bab, 0xdfff0cfe, 0xab441a00, 0x02b12810, 0xdfffb802, 0x832b35b0, 0x0e7b473b,
	0x00253382, 0xfd030000, 0x06cb44ee,
	0x003c2708, 0x00440040, 0x08714074, 0x0c0a0601, 0x800c060a, 0x00030b00, 0x80000b03, 0x0c000a00, 0x690c0a05,
	0x05020709, 0x80420d12, 0x113d0805,
	0x0f03020e, 0x13000202, 0x00670003, 0x13010113, 0x13130057, 0x14165f01, 0x01041015, 0x414f0113, 0x41000041,
	0x43444144, 0x3e3f4042, 0x003c003d,
	0x393a3b3c, 0x32363738, 0x19242530, 0x0a8a4217, 0x1f071724, 0x3b41212b, 0x5a262013, 0x0e24071f, 0x23151504,
	0x2506864a, 0x0e222326, 0x914d1502,
	0x33032905, 0x35012337, 0xf7fe1533, 0x20125341, 0x0b7e4a5e, 0x2b1b7631, 0x131b2b30, 0x2b272f31, 0x21dc0413,
	0x4279147b, 0xb0210579, 0x09694188,
	0x22544b22, 0x4a0a854a, 0x272f079f, 0x230c112a, 0x53993944, 0x990501b2, 0x508962fe, 0xfe390513, 0x01000023,
	0x00a802dc, 0x905b0126, 0x01070000,
	0x0019fe5b, 0xfcffff00, 0x20178239, 0x2c17826d, 0xff5b0127, 0x00000021, 0xfd5b0127, 0x820782aa, 0x2ffc2121,
	0x23820782, 0x8265fa21, 0x85102023,
	0xc4fe2123, 0x23831382, 0x07854d20, 0x85d2fb21, 0x5bfa212b, 0x002d0782, 0xe4fd0400, 0x1a02dfff, 0x1b008702,
	0x050d4f00, 0x64406739, 0x05060108,
	0x0d148506, 0x01000102, 0x07090e86, 0x15110503, 0x45040a0f, 0x1028053c, 0x0003030b, 0x12570300, 0x21080883,
	0x165f0003, 0x04020c13, 0x4f000300,
	0x1c1c2424, 0x27240000, 0x25262724, 0x20212223, 0x1f1c1f1c, 0x57821d1e, 0x24119647, 0x2b1f0717, 0x13904105,
	0x2806084f, 0x07213701, 0x23373305,
	0x21078205, 0x7a41edfe, 0x070c4f12, 0x13290130, 0xfc139a01, 0x652065b9, 0x01135c01, 0x2845149c, 0x99532c0a,
	0x9e01b253, 0x99995353, 0x835353ec,
	0xfe0226ec, 0x018cff16, 0x26eb8233, 0x0022001e, 0x85524055, 0x01002de7, 0x01000d00, 0x0709800d, 0x0a100502,
	0x3b057a42, 0x03020b0f, 0x0002020c,
	0x67000301, 0x0e0e0d00, 0x0d00570d, 0x005f0e0d, 0x4f0e0d0e, 0xde4fda82, 0x46112015, 0xd5861720, 0x21072123,
	0x46d48203, 0xcf881307, 0xfd14bd24,
	0xcd821cef, 0x5333c78e, 0xff995801, 0xff09fdff, 0x02900075, 0x012700f2, 0x82adfe63, 0x010724d2, 0x41f3fe41,
	0xfe2705f3, 0x01aeff11, 0x820c03ce,
	0xfd5c3a1b, 0x010000d0, 0xff5a0107, 0x00a000c4, 0x0101b108, 0x35b0a0b0, 0xfbffff2b, 0x202382eb, 0x212385b0,
	0x3782aafb, 0x5a012726, 0xa0009efd,
	0xa6202b84, 0x10202b82, 0xb1212b87, 0x34338502, 0x5ffe0100, 0xa1011f00, 0x0b006702, 0xb04b6300, 0x40585009,
	0x375c8224, 0x06700001, 0x05040501,
	0x00010086, 0x02010302, 0x04030068, 0x00570304, 0x25058b78, 0x1b4f0403, 0x26822340, 0x9d850021, 0x40592225,
	0x1885820e, 0x24086f5b, 0x252b1b07,
	0x09a04913, 0x5ffe2008, 0x023e7ded, 0x2bc2fd16, 0x70fd6902, 0x48021f36, 0x61686199, 0xfc010085, 0x0115003a,
	0xf25c0271, 0x3afc2193, 0x042c9382,
	0x2accfb0b, 0x7bfb5e04, 0x47021536, 0x60209382, 0xfe3e9382, 0x02aeff4d, 0x000c032d, 0x401d000a, 0x08090a1a,
	0x00010203, 0x01010007, 0x0001004c,
	0xe6828501, 0x11763708, 0x18070214, 0x2535372b, 0x01230325, 0x15010733, 0xfe64014b, 0x0178fb11, 0x0238785e,
	0x9f7f1a42, 0x0395fde1, 0xeefe895e,
	0x02000070, 0x92ff5ffe, 0x0603c801, 0x45820300, 0x1f402223, 0x2d458202, 0x03058500, 0x01010304, 0x00040476,
	0x94780400, 0x07062809, 0x01052b17,
	0x82210133, 0x5ffe2803, 0xfe7d6201, 0x840e019d, 0x036e2406, 0x838cfc74, 0x327f8203, 0xb2fc0200, 0x11012e00,
	0x0b007502, 0x3f000f00, 0x84063c40,
	0x07092353, 0xca410308, 0x4167200a, 0x0c290fca, 0x0c00000c, 0x0e0f0c0f, 0x2137820d, 0x0083110b, 0xa9410a20,
	0x2128080e, 0xfd033313, 0x447dedd9,
	0xc6fd1202, 0xfd64022a, 0x5dfe3074, 0x2eee7ded, 0x61a74702, 0x02766168, 0x00b9fd47, 0x6cfc0300, 0x5f20d382,
	0x0b31d386, 0x2a402d00, 0x00020204,
	0x08850001, 0x06030705, 0x21d88205, 0xda830808, 0x8a05f453, 0x820920e0, 0x860720e0, 0x27e483e0, 0x7d630181,
	0xfafd9cfe, 0x9d200683, 0xf1830682,
	0xee83ea88, 0xfeffff27, 0x01aeff61, 0x05eb429e, 0x3206a34b, 0x0000885d, 0xff6efe01, 0x03b601b1, 0x00060011,
	0x691c401f, 0x022208bb, 0x0b828500,
	0x0076022d, 0x00060000, 0x04111206, 0x832b1807, 0x08748271, 0x9dfe2f29, 0x0128017c, 0x9dfe7d27, 0xfd60034f,
	0xfcd00230, 0xfcffffa0, 0x016bff25,
	0x00120384, 0xfb610167, 0x70000087, 0x83004000, 0x07fe210b, 0x07240b86, 0xa8fd8202, 0x00394e82, 0x21fe0200,
	0xf90182ff, 0x0300e2ff, 0x2a000700,
	0x01022740, 0x00010100, 0x26068257, 0x055f0100, 0x82030403, 0x414f200f, 0x172412d3, 0x21152135, 0x34280382,
	0x28fcc501, 0x607ec501, 0x51820082,
	0xe0000122, 0x7822c882, 0x4f829800, 0x16401922, 0x5f211183, 0x08bf6402, 0x0300032f, 0x17080311, 0x3335332b,
	0x9898e015, 0x2d2a8298, 0x59ffb400,
	0x73007e01, 0x1e000b00, 0x10821b40, 0x35877c82, 0x4f010022, 0x0b230a82, 0x83150b00, 0x37172434, 0x82353636,
	0x06143938, 0x3ab40707, 0x07880305,
	0xb8a74e0b, 0x28141511, 0x181e1925, 0xffff00a6, 0x37267b82, 0x2f027801, 0x38822602, 0x07013722, 0x00220582,
	0xc34c9701, 0xa6002315, 0x2b828bff,
	0x27020522, 0x6d262584, 0x50010601, 0x2b8432f2, 0x5001b821, 0x57820b37, 0x00f8ff31, 0x00600200, 0x012f0089,
	0x000e014f, 0x839a3900, 0x2eff2109,
	0x0e230984, 0x831e4f01, 0x21228211, 0xbf82e800, 0xd3027030, 0x09000500, 0x04b65400, 0x00010201, 0x1b724c01,
	0x04172205, 0x05315c01, 0x4d190029,
	0x03020200, 0x7801055f, 0x1520062a, 0x890a2f51, 0x40592c17, 0x00060612, 0x06090600, 0x82070809, 0x12053750,
	0x2b170806, 0x33112725, 0x35070711,
	0x00011533, 0x700f760f, 0xb357f388, 0x89f32205, 0x2ba78289, 0x33ffe800, 0x06027001, 0x54014701, 0x06308e82,
	0x00c00040, 0x00b10900, 0x0602b802,
	0x002b35b0, 0x02300082, 0x00004800, 0xb2020702, 0x23001f00, 0x3a403d00, 0x27071f66, 0x04030106, 0x7e040300,
	0x240a2766, 0x5f050404, 0x05386f07,
	0x00202023, 0x0c1b5300, 0x19080824, 0x1b53372b, 0x20a08318, 0x160b53d5, 0xcb887f22, 0x52075d48, 0xcb2011fd,
	0x5324c785, 0x120254ff, 0x0f26c782,
	0x5a025601, 0xc58d0602, 0x00ffff2d, 0x01bd00e0, 0x03550178, 0x824f0107, 0x00bd27af, 0x0100b108, 0xe283bdb0,
	0xa000012e, 0xb8017d00, 0x0f009501,
	0x1c401f00, 0x003ddd82, 0x01005901, 0x02610001, 0x00010001, 0x09000151, 0x010f0007, 0x1608030f, 0x2622252b,
	0x07477126, 0x06141528, 0x262c0106,
	0x02822640, 0x263f2725, 0x877d3f26, 0x82272008, 0x82002008, 0x004f3d3a, 0x020a028a, 0x0018002f, 0x1819401c,
	0x11131416, 0x0b0c0e0f, 0x04050708,
	0x49000e02, 0x41088682, 0x08011976, 0x023f2b17, 0x17372727, 0x33352717, 0x37370715, 0x17070717, 0x27270717,
	0x35850707, 0x1e555842, 0x62134b56,
	0x1f554c13, 0x35415656, 0x23233550, 0x3a49c335, 0x1c5d1c09, 0x5a5a552c, 0x08822c56, 0x493a0827, 0x504f4939,
	0x084f8248, 0x0002003d, 0x0200000a,
	0x00a8024c, 0x001f001b, 0x07444047, 0x0f030205, 0x01020208, 0x0e680203, 0x0c010209, 0x0b00020a, 0x06670001,
	0x17040401, 0x020d104d, 0x0b180b0b,
	0x1f00004e, 0x481c1d1e, 0x112314db, 0x4e2b1f08, 0x2322051e, 0xe0573337, 0x82132012, 0x0f064e1c, 0x230bdb57,
	0x65206538, 0x5707eb4d, 0x003008d0,
	0xff410001, 0x031702ae, 0x0003000c, 0x00144017, 0x85251082, 0x01010102, 0x43c48276, 0x172e07f1, 0x41013301,
	0xfe785e01, 0x5e0352a2, 0x2282a2fc,
	0x33824020, 0x339c1620, 0x33820520, 0xfe9e0126, 0x5e0178a2, 0x4f823485, 0x7700012a, 0xe101f700, 0x03006f01,
	0x87172f44, 0x35372972, 0x01771521,
	0x7878f76a, 0x5a203784, 0xfe203782, 0x5a2237a7, 0x3787a401, 0xf7000024, 0x37a35802, 0x6f823520, 0x85580221,
	0x01002936, 0x6bff5a00, 0xe3fffe01,
	0x2624a782, 0x446406b1, 0x8715db44, 0x06b124ab, 0x82174400, 0x2077823f, 0x20af8495, 0x243f8202, 0x00fe011b,
	0x223f8226, 0x84370007, 0x552c2041,
	0xa0451958, 0x1708220f, 0x2052872b, 0x29568505, 0xa4015cfe, 0xa962623c, 0x9b826262, 0x75ffce2b, 0xf202e301,
	0x3f001d00, 0x200e82b5, 0x07a44402,
	0x00001033, 0x00860002, 0x61010202, 0x1f010100, 0x401b4e02, 0x20128515, 0x20138201, 0x6d138259, 0x5929062f,
	0x111c11b5, 0x2b190803, 0x054d5005,
	0x34352622, 0x2a116950, 0x4f01e201, 0x0a133b63, 0x50090a0b, 0x172b0f48, 0x64250272, 0x3c66325a, 0x50337c3b,
	0x90820f32, 0x9f827520, 0x9f828920,
	0x49002126, 0x020101b5, 0x21084445, 0x81610311, 0x00002105, 0x0020a085, 0x1620a082, 0x01201386, 0xe9431482,
	0x36088205, 0x40595100, 0x0000000d,
	0x13210021, 0x04101112, 0x172b1608, 0x67023e37, 0x27270658, 0x2723022e, 0x75161632, 0x40080630, 0x75020e07,
	0x20372f01, 0x0206060a, 0x0a060602,
	0x012e3820, 0x10386555, 0x03030807, 0x3a130809, 0x04728962, 0x1d343c1b, 0x312c3e32, 0x341d3742, 0x2774183a,
	0x41265860, 0x46313249, 0x645a253d,
	0x33688225, 0xff9a0001, 0x02e9017c, 0x002d00eb, 0x1809404c, 0x04000117, 0x0b194018, 0x0300022a, 0x00650302,
	0x61000101, 0x1f212d82, 0x20b88201,
	0x63088218, 0x592214f4, 0x345e0940, 0x08042405, 0x5e372b18, 0x9a202834, 0x5e28215e, 0x00232912, 0x826f0001,
	0x84be20d7, 0x405327d7, 0x0c222309,
	0x8b7f040b, 0x00132609, 0x03010400, 0x24d88400, 0x02006102, 0x22d88402, 0x82020019, 0x01022837, 0x03000069,
	0x82590003, 0x610321e6, 0x51202684,
	0x3c05534b, 0x182d002d, 0x11151617, 0x2b170805, 0x36323517, 0x26272636, 0x37363626, 0x36022e35, 0x080d8237,
	0x35232654, 0x06021e32, 0x16060607,
	0x0e151716, 0x16171602, 0x6f020e16, 0x05143733, 0x120a0d08, 0x3b39383b, 0x080d0b12, 0x33361404, 0x0b326655,
	0x01040d0e, 0x30303413, 0x04011334,
	0x320b0f0d, 0x086d8466, 0x3d272e17, 0x08152849, 0x29160917, 0x2e273c48, 0x3b600717, 0x201a2f05, 0x85090f14,
	0x20141009, 0x3d604719, 0xa7820c1f,
	0x7bffe42a, 0xed02e901, 0x46000700, 0x2205a947, 0x82020013, 0x030222ad, 0x21e78263, 0xbd825f00, 0x4e011925,
	0x5e19401b, 0x2684123d, 0x40594f23,
	0x241b820c, 0x11070007, 0x22d28211, 0x50172b19, 0xe42b06f5, 0x8f8f0501, 0x6a720385, 0x826a62fd, 0x826f2067,
	0x8d742067, 0x053c4167, 0x02246783,
	0x0202005f, 0x3c416786, 0x00672605, 0x00030300, 0x21598257, 0x67825f03, 0x91030021, 0x06a95d67, 0x8f8f6f2d,
	0x6a850501, 0xfc6a9e02, 0x49ffff8e,
	0x023a074f, 0x00500106, 0x00ffff00, 0x0159ff53, 0x007300dd, 0x5f500126, 0x01060000, 0x53829f50, 0x7b361782,
	0x0502cf01, 0x2f00e902, 0xf9015001,
	0x00c04202, 0x50010f01, 0x0983b902, 0xd7620020, 0x55422005, 0x02200633, 0x4b850883, 0x01cf0123, 0x203382dd,
	0x2a5b8227, 0x0176025f, 0xff500107,
	0x8676029f, 0x8776202f, 0x8408832f, 0x82db202f, 0x02a5222f, 0x205984e9, 0x24598459, 0x0100b109, 0x235085b8,
	0xb300ffff, 0x7d201f82, 0x47831f82,
	0x4782ff20, 0x3e851d85, 0x1f820020, 0x64004926, 0xf9011b02, 0x7121bb82, 0x21bb839c, 0xbb856471, 0x72211789,
	0x2117836e, 0x1782a672, 0x00010027,
	0x016400ad, 0x222f82b7, 0x493d0005, 0x1625097d, 0x0c405850, 0x077d4902, 0x4e011a25, 0x4a11401b, 0x59221067,
	0x42820a40, 0x05000539, 0x17080312,
	0x3727252b, 0x01170733, 0x82878734, 0xcb648685, 0x82cbcaca, 0x205f821c, 0x205f82a3, 0x2b5fc2ad, 0x33273737,
	0x86a30717, 0x87878285, 0xeb825e84,
	0xc3018426, 0xf502d401, 0x7421eb82, 0x21d38396, 0x73856a74, 0x1782ee20, 0x17826a20, 0x3c000523, 0x23c483b5,
	0xb04b4c01, 0x1920d28d, 0x132fd2a3,
	0x15333527, 0x7c11ff07, 0xdbc3010f, 0x84dc5657, 0xff5532ed, 0x032002a9, 0x00210000, 0x002e0027, 0x013c0033,
	0x05474f1a, 0x01011737, 0x012b0007,
	0x01120706, 0x3039060a, 0x000a0902, 0x05090301, 0x06345a4c, 0x02201e83, 0x40201e93, 0x59213897, 0x08588559,
	0x01002f2f, 0x00850100, 0x86040304,
	0x00000102, 0x07000607, 0x06010867, 0x0a020c0b, 0x690a0609, 0x03030900, 0x09005909, 0x05610309, 0x03090301,
	0x20708651, 0x26368536, 0x00070002,
	0x84800702, 0xa1c0823e, 0xaf40203d, 0x5924086f, 0x2f164059, 0x2f37382f, 0x32332f33, 0x12311531, 0x111f1121,
	0x060d4212, 0x11332b1f, 0x3233023e,
	0x15333533, 0x2005677b, 0x36078807, 0x26223523, 0x35331326, 0x17070622, 0x15272634, 0x15073636, 0x82351716,
	0x080c820b, 0x55023e38, 0x30392210,
	0x4e410809, 0x2c112054, 0x1538362a, 0x415a6024, 0x5c2c3a2d, 0x121b0a37, 0x2f2f1fc6, 0x191ec61f, 0x2a2d11a9,
	0x02112d2a, 0x010203a8, 0x26055452,
	0x72184550, 0x5c0808a4, 0x03245147, 0x04024d4e, 0x01b09701, 0x232a5901, 0x2302a908, 0x0103c68f, 0x312c74ca,
	0x04c70215, 0x00002211, 0xff3afe02,
	0x028b01ab, 0x003c00b4, 0x404d004c, 0x0501334a, 0x08013106, 0x03011e05, 0x004c0307, 0x05060002, 0x00670602,
	0x07080005, 0x09690805, 0x01040701,
	0x03070003, 0x0a094369, 0x01003408, 0x3e4f0100, 0x3d44463d, 0x384c3e4c, 0x39262628, 0x070a2321, 0x14252b1d,
	0x21331616, 0x2e222115, 0x34113502,
	0x3333023e, 0x15021e32, 0x22230315, 0x6d232726, 0x162d0bb2, 0x35331716, 0x23262634, 0x06062223, 0x0f817f15,
	0xa6fe2708, 0x021e1c08, 0x3c5ffda3,
	0x0a0a2347, 0xbd3d4823, 0x081c3830, 0x0b0e3a01, 0x110b070a, 0x3f361718, 0x1c08091f, 0x6d82313a, 0x07113708,
	0xbe121004, 0xe8081e1f, 0x07071a1c,
	0x1b1d1c1a, 0x5a1b0707, 0x67091e21, 0x3b46220a, 0x4c419f01, 0x250b0b25, 0xfe2b414d, 0x11180b9c, 0x260c0410,
	0x4d42424e, 0x35820b26, 0x25283522,
	0x61085c82, 0x0bd1fe27, 0x282c2926, 0x2b270b0b, 0x000b272a, 0x06fe0600, 0x2602f6ff, 0x1d00b202, 0x50004200,
	0x6a005e00, 0x6b007600, 0x44526840,
	0x0c1c2a3a, 0x73070506, 0x41666772, 0x0509063b, 0x0202011f, 0x004c0309, 0x07090705, 0x0c800905, 0x02030b06,
	0x02090009, 0x01048000, 0x07010801,
	0x69070105, 0x0f82010a, 0x82590921, 0x00093e06, 0x00010361, 0x1e510009, 0x7000001e, 0x5a62646e, 0x1e4a4c58,
	0x3e421e42, 0x2331333d, 0x2b6e8221,
	0x0d232e1d, 0x232b1807, 0x23060627, 0x2205714c, 0x4c273737, 0x07230c79, 0x9b210107, 0x3617291d, 0x06163335,
	0x17011707, 0x2605496e, 0x15062223,
	0x8c051614, 0x14012c0d, 0x32331616, 0x07273736, 0x8a050606, 0x2e613a0b, 0x4a444a1a, 0x2a212356, 0x0e132e29,
	0x43434c1f, 0x281d1f4c, 0x011b0142,
	0x3319958f, 0x01680469, 0xfc701912, 0x1734227d, 0x302b1c12, 0x1502091b, 0xfd2d0a88, 0x29270bcc, 0x7e122e28,
	0x0211161e, 0x390b890b, 0x201d293c,
	0x4e44464f, 0x193c2122, 0x3c36242f, 0x32381818, 0x3721392f, 0x199790fe, 0x441b8934, 0x9128503d, 0x2a2de901,
	0x1a151c13, 0x141b1411, 0x0b8a0d1c,
	0x1ab8fe2b, 0x1c161325, 0x311319a4, 0x24098827, 0xfb090000, 0x08c741fc, 0x003b5508, 0x006e0060, 0x008a007c,
	0x00a20096, 0x408600ae, 0x62707e83,
	0x2a3a4858, 0x08090c1c, 0x9faaab0a, 0x5f92939e, 0x080d0859, 0x03011f3d, 0x4c030d02, 0x0d0a0800, 0x800d080a,
	0x05110912, 0x0d020510, 0x00020d00,
	0x02040780, 0x020b0c01, 0x0a01080a, 0x020e0f69, 0x0d211282, 0x08078359, 0x61000d29, 0x00020306, 0x3c51000d,
	0x001e1e3c, 0x9ca6a800, 0x868e909a,
	0x6a767884, 0x3c603c68, 0x515b5c60, 0x1e3f414f, 0x413b1e3b, 0x132309e8, 0x412b1807, 0xe8411cca, 0x421d9d1d,
	0x14422306, 0x0b204225, 0x4295fd21,
	0x01231507, 0x988e011b, 0x1d3b4219, 0x4273fa21, 0x02210830, 0x13464214, 0x42c2fb21, 0x0221093a, 0x4752420a,
	0x42396c42, 0x82422078, 0x004d080b,
	0xffebfd04, 0x02b001f6, 0x002300b2, 0x003d0031, 0x405b0041, 0x02152558, 0x013a0001, 0x39010702, 0x08030207,
	0x02010a07, 0x004c0406, 0x06030602,
	0x00800302, 0x00050004, 0x00690504, 0x07010000, 0x00670100, 0x08010907, 0x67080706, 0x081d8200, 0x00590626,
	0x61030606, 0x03060300, 0x3e3e3e51,
	0x18413e41, 0x232e2d28, 0x0a131112, 0x032b1e07, 0x21371707, 0x17072115, 0x201a4044, 0x0c0a4427, 0xfe430320,
	0x35052e0a, 0x42d91521, 0xd0018f6c,
	0x74805cfe, 0x13d0417c, 0xa141c720, 0x41292008, 0x012b0989, 0x019e01bd, 0xfd8c37a7, 0x4396e566, 0xac4316c2,
	0x664d2315, 0x00820066, 0x8dfe0128,
	0x71014600, 0x55542d02, 0x00002605, 0x04850001, 0x057a7b01, 0x0102022d, 0x01010057, 0x02005f02, 0x4b4f0201,
	0x0726093b, 0x11252b19, 0xec821533,
	0x8dfe152d, 0xfd6c0278, 0xe7014694, 0x82c361c3, 0x01002321, 0x4f82e1fb, 0x4f82da20, 0x3e000c37, 0x010b3b40,
	0x4c010300, 0x02040200, 0x03040085,
	0x01068504, 0x22618205, 0x82800105, 0x00842b57, 0x03000003, 0x03030057, 0x08825f00, 0x61830020, 0x0c000c23,
	0x25008311, 0x2b1b0707, 0xa5693737,
	0x27212c05, 0x64071733, 0x783ffbb6, 0x6ec00478, 0xc2240597, 0xb0c4e701, 0x6a05236e, 0x673008b7, 0x9b016501,
	0x00c00000, 0x46010040, 0xd40b8202,
	0x00330983, 0x0101b109, 0xb0d4ffb8, 0x00002b35, 0xff12ff02, 0x6a27017f, 0x022610a7, 0x01040201, 0x9a820780,
	0x05000325, 0x4b008003, 0x052008d8,
	0x2307d84b, 0x00030106, 0x850ba76a, 0x4c288931, 0x07200801, 0x25050b6f, 0x2a401b4f, 0x57a70400, 0x2018a76a,
	0x06394c17, 0x33112532, 0xa1a11011,
	0xebfd1701, 0x02638172, 0x8dfc64ac, 0x8206a76a, 0xff0f26d3, 0x031101a2, 0x27e3570b, 0x4b820720, 0x03822120,
	0x0178f129, 0x035e7812, 0x8397fc69,
	0xffff3303, 0xaaffd3fd, 0x1203d5ff, 0x82022700, 0x000070fe, 0x7b562700, 0x02072406, 0x82e0fc82, 0x0000380f,
	0x00d9fc02, 0x02e40044, 0x0007002b,
	0x4035000b, 0x00010432, 0x84850001, 0x030224f3, 0x42010086, 0x7a6b0d30, 0x07384214, 0xfe338283, 0x6c027800,
	0x61fe94fd, 0xe7014478, 0x01c361c3,
	0x8219fee7, 0xffff2b68, 0xc3ffe8fb, 0xa302de00, 0x7b826700, 0x0c004e32, 0x06362d34, 0x86012600, 0x4701009c,
	0x22fb8202, 0x102a1186, 0xb00100b1,
	0x2b35b00c, 0x078503b1, 0x02243c82, 0xc5ffd3fc, 0xab20a382, 0x20449f58, 0x06e64205, 0x82152121, 0x33112901,
	0x78fafd11, 0x8efd7202, 0xb5820383,
	0xe6023b2b, 0x616761dd, 0xfde602e0, 0x25b7841a, 0xc3ff78fd, 0xb7864201, 0xa585b220, 0x01060123, 0x201c8286,
	0x82ab8708, 0xfe01270b, 0x01c5ff99,
	0xa3830283, 0x31403422, 0x5911e35a, 0xe05a103e, 0x21968b0e, 0x928899fe, 0x2d828f87, 0xfb02003e, 0x014600d1,
	0x002d02ed, 0x0011000c, 0x0b0fb686,
	0x01070602, 0x0eb04b4c, 0x2f405850, 0x23079043, 0x08700403, 0x20059143, 0x06904372, 0x0306072f, 0x06006807,
	0x57060000, 0x00060600, 0x2208825f,
	0x891b4f00, 0x85042131, 0xc2433086, 0x28319408, 0x00124059, 0x0e101100, 0x437e820d, 0x092005d1, 0x080fd143,
	0x3721253c, 0x61772127, 0x787871fb,
	0x955f8d04, 0x3dfbe1e1, 0x2522f404, 0x5e580ffb, 0x70e70170, 0xbfe0e15c, 0x02002421, 0xc6ffbbfe, 0x9d024201,
	0x08000500, 0x1e402100, 0x04060708,
	0x737d0503, 0x00012105, 0x0808bf54, 0x05000526, 0x17070311, 0x3311052b, 0x37011501, 0xbbfe0101, 0xfd340253,
	0xd10107cc, 0x023a2ffe, 0x62c5fed7,
	0x016ac6fe, 0x38080082, 0xfe030000, 0x02b1ff56, 0x000d032a, 0x00300029, 0x40450037, 0x02011442, 0x2d2e3403,
	0x191c1f20, 0x01090a18, 0x1a1b3502,
	0x01000409, 0x03004c03, 0x00850302, 0x85020102, 0x22738200, 0x82010485, 0x06853e87, 0x76050501, 0x29000000,
	0x27282900, 0x11131a11, 0x2b1a0707,
	0x022e3507, 0x16163335, 0x25078317, 0x35373634, 0x0c821533, 0x05150127, 0x26252535, 0x08834c27, 0x82140321,
	0x06062221, 0x057f4c13, 0x3fea7508,
	0x086f2b56, 0x543a2425, 0x6466552d, 0x02183219, 0x0145fe4d, 0x2810fe48, 0x28554325, 0xaf475524, 0x212a1e2d,
	0x2d212fff, 0x035b4f23, 0x354d5422,
	0x12d10529, 0x5b37442c, 0x62610751, 0xfe0c0c03, 0x7cde6ce0, 0x0513f296, 0x4b3116b6, 0x254c3e3b, 0x44025b04,
	0x960d2417, 0xa0fe2203, 0xb20f2e25,
	0x01002204, 0x36001dfe, 0x3902fd01, 0x38001300, 0x01043540, 0x0a2ece83, 0x00070209, 0x03058607, 0x00000102,
	0x07835701, 0x5f000129, 0x00020608,
	0x684f0001, 0x25241213, 0x33352335, 0x2120d382, 0x2908077d, 0xe4fe1521, 0x0176c7c7, 0x05827666, 0x369afe25,
	0x82cb67d1, 0xd1672300, 0x3e82d1d1,
	0xfffb0122, 0xba207382, 0x1b277382, 0x42404500, 0x83020406, 0x0d0e2b74, 0x0009030b, 0x05078609, 0x76840303,
	0x77820884, 0x080a0c23, 0x67788603,
	0x808b1782, 0x2325848b, 0xfc152135, 0x218282c6, 0x8b886501, 0x9bfe7622, 0xcb218e86, 0x849083cb, 0xff210892,
	0x0019feff, 0x02ca0141, 0x01270025,
	0x00d0fde6, 0x01060107, 0x0000d8ec, 0x0100b108, 0x35b007b0, 0x26b7822b, 0x00ecfd04, 0x8289013a, 0x00032a23,
	0x000b0007, 0x4051000f, 0x2122824e,
	0x9f820101, 0x02006737, 0x04030109, 0x00670302, 0x06070506, 0x0a040057, 0x04070501, 0x2f0e8205, 0x0b5f0706,
	0x07060701, 0x080c0c4f, 0x00040408,
	0x5c06ed5c, 0x0c281085, 0x132b1707, 0x05153335, 0x0383b582, 0x0b821720, 0xfcabde38, 0xfd540263, 0x9e5402ac,
	0x9f8601ab, 0x61611e9f, 0x656161c9,
	0x8f829f9f, 0x93fb0626, 0x22023a00, 0x13268f8a, 0x67001700, 0x61826440, 0x04289385, 0x050e0201, 0x0603030d,
	0x0a3f9683, 0x570a0b07, 0x10060108,
	0x07030f09, 0x6707060b, 0x0b0a0a00, 0x0b01115f, 0x144f0b0a, 0x87101014, 0x1714319d, 0x15161714, 0x13101310,
	0x0f0c1112, 0x0d0e0f0c, 0x1220a990,
	0x0120a982, 0x17209d82, 0x8306405c, 0x822120ad, 0x2bb1830b, 0x9dab86fe, 0x71f95402, 0xe6015502, 0xb9880785,
	0xbd85bb84, 0xbbfb0626, 0xe8010000,
	0x2a06675b, 0x0011000d, 0x00190015, 0x82704073, 0x020331b2, 0x00004c01, 0x0c850002, 0x07060101, 0x80070106,
	0xc187c78b, 0xc1840a20, 0xd3820b20,
	0x2308c78a, 0x12121616, 0x0a0a0e0e, 0x00000606, 0x19161916, 0x15121718, 0x13141512, 0x110e110e, 0x0d0a0f10,
	0x0b0c0d0a, 0x830a8e5b, 0x058e5bc7,
	0x73413720, 0x0b7b4106, 0x0fa8fe25, 0x82940f76, 0x82d320c3, 0x858420cb, 0x5b802007, 0x762607ad, 0x61016161,
	0x0584c861, 0x53639f20, 0xdafb2106,
	0x27068768, 0xfbe70127, 0x0087ff96, 0x00210784, 0x2c07827a, 0x00a8fdec, 0x01260000, 0x0187bae7, 0x20058206,
	0x05dd6c7a, 0x230ca370, 0xb80103b1,
	0x04221085, 0xb470b001, 0xffff2105, 0x672b5388, 0x1202e701, 0x00c087ff, 0x84000040, 0x7a00210b, 0x66240b84,
	0x0000ec01, 0x15820984, 0x85eefd21,
	0x47012521, 0xeefde701, 0x22202186, 0x91100d71, 0xfe022f69, 0x01a5001b, 0x00cf01fd, 0x00070003, 0xa758402f,
	0x1707232a, 0x3d41012b, 0x1bfe2e06,
	0x1efce203, 0x6e01e203, 0x61c96161, 0x28f18261, 0x00dcfb03, 0x02dc0143, 0x3057842e, 0x4040000b, 0x0600003d,
	0x00020101, 0x02006701, 0x06314307,
	0x0505042f, 0x04005704, 0x085f0504, 0x05040501, 0x1aa65f4f, 0x05206a87, 0xfb257282, 0xfa0006dc, 0x24038500,
	0x6161cd01, 0x200284c5, 0x05577900,
	0x02f12208, 0x000d0019, 0x050cb66c, 0x01020102, 0x11b04b4c, 0x25405850, 0x03030400, 0x01067004, 0x05000005,
	0x24938271, 0x02030102, 0x0f0d7a68,
	0x23401b22, 0x2108914a, 0x25978605, 0x27050857, 0x110d000d, 0x11111211, 0x0806954a, 0x37213524, 0x21352127,
	0x07173327, 0x06fb507b, 0x37345e05,
	0xf704a5fa, 0xe1e1954d, 0x32614d58, 0xe14b6135, 0x008200e0, 0xfc098f79, 0x50b52ba3, 0x7503effc, 0x8efc3734,
	0xa3900e03, 0xd1fb0225, 0x41015800,
	0x13290547, 0x09407d00, 0x050c0f12, 0x094c4104, 0x0106282b, 0x04030304, 0x08070970, 0x1e4f4103, 0x2a832620,
	0x85850421, 0x1b524129, 0x0e0e162b,
	0x130e0000, 0x1011130e, 0x075a4100, 0x1b070a22, 0x4106766e, 0x3331075a, 0x17332737, 0xfc50a207, 0x34410423,
	0x03c2fb37, 0x20bc83da, 0x05267a81,
	0x27076641, 0xe0e1e1e0, 0xcffb0200, 0xe135c382, 0x05001902, 0x4c001300, 0x0b124940, 0x03040104, 0x064c0104,
	0x84128201, 0x20d18291, 0x3b0b8286,
	0x04050304, 0x02030067, 0x00570302, 0x5f020303, 0x02030200, 0x0006064f, 0x06130600, 0x0f248e82, 0x0a0c0d0e,
	0x2107c75f, 0x6056070a, 0x84212007,
	0x21373c93, 0x33372135, 0x45011707, 0xe59ce1e1, 0x4d3dfee5, 0xa003fefb, 0x5dfc3532, 0x824b0404, 0x83582010,
	0x0cff418c, 0xffdcfb27, 0x03dc01ae,
	0x2395820c, 0x003a403d, 0x85249282, 0x0009010a, 0x200a946f, 0x12f06f67, 0x6e127c47, 0x1322087e, 0x906f0333,
	0xfd210807, 0x8ffd64e9, 0xfd299902,
	0x81ea023e, 0x9e028178, 0x02293afd, 0x64e9fcef, 0x6761f752, 0xfe3e0161, 0x200682c2, 0x204c82f7, 0x05874200,
	0x19020622, 0x2505837c, 0x01020101,
	0xe94d4c01, 0x00082e1d, 0x12111108, 0x2b190705, 0x33273725, 0x2a738317, 0xe5e5f4fd, 0xc602b09c, 0x82b13bfd,
	0x61b02ae9, 0xfb0100b0, 0x025800d3,
	0x39578204, 0x4035000d, 0x02050c32, 0x4c010300, 0x03020104, 0x05068502, 0x01000102, 0xe24d0086, 0x0e4c4311,
	0x84230721, 0x26648260, 0xfbb68e07,
	0x839cb1dc, 0x24042165, 0x2305e74d, 0xb0e1e0b0, 0x2c07e74d, 0x017bff72, 0x00ed0210, 0xfeec0127, 0x2ed6820c,
	0x9c680106, 0xfeffff00, 0x01370068,
	0x6a2f0214, 0xec24106b, 0x000002fe, 0x08135362, 0xfe02003f, 0x01ebffee, 0x00880232, 0x000a0006, 0x0709b508,
	0x32020004, 0x2535252b, 0x15053525,
	0x15253501, 0xb301eefe, 0x44024dfe, 0x4402bcfd, 0x767579ab, 0xfe7cb179, 0x6cb26c90, 0xfb020000, 0x20f382e4,
	0x27f3840b, 0xb7750013, 0x03050c11,
	0x2405584b, 0x40585011, 0x23fc8327, 0x08700203, 0x0022fd83, 0xfe827101, 0x22141e4b, 0x4125401b, 0x28840526,
	0x97860121, 0x40592827, 0x13000012,
	0x430f1012, 0x464b0827, 0x0a354106, 0x07254308, 0x21273721, 0xe1fb5095, 0xe8e8954d, 0x1e044b95, 0xe1e1954d,
	0x043230fc, 0xfb373421, 0x4d4d58df,
	0x4b4be1e0, 0x32e0e0e1, 0xff003532, 0x0036feff, 0x02ca0141, 0x01260024, 0x0000d8ec, 0xfdec0107, 0xd78300d0,
	0xd782d820, 0xe37d0520, 0x0301250b,
	0x4c010102, 0x7d1de34d, 0x12210fe3, 0x0b324208, 0x332f9882, 0x00fd0717, 0xb09ce5e5, 0x48fcb903, 0x433cfeb1,
	0xe03005be, 0xb061b0e1, 0xe0e1e1e0,
	0xc8fbffff, 0xda015800, 0x47247782, 0xa9fd9501, 0x8206e546, 0x06fc21a7, 0xa120a782, 0xaf21a785, 0x085d4700,
	0xfb22af82, 0x1f8200a0, 0x41d4fd21,
	0x46270687, 0x00ff0c01, 0x824000c0, 0xbafb2113, 0xdc204b82, 0x0a214b84, 0x0a1b7efd, 0x00cefb2d, 0x02c70146,
	0x0147002d, 0x87a8fd7b, 0x01002363,
	0x2f82ccfb, 0xbf42f620, 0x2317273d, 0x07333727, 0xe8822721, 0xfbb6802b, 0xe195b656, 0x04b595e1, 0x10bf42a8,
	0x82a5fb21, 0x84d6206b, 0x8b98209b,
	0xb7fe2ce7, 0x50013700, 0x67002f02, 0x8700ec01, 0x01262aff, 0x0137d84f, 0xff4f0107, 0x15e375d8, 0xfcffff23,
	0x2037824b, 0x21378551, 0x1d483dfe,
	0x01ec2208, 0x220b86b7, 0x824f0127, 0x214584eb, 0x4584a8fd, 0x200f0a78, 0x3e008200, 0x0075f904, 0x02e70100,
	0x000500d3, 0x0012000e, 0x406c0016,
	0x02010469, 0x01070203, 0x49020304, 0x002005a3, 0x853e0e82, 0x0401010a, 0x08010408, 0x05010b80, 0x05080908,
	0x01068009, 0x02070c03, 0x04030104,
	0x0f820067, 0x00570823, 0x08b47708, 0x0f13133d, 0x0006060f, 0x13161300, 0x0f141516, 0x11120f12, 0x060e0610,
	0x0b0c0d0e, 0x8208090a, 0x1205236c,
	0x2765070e, 0x05260807, 0x07333727, 0x17211521, 0x15213525, 0x15333501, 0x760ffafb, 0xe104fe0f, 0x01b495e1,
	0xb774fe89, 0x5905a301, 0x9649fbf9,
	0xe09b3007, 0xb161afe1, 0xfe6161b1, 0x008989f7, 0x72ffff00, 0x262d081b, 0xd8c45a01, 0xec014601, 0x00c0003c,
	0x101b7240, 0x497efc21, 0x662106bb,
	0x06437201, 0x0126002b, 0x0100dcec, 0xfeec0147, 0x06374170, 0x4e0f4f72, 0x4623077f, 0x84fd8601, 0xffff2155,
	0x270be74f, 0x0c000802, 0x0636d3cb,
	0x86224382, 0x4386bafe, 0x2e08ed4f, 0x17fbffff, 0x0d00c3ff, 0x6600a302, 0x84a78202, 0x67002529, 0x59fc8601,
	0x01252985, 0x00820247, 0x204185d3,
	0x12cf5000, 0xfcffff23, 0x06ff4e87, 0x86012626, 0x47000000, 0xc9208582, 0x00273b85, 0xfff4fd03, 0x4ec301b1,
	0xd32008c7, 0x3405ba5b, 0x071f2e15,
	0x35010403, 0x0d202d34, 0x0608090c, 0x04000a05, 0x07115c02, 0x05201c91, 0x40201c83, 0x34831791, 0x3b070d5c,
	0x0102001b, 0x01038502, 0x85010401,
	0x04000400, 0x00010585, 0x07850006, 0x76060601, 0x2006f95b, 0x28228c1f, 0x00850405, 0x85050005, 0x20268900,
	0x23449b40, 0x14405959, 0x2926dd82,
	0x27282900, 0xf27c1b1c, 0x07082806, 0x35172b17, 0x78272626, 0x594f057a, 0x021e230b, 0x18822317, 0x0816554f,
	0x3019a04d, 0x01b1fd14, 0x01d9fea6,
	0x3a2229e2, 0x66562d55, 0x2b4d3864, 0x1e067404, 0x2854431c, 0xb0475424, 0x212b1e2e, 0x2c202fff, 0x015a4f23,
	0x70e50807, 0xb6967fde, 0x13cf040f,
	0x5b38442b, 0x6868064b, 0x454a1f03, 0xb704202b, 0x4f4a3216, 0x232c0855, 0x2104970e, 0x2f259ffe, 0x2204b20e,
	0x3208ad82, 0xfffffb03, 0x03bf01b1,
	0x002b000d, 0x00390032, 0x17424045, 0x37010001, 0x232f3036, 0x1d1e1f22, 0x0c0d1b1c, 0x06070809, 0x00021205,
	0x02030101, 0x82004c03, 0x00852f1e,
	0x85000200, 0x02030200, 0x03010485, 0x48827603, 0x2b002b2d, 0x1516292a, 0x07051314, 0x95052b16, 0x104b50f1,
	0x50150721, 0xfe2e0d4a, 0x162e17aa,
	0xbb01b0fd, 0xe601c1fe, 0x51502128, 0x4e210809, 0x420145fe, 0x262816fe, 0x55285643, 0x1e2cae6c, 0x30ff202a,
	0x4f242d21, 0x09090355, 0x78e869e5,
	0x20f982a0, 0x2bf982d0, 0x07505a37, 0x0b026463, 0x68e0fe0c, 0xf2351582, 0x16b70514, 0x5d3b4b31, 0x02540756,
	0x0d231744, 0xfe220395, 0x44fd86a0,
	0x20080737, 0x001b00a8, 0x00280024, 0x4082002c, 0x10011d7f, 0x084c010f, 0x060e0601, 0x050e0085, 0x0117850e,
	0x08f28211, 0x80011127, 0x01020d16,
	0x07098401, 0x0a130502, 0x050f0402, 0x01146704, 0x0215180f, 0x100f0310, 0x020b1267, 0x03000003, 0x08078357,
	0x5f000323, 0x0002020c, 0x294f0003,
	0x001c1c29, 0x292c2900, 0x282a2b2c, 0x1c252627, 0x23241c24, 0x1f202122, 0x1432671e, 0x9f711920, 0x06386f17,
	0x37272532, 0x15330733, 0x33251721,
	0x35052337, 0x62fc1521, 0x321a1370, 0xe1e19dfd, 0xfeffb495, 0x4a01b7fe, 0x01652065, 0x710a0488, 0x532e0982,
	0x58b25399, 0x61afe1e0, 0x9599adb1,
	0x53476161, 0x02e73606, 0x01660025, 0xc00028ec, 0x01004000, 0xd8e60106, 0xb1080007, 0x05595001, 0xfcffff27,
	0x01410006, 0x067b50a2, 0x0700a828,
	0xec016700, 0xc943f8fd, 0x212d8205, 0x8750b0ec, 0x2853820c, 0x01ebffce, 0x00880212, 0x07d55646, 0xfbffff23,
	0x280d82bd, 0x002d02d9, 0xfd850147,
	0x253b85aa, 0xffff0000, 0xf746bcfb, 0x46922008, 0x002309f7, 0x827af902, 0x48e92017, 0x21477fab, 0x1725320a,
	0x21273721, 0xddf95073, 0xe1e19550,
	0x1d064d95, 0x2807824d, 0x063400f9, 0xf93734eb, 0x0dab481b, 0xfb020023, 0x20bf82d2, 0x90bf40f2, 0xfc507c23,
	0x21bf852c, 0xbf83ce03, 0x344ffb28,
	0x37349c04, 0xbf8d6afb, 0xfbffff23, 0x20bf82a0, 0x24bf82c7, 0xfd9c0147, 0x09af41ab, 0x0059fe38, 0x02a70141,
	0x01660024, 0xc0004bec, 0x00004000,
	0xb5ec0106, 0x9f490000, 0x0167240b, 0x863002ec, 0x42462033, 0xeb410757, 0x84dd2006, 0x480d2053, 0x03420ce3,
	0x8b942009, 0x06774217, 0x83002421,
	0x1808204f, 0x50081744, 0x4720074f, 0x23098542, 0x7efcffff, 0x4a209782, 0x2b829782, 0x50080f47, 0x0724097b,
	0x38fff201, 0x3920a384, 0xbb202782,
	0x2b20bf85, 0x0121bf84, 0x231b8247, 0x405d02a9, 0x73590d82, 0x5d022405, 0x822b35b0, 0xb6fb21cf, 0xf2202b82,
	0x7b495385, 0x01262108, 0x00257f82,
	0xfec90107, 0x214f83be, 0x23825efc, 0x23854820, 0x8850fe21, 0x92c921f3, 0x00295b84, 0xff5ffe01, 0x021f0282,
	0x061771e0, 0x03040524, 0x3d820102,
	0xc54c0020, 0x00480806, 0x11760101, 0x18070216, 0x2535012b, 0x13050515, 0x37230133, 0xe2015ffe, 0xd6019dfe,
	0xa2fe78f3, 0x27014078, 0xa07fe86f,
	0xfc5602d5, 0x01009fa2, 0xaeffe5fb, 0x0c03d401, 0x24001100, 0x10112140, 0x0a0b0c0f, 0x06070809, 0x0e205683,
	0x210c6e71, 0x56831418, 0x25352726,
	0x37230325, 0x23085d85, 0x01073301, 0x63010e15, 0x78fa16fe, 0x01c1fd2b, 0x019cfee3, 0x780801eb, 0x1a3e0239,
	0xfdde9f7f, 0x10016998, 0xde266c83,
	0xfe8c8b02, 0xdf8370f1, 0x0053fe35, 0x017301c5, 0x01260097, 0x0100925e, 0xfef20107, 0x41fbff0c, 0xff210527,
	0x052741fb, 0x000afe2d, 0x01fe0188,
	0x012700e1, 0x52c6fde7, 0xfd280557, 0x017a00c6, 0xecf20106, 0x5205c74c, 0x01200638, 0x08073852, 0x53fe0261,
	0xc501abff, 0x5800b402, 0xbb006800,
	0x01490e40, 0x01470a09, 0x01340904, 0x4c030c07, 0x5012b04b, 0x00414058, 0x02010503, 0x06007203, 0x06090a00,
	0x0900670a, 0x09020d00, 0x0400690d,
	0x04050200, 0x05006902, 0x050c0100, 0x010e6901, 0x0701080c, 0x69070c0b, 0x00000b00, 0x0b00570b, 0x825f000b,
	0x4f002508, 0x0042401b, 0x05234382,
	0xb9800103, 0x59240844, 0x595a1a40, 0x68596062, 0x5658685a, 0x42444c4f, 0x16352626, 0x15271324, 0x1f070f20,
	0x2223052b, 0x3535022e, 0x272c0482,
	0x2223022e, 0x23150606, 0x33023e34, 0x2105fa69, 0xcb623533, 0x14112529, 0x33331616, 0x0f686318, 0xa620013f,
	0x0a23473c, 0x1d212f27, 0x12161514,
	0x020a0a11, 0x3719066b, 0x23251c30, 0x251d1417, 0x26e46220, 0x1e1c0825, 0x621c02a8, 0x553a09e8, 0x3b46220a,
	0x1a0d0472, 0x05151817, 0x3c231f07,
	0x0a081f44, 0x15171b1c, 0xf862ce06, 0x21612422, 0x62b8091e, 0xff220bfc, 0x5743feff, 0x01262e07, 0x0100c9ec,
	0x00f2010f, 0xc05d024b, 0x0b514300,
	0x00002808, 0x4afe0100, 0xb601c400, 0x41009e01, 0xb04b7400, 0x4058500d, 0x0105002b, 0x72050207, 0x06020000,
	0x03720007, 0x82090101, 0x0701290f,
	0x02010469, 0x59020600, 0x022b0682, 0x01086206, 0x52060206, 0x832d401b, 0x0501242d, 0x82008007, 0x201f822e,
	0x292f9c80, 0x3f0e4059, 0x2426253d,
	0x04822613, 0x070a1025, 0x41252b1f, 0x32220b9d, 0xaa413736, 0x36322b09, 0x14333536, 0x2223020e, 0xca412626,
	0x8b072005, 0x0636080c, 0x095da7fe,
	0x1e2c351c, 0x171c2827, 0x0f0c151a, 0x1f150e10, 0x27202429, 0x1c191c25, 0x0f100b14, 0x1b0a5d05, 0x281d2c35,
	0x1b161d27, 0x0e100d14, 0x2c1f110e,
	0x1e841f27, 0x820c1321, 0x3ce63a1e, 0x0b0d254a, 0x1a192020, 0x281c1009, 0x1d0a0c27, 0x091c1c1f, 0x3c2b2b0e,
	0x30178549, 0x1c0e0919, 0x090c2828,
	0x1b1c1f1e, 0xff2b0d09, 0x085b44ff, 0xec01272c, 0x000056ff, 0xc9010700, 0x078214fe, 0xffff0030, 0x8800b5fe,
	0xf602b001, 0xe7012600, 0x0584879c,
	0x07017a2a, 0x5bfef401, 0x19004e00, 0x23115155, 0x4eb00102, 0x21052658, 0x7f4effff, 0x4e93200a, 0x0029057f,
	0x001bfe04, 0x01fd01af, 0x060755c4,
	0x46000f37, 0x01024340, 0x08030900, 0x00040103, 0x01066701, 0x04050504, 0x29068257, 0x0b5f0504, 0x05030a07,
	0x30580504, 0x05c37325, 0x8a571720,
	0x01382706, 0x011efcc5, 0x068558c5, 0x61630122, 0xb4200082, 0x612b0382, 0xfb060000, 0x01a500dc, 0x88ce01dc,
	0x00133283, 0x405d0017, 0x0202045a,
	0x0d050e00, 0x01050c03, 0x278a8206, 0x0602080a, 0x57060707, 0x062b0783, 0x0b115f07, 0x050f0910, 0x58070607,
	0x13203325, 0x21209686, 0x83062156,
	0x20038307, 0x209f8217, 0x21a3851d, 0x0b897602, 0x836d0121, 0x616122aa, 0x290685c8, 0x00020000, 0x02abff2e,
	0x13670229, 0x7e240805, 0x012d0e40,
	0x012b0504, 0x01180408, 0x4c030702, 0x502ab04b, 0x00244058, 0x07080004, 0x09690804, 0x01030701, 0x0223bc82,
	0x82060069, 0x630037ef, 0x01050500,
	0x0101005f, 0x1b4e0517, 0x01002a40, 0x01040500, 0x2e966705, 0xd55c5720, 0x40592209, 0x07446712, 0x28382729,
	0x20392626, 0x441d080a, 0x3e67068a,
	0x1672442a, 0x67a68421, 0x59442a3e, 0x243e6714, 0x08104544, 0x0000002e, 0xff430003, 0x025802f6, 0x002400b2,
	0x003e0032, 0x17b04b92, 0x13405850,
	0x030c1c26, 0x3a3b0402, 0x05041d23, 0x00010102, 0x1b4c0305, 0x03201590, 0x59201582, 0x23393085, 0x01040400,
	0x01010061, 0x02004d1d, 0x06610002,
	0x00000203, 0x05004d1e, 0x240b8705, 0x401b4e00, 0x26258c20, 0x01065f03, 0x85180303, 0x82002024, 0x4e002a2e,
	0x00104059, 0x2e363800, 0x268e822c,
	0x232e1a24, 0x65190807, 0x3f651d7b, 0x0b2d6315, 0x63dc0121, 0x282a1320, 0x68046942, 0x70191201, 0x2a6388fe,
	0x161e6313, 0xe1663720, 0x66fe2013,
	0x310809d5, 0x00010000, 0x02a5ff2e, 0x00ca0205, 0x4b520017, 0x585019b0, 0x00001940, 0x00030203, 0x04058002,
	0x84020202, 0x01030300, 0x0101005f,
	0x1b4e0319, 0x1b8e1e40, 0x1c820120, 0x1c825720, 0x005f0326, 0x4f030103, 0x2e05f070, 0x11170017, 0x06112e11,
	0x172b1a08, 0x68032e11, 0x37260567,
	0x2133033e, 0x01822311, 0x39ef4008, 0x050f2544, 0x04060704, 0x4d271105, 0x6f030140, 0xa5015b38, 0x1b110801,
	0x342f1414, 0x16122e35, 0xfc07111d,
	0xfdbb02db, 0x02000045, 0xc6ff6c00, 0xb202ec01, 0x43003700, 0x35403800, 0x8202112d, 0x004c286a, 0x04000403,
	0x82800003, 0x000423c1, 0xc7827e01,
	0x01052d08, 0x04006505, 0x00610204, 0x041d0202, 0x2133354e, 0x191c1d1f, 0x06102217, 0x372b1808, 0x33161633,
	0x34353632, 0x022e2726, 0x37363435,
	0x220afb68, 0x68262623, 0x8a7105cc, 0x16072c05, 0x06141516, 0x26222306, 0x84163726, 0x267e0831, 0x16141506,
	0x23036a76, 0x231e2a2c, 0x21514732,
	0x1a22261c, 0x49454f20, 0x036a2251, 0x1e282d24, 0x48413b2c, 0x23261b1e, 0x464f2118, 0xb5215148, 0x35262331,
	0x6c23202b, 0x17111a24, 0x17101f1c,
	0x2f2b3b2d, 0x2f1a1630, 0x173a3325, 0x2440471e, 0x1c150f1a, 0x2b131221, 0x34302c3a, 0x262f1917, 0x1e183a33,
	0x0e0ddb48, 0x0e232020, 0x20210f0c,
	0x03000021, 0x21001100, 0x9a024702, 0xf9821b00, 0x9100543c, 0x446406b1, 0x5026b04b, 0x00364058, 0x08040807,
	0x00800407, 0x04090904, 0x2c820070,
	0x03000637, 0x00060069, 0x08060708, 0x00090069, 0x05090205, 0x0102006a, 0xf0541801, 0x401b220b, 0x23388a37,
	0x7e090408, 0x593539a7, 0x51530e40,
	0x22261322, 0x2c262c19, 0x1f080a29, 0x0006b12b, 0x05424144, 0x24071f47, 0x14151616, 0x060f4706, 0x55183720,
	0x37211839, 0x05584133, 0x36343526,
	0x16323336, 0x07396818, 0x16141534, 0x23363233, 0x0b09080a, 0x57683910, 0x113a6653, 0x0b82090d, 0x673aaf08,
	0x38695856, 0x48260943, 0x264a403c,
	0x06060809, 0x49270909, 0x24483f3e, 0x06060909, 0x3c0557fd, 0x1e483f4b, 0x353c441c, 0x56031c3d, 0x291c1703,
	0x1b2c221f, 0x4529ba17, 0x28493835,
	0x191a403a, 0x4a2b3b3f, 0x29473435, 0x1b1a433b, 0x28235242, 0x2428100f, 0x312e3d21, 0x2623203e, 0x2327100f,
	0x2e2d3c22, 0x3041303f, 0x42424b1f,
	0x33151f4a, 0x260f152c, 0x0d273435, 0x7d000400, 0xdb013a01, 0x1b00b702, 0x4d003600, 0x5b005700, 0x446406b1,
	0x01385040, 0x01410409, 0x4c020806,
	0x0502070a, 0x05060206, 0x00008002, 0x00040300, 0x35826903, 0x0408092c, 0x08006709, 0x08050600, 0x82416906,
	0x37373a0f, 0x4e505557, 0x4d374d37,
	0x2c3a1a23, 0x0b292c26, 0xb12b1d08, 0x13440006, 0x48758226, 0x4b41086b, 0x35173724, 0x32333236, 0x06141516,
	0x16161507, 0x27231717, 0x23232626,
	0xe5423515, 0x26240806, 0x06078a07, 0x250b0609, 0x3f31313e, 0x08070b26, 0x260c0805, 0x4031323e, 0x10072726,
	0x2b2c2d2a, 0x06050713, 0x8408a482,
	0x2a2d2a12, 0x0408122a, 0x180a3806, 0x0e1b2b1e, 0x050b0d16, 0x040f2713, 0x2511150f, 0x110b0a10, 0x9401140f,
	0x24193417, 0x25231332, 0x24250e0e,
	0x18203417, 0x27251830, 0x37270d0f, 0x0506181a, 0x29121a16, 0x12261d1b, 0x0605161b, 0x280f1917, 0xcd3f2d1d,
	0x1c251601, 0x02020214, 0x3c3e120d,
	0x7453090e, 0x0a0e130c, 0xff010102, 0x012700ff, 0x0237025e, 0x002f00a8, 0x01080059, 0x010f1f5e, 0x013b000f,
	0x7109832c, 0x012805bf, 0x2b35b05e,
	0xb80101b1, 0x22080884, 0x02000000, 0xa9013700, 0xd0026c01, 0x1b000b00, 0x06b13900, 0x2e404464, 0x03000100,
	0x69030102, 0x82020105, 0x82592021,
	0x00022406, 0x82010461, 0x0d51332c, 0x1500010c, 0x0d1b0c13, 0x0005071b, 0x060b010b, 0x61411608, 0x26222405,
	0x41363435, 0x424b0530, 0xd02a080f,
	0x51484851, 0x524a4a52, 0x07071619, 0x16171916, 0x01150606, 0x4f4b47a9, 0x4b4f4646, 0x17065b47, 0x07191d1a,
	0x1a1d1a06, 0xc3820518, 0xaafff32b,
	0x12036501, 0x82020602, 0x277d8200, 0xa1fff000, 0x08036801, 0x2731775e, 0x132b1708, 0x03113311, 0xf0300382,
	0x01787878, 0xfe6601a2, 0x01fffd9a,
	0x0081fe7f, 0x6126e182, 0xf701acff, 0xf7821403, 0x29402c2b, 0x05010200, 0x01035702, 0x8e791801, 0x5f052209,
	0x21138206, 0x9b184f05, 0x17240e90,
	0x33352311, 0x2f05c762, 0x9595f611, 0x5493936e, 0xdd672402, 0xdcfd67dd, 0x57822982, 0x57826b20, 0x5782ed20,
	0x3a001330, 0x03003740, 0x57030802,
	0x05020104, 0x63820101, 0x01066734, 0x02090a00, 0x07000807, 0x03030067, 0x08005f08, 0x31630803, 0x1f082310,
	0x6382372b, 0x152c6788, 0x15231533,
	0x8b6b3523, 0x896e8b8b, 0x6e230082, 0x83e0668a, 0x66e02371, 0x7383dede, 0x00032b08, 0x02a8ff55, 0x00fd0219,
	0x00310026, 0x40fa003e, 0x010b3112,
	0x12000803, 0x25070a01, 0x0503001b, 0x4b4c0309, 0x58500cb0, 0xe2822d40, 0x01000023, 0x054d4a70, 0x00712308,
	0x0a010b07, 0x670a0709, 0x00080800,
	0x00010261, 0x004d1700, 0x5f050909, 0x18050500, 0x4b1b4e05, 0x34820eb0, 0x34832c20, 0xa8850121, 0x822a2033,
	0x892b2033, 0x86042133, 0x4021669f,
	0x832d8b29, 0x07082486, 0x896a0800, 0x08928936, 0x59595927, 0x32321940, 0x3d323e32, 0x2d303337, 0x23242729,
	0x1c1d1e22, 0x12112111, 0x2b1a080c,
	0x33361137, 0x16153335, 0x24048317, 0x06141516, 0x0cc17106, 0x23222327, 0x26352315, 0x07c44313, 0x11072624,
	0x62183215, 0x7b08085a, 0x1e105523,
	0x66181c66, 0x29103545, 0x15353126, 0x663a411b, 0x0c0f0d0c, 0x76581466, 0x3b29202d, 0x12082730, 0x3f391c1f,
	0x33371619, 0x028e020c, 0x01016161,
	0x50117163, 0x1c352c48, 0x21080507, 0x4b39343c, 0x5b62092a, 0x01025f5b, 0x2f2e2185, 0x01020225, 0xb9effe01,
	0x25291001, 0x00102824, 0xff580002,
	0x021202a9, 0x001e0059, 0x40790025, 0x0214230b, 0x01220104, 0x4c020605, 0x08053549, 0x06002622, 0x06050504,
	0x09020072, 0x08020801, 0x04040063,
	0x01036101, 0x4d1a0101, 0x00050500, 0x00010762, 0x4e233b82, 0x8327401b, 0x06042328, 0x299e8005, 0x11405923,
	0x2d328300, 0x1412131e, 0x16111113,
	0x1e080a11, 0x6566052b, 0x37362405, 0x57153335, 0x1126060c, 0x33373636, 0x1756020e, 0x11460805, 0x11010606,
	0x1e1e504b, 0x46514b50, 0x74021e4a,
	0x1f1e1806, 0x03720619, 0x94444a1f, 0x1b28281b, 0x33054f57, 0x73656573, 0x3f410533, 0x434a1e02, 0xfe041c23,
	0x1e1802b0, 0x021c453f, 0x5160014d,
	0x48010b49, 0xef824809, 0xff0c3008, 0x024c02f1, 0x0023001a, 0x40440033, 0x10111241, 0x0608090a, 0x13190003,
	0x02040107, 0x1a1c2203, 0x03020103,
	0x021b234c, 0x03004901, 0x82610003, 0x4d2023ac, 0x5f180104, 0x252f0986, 0x242b2d24, 0x20332533, 0x08052c1e,
	0x47372b17, 0x272a0615, 0x36361737,
	0x17163233, 0x4f481737, 0x17072205, 0x055d7107, 0x37072723, 0xde641832, 0x15260809, 0x0c161614, 0x0507083c,
	0x25403807, 0x45445b1b, 0x40251b5b,
	0x0605073a, 0x2d403c08, 0x4040581b, 0xe02c1c58, 0x75183634, 0x200808c5, 0x4f1d3a31, 0x1c482e32, 0x19244038,
	0x24191312, 0x481c3840, 0x1e4d322d,
	0x152b403b, 0x2b161011, 0xd4751870, 0x057b430b, 0xff402208, 0x021702a8, 0x002700fd, 0x0035002e, 0x2c13407a,
	0x01040218, 0x05192b32, 0x33040004,
	0x00050204, 0x06dd4103, 0x0400233c, 0x04010001, 0x00008000, 0x05000105, 0x0002007e, 0x63060206, 0x01010103,
	0x847f6105, 0x401b2206, 0x26259029,
	0x57020601, 0x82010103, 0x01062821, 0x02006905, 0x835f0602, 0x594f2738, 0x11110b40, 0x0382131b, 0x08081025,
	0x68372b1e, 0xda410940, 0x08e7580b,
	0x2e352325, 0x68141302, 0x45080b41, 0x24046b41, 0x2151492d, 0x57495121, 0x02214d43, 0x261e036c, 0x2121534b,
	0x4c574a54, 0x236f2055, 0xff232f2f,
	0x24323224, 0x042325ba, 0x452f14d0, 0x1d413634, 0x026c6c03, 0x17313a1b, 0x14b30315, 0x3c394b32, 0x11832147,
	0x46214008, 0x25217301, 0x20049c0f,
	0x2d2aaffe, 0x2604bb0f, 0x01000000, 0xf6ff1200, 0xb2024602, 0x5f003500, 0x01045c40, 0x4c010600, 0x01060107,
	0x0403004b, 0x01030401, 0x080a0080,
	0x090a0809, 0x82010580, 0x01002e1b, 0x01076706, 0x020c0d00, 0x08000a08, 0x086b4a68, 0x004d3308, 0x610b0909,
	0x1e0b0b00, 0x00004e0b, 0x35003500,
	0x2b2c3032, 0x13112628, 0x14231311, 0x0e111623, 0x372b1f08, 0x35343337, 0x37233534, 0x33023e33, 0x93181e32,
	0x072608d7, 0x15230733, 0x05821714,
	0x3316163a, 0x37363632, 0x23030e33, 0x27262622, 0x53461712, 0x31063e17, 0x52405565, 0x0791a718, 0x32294008,
	0x17e30418, 0x17da01ce, 0x373408be,
	0x05152c28, 0x31180576, 0x63534155, 0x4fd70732, 0x03051915, 0x2e73664f, 0x3b4c2a10, 0x190d2523, 0x064f3e44,
	0x464f151b, 0x21230d2f, 0x10294a3a,
	0x835b6125, 0x002d3ff3, 0x02480200, 0x001d00aa, 0x123d4040, 0x0e0f1011, 0x080b0c0d, 0x04050607, 0x00020e03,
	0x01820102, 0x004c0225, 0x82010002,
	0x8280200b, 0x4d1726cf, 0x03010100, 0xe3691860, 0x001d2e09, 0x1929131c, 0x2b190805, 0x35073533, 0x25038337,
	0x37153311, 0x03840715, 0x0223c486,
	0x82527f23, 0xaa762100, 0x7e2e0082, 0x0e171c19, 0x4d34187b, 0x5922b43c, 0x03823c22, 0xd6080130, 0x3c465b47,
	0x79465946, 0x4d28280d, 0x6f822458,
	0x00002132, 0xab021a02, 0x26001b00, 0x3a403d00, 0x05030109, 0x23088b82, 0x06670203, 0x01070101, 0x00010800,
	0x0a0a0067, 0x04005f04, 0x0b4d1704,
	0x18080801, 0x00004e08, 0x1c1e2426, 0x1b253282, 0x41271111, 0x22008211, 0x821e080c, 0x37232396, 0x03823533,
	0x36361124, 0x28773233, 0x23232705,
	0x23073315, 0x64181115, 0x370807c0, 0x41642323, 0x1d432b16, 0x123d4726, 0x1b416f55, 0x4c606b2a, 0x43c716dd,
	0x1a173a35, 0x78323c41, 0x016a2e50,
	0x15010248, 0x54415632, 0x502e255e, 0x14600178, 0x302c2d31, 0x099b6718, 0xa8021222, 0x43357882, 0x01014040,
	0x0a4b0108, 0x09080901, 0x05040086,
	0x04020301, 0x2eb38203, 0x01010702, 0x67010200, 0x08080000, 0x82005700, 0x00612506, 0x51080008, 0x1b320982,
	0x11131b00, 0x22111112, 0x0b221211,
	0x212b1f06, 0x96823503, 0xb0823720, 0x23262629, 0x07213723, 0x82171623, 0x0e4e08ac, 0x01132302, 0x3766d84d,
	0x19f80632, 0x514c0add, 0x9d011c48,
	0x06105c1c, 0x033e1958, 0xe5445124, 0x17621801, 0x1d285020, 0x2c196262, 0x1b423c50, 0x0000e8fe, 0xff310001,
	0x022202ff, 0x002700b3, 0x15354038,
	0x02010214, 0x00050101, 0x3c484c02, 0x00683108, 0x4d1d0202, 0x06050500, 0x0601075f, 0x4e061806, 0x27319382,
	0x11142700, 0x1611371b, 0x2b1c0808,
	0x033e3517, 0x2f8e8427, 0x023e2635, 0x17163637, 0x07262615, 0x1716020e, 0x4e089783, 0x07060616, 0x21501521,
	0x0306162a, 0x01641983, 0x26060701,
	0x3e1e4955, 0x394c1e39, 0x020c201d, 0x19bc0104, 0x1a06039d, 0x0135011b, 0x25201472, 0x055a2d3a, 0x6753050b,
	0x0204193a, 0x066e0602, 0x0b030608,
	0x103a4220, 0x3448355a, 0x83006a17, 0x363208b3, 0x21020000, 0x1700a802, 0x3b403e00, 0x03020109, 0x01054c01,
	0x01010602, 0x68010200, 0x0b000107,
	0x0908020a, 0x04670800, 0x17030301, 0x0909004d, 0xb4830918, 0x17001725, 0x82111516, 0x41132000, 0x1f2205fa,
	0xf841372b, 0x33032205, 0x22018213,
	0x41073303, 0x210805f5, 0x16533523, 0x73169786, 0x03757fab, 0x94ac7e76, 0x169d8c16, 0x50617887, 0x75015032,
	0x1301edfe, 0x0a828bfe, 0x82616121,
	0xffff2d8a, 0x59004400, 0x0b021402, 0xe7012602, 0x27201082, 0xff230583, 0x84070158, 0x00a4300d, 0x0101b111,
	0xb058ffb8, 0x02b12b35, 0x82a4b001,
	0x31bf8307, 0x02480049, 0x001e020f, 0x4b4d000b, 0x585023b0, 0x6d411640, 0x06672f08, 0x02050501, 0x0202005f,
	0x1b4e051a, 0xc9491b40, 0x0590671a,
	0x0b000b22, 0x1125cd83, 0x2b1b0807, 0x06986c37, 0x2315333a, 0xacacf515, 0x48acac6e, 0xb5b567ba, 0x0100ba67,
	0x01014400, 0x67011402, 0x1e834218,
	0x2b17062d, 0x15213513, 0x01d00144, 0x83666601, 0x006026ab, 0x01f70169, 0x3fab82ff, 0x0509b306, 0x372b3201,
	0x17372737, 0x17071737, 0x60072707,
	0x80498082, 0x84824981, 0xb3838349, 0x48250b84, 0x83498382, 0x26658282, 0x02330044, 0x69330214, 0x08204407,
	0x340b286c, 0x89e71533, 0xd001d4fe,
	0x0188d4fe, 0xab8888ab, 0x88cd6666, 0x078b4188, 0xe3828820, 0x2602e128, 0x8700e701, 0x05820601, 0x11007a22,
	0x8210bb54, 0x0100252b, 0x38004400,
	0x29249f82, 0xa4001300, 0x21053756, 0x5618002a, 0x0e242b87, 0x29405850, 0xc7663189, 0xb856180a, 0x87561814,
	0x1f06273d, 0x2337372b, 0x03843335,
	0x33073324, 0x03842315, 0x762c8e36, 0xfacd2aa3, 0x72296429, 0xf6c92a9f, 0x6665382c, 0x5e5e6662, 0x65200482,
	0x6620e385, 0x3d066f5a, 0xb3060006,
	0x32010004, 0x2535372b, 0x15053525, 0xfe180166, 0x418c01e8, 0x747e7e73, 0x3b416dbc, 0x242b8705, 0x02ec0147,
	0x06775a58, 0x02000033, 0x16005e00,
	0x4702fc01, 0x0a000600, 0x25402800, 0x06715a06, 0x004a0024, 0x48180100, 0x07290df7, 0x070a0707, 0x0603180a,
	0x39678717, 0x15213501, 0xfe32015e,
	0xfe9e01ce, 0x8c9e0162, 0x67777667, 0xeafe79a2, 0x73855d5d, 0x47245b87, 0x5a02ee01, 0x64267390, 0x0f000b00,
	0x4a4a6700, 0x021f3205, 0x05080001,
	0x00040302, 0x01006703, 0x01060400, 0x056a6e04, 0x07010929, 0x4e071807, 0x9424401b, 0x07072821, 0x06005706,
	0x825f0706, 0x07062527, 0x1640594f,
	0x137f4b18, 0x2b1b0823, 0x07064d13, 0x35231523, 0x08b78303, 0x996e9725, 0x016f6e99, 0x6777014e, 0x8c678686,
	0x679ffe8c, 0x00ffff67, 0x025c0047,
	0x020a0212, 0x00f20126, 0x82060192, 0x426e2005, 0x92280663, 0xb12b35b0, 0x6eb00101, 0xdf820782, 0x82010021,
	0x02ca282b, 0x009c0112, 0x519d0023,
	0x1027058f, 0x26405850, 0x82010300, 0x007227c8, 0x05040200, 0x26827200, 0x0102052f, 0x02006905, 0x59020400,
	0x04020200, 0x22088262, 0x5a1b5204,
	0x272005b3, 0x01232d83, 0x9f800503, 0x2840212e, 0x4c82298b, 0x59978020, 0x40595932, 0x13242609, 0x06102426,
	0xb12b1c08, 0x37440006, 0x580dc458,
	0x06310fb7, 0x19066bb2, 0x1d1a3037, 0x191a2123, 0x0a0c080c, 0x250f8202, 0x1f1b3138, 0x425a1c1e, 0x3cf53306,
	0x07081f44, 0x15181f1b, 0x241f0805,
	0x0820453d, 0x0c831c07, 0x001f0738, 0x00010000, 0x02a9004f, 0x00ac0109, 0x40240005, 0x02010021, 0xcd828601,
	0x57000222, 0x02271c82, 0x0201035f,
	0x824f0200, 0x0005380a, 0x04111105, 0x132b1808, 0x23112135, 0xba014f35, 0x6745016e, 0x829cfdfe, 0x0001351b,
	0x0191015a, 0x00a802fd, 0xb1270007,
	0x40446406, 0x0101051c, 0x2507f55c, 0x01020203, 0x26827601, 0x07000722, 0xd5834285, 0x3313132f, 0x23272313,
	0x77965a07, 0x05577896, 0x24408257,
	0xa9e9fe17, 0x05e74aa9, 0xa3000a36, 0xc3014e02, 0x31002300, 0x31003f00, 0x01132e40, 0x4c010104, 0x07264882,
	0x01050401, 0x346d6904, 0x82592005,
	0x00053506, 0x00010361, 0x24510005, 0x26262426, 0x08242827, 0x252b1e06, 0x5910467e, 0x0c5405fa, 0x05f25907,
	0x2005aa52, 0x05e25236, 0x34353508,
	0x06222326, 0x042e0106, 0x232a2319, 0x0b1e3d31, 0x313d1e0b, 0x17232b24, 0x2b221804, 0x15414223, 0x22424115,
	0x0d52232a, 0x1f191d14, 0x191d1010,
	0x0e7d161c, 0x2d080b82, 0x2011101e, 0xeb141c19, 0x0a0a1f1f, 0x2f2f391e, 0x0a0a1e39, 0x1d1f1f1d, 0x3f3d140a,
	0x0a143d3f, 0x1516691f, 0x22221207,
	0x17180712, 0x09851817, 0xffff1537, 0x6d003b00, 0xf9011e02, 0xec018701, 0x07005f02, 0x00400000, 0x20fd83c0,
	0x07e57108, 0x2582238f, 0x23842182,
	0x23820920, 0x5f02b822, 0x3d08cb42, 0x01b0ff64, 0x001303fa, 0x402f0019, 0x0213142c, 0x4c010200, 0x02000100,
	0x69020100, 0xf5770000, 0x01042508,
	0x4f030003, 0x4c086482, 0x21180019, 0x06052128, 0x35172b19, 0x36363233, 0x033e1337, 0x23153333, 0x07060622,
	0x23030e03, 0x13135364, 0x05260308,
	0x35422411, 0x1917423b, 0x0425020a, 0x323e2311, 0x240c6a50, 0x3bee0126, 0x690d2548, 0xfe21200a, 0x264a3d0b,
	0x2f68820d, 0x02000032, 0x00a80225,
	0x402a000b, 0x02050627, 0x0e666718, 0x82020421, 0x50002089, 0x062a0cdd, 0x11332b1b, 0x15213523, 0x01831123,
	0x01497b2f, 0x796f53f3, 0x68684002,
	0x4002c0fd, 0x22e584fd, 0x82590001, 0x821a2057, 0x740d2057, 0x0128050f, 0x02090a00, 0x01010203, 0x2005a464,
	0x2dde8200, 0x00670100, 0x02030302,
	0x02020057, 0xe0825f03, 0xe0840220, 0x0d000d25, 0x83151113, 0x353324e0, 0x82273537, 0x17213b67, 0x15210715,
	0x01dbdb59, 0xcdd3fec1, 0x5f2e01ce,
	0x5ff105f4, 0xe215df69, 0x00820069, 0xbb820120, 0x4d020024, 0x0782a702, 0x31403428, 0x00040105, 0x05834c01,
	0x00860429, 0x01030002, 0x6f670302,
	0x35820f99, 0x0b000b30, 0x11111311, 0x2b1a0606, 0x35230333, 0x01821333, 0x03231536, 0xa24d4ea6, 0xbca4063a,
	0x2701ba6a, 0x02fdfe68, 0xbdfd641b,
	0x6e182d82, 0x30230df7, 0x65002d40, 0x00280561, 0x04020304, 0x03010569, 0x5920d782, 0x03230682, 0x82006101,
	0x2051390c, 0x1f26281f, 0x282e202e,
	0x06061629, 0x37012b19, 0x3327032e, 0x1415031e, 0x0d234118, 0x36320323, 0x05d04236, 0x14150631, 0x80011616,
	0x37352005, 0x4a9b2f43, 0x1814335d,
	0x240e3a91, 0x11323147, 0x36911801, 0x038b2c09, 0x443f462e, 0x6477512d, 0x18484067, 0x3d0c3291, 0x3814bdfe,
	0x12333136, 0x34323413, 0x00001437,
	0x5400ffff, 0x070229ff, 0x06021002, 0xcb82f400, 0x19000534, 0x3e02f6ff, 0x0b00b202, 0x1b000f00, 0x33002700,
	0x0d469900, 0x2c2f0805, 0x0a04010c,
	0x04070001, 0x07006900, 0x07080900, 0x05006909, 0x02610105, 0x1d010101, 0x08010e4d, 0x0d620308, 0x03030b06,
	0x4e031803, 0x9234401b, 0x0202232e,
	0xa3184d17, 0x0b210967, 0x842a8201, 0x062d0838, 0x06010d62, 0x4e061e06, 0x292b4059, 0x111c1d28, 0x010c0c10,
	0x282d2f00, 0x23332933, 0x1d271c21,
	0x10151727, 0x0c1b111b, 0x0e0f0c0f, 0x0535540d, 0x16080f24, 0x3154132b, 0x0103260a, 0x32130133, 0x05ef4336,
	0x16141523, 0x201b8a01, 0x37178a27,
	0x3d3d4da3, 0x3e3e4e4d, 0x73ad01d7, 0x151752fe, 0x14151111, 0x23011010, 0x4e201686, 0x51081087, 0x54554383,
	0x55544343, 0x027dfe43, 0x0158fda8,
	0x23221ade, 0x22221b1b, 0x4318fe1b, 0x43435653, 0x5b435356, 0x1c24201a, 0x1a20241c, 0xff050000, 0x02e2ffdb,
	0x00b40266, 0x00210011, 0x00450035,
	0x40060155, 0x02010e0f, 0x012a0400, 0x0134030b, 0xc34f0a06, 0x0e393307, 0x0b070301, 0x800b0307, 0x0d070108,
	0x070a0b01, 0x49416a0b, 0x0022080a,
	0x61040000, 0x0404010f, 0x0c124d1a, 0x0a0a0311, 0x10096106, 0x1e060602, 0x4b1b4e06, 0x585019b0, 0x40933d40,
	0x9b0d5b41, 0x38402144, 0x66823f88,
	0x07000025, 0x89690004, 0x83738489, 0x060a2370, 0x548c0065, 0x4e053a08, 0x30405959, 0x36374647, 0x12132223,
	0x4d4f0000, 0x55475546, 0x45363d3f,
	0x31334537, 0x27292b2d, 0x35233522, 0x2112191b, 0x11002113, 0x24151100, 0x19081322, 0x0625272b, 0x098b4123,
	0x33370723, 0xf1431801, 0x07c6410f,
	0xfc551720, 0x06232306, 0x00560627, 0x5121200f, 0x253c0e91, 0x36210a01, 0x49404049, 0xdb13434a, 0x34f7fd80,
	0x06061516, 0x13151615, 0x60140506,
	0x672b1783, 0x4a651a1a, 0x654a4343, 0x8a661b1a, 0x8201201b, 0x3d288823, 0x3f11f9c3, 0x3f3f4744, 0xcd1e3347,
	0x390119fe, 0x1a171506, 0x17060617,
	0x0515181a, 0x1a83e7fd, 0x3f414129, 0x013f4447, 0x8b514041, 0x280b8b1b, 0x00010000, 0x0201013b, 0x20e74b1d,
	0x2b170729, 0x15213513, 0x4be2013b,
	0x632d07e7, 0xf5012300, 0x08004302, 0x18401b00, 0x05e64907, 0x00074e08, 0x0001014a, 0x00007600, 0x08000800,
	0x2b160602, 0x35071337, 0x27151737,
	0x9901fb13, 0x0199c9c9, 0xab7b0123, 0x8cc5c58b, 0xff85feac, 0x004900ff, 0x01ef0150, 0x028701f6, 0x017fff01,
	0xd2412d2e, 0x2d412dbf, 0xb1090041,
	0x01b80100, 0x054b462e, 0x1d262782, 0x3d026900, 0x2784fb01, 0x5e02fa22, 0x8408f949, 0x5e022127, 0x4a262788,
	0xf0016f00, 0x27831502, 0x02280125,
	0x83bfd2df, 0xbfd2214f, 0x02214f85, 0x222788df, 0x82210063, 0x01412abb, 0x0201020f, 0xc0640258, 0x20218600,
	0x054f6464, 0x00690027, 0x020f026e,
	0x23478314, 0x3601d902, 0x47874585, 0x88360121, 0x821b2047, 0x853b2097, 0x20958297, 0x0d2f4706, 0x26820620,
	0x6826bb82, 0x0e024f00, 0x9384f501,
	0x85ff3022, 0x4f83df83, 0xff217185, 0x084b8585, 0x00010031, 0x028b000e, 0x00d9014a, 0xb660000d, 0x04020108,
	0x4b4c0101, 0x58500ab0, 0x01021f40,
	0x00010100, 0x02050670, 0x03040403, 0x04010071, 0x82570104, 0x60042912, 0x04010400, 0x1d401b50, 0x00212183,
	0x21208485, 0x1f8f8603, 0x2d05f64d,
	0x110d000d, 0x12111112, 0x2b1b0607, 0x766f2737, 0x23290807, 0x9a172137, 0x6f6f8c8c, 0x75742301, 0x75758c8c,
	0x8b74ddfe, 0x7e7ea6a8, 0x8080a8a6,
	0xff000000, 0x008700ff, 0x02d50115, 0x22bf8251, 0x47fcff09, 0x402005ef, 0xbf851982, 0x260aef47, 0x020cff00,
	0x4ea2ff58, 0x1529212f, 0x02072135,
	0x96f40158, 0x20468296, 0x82638201, 0x38002137, 0x17575118, 0x2b170626, 0x03211115, 0x01233083, 0x82d4fe2c,
	0x87002032, 0xa3ce2033, 0xfec22233,
	0x21338a3e, 0x33a26401, 0xfd580223, 0x20338ba8, 0x2233a3fa, 0x8a12fdee, 0x90022133, 0x032333a2, 0x8a7cfc84,
	0x26032133, 0x042333a2, 0x8be6fb1a,
	0x9dbc2033, 0x02113033, 0xb004f458, 0x010050fb, 0x64010000, 0x9b035802, 0x4111202f, 0x27830567, 0x82a8fd21,
	0x21338264, 0x33862603, 0x16b75618,
	0x03000328, 0x17060311, 0xd341112b, 0x26032305, 0x68829696, 0xff000025, 0x9c4b000c, 0x1115256b, 0x014b0333,
	0x2f829b88, 0x2f9f9620, 0x85961121,
	0x05ff412e, 0x9fe10021, 0xe103212f, 0x01215f8b, 0x232f9e2c, 0x2c011121, 0x01218f8a, 0x222f9f77, 0x86770103,
	0x052b4160, 0x010cff23, 0x2033a1c2,
	0x21338ec2, 0x33a00d02, 0x8a0d0221, 0x2c012333, 0xc7410cff, 0x1105211e, 0xcd87cb83, 0x01000024, 0x33a20d02,
	0x02113324, 0x00414b0d, 0x20cf8805,
	0x1f2f432c, 0x65821120, 0xfd580225, 0x850100a8, 0x882f9c97, 0x82318497, 0x20028297, 0x1e974164, 0xcb851120,
	0x93436420, 0xbc03270e, 0x1d000500,
	0x41821a40, 0x82850021, 0x180120e0, 0x4e083d5a, 0x06230514, 0x82152b18, 0x08074139, 0x82a8fd21, 0x000222a3,
	0x08074100, 0x2a000724, 0x3d842740,
	0x0101042f, 0x00850102, 0x85020302, 0x03030105, 0x66541876, 0x1706220f, 0x2184822b, 0x4b850219, 0x21051c43,
	0x8fb7a8fd, 0xfe580226, 0xb004f4d4,
	0x01208f84, 0xcb858f88, 0x2408e070, 0x02020103, 0x08e04e76, 0x0520cb82, 0xfe2acb86, 0xf45802d4, 0x58025802,
	0x1e8250fb, 0x2c010122, 0x2020d343,
	0x053f4101, 0xfd232884, 0x410000a8, 0x48843803, 0xfd214c86, 0x837985a8, 0x09cb41c5, 0x9f065b41, 0x0a9741cb,
	0x2428c986, 0x3eff0000, 0xbc032602,
	0x080c7767, 0x1f001b41, 0x27002300, 0x2f002b00, 0x37003300, 0x3f003b00, 0x47004300, 0x4f004b00, 0x57005300,
	0x5f005b00, 0x67006300, 0x6f006b00,
	0x77007300, 0x7f007b00, 0x87008300, 0x8f008b00, 0x35010000, 0x82211533, 0x82332003, 0x86072003, 0x200b8307,
	0x200b8205, 0x871b8623, 0x82212017,
	0x8a17200f, 0x8f0b8b2f, 0x87438323, 0x8347872f, 0x830b832f, 0x870b8b03, 0x2617836b, 0xfe329001, 0x8696323e,
	0xa2fe2601, 0x0132fa32, 0x820d845e,
	0x85fa2016, 0x8306861b, 0x20148424, 0x20168396, 0x83298532, 0x82fa2006, 0x2103830a, 0x0884c201, 0x328a0322,
	0x64200084, 0x002506cb, 0xff000048,
	0x065f443e, 0x0b000728, 0x13000f00, 0x62181700, 0x8b41089b, 0x93460833, 0x9b009700, 0xa3009f00, 0xab00a700,
	0xb300af00, 0xbb00b700, 0xc300bf00,
	0xcb00c700, 0xd300cf00, 0xdb00d700, 0xe300df00, 0xeb00e700, 0xf300ef00, 0xfb00f700, 0x0301ff00, 0x0b010701,
	0x13010f01, 0x1b011701, 0xd3411f01,
	0x07734105, 0xc7413320, 0x07d34106, 0xe3412120, 0x201b870a, 0x06d34115, 0x03831b83, 0x23862320, 0x438b1787,
	0x87072742, 0x422b8747, 0x47870b1b,
	0x57422b83, 0x07fb410b, 0xf7410787, 0x072f420b, 0x178b1b83, 0x93422b87, 0x425b870f, 0x17870f93, 0x5f8b778f,
	0x32f40128, 0x3efe3296, 0x0182fa32,
	0x01323227, 0xdafd322c, 0x20008332, 0x83168296, 0xc2012417, 0x82a2fe32, 0x3296210b, 0xfa200787, 0xc8201e82,
	0x96203285, 0x3b823482, 0xa2230d82,
	0x835e0132, 0x82322020, 0x82c82011, 0x84fa2020, 0x32962332, 0x08849001, 0x8606a542, 0x8436830d, 0x8379826b,
	0x201d845b, 0x203e8564, 0x212f8232,
	0x42853232, 0x96211784, 0x07b34232, 0x400cb242, 0x0021870c, 0x088f4538, 0x00457008, 0x004d0049, 0x00550051,
	0x005d0059, 0x00650061, 0x006d0069,
	0x00750071, 0x007d0079, 0x00850081, 0x008d0089, 0x00950091, 0x009d0099, 0x00a500a1, 0x00ad00a9, 0x00b500b1,
	0x00bd00b9, 0x00c500c1, 0x00cd00c9,
	0x00d500d1, 0x00dd00d9, 0x00e500e1, 0x00ed00e9, 0x00f500f1, 0x01fd00f9, 0x01050101, 0x010d0109, 0x01150111,
	0x011d0119, 0x582b0421, 0xd8080551,
	0x323436ed, 0x09052e30, 0x090b080c, 0x2c0a0072, 0x2426282a, 0x0a0c0b05, 0x292b670b, 0x05232527, 0x3c3e400c,
	0x0d05383a, 0x670d0c0e, 0x2f313335,
	0x4a08052d, 0x42444648, 0x08060705, 0x3d3f6707, 0x0537393b, 0x5052540e, 0x0f054c4e, 0x670f0e10, 0x43454749,
	0x5e060541, 0x56585a5c, 0x06040505,
	0x51536705, 0x054b4d4f, 0x64666810, 0x11056062, 0x67111012, 0x57595b5d, 0x72040555, 0x6a6c6e70, 0x04020305,
	0x65676703, 0x055f6163, 0x787a7c12,
	0x13057476, 0x67131214, 0x6b6d6f71, 0x86020569, 0x7e808284, 0x02000105, 0x797b6701, 0x05737577, 0x8c8e9014,
	0x1505888a, 0x67151416, 0x898b8d8f,
	0x18160587, 0x85571617, 0x7d7f8183, 0x22910005, 0x1a1c1e20, 0x00171806, 0x2f1d8718, 0x215f1716, 0x191b1d1f,
	0x17161705, 0xee401b4f, 0x0c23ef88,
	0x40800809, 0x5923e0f0, 0x8200ff41, 0x01bb0900, 0x01200121, 0x011e011f, 0x011c011d, 0x011a011b, 0x01180119,
	0x01160117, 0x01140115, 0x01120113,
	0x01100111, 0x010e010f, 0x010c010d, 0x010a010b, 0x01080109, 0x01060107, 0x01040105, 0x01020103, 0x00000101,
	0x00fe00ff, 0x00fc00fd, 0x00fa00fb,
	0x00f800f9, 0x00f600f7, 0x00f400f5, 0x00f200f3, 0x00f000f1, 0x00ee00ef, 0x00ec00ed, 0x00ea00eb, 0x00e800e9,
	0x00e600e7, 0x00e400e5, 0x00e200e3,
	0x00e000e1, 0x00de00df, 0x00dc00dd, 0x00da00db, 0x00d800d9, 0x00d600d7, 0x00d400d5, 0x00d200d3, 0x00d000d1,
	0x00ce00cf, 0x00cc00cd, 0x00ca00cb,
	0x00c800c9, 0x00c600c7, 0x00c400c5, 0x00c200c3, 0x00c000c1, 0x00be00bf, 0x00bc00bd, 0x00ba00bb, 0x00b800b9,
	0x00b600b7, 0x00b400b5, 0x00b200b3,
	0x00b000b1, 0x00ae00af, 0x00ac00ad, 0x00aa00ab, 0x00a800a9, 0x00a600a7, 0x00a400a5, 0x00a200a3, 0x00a000a1,
	0x009e009f, 0x009c009d, 0x009a009b,
	0x00980099, 0x00960097, 0x00940095, 0x00920093, 0x00900091, 0x008e008f, 0x008c008d, 0x008a008b, 0x00880089,
	0x00860087, 0x00840085, 0x00820083,
	0x00800081, 0x007e007f, 0x007c007d, 0x007a007b, 0x00780079, 0x00760077, 0x00740075, 0x00720073, 0x00700071,
	0x006e006f, 0x006c006d, 0x006a006b,
	0x00680069, 0x00660067, 0x00640065, 0x00620063, 0x00600061, 0x005e005f, 0x005c005d, 0x005a005b, 0x00580059,
	0x00560057, 0x00540055, 0x00520053,
	0x00500051, 0x004e004f, 0x004c004d, 0x004a004b, 0x00480049, 0x00460047, 0x84450000, 0x44660803, 0x42004300,
	0x40004100, 0x3e003f00, 0x3c003d00,
	0x3a003b00, 0x38003900, 0x36003700, 0x34003500, 0x32003300, 0x30003100, 0x2e002f00, 0x2c002d00, 0x2a002b00,
	0x28002900, 0x27002141, 0x25002600,
	0x23002400, 0x21002200, 0x1f002000, 0x1d001e00, 0x1b001c00, 0x19001a00, 0x17001800, 0x15001600, 0x13001400,
	0x01901100, 0x0600922a, 0x152b1f00,
	0x23353335, 0x21210390, 0xd8ca1815, 0x23079007, 0x23152335, 0x01200390, 0x07204482, 0x1720038a, 0x05200b82,
	0x07830f86, 0x1f870f83, 0x038b0b83,
	0x2b87178b, 0x07201f87, 0x05204786, 0x2f874f8a, 0x5b8b5f87, 0x13932f87, 0x23871b8f, 0x3b8f8b8f, 0x83055046,
	0x58022105, 0x098c0b89, 0x32900124,
	0x02846432, 0x0584c820, 0x845e0121, 0xd4fe2306, 0x10853232, 0x0f849620, 0x61492285, 0x82058205, 0x70fe211a,
	0x4c821884, 0x01230f85, 0x8332322c,
	0x85408613, 0x205d8330, 0x8c4987fa, 0x820c8560, 0x85709325, 0x887f8b1c, 0x4ac2202e, 0x0783073a, 0x2008474a,
	0x88c38396, 0x1a0421d7, 0xbd820a88,
	0x09d90b86, 0x00006508, 0x000a000c, 0x024c021f, 0x000b0043, 0x00230017, 0x003b002f, 0x00530047, 0x006b005f,
	0x00830077, 0x4077008f, 0x00000074,
	0x01000601, 0x02010469, 0x07030105, 0x08690302, 0x01090601, 0x07060a07, 0x0a010c69, 0x0e0b010d, 0x10690b0a,
	0x01110e01, 0x0f0e160f, 0x13160069,
	0x14591617, 0x01151201, 0x13121713, 0x26080f82, 0x00611716, 0x51171617, 0x86888c8e, 0x7a7c8082, 0x6e707476,
	0x6264686a, 0x56585c5e, 0x4a4c5052,
	0x3e404446, 0x8624383a, 0x18222600, 0x132b1f06, 0x078d5534, 0x07262222, 0x37200b8a, 0x17200b8a, 0x25200b8a,
	0x178b2f96, 0x2f960520, 0x5f8b178b,
	0xf529778b, 0x1c1a191d, 0x1d191a1c, 0x20088774, 0x200887e8, 0x21088758, 0x098768fe, 0x08871f20, 0x88d60121,
	0x8849201c, 0x88982013, 0x90c02013,
	0x295e884c, 0x1e170e02, 0x1e16171e, 0x0786051e, 0x07861620, 0x0f8e3d20, 0x0f8e5820, 0x1d175928, 0x1f16171d,
	0x0786161f, 0x06202f8f, 0x00201786,
	0x02380082, 0xe8ff4000, 0x7e021802, 0x0d000700, 0x20402300, 0x060a0b0d, 0x07010205, 0x1808675d, 0x08072165,
	0x07000732, 0x17060313, 0x3503172b,
	0x15133313, 0x37332703, 0xfe072327, 0xbe5cbebe, 0x800430be, 0x18800480, 0x010e4401, 0x0ebcfe44, 0xe566bcfe,
	0x0100e6e6, 0x26225f82, 0x5b825802,
	0x65180320, 0x4d82156f, 0x21113525, 0x82580211, 0xa8fd2125, 0x2c2c2f82, 0x2b025600, 0x0b006502, 0x15401800,
	0x01220f82, 0x44820285, 0x00017639,
	0x0b000506, 0x06030a01, 0x22372b16, 0x36133726, 0x16131732, 0x82412306, 0x08e731ab, 0x05e70717, 0x12560b09,
	0x0fe3010b, 0x0b1dfe0f, 0x2606c353,
	0x02610025, 0x82610234, 0xb306334b, 0x3201030a, 0x3411372b, 0x16051736, 0x06050714, 0x2d872526, 0x76100d24,
	0x4683d601, 0x07180725, 0x840b06e7,
	0x02642483, 0x8273022c, 0x40112337, 0x1082000e, 0x00852e08, 0x14760101, 0x18060233, 0x2603252b, 0x32213336,
	0x06030716, 0xe7190122, 0x010b0a06,
	0x060b0ad6, 0x731707e7, 0x120be301, 0x1dfe0d10, 0x8c32830f, 0x8205207b, 0x26132e7b, 0x36253734, 0x14111516,
	0x0f342706, 0x212c850f, 0x74844e01,
	0xfe0b0a23, 0x2644822a, 0x00020000, 0x8254002d, 0x826320ff, 0x0017227b, 0x0fc36e31, 0x01055736, 0x5f000202,
	0x02000104, 0x0c0e4f00, 0x12130001,
	0x170e170c, 0x20051a41, 0x0e1a4106, 0x32212527, 0x26032736, 0x24a98222, 0x090b4116, 0x07264105, 0x0187fe2e,
	0x0407091c, 0x050d048f, 0x5407048f,
	0x2b093441, 0x01080b40, 0xfe09092a, 0x000b08d6, 0x02210082, 0x20c38500, 0x268b8460, 0x0e15b508, 0x4102030a,
	0x37220d43, 0xd3821614, 0x25273425,
	0x41150626, 0x488a0a4f, 0xd6017622, 0xe5847a83, 0x83670b21, 0x0d052176, 0x07287a82, 0x02000009, 0x64002c00,
	0x7320eb82, 0x22225f84, 0x73821f40,
	0x00020324, 0x0f716703, 0x1234260f, 0x06043314, 0x0c7a411a, 0x32163731, 0x26361337, 0x06222123, 0xe7190117,
	0x870a0b06, 0x86012068, 0xe4fe3760,
	0x7304060a, 0x100de301, 0x1dfe0b12, 0x0909920f, 0x0b082a01, 0x7782080b, 0x1323d78d, 0x82050a0e, 0x0b9f41d7,
	0x1605252b, 0x34113536, 0x06050726,
	0x08ab4114, 0x85a0fe21, 0xd6fe2240, 0x05b64109, 0x41090521, 0xef2405b6, 0x0907048f, 0x2a075341, 0x00030000,
	0x020cff00, 0x82d40158, 0x00093d09,
	0x4045000f, 0x02070a42, 0x86030403, 0x01080000, 0x01000201, 0x02010567, 0x57020404, 0x023f0682, 0x09065f04,
	0x04020402, 0x040a0a4f, 0x0a000004,
	0x0e0f0a0f, 0x040b0c0d, 0x08090409, 0x82050607, 0x11032243, 0x059a550b, 0x05152908, 0x23112135, 0x21111311,
	0x02112315, 0x01a8fd58, 0x01974c07,
	0x8901ba06, 0x4b964b4b, 0xe701cefd, 0x320219fe, 0x0019fe4b, 0x21051f52, 0x83829d01, 0x0b00052b, 0x35403800,
	0x05010104, 0x08808201, 0x02010620,
	0x67020003, 0x05050300, 0x03005703, 0x075f0503, 0x05030501, 0x0006064f, 0x060b0600, 0x75820a0b, 0x0005002a,
	0x08111105, 0x112b1806, 0x76857084,
	0x4b9d0127, 0x0701aefe, 0x236d824b, 0x7d0238fd, 0x00207085, 0x02220082, 0xef86bc00, 0x07236b86, 0x82030605,
	0x226d82d2, 0x82030100, 0x180020ed,
	0x950ed470, 0x8217206b, 0x112122d6, 0x2edc8433, 0xfe9c01bc, 0x06014baf, 0xc802f4bb, 0x8583fd4b, 0x000224d4,
	0x41f30000, 0x07200657, 0x2dbb4f18,
	0x24093f41, 0xfd580215, 0x274482a8, 0x964b4b89, 0x03004b4b, 0x03215385, 0x3af382bc, 0x000f000b, 0x03404043,
	0x01000101, 0x00010485, 0x03080509,
	0x02000602, 0x64060067, 0x0a27084d, 0x07060701, 0x830c0c4f, 0x05095ec2, 0x260d3441, 0x2b18060b, 0x82333511,
	0x290384c6, 0x21350515, 0x4b4cbb15,
	0x7486ba4c, 0xfde80127, 0xfe3302cd, 0x827c8418, 0x21d3847b, 0x7f869d01, 0x2b05a741, 0x00850103, 0x05010703,
	0x67050300, 0x240a2f63, 0x00020106,
	0x16a74102, 0x21353522, 0x25207282, 0x012e7884, 0x63fe4b52, 0x4bf34bbc, 0x37fd7e02, 0x71834b96, 0x02000028,
	0xf300bc00, 0x67895802, 0x00010327,
	0x00850004, 0x21678204, 0x67820401, 0x58180120, 0x678208b8, 0x67970120, 0x65823720, 0x25152122, 0x33300582,
	0x014bbc15, 0x4bfafe51, 0xc902f3bb,
	0x964b82fd, 0x6783d584, 0x840cff21, 0x000323cf, 0x71180007, 0x06231f6f, 0x82052b17, 0x8223204b, 0x20b58203,
	0x05b656e1, 0xfbb00423, 0x209b8250,
	0x08875400, 0x11000b3d, 0x59001700, 0x01045640, 0x85000100, 0x07020b0f, 0x03860708, 0x050d0101, 0x8202030c,
	0x096727ae, 0x08080601, 0x06825706,
	0x5f08062b, 0x08020e0a, 0x124f0806, 0x05a54112, 0x1217122f, 0x14151617, 0x0c110c13, 0x0e0f1011, 0x0daf410d,
	0x18061024, 0xce84012b, 0x33352122,
	0xea420782, 0x05614305, 0xbb2f9282, 0x4bbca8fd, 0x0701f9fe, 0x0601964b, 0x848901bb, 0x014b24e4, 0x43cdfde8,
	0x03210e6f, 0x86af8200, 0x092c08f7,
	0x48000f00, 0x01034540, 0x85000200, 0x01020806, 0x00860107, 0x04010902, 0x67040205, 0x07070500, 0x05005705,
	0x0a5f0705, 0x07050701, 0x201ff643,
	0x20948205, 0x419a8a01, 0x938406dd, 0xb004f426, 0x7d0250fb, 0x00218f8a, 0x058b4303, 0x82bc0321, 0x000b2809,
	0x40430013, 0x82010240, 0x0785210b,
	0x06208782, 0x03208782, 0x03208783, 0x06218783, 0x2a878406, 0x06005f06, 0x044f0605, 0x6d000004, 0x042205e5,
	0x0544040b, 0x00032805, 0x060a1103,
	0x82172b17, 0x35133b82, 0x03331331, 0x35051533, 0x13231521, 0x4bbc0323, 0x014b014b, 0x01fafebb, 0x0882bb06,
	0xda428989, 0x19fe2305, 0xdf59e701,
	0x58022105, 0x0f258b82, 0x25402800, 0x3155820e, 0x01020306, 0x01000208, 0x0001014c, 0x04850002, 0x21570203,
	0x000f2c05, 0x1412140f, 0x2b190605,
	0x82013515, 0x131335ee, 0x01011533, 0x03032315, 0xfdfe0301, 0x38f4f438, 0x0301fdfe, 0xf4360782, 0x02200238,
	0xfffd3820, 0xfd380102, 0x38e0fde0,
	0xfffd0102, 0x6b8a0000, 0x1e000527, 0x01041b40, 0x10bc4802, 0x05000524, 0xce820312, 0x5f820520, 0x02150123,
	0x273c8320, 0x7804f420, 0x3888fb38,
	0xa1823fab, 0x84839c82, 0x38f4e022, 0x7f893e84, 0x0089012c, 0x40260007, 0x01020023, 0x95828602, 0x82072869,
	0x208f82e8, 0x3f5e184f, 0x34e98209,
	0x15213511, 0x11231121, 0xfafe5802, 0x4b3e014b, 0x02cefd4b, 0x85218232, 0x5201218b, 0x37674b82, 0x08a54523,
	0x83520121, 0x83fd2145, 0x01294484,
	0x0cff0701, 0x8a015802, 0x21438400, 0x908e0103, 0x01206482, 0x58097b67, 0x8d82059a, 0x0107012b, 0xf4fafe51,
	0xfd4b7e02, 0x222282cd, 0x823e0100,
	0x5e892043, 0xcb83210b, 0xc4822982, 0x0121c082, 0x27378400, 0x0700bc03, 0x24402700, 0x2407c349, 0x57000303,
	0x211b8202, 0x2b665f03, 0x00072608,
	0x11111107, 0x050c4105, 0x11331131, 0x07011521, 0x0106014b, 0x33024b3e, 0x874bcdfd, 0x5201214b, 0xc7844b82,
	0x00224b84, 0x43680200, 0x060b4116,
	0x83113321, 0x20448446, 0x82438382, 0x050b57d5, 0xcf494385, 0x08ef4405, 0x02010323, 0x0a876801, 0x88061044,
	0x7e02218a, 0x01248983, 0x0cff0701,
	0xc74a8784, 0x82052019, 0x5b7882c1, 0x02210d7b, 0x24bb8258, 0x402f000b, 0x26bb852c, 0x86040304, 0x41000102,
	0x0625090c, 0x00030205, 0x0fc06603,
	0x47351121, 0x212b050a, 0x01112311, 0x07014b06, 0x414bf9fe, 0x27420716, 0x245f820e, 0x402a0007, 0x235f8527,
	0x86020302, 0x41139667, 0x56820f6a,
	0x854b0721, 0x50fb2252, 0x05774202, 0x45060121, 0x0b200673, 0x61184f84, 0x0b231c07, 0x67110b00, 0x05240505,
	0x33352311, 0x2120fa82, 0x28053f42,
	0x06014b01, 0x02f4fafe, 0x05c34132, 0x00cefd24, 0x00820003, 0x0258022d, 0x000700d2, 0x00290025, 0x824f4052,
	0x040134f4, 0x4c010402, 0x04030500,
	0x80040503, 0x03020400, 0x827e0204, 0x05033828, 0x00690300, 0x06070002, 0x00680702, 0x06010106, 0x06060057,
	0x82085f01, 0x4f012f09, 0x28290000,
	0x1b1d2627, 0x13151819, 0x50820809, 0x0913073d, 0x212b1706, 0x33013501, 0x03011501, 0x3e343533, 0x26343503,
	0x06222326, 0x4d330706, 0x0e2d06eb,
	0x33071503, 0x1c012335, 0x1c01e4fe, 0x08068320, 0x152a303e, 0x11151f1f, 0x2f2d2e2f, 0x182d0110, 0x151a2928,
	0x0d151f1e, 0x54014747, 0xfe5e0120,
	0xacfe20a2, 0x0e1c0801, 0x22130c0f, 0x0f2b2a1e, 0x1d23240d, 0x18281813, 0x190d0c18, 0x0048881a, 0x84269f82,
	0xd4017002, 0xdd82ec02, 0x32000726,
	0x446406b1, 0x268f7618, 0x2b170827, 0x440006b1, 0x06c55813, 0x587c8426, 0x7c70027c, 0x00290082, 0x02ee0001,
	0x026a017a, 0x877118f6, 0x31458329,
	0x7a027cee, 0x00007c7c, 0x83000100, 0x62015c02, 0x3faaf402, 0x1733272a, 0x617e75f8, 0x98985c02, 0xf2203f82,
	0xd1203f82, 0x20203f84, 0x1520d184,
	0x00211382, 0x3f921801, 0x1011240a, 0x84180802, 0x230128bf, 0x5c013337, 0x827e616a, 0x0000293a, 0x8e00ffff,
	0x31025c02, 0x26293b82, 0x009c5302,
	0x53020600, 0x82928260, 0x02f7263f, 0x035f0158, 0x1e43442f, 0x2b17072f, 0x07332701, 0x680b0201, 0xd758020c,
	0x263b85d7, 0x0155026a, 0x6b1e03ed,
	0x37352bfb, 0x27231733, 0x9e6a0723, 0x46799e47, 0x55024605, 0x6565c9c9, 0x26878200, 0x016e0270, 0x893703e7,
	0xb378184b, 0xe5c41813, 0x06b12308,
	0x90824400, 0x37331722, 0x04299482, 0x05437694, 0x02947643, 0x204b826e, 0x324b82c9, 0x016f027a, 0x000c03de,
	0xb128000f, 0x40446406, 0x4401021d,
	0x03350554, 0x00590103, 0x61030101, 0x03010300, 0x22122351, 0x1a080410, 0x084c832b, 0x16331333, 0x36323316,
	0x020e3337, 0x26262223, 0x1f0b667a,
	0x0b1f2222, 0x47250966, 0x25473d3d, 0x1d2a0c03, 0x453d2a1d, 0x00451b1b, 0x02c00002, 0x039a0175, 0x205f8246,
	0x22cb7c1b, 0x01101131, 0x10151700,
	0x091b111b, 0x010f0007, 0x7c08060f, 0x012005cb, 0x417f6782, 0x14152307, 0x81680606, 0x2d013d0b, 0x11102f2e,
	0x2f2d2d2f, 0x2e2e1111, 0x180f0f18,
	0x020e0f18, 0x2c2d1075, 0x10102c2c, 0x2d260482, 0x1c113d10, 0x0383111c, 0x2a058b41, 0x01700281, 0x001303d7,
	0x6e6d001d, 0x172005d3, 0x6e2ad36e,
	0x40262aa4, 0x12232509, 0xa36e2325, 0x23133008, 0x33363634, 0x17161632, 0x32331616, 0x82333536, 0x822320c9,
	0x262733d9, 0x06222326, 0x2e1055d6,
	0x191d172b, 0x080e1012, 0x0c82070c, 0x1c1a2d3e, 0x120e0d13, 0x02070b0e, 0x14383691, 0x15181607, 0x3723140b,
	0x15071539, 0x11111513, 0x9526cb85,
	0xc3018a02, 0x2743ee02, 0x2135342a, 0x2e019515, 0x64648a02, 0x00010000, 0x017002eb, 0xaa2a03ac, 0x33372a3f,
	0x645deb07, 0xba700246, 0x263f82ba,
	0x0111ffb0, 0xa9bbff6c, 0x8217203f, 0x44b0263f, 0xaaef5b78, 0x247f83aa, 0x0119ffd4, 0x20ca828f, 0x071d4217,
	0x020c0f26, 0x01010201, 0x01245a82,
	0x4c030003, 0x12d47218, 0x03256b82, 0x24122651, 0x07904223, 0x41351721, 0x3424054f, 0x35232326, 0x2a085e82,
	0x14151616, 0x26222306, 0x0a1a19d4,
	0x20191318, 0x2b552c29, 0x45332738, 0x44dc1d0a, 0x0d0a0406, 0x4631080c, 0x2e220435, 0x82042737, 0x00012679,
	0x0151ffd9, 0x29098286, 0xb1330015,
	0x40446406, 0x81830028, 0x02000123, 0x207e8202, 0x210c8201, 0x04838000, 0x32053d44, 0x01000061, 0x17255100,
	0x19080323, 0x0006b12b, 0x18150544,
	0x0809e141, 0x0633372c, 0x16141506, 0x01363233, 0x1123207b, 0x0d0b2122, 0x1f5a2224, 0x0d130839, 0x08455d14,
	0x21250f05, 0x0b151f1b, 0x131a250a,
	0x7182040c, 0x00022108, 0x02ceff7b, 0x00c70224, 0x002a0026, 0x2a204023, 0x16171827, 0x08111213, 0x4c010100,
	0x4a010114, 0x38050a47, 0x29760000,
	0x06021028, 0x23172b17, 0x34342634, 0x37053e37, 0x35263436, 0x3bee8207, 0x14271517, 0x0e071614, 0x06060704,
	0x11031616, 0x6ce81133, 0x27010101,
	0x283d443c, 0x472b0782, 0x466c086d, 0x32020101, 0x82324748, 0x0101360e, 0x27326c66, 0x272a212a, 0x2a2f3b26,
	0x131a2c28, 0x56133535, 0x2a00826a,
	0x34351355, 0x35442f13, 0x8320322e, 0x4c01251f, 0xc4fe8601, 0xbc36a384, 0xbf010000, 0x05001b03, 0x47001300,
	0x10124440, 0x03050309, 0x15824c01,
	0x04850030, 0x05020301, 0x80050302, 0x05020608, 0x66188405, 0x07220a35, 0x7c4d0201, 0x06132807, 0x0d0e0f13,
	0x4f07080c, 0x0924058e, 0x132b1806,
	0x3321a782, 0x08ad8215, 0x2733132b, 0x23113335, 0x15172303, 0xe9ac40bc, 0x07027a4e, 0x017a4e3d, 0x01c80107,
	0x38e5fe53, 0x540138fe, 0xc347f6fe,
	0x0b01acfe, 0x378e8347, 0x52000300, 0x0602eaff, 0x0900dd02, 0x32001800, 0x34403700, 0x02020c18, 0x3a089083,
	0x00010005, 0x06670105, 0x00000204,
	0x03000203, 0x07020069, 0x00570207, 0x5f070202, 0x07020700, 0x3323354f, 0x33122629, 0x1e060811, 0x3315132b,
	0x23263435, 0x13062223, 0x6c363533,
	0x172509e9, 0x36341107, 0x821b8233, 0x16322404, 0x82331515, 0x11480804, 0x21230614, 0xa0dc2622, 0x0e700e0a,
	0x112c3a0a, 0x191a2417, 0xc4111725,
	0x142b140f, 0x131db81c, 0x0f0f142b, 0x1492fe14, 0xb38c020f, 0x0a0a0eb3, 0x0750d4fd, 0x241a1320, 0x20131a24,
	0xa901b107, 0x1dd40f14, 0xd41d1313,
	0x57202482, 0x00202a82, 0x3c080082, 0x00bd0002, 0x03bf0100, 0x001b0025, 0xb7d10029, 0x031f2628, 0x4c010608,
	0x501ab04b, 0x00344058, 0x04000403,
	0x00007203, 0x70000505, 0x01060107, 0x08060108, 0x02090a80, 0x00840808, 0x221a8202, 0x82690402, 0x050122ec,
	0x2a218259, 0x01006201, 0x1b520105,
	0x821cb04b, 0x8535203b, 0x8000213b, 0x40213cad, 0x23378a36, 0x7e050004, 0x593875a6, 0x1c124059, 0x1c291c1c,
	0x13141129, 0x26122224, 0x060b1022,
	0x33012b1f, 0x21091743, 0x44183233, 0xf7410df8, 0x7c01390d, 0x4232043f, 0x18183a34, 0x3241343a, 0x18043f02,
	0x1e1e281a, 0xb9181d28, 0x34080d42,
	0x293a2b02, 0x44434c1f, 0x3b2b1f4c, 0x4633141c, 0xfd133345, 0x0d1942ef, 0x3409bb64, 0xb3060003, 0x32010001,
	0x0111152b, 0xf4580215, 0xc0fdb004,
	0x0a174d30, 0x2a084b76, 0x01013515, 0x01150135, 0x8208fef8, 0x01782526, 0x78e001e0, 0xff232a83, 0x4a0000ff,
	0x4722063f, 0x4b766402, 0x20178c09,
	0x82178965, 0xff5b265b, 0x03fc010b, 0x1afb68c6, 0x2111172c, 0xa1015b11, 0xfbbb04f5, 0x5f820045, 0x4a00ff2c,
	0x02020000, 0x0602f602, 0x0f849800,
	0xf5ff3e29, 0xb2021a02, 0x83010602, 0x00ff21cb, 0x00200f88, 0xff228f83, 0x1f824000, 0x1f841820, 0x2f840220,
	0x0c17a118, 0x00ffff23, 0x224f8280,
	0x8214022d, 0x84f1204f, 0xfff0261f, 0x036801a1, 0x204f8208, 0xaf5f94d8, 0x0047263f, 0x011202ca, 0x204f829c,
	0x484f84f2, 0x0223063b, 0x84580206,
	0x06f3490f, 0x51200f82, 0x23080f84, 0x017502bf, 0x00460399, 0xff590206, 0x00ffff00, 0x015c025a, 0x00f402fd,
	0xff530227, 0x00000068, 0x2c530206,
	0xd5241783, 0x820151ff, 0x5f210f84, 0x480f83fc, 0x022306df, 0x84570206, 0x82bc2047, 0x829b2037, 0x02062337,
	0x1f833952, 0x82064b49, 0x8456201f,
	0x06bf4a1f, 0x50200f82, 0x53212f8e, 0x242f83ca, 0x0119ffce, 0x215f8489, 0x0f83fa5e, 0x290c1741, 0xf3000100,
	0x6501aaff, 0xbb411203, 0x17073b17,
	0x3311172b, 0x5672f311, 0x98fc6803, 0x3700ffff, 0x6c01a901, 0x0602d002, 0x6f84d601, 0xf700772a, 0x6f01e101,
	0x5e010600, 0x01206582, 0x022e0382,
	0xac8c0601, 0x0f5f3717, 0x0600f53c, 0x1182e803, 0x47de0023, 0x2a068307, 0xfd75e500, 0xff75f93f, 0x8266020b,
	0x00012417, 0x82020006, 0x82028333,
	0xbc032737, 0x00000cff, 0x1f827502, 0x1f846120, 0x03881783, 0x02850225, 0x82260058, 0xa61b2003, 0x82092003,
	0x82552027, 0x92512003, 0x82472003,
	0x82142013, 0x20078703, 0x830b8273, 0x82702003, 0x866a2007, 0x8b13870b, 0x82292007, 0x826c201b, 0x8e452003,
	0x86412003, 0x8278204f, 0x82302007,
	0x83078303, 0x93078347, 0x82402003, 0x20038323, 0x83078268, 0x82672003, 0x20038b07, 0x20478604, 0x8f07823e,
	0x82362003, 0x83039713, 0x201b8337,
	0x2023820d, 0x20038264, 0x2047865a, 0x8b078254, 0x82352003, 0x2003830f, 0x870786f7, 0x8234200f, 0x8e3f200f,
	0x41472003, 0x079f0627, 0x27822320,
	0x038f7783, 0xaf9a2e20, 0x5320538f, 0x03a32b82, 0x27820320, 0x03825220, 0x03925820, 0x13824120, 0x03824420,
	0x03821320, 0x4c200b83, 0x03a30782,
	0x27824820, 0x03824a20, 0x038e4b20, 0x0f825720, 0xa7411d20, 0x426a2006, 0x078f061f, 0x178e6020, 0x0f826f20,
	0x03867720, 0x07826b20, 0x55200383,
	0x038f0782, 0xc7862820, 0x038bcb83, 0x17823920, 0x1b200397, 0x0a201b86, 0x50200782, 0x4e200382, 0x42200382,
	0x9c200382, 0x70200386, 0x1783ef86,
	0xf7200383, 0x0f872386, 0x41203383, 0x87061b41, 0x13234307, 0x33201393, 0x0c203782, 0x3a200392, 0x5a20af9a,
	0x87068742, 0x82802007, 0x02b0240f,
	0x4298fb58, 0x3e200693, 0x62200782, 0x2006b341, 0x060f4145, 0x07824a20, 0xc7864920, 0x1b864320, 0x4c202783,
	0x20060f43, 0x83078640, 0x8200200f,
	0x2103820b, 0x538229fe, 0x5802ef23, 0x296782fa, 0x5802d1fb, 0x580271fe, 0x1382f4fd, 0x0782d020, 0x0782ca20,
	0x1382a820, 0x03829c20, 0x2385a620,
	0xfd212783, 0x210f850b, 0x07827bfe, 0x0382fa20, 0x0382f020, 0x9f820b83, 0x02f8fc23, 0x21038358, 0x1382ecfe,
	0x5802d823, 0x216382ff, 0x138234fd,
	0x0f829420, 0xfd211382, 0x20078202, 0x24038288, 0xfe7502ce, 0x82078292, 0xe6fc215f, 0xea200782, 0x0c206f82,
	0x1b200782, 0xdc207382, 0x08203782,
	0x54200b82, 0x22200386, 0xfc201382, 0x86200b82, 0x1f200382, 0x67204b82, 0xeb820782, 0x8233fe21, 0x91162007,
	0xeefd2103, 0x23201382, 0x39202782,
	0x6520b382, 0xe4205782, 0xfd212385, 0x20078209, 0x204b8211, 0x200782eb, 0x201f825f, 0x2007823a, 0x200b864d,
	0x200f82b2, 0x200b826c, 0x20038261,
	0x200b826e, 0x24078225, 0x00580221, 0x200382e0, 0x200786b4, 0x829782a6, 0xe80021df, 0x03830f82, 0x77434820,
	0x20238306, 0x200b82a0, 0x2003824f,
	0x0623420a, 0xc7424020, 0x825a2006, 0x41002007, 0xce200acb, 0x75200b82, 0x9a200382, 0x6f200382, 0x9b820382,
	0x07830020, 0x53206383, 0x7b200f82,
	0xdb205386, 0xb3200782, 0x2006cf41, 0x20078249, 0x200382ad, 0x200382a3, 0x82038284, 0x550021df, 0xbf839f82,
	0x1b410620, 0x83fd2005, 0x828d20d3,
	0x41e1200b, 0xff21059b, 0x20ab8212, 0x20fb820f, 0x20cb82d3, 0x821782d9, 0x82fc20af, 0x78fd210b, 0x99201f82,
	0xd1240f82, 0xbbfe5202, 0x56200b82,
	0x1d200382, 0xff200f82, 0x19200782, 0xec202f82, 0x93200b82, 0x1b820382, 0x82dafb21, 0x20038207, 0x069341fe,
	0x42d1fb21, 0x0782061b, 0x41cffb21,
	0xfd2105a7, 0x200782f4, 0x203b82d3, 0x20038272, 0x20038268, 0x820f82ee, 0x36fe21d3, 0xd8200782, 0xc8200382,
	0xa3827f82, 0x82d4fd21, 0x82ba200b,
	0x21ff8203, 0x0782ccfb, 0x2b82a520, 0x1b82b720, 0x58024b24, 0xcf4175f9, 0x7efc2105, 0x77820782, 0xfb21a383,
	0x201b8217, 0x826f8687, 0x8223849b,
	0x82fc2053, 0xcefe214b, 0xbd203f82, 0xbc200382, 0x7a203b82, 0xd2200782, 0xa0200382, 0x59203b82, 0x23820382,
	0x1782fb20, 0x2b830383, 0x39245384,
	0xb6fb4a02, 0x5e204f82, 0x2105eb41, 0x0782e5fb, 0x03825320, 0x07860a20, 0x7f863920, 0xb5201f83, 0xab827382,
	0x0025f387, 0x0058022e, 0x83038243,
	0x826c2007, 0x02112407, 0x827d0053, 0x82272007, 0x82372003, 0x82f32003, 0x82f02003, 0x44612003, 0x58200aaf,
	0x2006eb43, 0x20078240, 0x20038212,
	0x2003822d, 0x06a34321, 0xd7453120, 0x41442006, 0x078306db, 0xab436020, 0x830b8306, 0x82662003, 0x8203830f,
	0x8700208f, 0x07f34503, 0x4b424f20,
	0x21bb8206, 0x0b823b00, 0x64200383, 0x32200782, 0xff820382, 0x860b0021, 0x8254204b, 0x02192407, 0x86dbff58,
	0x86632023, 0x451d206f, 0x0f8306af,
	0x13486920, 0x82682006, 0x820e2007, 0x42872003, 0x1b4406ab, 0xb6002006, 0x2c012507, 0x0d025802, 0x0b834b85,
	0x17974793, 0xd7830020, 0x3b854020,
	0x47820020, 0x82250021, 0x2007870b, 0x8b0b822d, 0x209f870f, 0x83b78ebc, 0x8f138b0f, 0x2137861f, 0x378d0701,
	0x138b0f83, 0x86060121, 0x0773431f,
	0x0f828320, 0x0382f220, 0x03828e20, 0xbb46f720, 0x82702006, 0x827a2007, 0x82c02003, 0x82812003, 0x82952003,
	0x45eb2003, 0x002105ab, 0x200782d4,
	0x06d343d9, 0x52208383, 0xbd200b82, 0x1b41738d, 0x415b2008, 0xb7480697, 0x45402007, 0x802006c7, 0x45065f42,
	0x0f8707c7, 0x77864720, 0x0782ee20,
	0x1342bf20, 0x82d52006, 0x838f8307, 0x446a206b, 0x0b83062b, 0x4386ce20, 0x0782f320, 0x0137100a, 0x00770042,
	0x00500000, 0x00920080, 0x00b600a4,
	0x00da00c8, 0x01f800ec, 0x011c010a, 0x02d0015e, 0x02320220, 0x02500244, 0x03b60262, 0x032a0318, 0x03600332,
	0x03840372, 0x03a80396, 0x03cc03ba,
	0x03ea03de, 0x045004fc, 0x04d4047a, 0x05f204e6, 0x052e0504, 0x0598056e, 0x060c06fa, 0x0630061e, 0x06540642,
	0x06720666, 0x06b80684, 0x07f606ca,
	0x07200702, 0x07440732, 0x07800750, 0x07e407b8, 0x080808f6, 0x08260814, 0x08840872, 0x08a80896, 0x08d408ba,
	0x094e09e6, 0x0a180a60, 0x0b9a0a5c,
	0x0b720b14, 0x0b960b84, 0x0c0a0ca2, 0x0c240c1c, 0x0c420c36, 0x0cc80c4e, 0x0dfc0cea, 0x0d140d08, 0x0d5a0d48,
	0x0d7e0d6c, 0x0daa0d90, 0x0dc80dbc,
	0x0eec0dda, 0x0e460e10, 0x0e6a0e58, 0x0e8e0e7c, 0x0ee60ebe, 0x0f0a0ff8, 0x0f2e0f1c, 0x0f6c0f40, 0x0f900f7e,
	0x102a10a2, 0x10461036, 0x10621056,
	0x107a106e, 0x10961086, 0x126e11a2, 0x124a1200, 0x12661256, 0x137e1272, 0x13941310, 0x14b013a8, 0x140c1400,
	0x142c141c, 0x14441438, 0x145c1450,
	0x14741468, 0x15d01484, 0x157a156a, 0x159a158e, 0x166216ea, 0x16c0169a, 0x16dc16cc, 0x17f416e8, 0x174a1700,
	0x17641756, 0x17a61770, 0x18d817cc,
	0x18221816, 0x186a1858, 0x1888187c, 0x193619d2, 0x198e1982, 0x19aa199e, 0x1a021ab6, 0x1a1e1a0e, 0x1a361a2a,
	0x1a501a44, 0x1bc81abc, 0x1cd61b64,
	0x1cc61c4a, 0x1cda1cce, 0x1df61cea, 0x1d601d54, 0x1d801d70, 0x1d981d8c, 0x1e401efa, 0x1e5e1e52, 0x1eb21e6a,
	0x1ece1ebe, 0x1ee61eda, 0x1f001ff4,
	0x1f1c1f0c, 0x1f4c1f28, 0x1f8c1f80, 0x1fa81f9c, 0x20e21fb4, 0x201a200e, 0x2036202a, 0x204e2042, 0x2088207c,
	0x21a42098, 0x2148210e, 0x22fc21ba,
	0x22262204, 0x23ca227c, 0x236a2312, 0x24de23d6, 0x25c22452, 0x2586253e, 0x266626f4, 0x83f426cc, 0x27c10a01,
	0x27102700, 0x2748271c, 0x277e2752,
	0x27c427ba, 0x27ea27d0, 0x29ae28f6, 0x29702950, 0x298e2982, 0x2a082af8, 0x2a882a7c, 0x2aae2a9a, 0x2ad42aba,
	0x2b322bfa, 0x2c882b6e, 0x2c3c2c12,
	0x2c982c56, 0x2df62cbe, 0x2d1e2d02, 0x2e282e94, 0x2e402e34, 0x2e662e5a, 0x2e942e76, 0x2ec02ea0, 0x2fe62ed4,
	0x3024307a, 0x30b43096, 0x315a31c0,
	0x31783166, 0x3204328e, 0x32723264, 0x329e3284, 0x333233e8, 0x3384335a, 0x34fa33c4, 0x342a3406, 0x34683440,
	0x34a63480, 0x34d234bc, 0x352635e6,
	0x358a3538, 0x35a8359a, 0x360e36d4, 0x367c3662, 0x36b43698, 0x37ec36d0, 0x373a370c, 0x38e4378a, 0x38c03850,
	0x392839f4, 0x393c3930, 0x396e3956,
	0x398e397e, 0x39a6399a, 0x3a043ad6, 0x3b3e3a10, 0x3cb43b24, 0x3eda3d98, 0x3e943e6c, 0x3fe23ecc, 0x3f703f4c,
	0x3fb63f82, 0x401240d4, 0x40584026,
	0x41e640bc, 0x4198415e, 0x42f441e2, 0x439a423c, 0x432e4304, 0x438e4362, 0x441a44c8, 0x45ce446c, 0x455e451a,
	0x45c0458a, 0x46e645cc, 0x46644604,
	0x46ac4670, 0x46c846b8, 0x46de46d2, 0x472047ea, 0x4748472c, 0x47ce476c, 0x48fc47e2, 0x481c4806, 0x494a483c,
	0x4a88490a, 0x4a204a0e, 0x4a424a38,
	0x4a5a4a4e, 0x4b1a4bba, 0x4b344b26, 0x4b504b44, 0x4b724b5c, 0x4b9c4b86, 0x4bbe4bae, 0x4c1e4ce6, 0x4d4a4c30,
	0x4d464d32, 0x4eea4ddc, 0x4e124e08,
	0x4fae4e54, 0x50fe4f56, 0x51ca504e, 0x5234528a, 0x5296524e, 0x52ca529e, 0x543053f6, 0x547c5404, 0x557c55ee,
	0x564256f6, 0x57e65698, 0x57865740,
	0x57da57a0, 0x581258f6, 0x5862584c, 0x58ea58d4, 0x592459f6, 0x597e5930, 0x5a185a94, 0x5a625a3a, 0x5ae65ad4,
	0x5b3a5bfa, 0x5b9c5b66, 0x5c2c5cce,
	0x5dd05c34, 0x5eea5dce, 0x5e205e0c, 0x5e485e34, 0x5e6c5e58, 0x5e925e7e, 0x5ff25ede, 0x5f285f0e, 0x5f5c5f42,
	0x5f905f76, 0x5fc25faa, 0x60f85fdc,
	0x60286010, 0x60586040, 0x608c6072, 0x60c060a6, 0x61f260da, 0x6126610c, 0x616e6144, 0x61ac618c, 0x62f261c6,
	0x64d66210, 0x68ec6754, 0x691a69ec,
	0x69586932, 0x69966974, 0x6af869b2, 0x6a646a28, 0x6bd66a94, 0x6b406b0c, 0x6baa6b6a, 0x6c126cde, 0x6c8e6c36,
	0x6d186dd2, 0x6d6e6d4e, 0x6db46d8e,
	0x6ef86dd6, 0x6e3a6e14, 0x6e7e6e5c, 0x6ec86e98, 0x6f1c6ff0, 0x6fb06f86, 0x70f06fd0, 0x701a700e, 0x705e7038,
	0x70b47084, 0x716471fe, 0x71a47184,
	0x720672c4, 0x72967244, 0x734273de, 0x74fa73ea, 0x741c7410, 0x08018228, 0x4a744254, 0x5a745274, 0x6a746274,
	0x7a747274, 0x8a748274, 0x9a749274,
	0xaa74a274, 0xba74b274, 0xce74c674, 0xde74d674, 0xee74e674, 0xfe74f674, 0x1e750675, 0x2e752675, 0x00000100,
	0x22018502, 0x80004800, 0x02000800,
	0xa002b001, 0x00008d00, 0x0c0e8303, 0x1d830600, 0x000f002d, 0x000300ba, 0x00090401, 0x82800000, 0x220b8503,
	0x821a0001, 0x200b850d, 0x20398202,
	0x2423869a, 0x00260003, 0x240b86a2, 0x00240004, 0x240b86c8, 0x00560005, 0x240b86ec, 0x01220006, 0x240b8642,
	0x01d80007, 0x240b8664, 0x022a0008,
	0x240b863c, 0x02180009, 0x240b8666, 0x025a000a, 0x240b867e, 0x022c000b, 0x240b86d8, 0x032a000c, 0x240b8604,
	0x031a010d, 0x3e0b862e, 0x0484000e,
	0x00430048, 0x0070006f, 0x00720079, 0x00670069, 0x00740068, 0x00280020, 0x82290063, 0x00322407, 0x82320030,
	0x822d2001, 0x82302003, 0x00352203,
	0x2415822c, 0x002e0055, 0x22038253, 0x82470020, 0x82612035, 0x8268203d, 0x0063223b, 0x221b8273, 0x824c004c,
	0x822e2051, 0x00412209, 0x2201826c,
	0x88520020, 0x221f8357, 0x82650052, 0x82652027, 0x82762037, 0x82642009, 0x82422045, 0x00722207, 0x2005826b,
	0x2003826c, 0x20398279, 0x2091824d,
	0x2003826e, 0x28038242, 0x0064006c, 0x00580054, 0x2489842d, 0x0037002d, 0x20878242, 0x2c0f824d, 0x005a0050,
	0x00510036, 0x00560038, 0x991d824a,
	0x82202047, 0x826f2033, 0x8264208b, 0x20798329, 0x22918273, 0x846e006f, 0x822e20df, 0x00302439, 0x823b0034,
	0x8274200d, 0x006624fb, 0x82750061,
	0x006f2107, 0x6e20d383, 0x22060d41, 0x82310076, 0x823820a9, 0x82342003, 0x82312003, 0x822d2077, 0x826220ab,
	0x00342207, 0x835d8229, 0x87c18955,
	0x882d20bf, 0x1b314177, 0xe5824320, 0x70006d22, 0x6e217782, 0x20fd8300, 0x20738228, 0x2055826d, 0x20118420,
	0x9b978264, 0x202d8bd9, 0x20938272,
	0x203d8220, 0x20398272, 0x200b8264, 0x2407826d, 0x006b0072, 0x22438273, 0x4166006f, 0x2c201cb9, 0xa934bb41,
	0x824e20d7, 0x0069228f, 0x2065826c,
	0x24958250, 0x0063006e, 0x22078268, 0x8241006c, 0x006c2411, 0x8476006f, 0x826c20bb, 0x00742205, 0x20058274,
	0x20178272, 0x83178274, 0x846820cf,
	0x4267201b, 0x6522060d, 0x1b826e00, 0x83006521, 0x822020e5, 0x20d78313, 0x06434163, 0x3b827520, 0x1f826920,
	0x2e006722, 0x49835f82, 0xfd827020,
	0x2f003a22, 0x75200182, 0x67200982, 0x200eaf42, 0x2287822e, 0x906d006f, 0x866e202b, 0x211f87ad, 0x59830070,
	0x3d826520, 0x54004c22, 0x22068b42,
	0x82440020, 0x82762025, 0x20bf8303, 0x20b38670, 0x42898246, 0x4c220535, 0x5d826900, 0x8d826520, 0x1b827320,
	0xb3822e20, 0x2020118d, 0x6c221d82,
	0x95826100, 0x29827320, 0x2d846620, 0xbf846120, 0x33826f20, 0x2f823a20, 0x37825020, 0x1f827220, 0x61220f83,
	0xd3826c00, 0x8f002021, 0x82492043,
	0x262b8385, 0x0036004c, 0x82590039, 0x004d269b, 0x00330034, 0x26098258, 0x004b0058, 0x82560050, 0x00322209,
	0x20098257, 0x20418452, 0x205d8249,
	0x20b58474, 0x2005826c, 0x20718263, 0x41858275, 0x72200599, 0xc985bd82, 0x79007422, 0x202e3542, 0x21498268,
	0x6f410074, 0x822f2025, 0x006522cd,
	0x83778467, 0x0b29410b, 0x2f007322, 0xcda3e582, 0x76002f22, 0x69224184, 0x07826400, 0xcd827420, 0x02000023,
	0x21008400, 0x138288ff, 0x01000022,
	0x048a0c84, 0x82850221, 0x2484080c, 0x0201c900, 0x6200c700, 0x0301ad00, 0x63000401, 0x9000ae00, 0x26002500,
	0xff00fd00, 0x05016400, 0xe9002700,
	0x07010601, 0x65002800, 0xc8000801, 0x0901ca00, 0x0a01cb00, 0x0c010b01, 0x29000d01, 0xf8002a00, 0x0f010e01,
	0x10012b00, 0x11012c00, 0xcd00cc00,
	0xfa00ce00, 0x1201cf00, 0x14011301, 0x15012d00, 0x16012e00, 0x17012f00, 0x19011801, 0x3000e200, 0x1a013100,
	0x1c011b01, 0x32006600, 0xd100d000,
	0xa40cfd82, 0x011d01d3, 0x0091001e, 0x00b000af, 0x00ed0033, 0x01350034, 0x0120011f, 0x01360021, 0x00230122,
	0x01fb00e4, 0x00250124, 0x01260137,
	0x00280127, 0x00d40038, 0x006800d5, 0x012901d6, 0x012b012a, 0x002d012c, 0x013a0039, 0x012f012e, 0x00310130,
	0x003c003b, 0x003201eb, 0x013301bb,
	0x013d0034, 0x01e60035, 0x00440036, 0x00370169, 0x006c006b, 0x0138016a, 0x006e0039, 0x00a0006d, 0x00460045,
	0x000001fe, 0x003a016f, 0x01ea0047,
	0x0001013b, 0x01700048, 0x0072003c, 0x003d0173, 0x013e0171, 0x0140013f, 0x00490041, 0x01f9004a, 0x00430142,
	0x0044014b, 0x0045014c, 0x00760074,
	0x00460177, 0x01470175, 0x01490148, 0x014d004a, 0x004c014b, 0x004d014e, 0x014e014f, 0x0050014f, 0x005000e3,
	0x01510151, 0x00530152, 0x00520078,
	0x007b0079, 0x017a007c, 0x00550154, 0x007d00a1, 0x005300b1, 0x005400ee, 0x01560155, 0x00580157, 0x01590156,
	0x00e5005a, 0x005b01fc, 0x01570089,
	0x015d015c, 0x0058005e, 0x0080007e, 0x017f0081, 0x0160015f, 0x01620161, 0x00590063, 0x0164015a, 0x01660165,
	0x005b0067, 0x01ec005c, 0x01ba0068,
	0x006a0169, 0x006b015d, 0x016c01e7, 0x016e016d, 0x0097006f, 0x00140013, 0x00160015, 0x00180017, 0x001a0019,
	0x011c001b, 0x01710170, 0x01730172,
	0x00750174, 0x01760103, 0x01780177, 0x017a0179, 0x017c017b, 0x017e017d, 0x0180017f, 0x01820181, 0x01840183,
	0x01860185, 0x01880187, 0x018a0189,
	0x018c018b, 0x018e018d, 0x0190018f, 0x01920191, 0x01940193, 0x01960195, 0x01980197, 0x019a0199, 0x019c019b,
	0x019e019d, 0x01a0019f, 0x01a201a1,
	0x01a401a3, 0x01a601a5, 0x01a801a7, 0x01aa01a9, 0x01ac01ab, 0x01ae01ad, 0x01b001af, 0x01b201b1, 0x01b401b3,
	0x01b601b5, 0x01b801b7, 0x01ba01b9,
	0x01bc01bb, 0x00be01bd, 0x000f0011, 0x001e001d, 0x000400ab, 0x002200a3, 0x00c300a2, 0x000d0087, 0x00120006,
	0x0010003f, 0x00b300b2, 0x00bf0142,
	0x000c000b, 0x0060005e, 0x0040003e, 0x00c500c4, 0x00b500b4, 0x01b700b6, 0x00c101c0, 0x00bf00be, 0x010a0005,
	0x01c301c2, 0x01c501c4, 0x01c701c6,
	0x01c901c8, 0x01cb01ca, 0x01cd01cc, 0x01cf01ce, 0x01d101d0, 0x01d301d2, 0x01d501d4, 0x01d701d6, 0x01d901d8,
	0x01db01da, 0x01dd01dc, 0x01df01de,
	0x01e101e0, 0x01e301e2, 0x01e501e4, 0x01e701e6, 0x01e901e8, 0x01eb01ea, 0x01ed01ec, 0x01ef01ee, 0x01f101f0,
	0x01f301f2, 0x01f501f4, 0x01f701f6,
	0x01f901f8, 0x01fb01fa, 0x01fd01fc, 0x02ff01fe, 0x02010200, 0x02030202, 0x02050204, 0x02070206, 0x02090208,
	0x020b020a, 0x020d020c, 0x020f020e,
	0x02110210, 0x02130212, 0x02150214, 0x02170216, 0x02190218, 0x001b021a, 0x00090023, 0x00860088, 0x008a008b,
	0x0083008c, 0x00e8005f, 0x02c20082,
	0x0084001c, 0x020700bd, 0x021e021d, 0x0020021f, 0x02960085, 0x000e0021, 0x00f000ef, 0x002000b8, 0x0021008f,
	0x0095001f, 0x00930094, 0x006100a7,
	0x004100a4, 0x02220292, 0x009c0023, 0x0099009a, 0x029800a5, 0x00080024, 0x022502c6, 0x02270226, 0x02290228,
	0x022b022a, 0x022d022c, 0x022f022e,
	0x02310230, 0x02330232, 0x02350234, 0x02370236, 0x02390238, 0x023b023a, 0x023d023c, 0x023f023e, 0x02410240,
	0x02430242, 0x02450244, 0x02470246,
	0x02490248, 0x024b024a, 0x024d024c, 0x024f024e, 0x02b90050, 0x02520251, 0x02540253, 0x02560255, 0x02580257,
	0x025a0259, 0x025c025b, 0x025e025d,
	0x0260025f, 0x02620261, 0x02640263, 0x02660265, 0x02680267, 0x026a0269, 0x026c026b, 0x026e026d, 0x0270026f,
	0x02720271, 0x02740273, 0x02760275,
	0x02780277, 0x027a0279, 0x027c027b, 0x027e027d, 0x0280027f, 0x02820281, 0x02840283, 0x02860285, 0x02880287,
	0x028a0289, 0x028c028b, 0x02a6008d,
	0x028f028e, 0x02910290, 0x02930292, 0x02950294, 0x00970296, 0x00db00d9, 0x00dd00dc, 0x00e000df, 0x004300e1,
	0x008e00d8, 0x02de008d, 0x00990298,
	0x069a029e, 0x65726241, 0x41076576, 0x7263616d, 0x41076e6f, 0x6e6f676f, 0x430a6b65, 0x61746f64, 0x6e656363,
	0x63440674, 0x82198261, 0x6f722506,
	0x45067461, 0x0a210d84, 0x211f8845, 0x3a864507, 0x3a854520, 0x74450633, 0x65646c69, 0x68635305, 0x470c6177,
	0x6d6d6f63, 0x21498561, 0x3488470a,
	0x62480429, 0x49027261, 0x8649074a, 0x8649203c, 0x8449203c, 0x4a06283c, 0x74756361, 0x8a4b0c65, 0x4c06213d,
	0x06211384, 0x2180844c, 0x1a8b4c0c,
	0x1a854e20, 0x1a854e20, 0x1a8a4e20, 0x684f0d2f, 0x61676e75, 0x6c6d7572, 0x07747561, 0x216e854f, 0x30855206,
	0x30855220, 0x308a5220, 0x84530621,
	0x5308231a, 0x8a826c61, 0x0c6f6c23, 0x2ac18c53, 0x616d7265, 0x6c62646e, 0x84540673, 0x54082a3b, 0x69646563,
	0x0c616c6c, 0x21278a54, 0x758c550d,
	0x75855520, 0x85550721, 0x550527e4, 0x676e6972, 0xea855506, 0x6f845720, 0x63570b3e, 0x75637269, 0x656c666d,
	0x64570978, 0x65726569, 0x06736973,
	0x61726757, 0x590b6576, 0x06211c89, 0x21128459, 0x3d855906, 0x3d845a20, 0x415a0a21, 0x06210859, 0x05d04161,
	0x73866120, 0x73856120, 0x89630a21,
	0x84642021, 0x650621b9, 0x0a210684, 0x21188865, 0x33866507, 0x33856520, 0x84650621, 0x73052763, 0x61776863,
	0xdf8a670c, 0x88670a21, 0x68042634,
	0x08726162, 0x240f8269, 0x7373656c, 0x4108830a, 0x022405ed, 0x69076a69, 0x69205086, 0x69205086, 0x08215084,
	0x212d866a, 0xe6416a06, 0x8a6b2005,
	0x6c06215a, 0x06211384, 0x219d846c, 0x1a8b6c0c, 0x1a856e20, 0x1a856e20, 0x1a8a6e20, 0x416f0d21, 0x6f200c70,
	0x06217785, 0x20308572, 0x20308572,
	0x21308a72, 0xe6417306, 0x41732005, 0x732007e6, 0x74201c8b, 0x2005db41, 0x07db4174, 0x1c8a7420, 0x8c750d21,
	0x8575206a, 0x7507216a, 0x0527e285,
	0x6e697275, 0x84750667, 0x770621e8, 0x0b216484, 0x09be4177, 0x41770921, 0x772708db, 0x76617267, 0x89790b65,
	0x7906211c, 0x06211284, 0x203d8579,
	0x05db417a, 0x6b417a20, 0x72083608, 0x7265672e, 0x0a6e616d, 0x74732e72, 0x61646e61, 0x77096472, 0x2901825f,
	0x67696c2e, 0x72657a0b, 0x2c822e6f,
	0x64657432, 0x7665730e, 0x652e6e65, 0x706f7275, 0x0c6e6165, 0x73271a84, 0x6873616c, 0x850a6465, 0x6c70240c,
	0x850d7469, 0x864a860a, 0x2f598734,
	0x73626e07, 0x65636170, 0x70796811, 0x5f6e6568, 0x69830685, 0x118c1820, 0x2720188a, 0x6221188d, 0x253e8272,
	0x68676972, 0x0a895f74, 0x19204083,
	0x6726278d, 0x74616572, 0x19837265, 0x19860e20, 0x84616221, 0x8612200e, 0x20218a0e, 0x20128d1a, 0x201a8a5f,
	0x231a860f, 0x7373656c, 0x14204c83,
	0x5f200f8a, 0x15201487, 0x61231486, 0x42696373, 0x2a83058f, 0xa0841720, 0x66656c22, 0x0983aa86, 0x25201783,
	0xf0861792, 0x2220f78a, 0x65252589,
	0x616c6378, 0x2022916d, 0x8522901b, 0x20648329, 0x861b8911, 0x411920f7, 0x1320183a, 0x6b221983, 0xaa857465,
	0x20052541, 0x87138b14, 0x861b20e7,
	0x057f4114, 0x6d756e29, 0x73726562, 0x846e6769, 0x65702670, 0x646f6972, 0x8306855f, 0x8c182011, 0x20188a11,
	0x87188d16, 0x8613205d, 0x75712616,
	0x69747365, 0x2055846f, 0x24138610, 0x61757165, 0x2654836c, 0x6c6f630f, 0x845f6e6f, 0x200f8305, 0x960f8a15,
	0x203b8815, 0x8b2b8512, 0x8d1a205f,
	0x0cf94112, 0x3d881a85, 0x0f851120, 0x200a1b42, 0x8711850e, 0x731724bf, 0x85696d65, 0x83098812, 0x922120a2,
	0x8c5f2017, 0x41112021, 0x5f2005b7,
	0x2009be41, 0x42118c1c, 0x10200eea, 0x14411c87, 0x8b162007, 0x885f2010, 0x861520b1, 0x0d964216, 0xff871320,
	0x200a9141, 0x41138812, 0x12880958,
	0x200b2f41, 0x2015901e, 0x891e8b5f, 0x28848947, 0x65747361, 0x6b736972, 0x2408875f, 0x67696c2e, 0x8c15901e,
	0x8814201e, 0x0a6e411e, 0x14881220,
	0x616c7324, 0x46836873, 0x83421820, 0x705f2509, 0x6e657261, 0x8b076343, 0x08094318, 0x1a203183, 0xe242318a,
	0x201a830a, 0x411a8a14, 0x148a0906,
	0x20099e41, 0x8b158a17, 0x8a1920ff, 0x0d1e4317, 0x19942420, 0x248d5f20, 0x249f2f20, 0xb18b2f8e, 0x8b087041,
	0x6e752983, 0x73726564, 0x65726f63,
	0x2320e083, 0x19895e8a, 0x250d3841, 0x616c7312, 0x8c416873, 0x8d1b200c, 0x201b8c12, 0x881b850f, 0x8a15207c,
	0x0988420f, 0x15851120, 0x860acb41,
	0x08c84137, 0x4d953786, 0x2b881585, 0x09841320, 0x61625f24, 0x13896b63, 0x5f200d88, 0x1d201388, 0x6223e38a,
	0x415f7261, 0x19200d0c, 0x198e0e89,
	0x19890d20, 0x6c62642a, 0x6975670d, 0x6d656c6c, 0x20051e45, 0x2c0d880e, 0x68676972, 0x61620474, 0x61117468,
	0x2a418e74, 0x706d6117, 0x61737265,
	0x885f646e, 0x6c2e2409, 0x92216769, 0x20218d17, 0x41218913, 0x0e200853, 0x2947bc83, 0x89162009, 0x0bae440e,
	0x16831220, 0x200d1247, 0x22128714,
	0x8474656b, 0x208383ae, 0x4514840b, 0x0f2005e4, 0x5f200b86, 0x85062246, 0x72612143, 0x200a8646, 0x8b228a17,
	0x8711206e, 0x20a68817, 0x41118713,
	0x0d200ae6, 0x21881383, 0x0d881520, 0x830c6745, 0x24338a15, 0x6c6f6412, 0x8a83826c, 0x700d2512, 0x5f73756c,
	0xc1830483, 0x0d881220, 0x10201288,
	0x318a1284, 0x74840f20, 0x8a0a1046, 0x0997420f, 0x15851620, 0x200f4e45, 0x86168517, 0x202e894e, 0x23178514,
	0x7373656c, 0x69861489, 0x0984e489,
	0x25891f85, 0x588c5286, 0x1120cb83, 0x19201190, 0x2841118c, 0x8a13200b, 0x0879487e, 0x37431385, 0x8712200e,
	0x093542ba, 0x128d1a20, 0x1820578b,
	0xdd471a87, 0x879c840b, 0x080d4518, 0x13411120, 0x8c192010, 0x87ae8c11, 0x0a964119, 0x8d8d8588, 0x48886c83,
	0x1983508c, 0x488e1b20, 0x230c3c42,
	0x7373656c, 0x200aae42, 0x8a0f8a16, 0x8b132016, 0x06ec4216, 0x138b1720, 0x1420a38a, 0x6741178b, 0x840e2007,
	0x08074114, 0xfe474f85, 0x841d200d,
	0x17ab4922, 0x1d841120, 0x200b0247, 0x8b118c19, 0x840c20d4, 0x20a68619, 0x430c8710, 0x9f8507a4, 0x890eb943,
	0x20c98a14, 0x433a840f, 0x2e23054e,
	0x8567696c, 0x115e43f1, 0x27842120, 0x4b0a1c46, 0x39830c4a, 0x21840d20, 0x20078043, 0x8b0d8815, 0x052241b5,
	0x20080743, 0x09264312, 0x1f43b98d,
	0x205a830a, 0x42278a1c, 0x1c830cfa, 0x9005ce41, 0x057e4116, 0x83090e43, 0x0527412a, 0xb385fd8a, 0x8408b74b,
	0x0e2d4266, 0xcf434785, 0x88b7850d,
	0x205a832d, 0x200d8818, 0x0e4a495f, 0x138d1884, 0x138e1b20, 0x200b2241, 0x8d1b8f1e, 0x0541413a, 0x8508bf46,
	0x103a47fc, 0x34891520, 0x440ae142,
	0x508d069b, 0x0e891120, 0x74615f22, 0x1620ca83, 0x2b41118a, 0x8a19200a, 0x20428d16, 0x8b199421, 0x4e8f85d4,
	0xf0440571, 0x0aa24109, 0x2e247783,
	0x30317373, 0x2242a386, 0x22148208, 0x451a3930, 0x1a84142f, 0x62072b08, 0x6f637469, 0x65046e69, 0x0b6f7275,
	0x6172696c, 0x6b727554, 0x05687369,
	0x6c627572, 0x75720b65, 0x49656570, 0x6169646e, 0x45820b6e, 0x61766933, 0x636e656c, 0x6f6c0a65, 0x61636967,
	0x646e616c, 0x080a8609, 0x05726f23,
	0x7263696d, 0x696d096f, 0x2e73756e, 0x07313030, 0x72417075, 0x0e776f72, 0x74726f6e, 0x73614568, 0x240e8474,
	0x6769720a, 0x230a8568, 0x756f730e,
	0x0924198a, 0x6e776f64, 0x18852384, 0x86655721, 0x6c092332, 0x31866665, 0x18884b84, 0x18830e20, 0x4f885220,
	0x70750b23, 0x29428744, 0x776f6c13,
	0x6e4f7265, 0x1e834565, 0x6c426826, 0x146b636f, 0x51261387, 0x74726175, 0x14847265, 0x14841620, 0x72685423,
	0x202a8665, 0x20168473, 0x2316840e,
	0x666c6148, 0x15200e84, 0x46220e84, 0x248c7669, 0x3b891720, 0x3c855286, 0x53245385, 0x6e657665, 0x16857e85,
	0x75660924, 0x4e846c6c, 0x70750e25,
	0x88726570, 0x8413205d, 0x21ac8d0e, 0xf4826c12, 0x1320128d, 0xbe8b1286, 0x13831520, 0x0920bd90, 0x69841583,
	0x09831420, 0x1620b78f, 0xb68c3488,
	0xb5904b84, 0x8405b041, 0x7213254c, 0x74686769, 0x2841948d, 0x824c2005, 0x262284ac, 0x776f6c0f, 0x83527265,
	0x88e98a27, 0x8427201e, 0x230e83e9,
	0x4c646e41, 0x0b8b2a83, 0x1b203689, 0x1b892790, 0x5522438c, 0x6e867070, 0x7a84508b, 0x438b2820, 0x50892791,
	0x28840f20, 0x0f847c8f, 0x1b905496,
	0x44892787, 0x68730a2b, 0x6c656461, 0x74686769, 0x260a840b, 0x6964656d, 0x84096d75, 0x6164240b, 0x510c6b72,
	0x433105f4, 0x6c637269, 0x6c620b65,
	0x536b6361, 0x72617571, 0x208e8265, 0x290d8342, 0x61697254, 0x656c676e, 0x4d417212, 0x87208205, 0x64112412,
	0x8c6e776f, 0x41112024, 0x238a05f1,
	0x57244682, 0x65746968, 0x128c468d, 0x118d4684, 0x118c4683, 0x6f621a2a, 0x756f4478, 0x44656c62, 0xe7827382,
	0x726f482a, 0x6e6f7a69, 0x146c6174,
	0x4c241a8f, 0x15746665, 0x5220148f, 0x1320bd83, 0x3e891588, 0x13881820, 0x8c705521, 0x8d122057, 0x89558318,
	0x842b843f, 0x88112053, 0x65562826,
	0x63697472, 0x901e6c61, 0x89578c11, 0x82308770, 0x205d831e, 0x84379319, 0x20cd8363, 0x2dc0834c, 0x67616944,
	0x6c616e6f, 0x736f7243, 0x2f822573,
	0x5524158c, 0x72657070, 0x54224983, 0xff424c6f, 0x84259508, 0x87268656, 0x414b857b, 0x13200f5e, 0x19856588,
	0x14202d83, 0x4d84138e, 0x14871220,
	0x20095b41, 0x41128717, 0x11200e5a, 0x5183178c, 0x58413c88, 0x87102009, 0x07264124, 0x108f1d20, 0x880c5641,
	0x0e55416b, 0x35921820, 0x1435af84,
	0x6c706572, 0x6d656361, 0x43746e65, 0x61726168, 0x72657463, 0x0762550c, 0x6d6f6324, 0x3d550d62, 0x250d8308,
	0x61726709, 0x09846576, 0x75636123,
	0x20098474, 0x0bcf5510, 0x63243284, 0x6e6f7261, 0x2e240983, 0x0e746c61, 0x84099f55, 0x231c8837, 0x65726209,
	0x08244b85, 0x676e6972, 0x74231c84,
	0x84646c69, 0x560a2054, 0x14830516, 0x04821420, 0x74616d2a, 0x656e7275, 0x6f626164, 0x0f203285, 0x820a5156,
	0x0b62210a, 0x83066a56, 0x560a200b,
	0x0a83054a, 0x6e750727, 0x41304569, 0x20078630, 0x20078631, 0x20078632, 0x20078533, 0x201f8642, 0x201f8642,
	0x311f8642, 0x6c0a3342, 0x732e6769,
	0x65636170, 0x69660b72, 0xa7837474, 0x72616823, 0x05f75509, 0x31307322, 0x32200988, 0x33210988, 0x053c560a,
	0x30737326, 0x2e720634, 0x35230682,
	0x84616208, 0x08362108, 0x61233884, 0x8509746c, 0x22098223, 0x822e7205, 0x83072005, 0x20078221, 0x2607830a,
	0x6b6f7262, 0x840c6e65, 0x065b5634,
	0x322ca883, 0x00303130, 0xff010001, 0x000f00ff, 0x18210099, 0x25018400, 0x29ff29ff, 0x01827400, 0x006b5808,
	0x00a8026b, 0x02de0200, 0xff000010,
	0xffb2022a, 0x02f602f6, 0xfff6ff1a, 0xb000002a, 0xb0202c00, 0x45585500, 0x4b202059, 0x510e00b8, 0x5306b04b,
	0x34b0585a, 0x5928b01b, 0x8a206660,
	0x02b05855, 0x08b96125, 0x63000800, 0x1b622363, 0x00b02121, 0x4300b059, 0x82b24423, 0x4338088b, 0xb02d4260,
	0x20b02c01, 0xb02d6660, 0x21232c02,
	0xb02d2123, 0x64202c03, 0x151403b3, 0xb0434200, 0x60204313, 0x02b14260, 0xb1424314, 0xb0430325, 0x78544302,
	0x230cb020, 0x432a0882, 0x04b06461,
	0x02b27850, 0x46820202, 0x6521b024, 0x1583211c, 0x150eb226, 0x201c4201, 0x23250a82, 0x0113b242, 0x291b8213,
	0x5000b023, 0xb2596558, 0x29830116,
	0x04b02d2a, 0x2b03b02c, 0x584315b0, 0xb0236f83, 0x86434316, 0x201b3e20, 0xc0b02064, 0x2604b050, 0x0128b25a,
	0x6345430d, 0x4506b045, 0x03b02158,
	0x5b525925, 0x269c8258, 0x20588a1b, 0x825050b0, 0x59402512, 0x38b0201b, 0x38240983, 0xb1205959, 0x91822d85,
	0x12822820, 0x20220d86, 0x0c8230b0,
	0x8330b021, 0x50c02e29, 0x20662058, 0x20618a8a, 0x58500ab0, 0x203b8260, 0x201b8320, 0x2009830a, 0x35098336,
	0x601b6036, 0x1b595959, 0xb02502b0,
	0xb063430c, 0xb0585200, 0x2c834b00, 0x0f822120, 0xb04b1b23, 0x2625831e, 0xb8614b1e, 0x82630010, 0xb8632f11,
	0x59620005, 0x59616459, 0x592b01b0,
	0xe2852359, 0x64205922, 0x232dcf82, 0xb02d5942, 0x45202c05, 0x2504b020, 0x2ed38261, 0x58504307, 0x422307b0,
	0x422308b0, 0x8221211b, 0x2d602432,
	0x842c06b0, 0x2b0328fe, 0x07b16420, 0x83204262, 0x20ee831c, 0x83be851b, 0x02b02805, 0xb0634560, 0x82212a05,
	0x2043241c, 0x828a208a, 0x30b1386b,
	0x04b02505, 0x60585126, 0x52611b50, 0x59235859, 0xb0205921, 0x82585340, 0x211b231b, 0x8a8740b0, 0x07b02d31,
	0x4309b02c, 0x0200b22b, 0x42604300,
	0x8208b02d, 0x42233a0e, 0x00b02023, 0xb0614223, 0xb0666202, 0x01b06301, 0x2a07b060, 0x2c09b02d, 0x26ad8320,
	0xb863430e, 0x82620004, 0x22af8222,
	0x83596040, 0x44602122, 0x2d2c2482, 0xb22c0ab0, 0x43000e09, 0x212a4245, 0x21083842, 0x48422c0b, 0x850c200d,
	0x2b012245, 0x82178223, 0x206032fa,
	0x61238a45, 0xb0206420, 0x21585020, 0xb01b00b0, 0x21578230, 0xa4821b20, 0xb025a587, 0x61232503, 0x20628544,
	0x213e960d, 0x358224b0, 0xda883c82,
	0x0e21348b, 0x25d0842c, 0x000c0db3, 0x65824503, 0x21231b35, 0x2d212a59, 0xb12c0fb0, 0xb0450202, 0x2d446164,
	0x822c10b0, 0x202029c2, 0x4a430fb0,
	0x585000b0, 0x23240882, 0x10b05942, 0x52200d83, 0x10200d82, 0x2d220d82, 0x488211b0, 0x83621021, 0xb82024f1,
	0x82630004, 0xb02708b8, 0x20604311,
	0xb020608a, 0x23422311, 0x2c12b02d, 0xb158544b, 0x59446404, 0x650db024, 0xb02d7823, 0x514b2c13, 0x85534b58,
	0x211b2114, 0x13201782, 0x143c1784,
	0x1200b12c, 0xb1585543, 0xb0431212, 0xb0426101, 0xb0592b11, 0x02b04300, 0x0fb14225, 0x10200483, 0xb0240482,
	0x20231601, 0x502dc982, 0x0001b158,
	0x04b06043, 0x8a8a4225, 0x23768320, 0x23212a10, 0x0b873682, 0x1f851b20, 0x02233283, 0x82b06125, 0x8259201d,
	0x824720c9, 0x604723bf, 0xac4102b0,
	0xb020210d, 0x0814c241, 0x0000b141, 0xb0442313, 0x00b04301, 0x0101b23e, 0x42604301, 0x2c15b02d, 0x0200b100,
	0xb0585445, 0x20422312, 0x230eb045,
	0x230db042, 0x426002b0, 0x18b76020, 0x11000118, 0x42001300, 0x608a4242, 0x8214b020, 0x61012e1b, 0x2b0814b1,
	0x1b2b8bb0, 0xb02d5922, 0x27e38216,
	0xb02d2b15, 0x01b12c17, 0x18230783, 0x8302b12c, 0x2c192307, 0x078303b1, 0xb12c1a23, 0x23078304, 0x05b12c1b,
	0x1c230783, 0x8306b12c, 0x2c1d2307,
	0x078307b1, 0xb12c1e23, 0x23078308, 0x09b12c1f, 0x2b240783, 0xb020232c, 0x2e057f41, 0x4b6006b0, 0x20235854,
	0x5d01b02e, 0x8221211b, 0x8a2c206c,
	0x8816201c, 0x8571201c, 0x8a2d201c, 0x8826201c, 0x8572201c, 0x2c20251c, 0x2b0fb000, 0xb023e798, 0x85b56101,
	0x8be783ea, 0x822120df, 0x822020df,
	0x822220df, 0x200783df, 0x83df8223, 0x82242007, 0x200783df, 0x83df8225, 0x82262007, 0x200783df, 0x83df8227,
	0x82282007, 0x200783df, 0x83df8229,
	0x822a2007, 0x320783df, 0x3c202c2e, 0x2d6001b0, 0x202c2fb0, 0x6018b060, 0x82234320, 0xb043240e, 0x82612502,
	0x2eb03507, 0xb02d212a, 0x2fb02c30,
	0x2a2fb02b, 0x2c31b02d, 0x20472020, 0x2716cd41, 0x23386123, 0x58558a20, 0x1b25219c, 0xb02d5921, 0x07e24132,
	0x060eb134, 0x01b04245, 0x2a31b016,
	0x150105b1, 0x59305845, 0x2082221b, 0x1e413320, 0x2323970a, 0x35202c34, 0x3520b984, 0x47854d82, 0x26444520,
	0x01b02211, 0x147b422b, 0x00231783,
	0x8300b416, 0x3e442700, 0x34b13823, 0xeb831501, 0x202c3623, 0x94c0823c, 0xb0602f33, 0x38614300, 0x2c37b02d,
	0x2d3c172e, 0x2a9f38b0, 0x4301b023,
	0x082e8263, 0xb12c3933, 0x25160002, 0x47202e20, 0x422300b0, 0x492502b0, 0x23478a8a, 0x20612347, 0x211b6258,
	0x2301b059, 0x0138b242, 0x2a141501,
	0x2c3ab02d, 0xb01600b0, 0x24268217, 0x04b02504, 0x2f268425, 0x42000cb1, 0x2b430bb0, 0x232e8a65, 0x8a3c2020,
	0x3b205382, 0x2021268d, 0x2428842e,
	0x2306b020, 0x3e2d8742, 0x5060b020, 0x40b02058, 0x04b35851, 0x1b200520, 0x052604b3, 0x4242591a, 0x0ab02023,
	0x828a2043, 0x2581827f, 0xb0604623,
	0xae434306, 0x2060240f, 0x462b01b0, 0x04300595, 0x23646043, 0x614305b0, 0xb0585064, 0x1b614304, 0x60240b82,
	0x2503b059, 0x6120338f, 0xb0289a82,
	0x46232604, 0x231b3861, 0x46206182, 0x0682e782, 0x4f829784, 0x88826492, 0x232b0122, 0x60207e82, 0xb0236d82,
	0x82612505, 0x82558f03, 0x20612451,
	0x832504b0, 0x82032084, 0x06494505, 0x59236b89, 0x413cb02d, 0x2025070b, 0x05b02020, 0x060b4126, 0x383c2325,
	0x883db02d, 0x0ab0231a, 0x1f824223,
	0x47234622, 0x23216c82, 0x201b8261, 0x0842413e, 0x6941cc83, 0x00b02905, 0x202e5854, 0x1b21233c, 0x0220bd83,
	0x54821485, 0x22088a41, 0x822506b0,
	0x484920a5, 0xc4410bbb, 0x11794205, 0x41236021, 0x232106ad, 0x20a48221, 0x20898a3f, 0x25a28643, 0x20b06020,
	0xf28f6660, 0x2507e241, 0x20232c40,
	0x6982462e, 0x17b04635, 0x1b505843, 0x20585952, 0xb12e593c, 0x2b140130, 0x8c41b02d, 0x1b52221d, 0x201d8c50,
	0x871d8c42, 0x8f4f8b3b, 0x2c432431,
	0x9b2b3ab0, 0x2c442e70, 0x8a2b3bb0, 0xb03c2020, 0x8a422306, 0x252a9938, 0x2e4306b0, 0xa28230b0, 0xf2844520,
	0xb0250424, 0x79412604, 0xb0612405,
	0x4242230c, 0xb02205a9, 0x6d82430b, 0x2e203c24, 0xd0863823, 0xb12c462a, 0x4225040a, 0xb01600b0, 0x25203283,
	0x202dd242, 0x47c54247, 0x2502b024,
	0xdd826146, 0x38233c26, 0x2020211b, 0x21082f42, 0xa7865921, 0xb12c4725, 0x412b3a00, 0x48200786, 0x3b230d82,
	0x4123212b, 0xcd860617, 0x24080241,
	0x00b02c49, 0x05f64315, 0x0100b22d, 0x13141501, 0x2a36b02e, 0x964ab02d, 0x2c4b2817, 0x140100b1, 0x8237b013,
	0x2c4c2323, 0x068239b0, 0x2a824d20,
	0x23451629, 0x46202e20, 0x4161238a, 0x4e30072d, 0x230ab02c, 0x2b4db042, 0x2c4fb02d, 0x460000b2, 0x50200882,
	0x01200882, 0x51230883, 0x8401b22c,
	0x82522011, 0x20118408, 0x211a8253, 0x23824700, 0x08825420, 0x08830120, 0x1a825520, 0x56201184, 0x11840882,
	0xb32c5726, 0x43000000, 0x58202482,
	0x01200982, 0x59230984, 0x8501b32c, 0x825a2013, 0x20138509, 0x221d825b, 0x82430100, 0x825c2027, 0x84012009,
	0x825d2009, 0x2013851d, 0x8509825e,
	0x825f2013, 0x4500216a, 0x60202682, 0x01200882, 0x61200883, 0x11846a82, 0x08826220, 0x63201184, 0x00211a82,
	0x20238248, 0x20088264, 0x20088301,
	0x841a8265, 0x82662011, 0x20118408, 0x20978467, 0x20248244, 0x83978468, 0x84692009, 0x20098397, 0x8397846a,
	0x846b2009, 0x20098397, 0x8397846c,
	0x846d2009, 0x20098397, 0x8397846e, 0x2c6f2409, 0x413c00b1, 0x702008c0, 0xb0210d84, 0x205e8240, 0x200a8571,
	0x240a8241, 0x00b02c72, 0x21268316,
	0x0d8242b0, 0xb12c7325, 0x842b3c01, 0x85742023, 0x2023830a, 0x83238475, 0x20238318, 0x203c8276, 0x2055883d,
	0x840d8477, 0x85782031, 0x8241200a,
	0x85792047, 0x202e830a, 0x2047827a, 0x2052853d, 0x830a857b, 0x857c2020, 0x2020830a, 0x202b827d, 0x204f883e,
	0x840d847e, 0x857f204f, 0x202e830a,
	0x200a8580, 0x205a8242, 0x20398281, 0x204f853e, 0x830a8582, 0x85832020, 0x2020830a, 0x202b8284, 0x204f883f,
	0x840d8485, 0x8586204f, 0x8241200a,
	0x85872044, 0x202e830a, 0x20398288, 0x204f853f, 0x830a8589, 0x858a2020, 0x0820830a, 0xb22c8b21, 0x4503000b,
	0x06b05850, 0x0204b21b, 0x23584503,
	0x59211b21, 0xb02b4259, 0x03b06508, 0x47785024, 0x2d2e07d0, 0x00b84b00, 0xb15852c8, 0x598e0101, 0xf24d01b0,
	0xb1702a05, 0xb3420700, 0x00020020,
	0x2609832a, 0x0f0815b5, 0x850a0202, 0x061d230b, 0x0b840012, 0xbb420926, 0x00048005, 0x0b202482, 0x0b241982,
	0x4000bb42, 0x02330182, 0xb92a0b00,
	0x00000300, 0x0124b144, 0xb0585188, 0x83588840, 0x4464230f, 0x0f8328b1, 0x0008b822, 0x00251085, 0xb11b5944,
	0x29128327, 0x008008ba, 0x88400401,
	0x29845463, 0x59201882, 0xb53b0082, 0x01110617, 0xb82a0e02, 0xb085ff01, 0x02b18d04, 0x05b34400, 0x44000664,
	0x05000044, 0x848bd1fa, 0x00000074,
};
}
