#pragma once
namespace kte::Fonts::CrimsonPro {
// File: 'CrimsonPro-Regular.ttf' (137000 bytes)
// Exported using binary_to_compressed_c.cpp
static const unsigned int DefaultFontRegularCompressedSize = 84346;
static const unsigned int DefaultFontRegularCompressedData[84348/4] =
{
	0x0000bc57, 0x00000000, 0x28170200, 0x00000400, 0x00010025, 0x82120000, 0x00042604, 0x49534420, 0x240d8247, 0x17020001, 0x2c078220, 0x45444708, 
	0x41314546, 0x8301005f, 0x2b0f8250, 0x4f5047d0, 0x132b1d53, 0x8401007c, 0x853d1f82, 0x555347f6, 0x742b8542, 0x0a020070, 0x0d000018, 0x2f534f06, 
	0x5e7e3b32, 0x0100006e, 0x3c2f82a8, 0x616d6360, 0xf8cf5870, 0x0f000004, 0x08000008, 0x74766332, 0x16320820, 0x260000ad, 0x341f8214, 0x67706682, 
	0x012f626d, 0x1700007e, 0x0e00003c, 0x7361670c, 0x20178270, 0x206f8210, 0x3c078248, 0x796c6708, 0x2e090866, 0x2d000062, 0x3601001c, 0x61656830, 
	0x4b7b1864, 0x01000033, 0x211f822c, 0x10826836, 0x04c80727, 0x010000ee, 0x2c0f8264, 0x746d6824, 0xbad0e378, 0x02000058, 0x278f8208, 0x636f6c00, 
	0x05385961, 0x262d3f82, 0x06000098, 0x78616d82, 0x13b40670, 0x202f825f, 0x082f8288, 0x616e202b, 0x2f6b656d, 0x0100888f, 0x00004c63, 0x6f706c04, 
	0x92457473, 0x0100c3d1, 0x0000b867, 0x72708e1b, 0xa68b7065, 0x0000be6e, 0x228f8325, 0x820100cb, 0x00012d35, 0xb738ccc5, 0x3c0f5fe3, 0x040f00f5, 
	0x00251082, 0xbc09d800, 0x2b08837a, 0x3f4a1fdd, 0xe2fe92ff, 0xd8039d04, 0x06220f82, 0x2f820200, 0x01300283, 0x96030000, 0x000024ff, 0x92ffb504, 
	0x9d04d4fd, 0x19834984, 0x03210386, 0x29118340, 0x34044003, 0x65000700, 0x39820500, 0xb7006a2c, 0x00008d00, 0x0c0e6c02, 0x1d820400, 0x0f020424, 
	0x19829001, 0x9a020024, 0x36826602, 0x07854d20, 0x00660126, 0x00020132, 0xa027008a, 0x50ff0000, 0x874be000, 0x6f462912, 0xc0006148, 0x02fb0000, 
	0x03278385, 0x202701ee, 0x84930100, 0x02ae2198, 0x202a2783, 0x00020300, 0x46023300, 0x03e30100, 0xff240323, 0x270383f1, 0x2d003002, 0x34005c02, 
	0xaa2a0398, 0xb5042f00, 0xaa022f00, 0x03822600, 0x2f22078b, 0x17825c04, 0x2e002c23, 0x2703d602, 0x3000fa01, 0x33008802, 0xa0200398, 0xa0237b82, 
	0x85022500, 0x832e2007, 0x36012107, 0x6c229382, 0x07832f00, 0xff360123, 0x200382f6, 0x200386f2, 0x201382fb, 0x86038605, 0x1a00211f, 0x00212789, 
	0x200b820c, 0x202b822b, 0x200382d3, 0x210383b3, 0x4b824c02, 0x01270382, 0x033000ff, 0x83300030, 0x21038f07, 0x1788fc02, 0x52031824, 0x03832800, 
	0x00a20225, 0x82d3032f, 0x8307823b, 0x21038f0b, 0x1b8a9f03, 0xdf82ae20, 0x25820340, 0x34009503, 0x97820202, 0x2e000123, 0x208f8302, 0x9a0b8237, 
	0xdf012303, 0x03a73600, 0x00b1022b, 0x00890223, 0x002d0236, 0x23039810, 0x022c0098, 0x492603d7, 0xad030100, 0x038f0700, 0x00460227, 0x001d020f, 
	0x2303a400, 0x02300015, 0x6c26038f, 0xda012f00, 0x03b63b00, 0x37ab3020, 0x00ba0223, 0x2603843c, 0x0102000e, 0x972900a9, 0x1b022703, 0xf4012800, 
	0x07832900, 0x0321038b, 0x231782cd, 0x012a00c2, 0xc72a03d7, 0x2f012300, 0xef011700, 0x03972100, 0x00260223, 0x21038910, 0x0b83ddff, 0x000c0123, 
	0x25038916, 0x0c01ffff, 0x0382fbff, 0x1382cf20, 0x03860420, 0xff211f86, 0x232785e6, 0x0902ffff, 0xff233383, 0x840d01f7, 0x00dc2407, 0x87fafffd, 
	0xe9012303, 0x03861000, 0x1f821820, 0x038c1020, 0x1b822120, 0x83820d20, 0x07830a20, 0x82f8ff21, 0x030b241b, 0x83190037, 0x208b8203, 0x20038618, 
	0x850b8a01, 0x00172513, 0x00230318, 0x26260b85, 0xfc011800, 0x03402900, 0x13032b83, 0x19022a00, 0x0c021700, 0x03820400, 0x6c012a24, 0x038d1900, 
	0x89f4ff21, 0xf9ff250f, 0x36009201, 0x022703a7, 0x0116003a, 0x9b120053, 0x1f022303, 0x03d71000, 0xffd80125, 0x82f102fc, 0x21038ed7, 0xe382e101, 
	0x1f831b82, 0xb22303a0, 0x8e012d00, 0xfd002303, 0x0387afff, 0x00090225, 0x82e20316, 0x002328c3, 0x00200317, 0x821c0217, 0x822c2003, 0x200f8203, 
	0x28078302, 0x012f0058, 0x011600f7, 0x3407828c, 0x022100a4, 0x01080083, 0x020a00ee, 0x020e00c6, 0x02150024, 0x083b827d, 0x37004322, 0x2e005401, 
	0x1b00e801, 0x3600e601, 0x28000b02, 0x3000e301, 0x41000802, 0x2000d801, 0x44002702, 0x37220b82, 0x23821e02, 0x36004a26, 0x2400c101, 0x6b830382, 
	0x07822020, 0x18021e2c, 0xe0013c00, 0x30022300, 0x0b824000, 0x83823820, 0x03822c20, 0x03828120, 0x03823120, 0x03824c20, 0x03823020, 0x03825020, 
	0x03824720, 0x03823920, 0x03823f20, 0x03823c20, 0x03822d20, 0x23868420, 0x23203783, 0x07830b82, 0x07824420, 0x03822f20, 0x03823b20, 0x90013e22, 
	0x90226f82, 0x07825a00, 0x03822520, 0x0f863a20, 0x31200783, 0x32200b82, 0x2b200382, 0x0b830382, 0x07822420, 0x002727f0, 0x0392ff65, 0x865a0085, 
	0x003a2403, 0x823600ea, 0x871c2003, 0x8e022707, 0x0a013600, 0x03844600, 0x00662208, 0x0066010e, 0x00f60030, 0x00a4013c, 0x00b80137, 0x000f0228, 
	0x006e0120, 0xff6e0114, 0x005802ec, 0x230383f6, 0x64006801, 0x00220382, 0x37827101, 0x27827120, 0x6900452a, 0x2d004401, 0x50007501, 0xf42a0384, 
	0xe8030000, 0x58020000, 0x07833200, 0x94281384, 0xf4001300, 0xa7012100, 0xac200382, 0xac223382, 0x0f822100, 0x03823720, 0x2d022124, 0x03825000, 
	0x27844120, 0x41007526, 0x3b00a301, 0x3b249f82, 0xac001c02, 0xab200382, 0x00260382, 0x00003200, 0x0382ea00, 0x0386c020, 0x0782a020, 0x0f820283, 
	0x005c0227, 0x00a90134, 0x82078329, 0x0118262b, 0x023600df, 0x08bb821b, 0x17008e24, 0xefff7b01, 0x1c00fa01, 0x33008802, 0x1c004c02, 0x1a00ea01, 
	0x0800f701, 0x2c00af02, 0x1d00a202, 0x03864802, 0x1b820220, 0x4782eb20, 0x03251f82, 0x020700ad, 0x26bf821d, 0x02cf001c, 0x868d001c, 0x82382003, 
	0x82352007, 0x863e2003, 0xa30b8307, 0x022e2203, 0x2c8b82f5, 0x0107001c, 0x02efff5d, 0x020e00c6, 0x3a7f8283, 0x012d0079, 0x020a00ee, 0x020d0030, 
	0x02150024, 0x0231000a, 0x042300f4, 0x82230060, 0x032e245f, 0x823500b6, 0x03263803, 0x0364007c, 0x023d0089, 0x022500c9, 0x01210016, 0x033a00d8, 
	0x8333002a, 0x1f042d03, 0x69011600, 0xea002300, 0xa3013b00, 0x12230382, 0x83016900, 0x00cc2403, 0x82c8012b, 0x2b0782e7, 0x2f003204, 0x32007e03, 
	0xf8005802, 0xde200386, 0x9d200782, 0x8c240382, 0x18015802, 0xc9200782, 0x2c200782, 0x01210b85, 0x24078211, 0x00000011, 0x200386aa, 0x2007829d, 
	0x830382f7, 0x008c2407, 0x82180100, 0x82f0200b, 0x82de2003, 0x2027830b, 0x870b82a1, 0x82a52003, 0x86c9200b, 0x82822003, 0x8a812007, 0x8b3f8303, 
	0x82d32003, 0x8275201b, 0x20338303, 0x204b82f8, 0x83678665, 0x82df2077, 0x82b9200b, 0x86902003, 0x2437831f, 0xff000059, 0x200f82d7, 0x200382ca, 
	0x21ab856e, 0xbb82a500, 0x0382a120, 0x0786b920, 0x0782aa20, 0xd785f720, 0xe3870020, 0xdf859020, 0x8f830020, 0x96205783, 0x03833f82, 0x6f868920, 
	0xab200783, 0x17207f82, 0x0021d789, 0x870b8283, 0x8a872003, 0x926420d3, 0x873f83d3, 0x20d38303, 0x8323828c, 0x20d3a333, 0x06574160, 0x07823e20, 
	0x4f41ef20, 0x869f2006, 0x86a520f3, 0x41932007, 0xa1200a5f, 0x0f830b82, 0x03875f83, 0xab8a8120, 0x9f868320, 0x0b430020, 0xdf012f07, 0x88023600, 
	0xa2023300, 0xad031d00, 0x1f820700, 0x00000224, 0x03820300, 0x03001424, 0x07840100, 0x1e080422, 0xd8260782, 0x06008000, 0x09825800, 0x000dd408, 
	0x0039002f, 0x017e017e, 0x0192018f, 0x01b001a1, 0x01cf01cc, 0x02eb01e7, 0x0227021b, 0x0233022d, 0x02590237, 0x02bf02bc, 0x03dd02cc, 0x030c0304, 
	0x0312030f, 0x0324031b, 0x032e0328, 0x03380331, 0x03a30394, 0x03bc03a9, 0x1e091ec0, 0x1e171e0f, 0x1e211e1d, 0x1e2b1e25, 0x1e371e2f, 0x1e491e3b, 
	0x1e5b1e53, 0x1e6f1e69, 0x1e851e7b, 0x1e931e8f, 0x1e9e1e97, 0x200b20f9, 0x20152010, 0x201e201a, 0x20262022, 0x20332030, 0x2044203a, 0x20702052, 
	0x20892079, 0x20a420a1, 0x20a920a7, 0x20b220ad, 0x20ba20b5, 0x211321bd, 0x21222116, 0x222e2126, 0x22062202, 0x2212220f, 0x221a2215, 0x222b221e, 
	0x22602248, 0x26ca2565, 0x27672719, 0xfbfff8e9, 0x82ffff02, 0x00002ad7, 0x0020000d, 0x003a0030, 0x24d984a0, 0x01af01a0, 0x2ad982c4, 0x01ea01e6, 
	0x022602fa, 0x8430022a, 0x02b92ad9, 0x02c602be, 0x030003d8, 0x20d98206, 0x22d98211, 0x84260323, 0x8a3520d9, 0x082408d9, 0x141e0c1e, 0x201e1c1e, 
	0x2a1e241e, 0x361e2e1e, 0x421e3a1e, 0x5a1e4c1e, 0x6c1e5e1e, 0x801e781e, 0x921e8e1e, 0xa022d984, 0xd9820720, 0x18201226, 0x20201c20, 0x3222d984, 
	0xd9863920, 0x80207422, 0xa322d982, 0xd982a620, 0xb120ab22, 0xb922d982, 0xd98cbc20, 0xd9820520, 0xd9821120, 0xd9881920, 0xd9866420, 0xd982e820, 
	0xffff012a, 0x68023903, 0xbd010000, 0xff23e183, 0x83eb0028, 0x00002307, 0x078586fe, 0xff230585, 0x8cd6fe18, 0xffd4380f, 0xffcbffd3, 0xffc3ffc4, 
	0xffbcffbe, 0xfe54feb9, 0xfe41fe46, 0x8b2cfe2f, 0x230b9925, 0x18e212e3, 0xe2211d83, 0x8305834e, 0x1fe22d03, 0x84e279e2, 0xf9e12fe2, 0xc3e13be2, 
	0x95280182, 0x0000d7e1, 0xe1e1dee1, 0xe1211d83, 0x2e0584c1, 0xe1a7e1a8, 0xe17be192, 0x00a5e090, 0x8294e000, 0x82792003, 0xe0803603, 0xe052e075, 
	0xdc000034, 0xdb92dce0, 0x0984da45, 0x00e106ae, 0x21318301, 0x0582d400, 0x7801f022, 0x00250582, 0x32033003, 0x2b258203, 0x44034203, 0x88034603, 
	0x90038a03, 0x922a1784, 0x9a039803, 0xb003a603, 0x0f83b803, 0x25080395, 0xac03aa03, 0xb803b203, 0xbc03ba03, 0xc003be03, 0xc403c203, 0xd403c603, 
	0xe403e203, 0x0004fa03, 0x10040604, 0x3b831204, 0xc2290782, 0xc8040000, 0xd204ce04, 0x0c354104, 0x03831d83, 0x84c60421, 0x04c42305, 0x278300c8, 
	0x0d83ca20, 0x04230387, 0x870000c0, 0x21138503, 0x0785ba04, 0x270d0587, 0x46027102, 0x4d026a02, 0xa8027a02, 0x6b02af02, 0x53025202, 0x8f024c02, 
	0x58024202, 0x4e024102, 0x44024302, 0x93029602, 0x48029502, 0x0100ae02, 0x1e001d00, 0x2d002500, 0x45004400, 0x51004c00, 0x64006200, 0x70006600, 
	0x7d007200, 0xa200a000, 0xab00a300, 0xbf00b800, 0xd700d600, 0xdd00dc00, 0x5602e700, 0x57024f02, 0x5f029d02, 0xed00f902, 0x0a010901, 0x18011101, 
	0x31013001, 0x3d013801, 0x51014e01, 0x5d015401, 0x6a015f01, 0x8f018d01, 0x98019001, 0xac01a401, 0xc401c301, 0xca01c901, 0x5402d401, 0x5502b802, 
	0x72029b02, 0x77024702, 0x79028902, 0xb9028b02, 0xf702b102, 0xe601b202, 0x9c026602, 0xb3025902, 0xb502fb02, 0x35029902, 0xf2023602, 0xb002a602, 
	0xf5024a02, 0xe7013402, 0x3f026702, 0x40023e02, 0x13004902, 0x09000200, 0x10001a00, 0x1b001800, 0x3c002100, 0x32002e00, 0x5c003900, 0x56005300, 
	0x27005800, 0x8b007c00, 0x80007e00, 0x87009b00, 0x99009102, 0xc000c600, 0xc400c200, 0xa100de00, 0xff00a301, 0xf500ee00, 0xfc000601, 0x07010401, 
	0x27010d01, 0x1d011901, 0x47012401, 0x41013f01, 0x12014301, 0x78016901, 0x6d016b01, 0x74018801, 0x86019202, 0xad01b301, 0xb101af01, 0x8e01cb01, 
	0x1600cd01, 0x03000201, 0x1700ef00, 0x1f000301, 0x23000b01, 0x24000f01, 0x20001001, 0x28000c01, 0x29001301, 0x3f001401, 0x2f002a01, 0x3a001a01, 
	0x42002501, 0x30002d01, 0x48001b01, 0x46003401, 0x4a003201, 0x49003601, 0x4f003501, 0x4d003b01, 0x61003901, 0x5f004d01, 0x54004b01, 0x60004001, 
	0x5a004c01, 0x52003e01, 0x63004a01, 0x65005001, 0x53015201, 0x55016800, 0x57016a00, 0x56016900, 0x58016b00, 0x5c016f00, 0x60017400, 0x63017600, 
	0x62017500, 0x79006101, 0x95006601, 0x7f008201, 0x93006c01, 0x9f008001, 0xa4008c01, 0xa6009101, 0xa5009301, 0xac009201, 0xb1009901, 0xb0009e01, 
	0xae009d01, 0xbb009b01, 0xba00a701, 0xb900a601, 0xd400a501, 0xd000c101, 0xc100bd01, 0xd300ae01, 0xce00c001, 0xd200bb01, 0xd900bf01, 0xdf00c601, 
	0xe000cc01, 0xd501e800, 0xd701ea00, 0xd601e900, 0x7a018d00, 0xb501c800, 0x2c002600, 0x67001701, 0x5a016d00, 0x7a007300, 0x47006701, 0x98003301, 
	0x19008501, 0x1c000501, 0x9a000801, 0x0f008701, 0x1500fb00, 0x38000101, 0x3e002301, 0x57002901, 0x5e004201, 0x86004901, 0x94007301, 0xa7008101, 
	0xa9009401, 0xc3009601, 0xcf00b001, 0xb200bc01, 0xbc009f01, 0x1100a801, 0x8800fd00, 0x9e007501, 0x89008b01, 0xe5007601, 0xc402d201, 0xc002c102, 
	0xc602bf02, 0xf602c502, 0xc902f402, 0xc702c202, 0xc802c302, 0xf802f302, 0xfc02fd02, 0xfa02fe02, 0xd002cf02, 0xda02d402, 0xd702de02, 0xca02cd02, 
	0xd802e202, 0xd502d202, 0x0e012200, 0x15012a00, 0x16012b00, 0x2c014100, 0x2b014000, 0x1c013100, 0x37014b00, 0x3c015000, 0x3a014e00, 0x44015900, 
	0x59016c00, 0x5b016e00, 0x5e017100, 0x64017700, 0x65017800, 0x68017b00, 0x89019c00, 0x8a019d00, 0x84019700, 0x83019600, 0x9501a800, 0x9701aa00, 
	0xa001b300, 0xa101b400, 0x9a01ad00, 0x9c01af00, 0xa201b500, 0xaa01bd00, 0xab01be00, 0xc201d500, 0xbe01d100, 0xc801db00, 0xc501d800, 0xc701da00, 
	0xce01e100, 0xd801eb00, 0xfe001200, 0x00011400, 0xf6000a00, 0xf8000c00, 0xf9000d00, 0xfa000e00, 0xf7000b00, 0xf0000400, 0xf2000600, 0xf3000700, 
	0xf4000800, 0xf1000500, 0x26013b00, 0x28013d00, 0x2e014300, 0x1e013300, 0x20013500, 0x21013600, 0x22013700, 0x1f013400, 0x48015d00, 0x46015b00, 
	0x77018a00, 0x79018c00, 0x6e018100, 0x70018300, 0x71018400, 0x72018500, 0x6f018200, 0x7b018e00, 0x7d019000, 0x7e019100, 0x7f019200, 0x7c018f00, 
	0xb201c500, 0xb401c700, 0xb601c900, 0xb801cb00, 0xb901cc00, 0xba01cd00, 0xb701ca00, 0xd001e300, 0xcf01e200, 0xd101e400, 0xd301e600, 0x70026e02, 
	0x6f027302, 0x5c027402, 0x5b025a02, 0x64025d02, 0x60026502, 0x63026202, 0xba026102, 0x4b02bc02, 0x81027e02, 0x7c027b02, 0x86028002, 0x88027f02, 
	0x83028202, 0x9f028702, 0xa402a202, 0x8c029002, 0x9802a502, 0x00009702, 0x202c00b0, 0x585500b0, 0x20205945, 0x0e00b84b, 0x06b04b51, 0xb0585a53, 
	0x28b01b34, 0x20666059, 0xb058558a, 0xb9612502, 0x00080008, 0x62236363, 0xb021211b, 0x00b05900, 0xb2442343, 0x43000100, 0xb02d4260, 0x20b02c01, 
	0xb02d6660, 0x21232c02, 0xb02d2123, 0x64202c03, 0x151403b3, 0xb0434200, 0x60204313, 0x02b14260, 0xb1424314, 0xb0430325, 0x78544302, 0x230cb020, 
	0x432a0882, 0x04b06461, 0x02b27850, 0x46820202, 0x6521b024, 0x1583211c, 0x150eb226, 0x201c4201, 0x23250a82, 0x0113b242, 0x291b8213, 0x5000b023, 
	0xb2596558, 0x29830116, 0x04b02d2a, 0x2b03b02c, 0x584315b0, 0xb0236f83, 0x86434316, 0x201b3e20, 0xc0b02064, 0x2604b050, 0x0128b25a, 0x6345430d, 
	0x4506b045, 0x03b02158, 0x5b525925, 0x269c8258, 0x20588a1b, 0x825050b0, 0x59402512, 0x38b0201b, 0x38240983, 0xb1205959, 0x91822d85, 0x12822820, 
	0x20220d86, 0x0c8230b0, 0x8330b021, 0x50c02e29, 0x20662058, 0x20618a8a, 0x58500ab0, 0x203b8260, 0x201b8320, 0x2009830a, 0x35098336, 0x601b6036, 
	0x1b595959, 0xb02502b0, 0xb063430c, 0xb0585200, 0x2c834b00, 0x0f822120, 0xb04b1b23, 0x2625831e, 0xb8614b1e, 0x82630010, 0xb8632f11, 0x59620005, 
	0x59616459, 0x592b01b0, 0xe2852359, 0x64205922, 0x232dcf82, 0xb02d5942, 0x45202c05, 0x2504b020, 0x2ed38261, 0x58504307, 0x422307b0, 0x422308b0, 
	0x8221211b, 0x2d602432, 0x842c06b0, 0x2b0328fe, 0x07b16420, 0x83204262, 0x20ee831c, 0x83be851b, 0x04b02805, 0xb0634560, 0x82212a05, 0x2043241c, 
	0x828a208a, 0x30b1386b, 0x04b02505, 0x60585126, 0x52611b50, 0x59235859, 0xb0205921, 0x82585340, 0x211b231b, 0x8a8740b0, 0x07b02d2a, 0x4309b02c, 
	0x0200b22b, 0x2005e641, 0x3a0e8208, 0x20234223, 0x422300b0, 0x6202b061, 0x6301b066, 0xb06001b0, 0xb02d2a07, 0x83202c09, 0x430e26ad, 0x0004b863, 
	0x82228262, 0x604022af, 0x21228359, 0x24824460, 0x0ab02d2c, 0x0e09b22c, 0x42454300, 0x3842212a, 0x2c0b2108, 0x200d4842, 0x2245850c, 0x82232b01, 
	0x32fa8217, 0x8a452060, 0x64206123, 0x5020b020, 0x00b02158, 0x8230b01b, 0x1b202157, 0xa587a482, 0x2503b025, 0x85446123, 0x960d2062, 0x24b0213e, 
	0x3c823582, 0x348bda88, 0x842c0e21, 0x0db325d0, 0x4503000c, 0x1b356582, 0x2a592123, 0x0fb02d21, 0x0202b12c, 0x6164b045, 0x10b02d44, 0x29c2822c, 
	0x0fb02020, 0x00b04a43, 0x08825850, 0x59422324, 0x0d8310b0, 0x0d825220, 0x0d821020, 0x11b02d22, 0x10214882, 0x24f18362, 0x0004b820, 0x08b88263, 
	0x4311b027, 0x608a2060, 0x2311b020, 0xb02d2342, 0x544b2c12, 0x6404b158, 0xb0245944, 0x7823650d, 0x2c13b02d, 0x4b58514b, 0x21148553, 0x1782211b, 
	0x17841320, 0xb12c143c, 0x55431200, 0x1212b158, 0x6101b043, 0x2b11b042, 0x4300b059, 0x422502b0, 0x04830fb1, 0x04821020, 0x1601b024, 0xc9822023, 
	0xb158502d, 0x60430001, 0x422504b0, 0x83208a8a, 0x2a102376, 0x36822321, 0x1b200b87, 0x32831f85, 0x61250223, 0x201d82b0, 0x20c98259, 0x23bf8247, 
	0x02b06047, 0x210dac41, 0xc241b020, 0xb1410814, 0x23130000, 0x4301b044, 0xb23e00b0, 0x43010101, 0xb02d4260, 0xb1002c15, 0x54450200, 0x2312b058, 
	0xb0452042, 0xb042230e, 0x04b0230d, 0x60204260, 0x011818b7, 0x13001100, 0x42424200, 0xb020608a, 0x2e1b8214, 0x14b16101, 0x8bb02b08, 0x59221b2b, 
	0x8216b02d, 0x2b1527e3, 0x2c17b02d, 0x078301b1, 0xb12c1823, 0x23078302, 0x03b12c19, 0x1a230783, 0x8304b12c, 0x2c1b2307, 0x078305b1, 0xb12c1c23, 
	0x23078306, 0x07b12c1d, 0x1e230783, 0x8308b12c, 0x2c1f2307, 0x078309b1, 0x232c2b24, 0x7f41b020, 0x06b02e05, 0x58544b60, 0xb02e2023, 0x211b5d01, 
	0x206c8221, 0x201c8a2c, 0x201c8816, 0x201c8571, 0x201c8a2d, 0x201c8826, 0x251c8572, 0xb0002c20, 0xe7982b0f, 0x6101b023, 0x83ea85b5, 0x20df8be7, 
	0x20df8221, 0x20df8220, 0x83df8222, 0x82232007, 0x200783df, 0x83df8224, 0x82252007, 0x200783df, 0x83df8226, 0x82272007, 0x200783df, 0x83df8228, 
	0x82292007, 0x200783df, 0x83df822a, 0x2c2e3207, 0x01b03c20, 0x2fb02d60, 0xb060202c, 0x43206018, 0x240e8223, 0x2502b043, 0x35078261, 0x212a2eb0, 
	0x2c30b02d, 0xb02b2fb0, 0xb02d2a2f, 0x20202c31, 0xcd412047, 0x61232716, 0x8a202338, 0x219c5855, 0x59211b25, 0x4132b02d, 0xb13407e2, 0x4245060e, 
	0xb01601b0, 0x05b12a31, 0x58451501, 0x221b5930, 0x33202082, 0x970a1e41, 0x2c342323, 0xb9843520, 0x4d823520, 0x45204785, 0x22112644, 0x422b01b0, 
	0x1783147b, 0xb4160023, 0x27008300, 0x38233e44, 0x150134b1, 0x3623eb83, 0x823c202c, 0x2f3394c0, 0x4300b060, 0xb02d3861, 0x172e2c37, 0x38b02d3c, 
	0xb0232a9f, 0x82634301, 0x3933082e, 0x0002b12c, 0x2e202516, 0x00b04720, 0x02b04223, 0x8a8a4925, 0x23472347, 0x62582061, 0xb059211b, 0xb2422301, 
	0x15010138, 0xb02d2a14, 0x00b02c3a, 0x8217b016, 0x25042426, 0x842504b0, 0x0cb12f26, 0x0bb04200, 0x8a652b43, 0x2020232e, 0x53828a3c, 0x268d3b20, 
	0x842e2021, 0xb0202428, 0x87422306, 0xb0203e2d, 0x20585060, 0x585140b0, 0x052004b3, 0x04b31b20, 0x591a0526, 0x20234242, 0x20430ab0, 0x827f828a, 
	0x46232581, 0x4306b060, 0x240fae43, 0x01b02060, 0x0595462b, 0x60430430, 0x05b02364, 0x50646143, 0x4304b058, 0x0b821b61, 0xb0596024, 0x338f2503, 
	0x9a826120, 0x2604b028, 0x38614623, 0x6182231b, 0xe7824620, 0x97840682, 0x64924f82, 0x01228882, 0x7e82232b, 0x6d826020, 0x2505b023, 0x8f038261, 
	0x24518255, 0x04b02061, 0x20848325, 0x45058203, 0x6b890649, 0xb02d5923, 0x070b413c, 0x20202025, 0x412605b0, 0x2325060b, 0xb02d383c, 0x231a883d, 
	0x42230ab0, 0x46221f82, 0x6c824723, 0x82612321, 0x413e201b, 0xcc830842, 0x29056941, 0x585400b0, 0x233c202e, 0xbd831b21, 0x14850220, 0x8a415482, 
	0x06b02208, 0x20a58225, 0x0bbb4849, 0x4205c441, 0x60211179, 0x06ad4123, 0x82212321, 0x8a3f20a4, 0x86432089, 0x602025a2, 0x666020b0, 0xe241f28f, 
	0x2c402507, 0x462e2023, 0x46356982, 0x584317b0, 0x59521b50, 0x593c2058, 0x0130b12e, 0xb02d2b14, 0x221d8c41, 0x8c501b52, 0x8c42201d, 0x8b3b871d, 
	0x24318f4f, 0x3ab02c43, 0x2e709b2b, 0x3bb02c44, 0x20208a2b, 0x2306b03c, 0x99388a42, 0x06b0252a, 0x30b02e43, 0x4520a282, 0x0424f284, 0x2604b025, 
	0x24057941, 0x230cb061, 0x05a94242, 0x430bb022, 0x3c246d82, 0x38232e20, 0x462ad086, 0x040ab12c, 0x00b04225, 0x3283b016, 0xd2422520, 0x4247202d, 
	0xb02447c5, 0x61462502, 0x3c26dd82, 0x211b3823, 0x2f422020, 0x59212108, 0x4725a786, 0x3a00b12c, 0x0786412b, 0x0d824820, 0x212b3b23, 0x06174123, 
	0x0241cd86, 0x2c492408, 0x431500b0, 0xb22d05f6, 0x15010100, 0xb02e1314, 0xb02d2a36, 0x2817964a, 0x00b12c4b, 0xb0131401, 0x23238237, 0x39b02c4c, 
	0x4d200682, 0x16292a82, 0x2e202345, 0x238a4620, 0x072d4161, 0xb02c4e30, 0xb042230a, 0xb02d2b4d, 0x00b22c4f, 0x08824600, 0x08825020, 0x08830120, 
	0xb22c5123, 0x20118401, 0x84088252, 0x82532011, 0x4700211a, 0x54202382, 0x01200882, 0x55200883, 0x11841a82, 0x08825620, 0x57261184, 0x0000b32c, 
	0x24824300, 0x09825820, 0x09840120, 0xb32c5923, 0x20138501, 0x8509825a, 0x825b2013, 0x0100221d, 0x20278243, 0x2009825c, 0x20098401, 0x851d825d, 
	0x825e2013, 0x20138509, 0x216a825f, 0x26824500, 0x08826020, 0x08830120, 0x6a826120, 0x62201184, 0x11840882, 0x1a826320, 0x82480021, 0x82642023, 
	0x83012008, 0x82652008, 0x2011841a, 0x84088266, 0x84672011, 0x82442097, 0x84682024, 0x20098397, 0x83978469, 0x846a2009, 0x20098397, 0x8397846b, 
	0x846c2009, 0x20098397, 0x8397846d, 0x846e2009, 0x24098397, 0x00b12c6f, 0x08c0413c, 0x0d847020, 0x8240b021, 0x8571205e, 0x8241200a, 0x2c72240a, 
	0x831600b0, 0x42b02126, 0x73250d82, 0x3c01b12c, 0x2023842b, 0x830a8574, 0x84752023, 0x83188323, 0x82762023, 0x883d203c, 0x84772055, 0x2031840d, 
	0x200a8578, 0x20478241, 0x830a8579, 0x827a202e, 0x853d2047, 0x857b2052, 0x2020830a, 0x830a857c, 0x827d2020, 0x883e202b, 0x847e204f, 0x204f840d, 
	0x830a857f, 0x8580202e, 0x8242200a, 0x8281205a, 0x853e2039, 0x8582204f, 0x2020830a, 0x830a8583, 0x82842020, 0x883f202b, 0x8485204f, 0x204f840d, 
	0x200a8586, 0x20448241, 0x830a8587, 0x8288202e, 0x853f2039, 0x8589204f, 0x2020830a, 0x830a858a, 0x8b210820, 0x000bb22c, 0x58504503, 0xb21b06b0, 
	0x45030204, 0x1b212358, 0x42595921, 0x6508b02b, 0x502403b0, 0x07d04778, 0x4b002d2e, 0x52c800b8, 0x0101b158, 0x01b0598e, 0x2c05f24d, 0x0700b170, 
	0x0000b542, 0x00041e2e, 0x2b0b832a, 0x043b0a40, 0x08230433, 0x0a040715, 0x3f271086, 0x2b023702, 0x84051c06, 0x420b2e10, 0x0d000fbd, 0x05000900, 
	0x00040080, 0x2422820b, 0x00bd420f, 0x83018640, 0x00b92f11, 0x44000003, 0x880124b1, 0x40b05851, 0x0f835888, 0xb1446423, 0x220f8328, 0x850008b8, 
	0x44002510, 0x27b11b59, 0xba291283, 0x01008008, 0x63884004, 0x82298454, 0x82592018, 0x0a403f00, 0x0235023d, 0x05170625, 0xb82a0e04, 0xb085ff01, 
	0x02b18d04, 0x05b34400, 0x44000664, 0x00a60044, 0x84001921, 0x54022901, 0xf8010000, 0x1cfff5ff, 0x00210989, 0x32018259, 0x022e002e, 0x02fcff4f, 
	0x00b001a8, 0x0224ff00, 0x82f7ff54, 0xffb6260b, 0x001cfff8, 0x24018256, 0x01290029, 0x223b8286, 0x87faff8a, 0x4d02270f, 0x5102c700, 0x8184c100, 
	0x002ada0c, 0x00880076, 0x00ac009a, 0x00d200c0, 0x01f600e4, 0x011a0108, 0x0140012e, 0x01640152, 0x01880176, 0x01a6019a, 0x01ca01b8, 0x02ee01dc, 
	0x0270025e, 0x03940282, 0x034c033a, 0x040204b4, 0x04260414, 0x04460432, 0x046a0458, 0x04ca04be, 0x05ee04dc, 0x050c0500, 0x05280518, 0x05c005ae, 
	0x05e405d2, 0x060a06f8, 0x0630061c, 0x06540642, 0x06780666, 0x069c068a, 0x06ba06a8, 0x06de06cc, 0x070207f0, 0x07b40714, 0x083208c6, 0x08a80896, 
	0x08cc08ba, 0x08ea08d8, 0x096c09fc, 0x0988097c, 0x09a6099a, 0x09ea09de, 0x0a0e0afc, 0x0a320a20, 0x0a560a44, 0x0a7a0a68, 0x0a980a86, 0x0abc0aaa, 
	0x0b240bce, 0x0b860b36, 0x0cfa0b98, 0x0c4e0c06, 0x0c6c0c5a, 0x0c8a0c7e, 0x0ca80c9c, 0x0cc40cb8, 0x0d320dd6, 0x0d8a0d3e, 0x0da80d96, 0x0dc60dba, 
	0x0ee40dd8, 0x0e720e62, 0x0e900e7e, 0x0ee80ed6, 0x0f0c0ffa, 0x0f320f1e, 0x0f560f44, 0x0f7a0f68, 0x0f9e0f8c, 0x0fbc0fb0, 0x10e00fce, 0x10661054, 
	0x10841072, 0x10a81096, 0x10cc10ba, 0x11f010de, 0x116c1102, 0x118c1178, 0x11b0119e, 0x12d411c2, 0x131813bc, 0x14e4137e, 0x14661454, 0x14841478, 
	0x14a21496, 0x15c014b4, 0x152c151a, 0x15581546, 0x1576156a, 0x15941588, 0x15b215a6, 0x168c16c6, 0x173a17de, 0x175e174c, 0x1776176a, 0x178e1782, 
	0x18ee17dc, 0x18121800, 0x18361824, 0x18541842, 0x18c01866, 0x18de18d2, 0x190219f0, 0x19261914, 0x194a1938, 0x19c6195c, 0x19ea19d8, 0x1a2e1afc, 
	0x1a881a76, 0x1aac1a9a, 0x1b041bbe, 0x1b561b44, 0x1b7a1b68, 0x1b981b8c, 0x1bbc1baa, 0x1ce01bce, 0x1c521c40, 0x1c761c64, 0x1da01c82, 0x1d161d0a, 
	0x1d2e1d22, 0x1d481d3c, 0x1d601d54, 0x1d781d6c, 0x1d921d86, 0x1daa1d9e, 0x1dc21db6, 0x1dda1dce, 0x1df21de6, 0x1e0a1efe, 0x1ea21e96, 0x1fba1eae, 
	0x1f981f8c, 0x204620fa, 0x205e2052, 0x2078206a, 0x20902084, 0x215c21fa, 0x21782168, 0x21902184, 0x21f221a0, 0x220a22fe, 0x22242216, 0x223c2230, 
	0x2256224a, 0x226e2262, 0x2286227a, 0x229e2292, 0x22b622aa, 0x22ce22c2, 0x23e622da, 0x2366235a, 0x241a24b6, 0x24ae24a2, 0x24c624ba, 0x24de24d2, 
	0x255225ea, 0x256e2562, 0x2586257a, 0x25c82592, 0x25e025d4, 0x26f825ec, 0x26102604, 0x262c261c, 0x26442638, 0x26642650, 0x27fa2670, 0x27122706, 
	0x27442738, 0x28b427a8, 0x284e2816, 0x2866285a, 0x28842872, 0x28a02890, 0x29be28ac, 0x29522946, 0x29c229b6, 0x29da29ce, 0x29f229e6, 0x2a6c2afe, 
	0x2a882a7c, 0x2ad62a94, 0x2aee2ae2, 0x2b062bfa, 0x2b202b14, 0x2b382b2c, 0x2b502b44, 0x2b682b5c, 0x2b802b74, 0x2cfa2b8c, 0x2c122c06, 0x2c2a2c1e, 
	0x2cd82ccc, 0x2cf02ce4, 0x2d082dfc, 0x2d7a2d6e, 0x2d942d88, 0x2dac2da0, 0x2e3e2eb8, 0x2f4c2fc2, 0x300830b6, 0x30203014, 0x3038302c, 0x30503044, 
	0x30b8305c, 0x30d030c4, 0x30e830dc, 0x310031f4, 0x3118310c, 0x31323124, 0x322c32ee, 0x324a323e, 0x32623256, 0x32803274, 0x32e4328c, 0x33fc32f0, 
	0x33143308, 0x332c3320, 0x33443338, 0x33ae33a2, 0x33c633ba, 0x33de33d2, 0x34f633ea, 0x340e3402, 0x3496348a, 0x34ae34a2, 0x352835e0, 0x35403534, 
	0x3558354c, 0x35e0359e, 0x36f835ec, 0x36103604, 0x3628361c, 0x36403634, 0x36b6364c, 0x36ce36c2, 0x36e636da, 0x373237f2, 0x3752373e, 0x388038f2, 
	0x391a3990, 0x39b43926, 0x39cc39c0, 0x3a4e3ae0, 0x3bb23a8e, 0x3b723b1c, 0x3c523cde, 0x3dc63c96, 0x3d723d12, 0x3efe3db2, 0x3e783e48, 0x3f2c3fe0, 
	0x40a23f74, 0x40684002, 0x410841bc, 0x42864156, 0x424e4202, 0x43c24290, 0x436e430e, 0x44fe43b2, 0x447c444a, 0x453245e6, 0x46aa457a, 0x4676460e, 
	0x471447c8, 0x48924762, 0x485c480c, 0x49c64898, 0x4980490a, 0x4a004aba, 0x4a864a50, 0x4b324be4, 0x4b9c4b6e, 0x4c3c4cde, 0x4dbc4c76, 0x4d424d0c, 
	0x4eee4da0, 0x4e564e28, 0x4ff64e98, 0x4f864f40, 0x500e50d6, 0x50bc506c, 0x512651f8, 0x52e2516a, 0x5264521c, 0x53ec52b4, 0x539a534a, 0x53bc53ac, 
	0x54dc53cc, 0x54285400, 0x54a85466, 0x550a55b8, 0x56bc5546, 0x5642561c, 0x57e8566e, 0x576e5754, 0x57a85784, 0x58ea57cc, 0x58565808, 0x58c658a6, 
	0x59f858e8, 0x591c5900, 0x59545938, 0x5964595c, 0x59ac5984, 0x59c459b8, 0x5af859d0, 0x5a345a28, 0x5a565a40, 0x5a785a6c, 0x5aca5aae, 0x09018fe8, 
	0x5b625ba7, 0x5c5e5cbe, 0x5d685dd2, 0x5e605ef0, 0x5f5e5fe0, 0x615e60f2, 0x6296613c, 0x63a06210, 0x64b8631c, 0x65886424, 0x66ec6548, 0x6672664c, 
	0x670067e6, 0x67466728, 0x67b26764, 0x681c68de, 0x68486832, 0x68a26876, 0x693c69d6, 0x699e697c, 0x6a306ac6, 0x6be86a98, 0x6b666b40, 0x6c506cc8, 
	0x6dea6c7e, 0x6ef66d52, 0x6ff66ece, 0x7aa670ce, 0x7b407b8a, 0x7c627cee, 0x7e987dfe, 0x7f187f7e, 0x7f887f60, 0x80e47fca, 0x8088800e, 0x819081dc, 
	0x820c829c, 0x825e8234, 0x82968278, 0x82ba82a8, 0x831a83e8, 0x834c832c, 0x83ac836c, 0x843884f2, 0x84948462, 0x84b884a6, 0x850285e8, 0x85508530, 
	0x85aa8570, 0x861c86d8, 0x87a68666, 0x875c8712, 0x88c687a8, 0x88548820, 0x88c88884, 0x891089e2, 0x896a893a, 0x89d28994, 0x8a568afc, 0x8abc8a8e, 
	0x8bfa8ada, 0x8b2a8b1a, 0x8b448b3c, 0x8b548b4c, 0x8b648b5c, 0x8b748b6c, 0x8b848b7c, 0x8b948b8c, 0x8ba48b9c, 0x8c068cca, 0x8c928c4c, 0x8cec8cb8, 
	0x8d108dfe, 0x8d5a8d40, 0x8d928d76, 0x8ef68dcc, 0x8e828e36, 0x8f308fbe, 0x8fd08f7e, 0x903490ea, 0x9084905c, 0x91e090c6, 0x9130910a, 0x918e915c, 
	0x92fc91d6, 0x9280924e, 0x92c292a8, 0x93ee92dc, 0x93329300, 0x937c9360, 0x94e493b0, 0x94a69442, 0x950295d4, 0x95bc9568, 0x962696ee, 0x97ee9688, 
	0x973a9714, 0x97e89790, 0x984498e8, 0x995a99ce, 0x9baa9ae8, 0x00000018, 0xff330002, 0x02cd0124, 0x0003009c, 0x402a0007, 0x30138227, 0x03000203, 
	0x01020067, 0x00570201, 0x5f010202, 0x27098204, 0x00004f01, 0x04050607, 0x033e2682, 0x17060511, 0x2111172b, 0x11212511, 0x9a013321, 0x340199fe, 
	0x03dcccfe, 0x3388fc78, 0x53831203, 0x04820120, 0x02463208, 0x0014005d, 0x4034001c, 0x0a121331, 0x00050109, 0x194c0101, 0x4a030204, 0x00030105, 
	0x01030001, 0x02020467, 0x00290000, 0x0015184e, 0x181c1500, 0x082f821a, 0x17631457, 0x2b180806, 0x13372733, 0x07171337, 0x27372723, 0x22232622, 
	0x17070706, 0x36323707, 0x16072733, 0x31020316, 0x32da3ace, 0x3d02ca03, 0x19361c35, 0x2f21391b, 0x1a69023d, 0x5961122c, 0x0e263113, 0xfd230602, 
	0x26260ed7, 0x0101860e, 0x260e8501, 0xf2f301eb, 0x21918201, 0x7582ffff, 0x46020026, 0x26021003, 0x01330983, 0xf1060306, 0xb10900b7, 0xffb80102, 
	0x2b35b0b7, 0x88000000, 0x880a2023, 0x980c2023, 0x88852023, 0x85312023, 0x8c022023, 0x39ff2147, 0x47866b82, 0x03260025, 0x8200e61c, 0x204d8571, 
	0x88718703, 0x204b896f, 0x204b9332, 0x89b78300, 0x98332023, 0x88872023, 0x98342093, 0x88022023, 0x98092023, 0x204789db, 0x84479335, 0x884786db, 
	0x914d85db, 0x204b89db, 0x8e4b9336, 0x983720db, 0x20478923, 0x20239838, 0x20db8806, 0x21239718, 0x2388f702, 0x23980020, 0x2388f920, 0x23410320, 
	0x21ff8313, 0x23855d02, 0x03060024, 0x3b42e61c, 0x095f420b, 0x3b930520, 0x3920ef84, 0x17205f88, 0x04202398, 0x19202388, 0x02212397, 0x202388e0, 
	0x08238f13, 0x00020060, 0x0221ff01, 0x005d0253, 0x002f0027, 0x1a47404a, 0x09111215, 0x02010608, 0x04022425, 0x2c4c0201, 0x4a050218, 0x00050107, 
	0x02050102, 0x01010367, 0x004d2901, 0x61000404, 0x00000106, 0x2b4e002a, 0x28000128, 0x222d2b2f, 0x10131420, 0x0006070a, 0x08270127, 0x052b1608, 
	0x34352622, 0x9c433736, 0x310c820c, 0x17133713, 0x15060607, 0x32331614, 0x06173736, 0xb0430306, 0xea012606, 0x383e3e34, 0x0bae4375, 0xc343a820, 
	0x4a3b3706, 0x21141a20, 0x36131610, 0x122c1af6, 0x31135862, 0x272635df, 0xbd431944, 0x08cf4308, 0x28421030, 0x1013201b, 0x011b171b, 0xf2f301ca, 
	0x3b430101, 0x41432008, 0x0d200803, 0x2117cf41, 0x23888f03, 0x23980e20, 0x23880020, 0x4b410f20, 0xff630811, 0x03fbfff1, 0x004f0206, 0x004f0049, 
	0x2d644067, 0x0506022c, 0x0333344d, 0x13140608, 0x27030102, 0x0102021a, 0x01264c04, 0x004b0101, 0x0a000007, 0x00670007, 0x09010b08, 0x67090803, 
	0x000a010c, 0x030a0103, 0x06060067, 0x05005f05, 0x004d2505, 0x5f020101, 0x02020104, 0x4c4e0229, 0x4a00004a, 0x824e4c4f, 0x493d085b, 0x35555512, 
	0x55356613, 0x1f080d52, 0x2627252b, 0x06222323, 0x16141523, 0x33161617, 0x37363233, 0x26071737, 0x27212326, 0x35363637, 0x23222235, 0x07072222, 
	0x27230717, 0x37270137, 0x211f8221, 0x33850717, 0x06140726, 0x32151506, 0x25083483, 0x15333737, 0x11373225, 0x70021603, 0x43220c0d, 0x010c150a, 
	0x1c170d01, 0x091f2055, 0x22272d33, 0xb6fe1429, 0x12823d02, 0x20283408, 0x4f143321, 0x03ae023d, 0x3c380133, 0x1b480102, 0x2d141930, 0x68180d22, 
	0x01111d0f, 0x0a150c01, 0x0d0c2243, 0x3585fe29, 0xcd1d9e20, 0x7b010345, 0x820a3d1d, 0x022f08c7, 0x0392095f, 0x0d0e2602, 0x01182e2f, 0x26260e81, 
	0x09e8010e, 0x84020226, 0x01035407, 0x30250501, 0x03015f18, 0x011ac245, 0xfdfe0301, 0x41ffff01, 0x032c054b, 0x00260210, 0x0100001b, 0x72060306, 
	0x080e8745, 0x0003005d, 0x0200002d, 0x004b0202, 0x00250017, 0x403b0033, 0x03010738, 0x05010f00, 0x04013302, 0x01011705, 0x004c0404, 0x04050002, 
	0x00690502, 0x5f000303, 0x25000000, 0x0404004d, 0x01005f01, 0x4e012901, 0x43242832, 0x0806282a, 0x36372b1c, 0x34353536, 0x33372727, 0x14151632, 
	0x83160706, 0x23233105, 0x32151327, 0x36323316, 0x23263435, 0x11060623, 0x08056341, 0x34353220, 0x07222223, 0x0604026a, 0x62ee023d, 0x4c3a4565, 
	0xda738651, 0x1c0f9702, 0x42474211, 0xef82433e, 0x0d013008, 0xa29a0d2c, 0x34091d1b, 0xbc3c4f08, 0x270a1087, 0x48314449, 0x3d4a0a0b, 0x01265b4e, 
	0x3a015777, 0x07373435, 0x2ce5fe4c, 0x05020947, 0x82017671, 0x340037e4, 0x4002f7ff, 0x20005402, 0x30403300, 0x0102010b, 0x03020c1d, 0xc4820202, 
	0x61010222, 0x2b21b282, 0x21c6834d, 0x2c820461, 0x4e002c2f, 0x181a0001, 0x07091012, 0x20012000, 0x05724305, 0x34352624, 0xc2823636, 0x0717172c, 
	0x23262627, 0x15060622, 0xc0821614, 0x37374108, 0x06060717, 0x8f577001, 0x68934e56, 0x07245c29, 0x3e131e2d, 0x2d5f4b1d, 0x3d3d653b, 0x1c2e2c2f, 
	0x43095e22, 0x8c546285, 0x890f1053, 0x0d0d5f04, 0x55416c41, 0x5e1c3c76, 0x1a127e05, 0xffff0000, 0x03259b85, 0x00260210, 0x28aa821e, 0x31060306, 
	0xb10900b7, 0x0c174701, 0x0321bf84, 0x2023880a, 0x2023940a, 0x85e38321, 0x06002523, 0x00311f03, 0x17825f86, 0x00215f87, 0x20178326, 0x47658701, 
	0x8788087d, 0x63880220, 0x63940920, 0x6382f720, 0x2388f920, 0x238f0320, 0x0002003b, 0x0200002f, 0x004b0272, 0x00270013, 0x132c402f, 0x14000301, 
	0x0a030201, 0x20048201, 0x0a2d424c, 0x42020221, 0x262a072d, 0x251e2024, 0x18080420, 0x2542132b, 0x23062205, 0x05634323, 0x27263428, 0x06141727, 
	0x84431506, 0x05304206, 0x06223f08, 0xb19ef231, 0xfe5f9252, 0x03023d02, 0x993d0203, 0x02030101, 0x6a183320, 0x12777f6e, 0x974b0228, 0x4d875888, 
	0x54090e26, 0x523bbc36, 0x09100e07, 0xbc31391f, 0x0415482e, 0x836b7105, 0x1741038a, 0xff2f2a05, 0x029d04fc, 0x0026004d, 0x28108225, 0x02e70007, 
	0xff0000a0, 0x840f82ff, 0x840220bf, 0x06012517, 0x90c62303, 0x2006a748, 0x08a74890, 0x0321e384, 0x2123880a, 0x4343220a, 0x2547a70e, 0x720239ff, 
	0x47854b02, 0x03060024, 0x8a82181c, 0x2f223b82, 0x178c50ff, 0x17882220, 0x4304fe24, 0xb386a502, 0xd4012724, 0x3082aa02, 0xd5020724, 0x07825c02, 
	0x00013208, 0x02fbff2e, 0x004f020f, 0x40530040, 0x2a2b3250, 0x08040603, 0x15000701, 0x07010214, 0x0102011b, 0x011c4c04, 0x004b0101, 0x07000005, 
	0x00670005, 0x2b1d8206, 0x67070601, 0x03040400, 0x0303005f, 0x25061a45, 0x29020200, 0x51824e02, 0x40004036, 0x4b445612, 0x09435635, 0x252b1d08, 
	0x23262627, 0x07062223, 0x22171245, 0x45272634, 0x013d1c08, 0x18050c77, 0x170a4c11, 0x0e01010c, 0x2161131f, 0x2d34071f, 0x142d1d29, 0x3e03a9fe, 
	0x08008202, 0x01033e24, 0x1d321541, 0x10212d14, 0x1d137117, 0x0c01010e, 0x244c0a17, 0xcd2b0c0a, 0x01020244, 0x3c1e7a01, 0x27820109, 0x2706f344, 
	0xbc424a07, 0x0e064b43, 0x2107ee44, 0xee440402, 0xffff2107, 0x25050b41, 0x26021003, 0x57432d00, 0x43ec2005, 0x2e261157, 0x0f02fbff, 0x23880a03, 
	0x23a20c20, 0x23940a20, 0x47892120, 0x03260028, 0x0100ec1f, 0x4d850306, 0x850b6343, 0x8802206f, 0x9409206f, 0x2093834b, 0x20238887, 0x4a238535, 
	0x2e220cdf, 0x6f8239ff, 0x6f824786, 0x6f841c20, 0x6f914d85, 0x36204b89, 0x6f834b94, 0x6f888520, 0x23983720, 0x38204789, 0x06202398, 0x18204788, 
	0x02212397, 0x202388f7, 0x20239800, 0x202388f9, 0x14234103, 0x0221ff82, 0x2223854f, 0x82030600, 0x000021ff, 0x2012f341, 0x833b9405, 0x883920ef, 
	0x9817205f, 0x88042023, 0x97192023, 0xe0022123, 0x13202388, 0x03202397, 0x20093741, 0x8aef9716, 0x8f152023, 0x002c0823, 0xff2e0001, 0x021f0221, 
	0x004d004f, 0x3f614064, 0x08033738, 0x09010806, 0x02141500, 0x01280901, 0x1d1e0104, 0x05040202, 0x0101294c, 0x2b050049, 0x67000709, 0x010a0800, 
	0x09080109, 0x080df748, 0x005f0421, 0x4d290404, 0x03020200, 0x03030061, 0x004e032a, 0x004d0000, 0x4456124d, 0x2823154b, 0x480b4356, 0xe84305fa, 
	0x055d4a13, 0x06173723, 0x05834a23, 0x43060849, 0x272e34f5, 0x2219205e, 0x3d2c1723, 0x31384033, 0xfe4385fe, 0x3a8d2e2f, 0x23201b40, 0x2833321b, 
	0x261c4325, 0x1908440e, 0x1742dd82, 0x41002008, 0x0f2008ab, 0x3e0fab41, 0x30000100, 0xe8010000, 0x34004f02, 0x3f404200, 0x030f1017, 0x2f330103, 
	0x06040102, 0x484c0204, 0x672b06ec, 0x04000300, 0x67040306, 0x48010100, 0x072606f4, 0x29060601, 0x66824e06, 0x34003434, 0x55131143, 0x08084a44, 
	0x27332b1c, 0x35363637, 0x0f453437, 0x1406210f, 0x2506174a, 0x33373736, 0x50452315, 0x233c0806, 0x17161415, 0x02360717, 0x01010239, 0x01033e03, 
	0x1d31163c, 0x0d222e15, 0x250f6f18, 0x1008010b, 0x17145407, 0x2b2b0d05, 0x1119060d, 0x080f0754, 0x02510103, 0x44060e26, 0x0a78d344, 0x3209fd44, 
	0x572f4608, 0x44010301, 0x020248c6, 0x40474f01, 0x82280c06, 0x332708d7, 0x6402f7ff, 0x2b005402, 0x41404400, 0x0102010b, 0x0204010c, 0x21242529, 
	0x0403051c, 0x04004c03, 0x04020302, 0x82008003, 0x090a4933, 0x0105622b, 0x002c0000, 0x2300014e, 0x060c4922, 0x2b012b23, 0x1d0c4906, 0x35373624, 
	0xf1822634, 0x07173322, 0x4e08d083, 0x76010606, 0x4e56925b, 0x5e296995, 0x1d2c0622, 0x4d1c3f13, 0x683d2d62, 0x18351741, 0x02440202, 0x022c02c3, 
	0x096d2701, 0x54628443, 0x0f10548c, 0x0e590483, 0x416c410c, 0x0a3d7655, 0x33203f0c, 0x26280b0d, 0x3122460c, 0x001e191a, 0x8400ffff, 0x0a032cc7, 
	0x45002602, 0x06010000, 0x45340c03, 0x238f11cf, 0x23980a20, 0x47880220, 0x23930920, 0x02e2fe25, 0x85540264, 0x06002623, 0x00341e03, 0x21838800, 
	0x3b88f902, 0x3b930320, 0x82f7ff21, 0x88e0203b, 0x8f132023, 0x01003923, 0x00002e00, 0x4b027302, 0x37003a00, 0x0c1a3440, 0x39000102, 0x02292e34, 
	0x0438d582, 0x01004c02, 0x01030400, 0x01026a04, 0x4d250000, 0x03020506, 0x4e032903, 0x3a2a8082, 0x1b473a00, 0x071a4616, 0x60421b08, 0x05594b06, 
	0x06071728, 0x16151506, 0x7f413233, 0x24108309, 0x17171614, 0x06484907, 0x47262621, 0x173a07b7, 0x3e033107, 0x3e040202, 0x3d02d503, 0x612b0303, 
	0x03032960, 0x03d7023d, 0x0082033e, 0xd7033e22, 0x16251583, 0x44323241, 0x43178316, 0x892f055b, 0x26260e0b, 0x4a45050e, 0x39020239, 0x8605454a, 
	0x48bc230d, 0x0a830645, 0x48450628, 0x0101024a, 0x0f844a02, 0x00ffff23, 0x38df8225, 0x024b027a, 0x004c0026, 0x02060100, 0x001c4eef, 0x0101b108, 
	0x35b01cb0, 0x221f822b, 0x831dff2e, 0x241f85ff, 0x21030600, 0x83de8224, 0x22378217, 0x85020373, 0x06012417, 0x41240903, 0x2e2211e3, 0x3b8c39ff, 
	0x3b831c20, 0x00010023, 0x3169822f, 0x004b0208, 0x40230016, 0x090c1520, 0x01050102, 0x7f820100, 0x4d250022, 0x01239c82, 0x824e0129, 0x00162664, 
	0x08031a16, 0x123f4117, 0x17161430, 0x02310717, 0x0402023d, 0x02d5023d, 0x0082033d, 0x8e023d21, 0x29f185ff, 0xffff0000, 0x35ff2f00, 0x6f823e02, 
	0x51002622, 0x07245782, 0x36016200, 0x87821785, 0x10031c22, 0x1782c382, 0x03070126, 0xff6fff06, 0xff23c58c, 0x82f6ffff, 0x03402223, 0x2023880a, 
	0x2023920c, 0x202382f2, 0x20238a44, 0x2023980a, 0x20478802, 0x20239209, 0x224782fb, 0x88060308, 0x87182023, 0x07514823, 0x00ffff23, 0x22238205, 
	0x88f70231, 0x97002023, 0x87032123, 0x01202388, 0x03202387, 0x82067953, 0x05834147, 0x2388f920, 0x8f910320, 0xff2f0027, 0x02080139, 0x2b23854b, 
	0x1c030700, 0x00006fff, 0x1a00ffff, 0x3741a784, 0x93052009, 0x2023843b, 0x205f8839, 0x41239117, 0x0420065b, 0x19202388, 0x00212391, 0x2247820c, 
	0x88e0022a, 0x8f132023, 0x01002523, 0x21ff2b00, 0x4008a783, 0x30002800, 0x21242d40, 0x05041819, 0x0d0e0400, 0x02000102, 0x0404004c, 0x01034d25, 
	0x4d290000, 0x02010100, 0x02020061, 0x1b4e022a, 0x15242315, 0x2b1b0805, 0x17161437, 0x06220717, 0x33141506, 0x092f4732, 0x230ad44c, 0x07173337, 
	0xc5351e82, 0x023c0403, 0x38284329, 0x27172120, 0x3942313d, 0x3d026431, 0x42008202, 0xc7310681, 0x0e064746, 0x20341f26, 0x321a2242, 0x42292a38, 
	0x0aeb4612, 0x050e262b, 0x00004847, 0xffffff00, 0x22cf82d3, 0x88000363, 0x910f20cf, 0xb3ff23cf, 0xcf8435ff, 0x45001b36, 0x181b0b40, 0x10020102, 
	0x02010001, 0x1db04b4c, 0x13405850, 0x00200a82, 0x8025db82, 0x25020200, 0x2555824d, 0x1b4e002a, 0x15881240, 0x84000022, 0x022b1983, 0x1bb5594e, 
	0x08032624, 0x82132b19, 0x141321bf, 0x27060b48, 0x17173233, 0x11353636, 0x3606ff45, 0x010303cb, 0x442e4b56, 0x1a1a1215, 0x021b1e29, 0xdc024402, 
	0x82170202, 0x8dfe34af, 0x1c2b716a, 0x291a1411, 0x01424104, 0x084b419e, 0x8426260e, 0x229f83c3, 0x82020344, 0x826220c3, 0x030721cd, 0x4310cb42, 
	0x023b05e3, 0x004b0254, 0x4036002d, 0x14171933, 0x060c1113, 0x21220003, 0x0501021e, 0x4e020302, 0x0128055e, 0x25000001, 0x0204054d, 0x2907c54c, 
	0x162d002d, 0x061a1a19, 0xf6431a08, 0x37373412, 0x17333727, 0x16170707, 0x15171716, 0x26372723, 0x47272726, 0x33220690, 0x29453d03, 0xce2a3809, 
	0x02c1023d, 0x19b2e13a, 0xe9320b21, 0x13073c02, 0x031f990d, 0x44033d01, 0x473a0c22, 0xd50b4b48, 0x0a28260d, 0x241cc6d5, 0x26270c0b, 0x0e190b0a, 
	0x4a4249ae, 0xe6820e07, 0xffff0026, 0xe2fe2f00, 0xe782c383, 0x00006427, 0x1e030600, 0x82068210, 0xff3024db, 0x82fc01fb, 0x00202fdb, 0x20234026, 
	0x02030e1f, 0x02050601, 0xd5820200, 0x25010123, 0x2108824d, 0x29825f00, 0x4e00262a, 0x03311b3a, 0x052b1908, 0x41098b52, 0x07200676, 0x5206f645, 
	0x17280578, 0x3815d301, 0x02c0fe14, 0x0120c482, 0xeb2fc982, 0x03035303, 0x241b0102, 0x341c2b4b, 0x8602052d, 0x4a4331b8, 0x28260f06, 0x4846050d, 
	0x0b4d34bc, 0x0a620403, 0xa7826582, 0x35ff3024, 0x8f820203, 0x66002622, 0x07261082, 0xfa016200, 0x17840000, 0x0322a782, 0x17840210, 0x03070125, 
	0x4470ff06, 0x00200fdf, 0x5020cb85, 0x06242386, 0x9b5cd302, 0x2006d350, 0x08434f9b, 0xe2fe3022, 0x2385ef83, 0x03060024, 0xab49eb1e, 0x203b8505, 
	0x223b884b, 0x86c62e50, 0x89c6203b, 0x39ff213b, 0x1c203b8c, 0x1c253b88, 0x9b02c302, 0x259b8400, 0xda012700, 0x5482ff01, 0x26030724, 0xbb865a01, 
	0x378c5020, 0x37862220, 0x7b411820, 0x24d38805, 0xff7bff24, 0x207586e5, 0x3a7584e5, 0xff280001, 0x022203fd, 0x002b004b, 0x2b224025, 0x0e171a2a, 
	0x0207020d, 0x424c0100, 0x0421056f, 0x056f4203, 0x1b181734, 0x08051012, 0x33132b1b, 0x17331313, 0x17160607, 0x89471617, 0x34342807, 0x23030327, 
	0x87141303, 0x37363f10, 0x35263637, 0xc9ad3827, 0x3e03a2c5, 0x04010101, 0x3d010302, 0x3d03d402, 0xd8020101, 0x1182de23, 0xc4034429, 0x01024403, 
	0x82010301, 0x4b2c0818, 0xca0136fe, 0x4d0e0d26, 0x4d4bb72c, 0x26260d0f, 0x3a200c0d, 0xfe280132, 0xfef7010a, 0x094b53e7, 0x0e26260e, 0xc6414b0b, 
	0x0e11492c, 0x22054f41, 0x8339ff28, 0x20db82b7, 0x23108270, 0x711c0306, 0x00270682, 0xff2f0001, 0x827402fc, 0x002533cf, 0x221d4020, 0x04051921, 
	0x4c010200, 0x02020103, 0xd2834d25, 0x4e002630, 0x13171b17, 0x2b1a0804, 0x17141425, 0xa44a0123, 0x0cc44405, 0xf0490120, 0x06063d08, 0x01310215, 
	0x05a6fe2d, 0xc0034401, 0x04023d03, 0x033d0204, 0x033e0189, 0xbe034402, 0x0429da82, 0x23431f81, 0x5aeed101, 0x053d484c, 0xab5a4c24, 0xae824044, 
	0xc85cfe25, 0x83044c58, 0x4c0423b6, 0x57470058, 0xa5032105, 0x26229782, 0x77427200, 0x9d022205, 0x82178500, 0x100321af, 0x1782c782, 0x03060124, 
	0x55472606, 0x20238a0c, 0x2023880a, 0x2123930a, 0xf783e2fe, 0x00232385, 0x431e0306, 0xff200797, 0x02215f82, 0x203b88f9, 0x213b9303, 0x3b8c39ff, 
	0x3b831c20, 0x00010027, 0x0235ff2f, 0x2fb38273, 0x40640031, 0x222a2b10, 0x0d0e1617, 0x09030207, 0x200a6045, 0x074a451a, 0x0301042b, 0x004d2503, 
	0x4d290202, 0x05ea5705, 0x19401b22, 0x11831c87, 0x21898420, 0x594e0232, 0x00011140, 0x20212829, 0x05071415, 0x31013100, 0x2206834b, 0x45363435, 
	0x35200673, 0x2f209841, 0x01061411, 0x16432e90, 0x291c1b13, 0xb3fe2c24, 0x3c14a241, 0x04013d02, 0x1d2ecb55, 0x271b1411, 0x103e5408, 0x56eec001, 
	0x260e064f, 0x50050e26, 0x08aa4156, 0x414b5921, 0x4b2505aa, 0x65a1fe59, 0x06734176, 0x66031c25, 0x41009b02, 0x272405af, 0xa202da01, 0x20067343, 
	0x201f86fd, 0x0c334150, 0x6f412220, 0x0003210b, 0x20086f41, 0x0f6f410f, 0x00020034, 0x02f7ff33, 0x0054027c, 0x001e0010, 0x002a402d, 0xae550303, 
	0x01052406, 0x55000202, 0x122f07af, 0x19000111, 0x121e1117, 0x0007091e, 0x4c100110, 0x43080ea6, 0x0e141516, 0x36322702, 0x26263435, 0x15062223, 
	0x01161614, 0x4c87575d, 0x5456884e, 0x502e4881, 0x60513167, 0x553b5831, 0x095c3463, 0x5858884c, 0x864c5089, 0x53704358, 0x697c362d, 0x7e457a51, 
	0x44774e6e, 0x22067f4c, 0x8210037c, 0x007d27af, 0x03060100, 0xf3532b06, 0x21af8411, 0x23880a03, 0x23980c20, 0x23880220, 0x23980920, 0x23888720, 
	0x23853520, 0x250c0352, 0x0239ff33, 0x4786037c, 0x03260024, 0x95832b1c, 0x075c4d85, 0x8993850b, 0x9436204b, 0x82f7204b, 0x8885204b, 0x9837206f, 
	0x20478923, 0x20239838, 0x20478806, 0x21239718, 0x2388f702, 0x23970020, 0x88700321, 0x85022023, 0x07694a23, 0x20088b4d, 0x20238a7c, 0x24479404, 
	0x027c0239, 0x23478554, 0x1c030600, 0x4106675e, 0xcb410513, 0x41052009, 0x39201883, 0x17208388, 0x9f42238f, 0x029a3e06, 0x001d00cd, 0x4061002b, 
	0x0301040a, 0x1b4c0104, 0x4b4a0101, 0x585029b0, 0x02001b40, 0x05175902, 0x0100613f, 0x054d2b01, 0x00030301, 0x00000061, 0x1b4e002c, 0x02001e40, 
	0x02010401, 0x04008004, 0x08d64204, 0x59342089, 0x1e1f0e40, 0x2b1e2426, 0x26212b1f, 0x1908062b, 0x0614012b, 0x24054059, 0x2223020e, 0x07925826, 
	0x36323327, 0x16363737, 0x0ce04201, 0x1d9a023b, 0x352f2b3a, 0x3a67502e, 0x4e4c8757, 0x472f5889, 0x0126211d, 0xfe352602, 0x08ed42cc, 0x188b022c, 
	0x28042734, 0x70434a78, 0xf9422d53, 0x24112705, 0x1b07332c, 0xf9427bfd, 0x086b4109, 0x10039a26, 0x8d002602, 0x241afb42, 0x029a0239, 0x412385cd, 
	0x3b8b0e6b, 0x22176b41, 0x8839039a, 0x106b415f, 0x22067f43, 0x8800039a, 0x410f2023, 0xa3430f8f, 0x097f4208, 0x13420820, 0x02f72414, 0x4104037c, 
	0x192008d7, 0x02214797, 0x202388e0, 0x20239713, 0x090f4303, 0x6b981620, 0x15202389, 0x2408238f, 0x33000200, 0x7c0221ff, 0x23005402, 0x42003100, 
	0x20213f40, 0x01010302, 0x0505004c, 0x02006102, 0x074d2b02, 0x061e4201, 0xa45a2c20, 0x46062005, 0x25330534, 0x2c000124, 0x2531242a, 0x101c1e31, 
	0x0006080e, 0x5e230123, 0x20420b1f, 0x15162409, 0x5e060614, 0x0c450f1b, 0x3477250b, 0x042c2f3d, 0x2d081145, 0x3d345331, 0x1419203b, 0x13170f22, 
	0x2d423236, 0x35df2508, 0x193f2326, 0x2f082045, 0x14527346, 0x1b244a17, 0x1b101320, 0x0c011c16, 0x200e2b45, 0x20d382be, 0x0877438e, 0x77432520, 
	0x20178208, 0x06774303, 0x03260022, 0x49451782, 0x11b34408, 0x7f410020, 0x19eb4108, 0x20095b41, 0x0f5b4111, 0x89080f42, 0x2d102623, 0xb10900b7, 
	0x12474402, 0x6b885c20, 0x478f1220, 0x02002108, 0xf7ff3400, 0x52027703, 0x53004200, 0x1140eb00, 0x030f1017, 0x012e0305, 0x3a3b0706, 0x03060802, 
	0x0806434d, 0x04002b26, 0x04060700, 0x05006907, 0x05080600, 0x010b6706, 0x61010303, 0x01010102, 0x0a0d4d2b, 0x00080802, 0x020c0961, 0x2605fe43, 
	0x5022b04b, 0xa0364058, 0x5f092532, 0x29090900, 0x0c213e87, 0x213d8501, 0x38953d40, 0x6a830020, 0x02217683, 0x057b445f, 0x87080821, 0x0a012440, 
	0x8661000a, 0x5924083f, 0x44234059, 0x4f000143, 0x4453434d, 0x383d4153, 0x26292d33, 0x21232425, 0x0d12161c, 0x00060809, 0x0e420142, 0x25086c60, 
	0x16323336, 0xdf5e3333, 0x07c65419, 0x2311175a, 0x27062223, 0x36253782, 0x34353536, 0x067c4727, 0x85012808, 0x9551b39e, 0x213e2366, 0x212e15d9, 
	0x0f222d14, 0x21106a17, 0x0c01010c, 0x22440a17, 0x2a2a0c0c, 0x1117060c, 0x82170a44, 0x122c0812, 0x2058101e, 0x2d34081f, 0x142a2127, 0x1d481de1, 
	0x02112b14, 0x362b0501, 0x09817569, 0x8a588b9e, 0x03010750, 0x03540784, 0x24040202, 0x2006e95e, 0x05285a44, 0x02093b22, 0x0805285a, 0x0901042c, 
	0x10050736, 0x60bc3d45, 0x6e830d2a, 0x02008878, 0x00002f00, 0x4b02d801, 0x29001c00, 0x37403a00, 0x0403011e, 0x03010116, 0x3b820102, 0x004c032d, 
	0x02010003, 0x00690103, 0x5e000404, 0x052005da, 0x29281882, 0x00004e02, 0x1f212527, 0x1c233582, 0x65062b25, 0xda820529, 0x7d4d3720, 0x16322905, 
	0x06061415, 0x27262223, 0x2205284b, 0x5e161703, 0x352209e0, 0x5a833a03, 0x3e013c08, 0x6e63d503, 0x113b6039, 0x01030e1f, 0x01550353, 0x423b1b20, 
	0x0135384a, 0x050e2601, 0x4acb4d3c, 0x260f043b, 0x52385257, 0x2e02032d, 0x0d063a4d, 0x688d0128, 0x473e3b09, 0x82540a43, 0x822e20b7, 0x82d720b7, 
	0x002234b7, 0x4048002c, 0x020c0d45, 0x01240001, 0x011c0504, 0x82210402, 0x023908b3, 0x01004c04, 0x04050107, 0x006a0501, 0x03020004, 0x00690204, 
	0x4d250000, 0x03030106, 0x234e0329, 0x23000023, 0x272b232c, 0x00220025, 0x1a262522, 0x2b190808, 0x36372733, 0x08c84b35, 0x15061423, 0x07855d15, 
	0x1520cb89, 0x362ccb87, 0x02033902, 0xcf033e02, 0x41013d03, 0x613fca82, 0x0e1e113b, 0x02520102, 0x3b1c1f53, 0x26374b42, 0xbc850e0e, 0x0f064a43, 
	0x050f2626, 0x860b1015, 0x15112dcb, 0x280c0824, 0x08feb501, 0x43473d3f, 0x023b9282, 0x79ff3300, 0x5402d902, 0x2d001f00, 0x3c403f00, 0x0202161d, 
	0x00011e03, 0x824c0202, 0x020428ac, 0x80020304, 0x82050200, 0x65002110, 0x34082047, 0x20214e04, 0x26280001, 0x2d212d20, 0x0d0f1a1c, 0x1f011f00, 
	0x05a74207, 0x26262725, 0x5f022e27, 0x162106a6, 0x052a4715, 0xb6821720, 0x06173723, 0x0d1b4725, 0x4d2f5829, 0x1f46192c, 0x4a40734c, 0x392d0502, 
	0x341e3b61, 0x1f3f3f1a, 0xfe360a1f, 0x08f044c3, 0x1b198729, 0x09102f0f, 0x4a517f4f, 0x4c2b0512, 0x050f527b, 0x09240e13, 0x44b42226, 0xcb8409ed, 
	0xf6ff2f3a, 0x4b023b02, 0x34002700, 0x43404600, 0x04020111, 0x03010216, 0x01170203, 0x4c200582, 0x24068a41, 0x05010767, 0x06514205, 0x0332e382, 
	0x01004d29, 0x4e012c01, 0x00002828, 0x33283428, 0x40822d2f, 0x2d242723, 0x0695412a, 0x3a613420, 0x1e17280d, 0x06071702, 0x82222306, 0x232721e9, 
	0x2506a250, 0x14060603, 0x68421515, 0x34580806, 0x04023d02, 0x5edb033e, 0x5d3a4563, 0x1a2c2d1c, 0x0b170a01, 0x2540442c, 0x0334053b, 0x3b033b02, 
	0x3e2d0101, 0x26383c45, 0x2f550e0f, 0x0e0b89bc, 0x38474926, 0x298a1253, 0x23051831, 0x4d210202, 0x414a6b42, 0x260f0e43, 0x14031f02, 0x3e543d39, 
	0x00373537, 0x00ffff00, 0x032cdf84, 0x00260210, 0x010000a3, 0xe0060306, 0x8511fb4a, 0x880a2023, 0x930a2023, 0xe2fe2523, 0x4b023b02, 0x00252385, 
	0x0b1e0306, 0x205f8a00, 0x203b8806, 0x4a3b8518, 0x2f220cef, 0x3b8c39ff, 0x3b8c1c20, 0x3b880420, 0x77931920, 0x8c50ff21, 0x8322203b, 0x0021083b, 
	0xff360001, 0x02b901f7, 0x002a0055, 0x18344037, 0x19020301, 0x03010204, 0x01000103, 0x03004c03, 0x06814703, 0x01010022, 0x35086b4c, 0x1c1e0001, 
	0x07091517, 0x2a012a00, 0x2b160805, 0x27262217, 0xea433727, 0x042e2106, 0x22057f42, 0x44071717, 0x220806ed, 0x1415041e, 0x2be10606, 0x2b051d5e, 
	0x3241321c, 0x4b432a3b, 0x61362a43, 0x0834523e, 0x331f1c2b, 0x822b3d33, 0x2b250810, 0x16096237, 0x59048111, 0x23293021, 0x2b22222f, 0x49312f3f, 
	0x047d172a, 0x29311454, 0x22243024, 0x302d3d2a, 0x0643474b, 0x0321b384, 0x20ef8210, 0x058b41ab, 0x074fc720, 0x20238511, 0x2f2385d2, 0x06032600, 
	0x0701b7c7, 0xc7ff0303, 0x11009000, 0x23085b62, 0xb00102b1, 0x8509d360, 0x880a2033, 0x980a2057, 0x88872057, 0x850b2023, 0x0ca74123, 0x21ff3626, 
	0x5502b901, 0x00242385, 0xc71f0306, 0x8505e341, 0x8802205f, 0x9309203b, 0xe2fe215f, 0x1e203b8c, 0x02213b8b, 0x203b88f9, 0x213b9303, 0x3b8c39ff, 
	0x3b881c20, 0x3b861783, 0x03260022, 0x01221782, 0x41850306, 0x08082b5f, 0x00010029, 0x02f7ff23, 0x00550289, 0x4bd20042, 0x58500ab0, 0x0e371140, 
	0x25010202, 0x0204020f, 0x06020124, 0x1b4c0304, 0x900db04b, 0x83032018, 0x212c9218, 0x46855959, 0x5b822320, 0x0104023f, 0x05006902, 0x00610005, 
	0x4d2b0000, 0x06060107, 0x04004d29, 0x00610304, 0x032c0303, 0x2058864e, 0x842a911f, 0x06072224, 0x20268502, 0x234ca340, 0x0f405959, 0x42286682, 
	0x272d4200, 0x2811272b, 0x24098f5c, 0x33363427, 0x058d5232, 0x2705c564, 0x041e1415, 0x23061415, 0x4506c442, 0x380805e4, 0x3435042e, 0x23263736, 
	0x17150622, 0x17171614, 0x3d022507, 0x7a010302, 0x1e337e69, 0x2907153a, 0x111d0d18, 0x39253430, 0x67253941, 0x1c532a53, 0x16152d02, 0x31291933, 
	0x08118224, 0x3f472458, 0x4c445420, 0x3d020301, 0x080e2603, 0x74973a51, 0x09016a83, 0x4c046d07, 0x1f280405, 0x1a1b251c, 0x41273222, 0x7c0f144e, 
	0x0f0e5604, 0x251e2026, 0x3321191a, 0x0b4b3227, 0xb355563f, 0x0e064746, 0x00020026, 0x02f7ff36, 0x00540256, 0x00200018, 0x1538403b, 0x80820214, 
	0x280a855d, 0x06610003, 0x2b000001, 0x0719464d, 0x4e012c3a, 0x1f200001, 0x10121b1d, 0x07090d0e, 0x18011800, 0x2b160807, 0x16163201, 0x0627df82, 
	0x35022e23, 0x83262135, 0x270725d3, 0x1403023e, 0x5608e983, 0x3b012137, 0x47487f54, 0x7953507b, 0x05ba0142, 0x603d5e72, 0x4f172024, 0x4c565e64, 
	0xfe04584b, 0x4a5402b7, 0x8e5c5682, 0x78410151, 0x78691951, 0x2d1a2b2f, 0x80fe2645, 0x55625c4c, 0x10000100, 0x1c020000, 0x2e004f02, 0x2d403000, 
	0x12161727, 0x00010501, 0x820a4c01, 0x024b2104, 0x03219c82, 0x06c7515f, 0x7a5a0120, 0x002e2d06, 0x541b4b28, 0x2b190805, 0x27071701, 0x6f088c82, 
	0x07222223, 0x15140614, 0x15161415, 0x27230717, 0x35363437, 0x27023c35, 0x23232226, 0x27070722, 0x33161637, 0x02363221, 0x2a2c1606, 0x24081508, 
	0x010e220a, 0xff035502, 0x01025402, 0x270b210d, 0x2d291113, 0x18321716, 0x31171e01, 0x05a24f02, 0x01010271, 0x244e3b08, 0x0e5d4087, 0x0c28280c, 
	0x87405d0e, 0x083b4e24, 0x06720301, 0x030301a2, 0x86058743, 0x26022bb7, 0x0000b800, 0x23030601, 0xe9549915, 0xb0992206, 0x06634435, 0x03212384, 
	0x2123880a, 0x6344eb0a, 0xff102211, 0x85ff8321, 0x06002323, 0x4b551f03, 0xfe102206, 0x55178ce2, 0x102207d7, 0x178c39ff, 0x2207b355, 0x8c50ff10, 
	0x83222017, 0x00210847, 0xff2c0001, 0x026c02f7, 0x0027004b, 0x27214024, 0x04031617, 0x4c010001, 0x00000102, 0x01004d25, 0x073a4301, 0x29182934, 
	0x1a080410, 0x1733132b, 0x06061407, 0x16161515, 0xcf483233, 0x4912830a, 0xe3480597, 0x2e2e0805, 0x023e03d4, 0x45550101, 0x02045041, 0x03c20346, 
	0x3802013d, 0x7b6d3e61, 0x023d0103, 0x040f264b, 0x9a373c1c, 0x6354525e, 0x0a584381, 0x1082260f, 0x865b462c, 0x79346c54, 0x3d52a66d, 0x43410f04, 
	0x219b8405, 0xfb821003, 0xb367bf20, 0x412f2005, 0x2385111f, 0x23880a20, 0x23980c20, 0x23880220, 0x23980920, 0x23880620, 0x23851820, 0x840c7345, 
	0xf702216b, 0x00202388, 0x39242394, 0x4b026c02, 0x00242385, 0x2e1c0306, 0x0520cb95, 0x39208398, 0x17205f88, 0xaf41238f, 0x02ba3706, 0x002b00d0, 
	0x252e4031, 0x04080b0c, 0x4c010102, 0x4a01011f, 0xc0580103, 0x09616907, 0x131a1c2a, 0x00090a11, 0x052b012b, 0x4105bf49, 0x175b059d, 0x15172405, 
	0x87323316, 0x05de5010, 0x06141522, 0x2205dd58, 0x41550106, 0x290805ab, 0x013d02d4, 0x99020103, 0x46020491, 0x22316303, 0x302a0201, 0x02023e4c, 
	0x6d790971, 0x043f50a6, 0x0f26260f, 0x9a4f3d07, 0xc941b7b0, 0x2c1e3a05, 0x23200833, 0x21053f2e, 0x73863950, 0xff000081, 0xff2c00ff, 0x03ba02f7, 
	0x20d78210, 0x1ac741c8, 0x82023921, 0x412385d7, 0x3b8b0e37, 0x22173741, 0x883903ba, 0x1037415f, 0x00208388, 0x0f202388, 0x860f5b41, 0x036c2123, 
	0x20090342, 0x14df4108, 0x6c02f724, 0xa3410403, 0x97192008, 0xe0022147, 0x13202388, 0x03212397, 0x20238887, 0x4f238514, 0x28080933, 0x2c000100, 
	0x6d0221ff, 0x35004b02, 0x37403a00, 0x03022226, 0x11120304, 0x02020002, 0x0205064c, 0x4d250303, 0x02040400, 0x2c0f8261, 0x00004d2c, 0x00610100, 
	0x012a0101, 0x2d0a824e, 0x28350035, 0x2e232418, 0x2b1b0807, 0xd1411701, 0x079b5006, 0x59643720, 0x23372306, 0xfd412622, 0x07d44307, 0x34080f42, 
	0x3e036a02, 0x3b3e0201, 0x1a203d32, 0x2c162322, 0x5940323d, 0x06114202, 0x023e0322, 0x2d071042, 0x0f264b02, 0x86445d04, 0x15187555, 0x2b642648, 
	0x34472106, 0x2c091a42, 0x363d1c04, 0x81b7b09a, 0x0f0a5c3f, 0x070b4226, 0x43036c22, 0x0d20f788, 0x20186341, 0x41238800, 0x3f4119ab, 0x8f112009, 
	0x01003547, 0xfdff0100, 0x4b024802, 0x25000e00, 0x080c2240, 0x05050607, 0x3b09495a, 0x02020103, 0x004e0226, 0x000e0000, 0x0413160e, 0x052b1808, 
	0x33372703, 0x13130717, 0x033b0684, 0x33da0e01, 0x3d02cf03, 0x034697a2, 0xde3202b8, 0x0e1a0203, 0xfe0e2626, 0x839a0166, 0xe6fd2207, 0x24638200, 
	0x03fdff07, 0x086382a8, 0x2f001922, 0x12132c40, 0x0b0d1011, 0x0508090a, 0x01000b01, 0x02034c01, 0x25010102, 0x0204054d, 0x00260000, 0x19296b83, 
	0x17161900, 0x08061213, 0x216d821a, 0x70882303, 0x2008788c, 0xa29c7302, 0x0232d12b, 0x9a3303c3, 0x02321684, 0x983d03cb, 0xb8034794, 0x03d73303, 
	0x6cfe9401, 0x25878302, 0x0167fe0d, 0x8882395f, 0x90820d20, 0x90859920, 0x00ffff22, 0x03258f84, 0x00260210, 0x249e82d7, 0x00060307, 0x10375cac, 
	0xfe822385, 0x09202386, 0x02212397, 0x204788f7, 0x45238700, 0x6b920711, 0x478f0520, 0x0001003e, 0x0200000f, 0x004b0243, 0x402a001b, 0x14171927, 
	0x10111213, 0x0506090b, 0x0e020304, 0x2f0d095b, 0x164e0029, 0x04101616, 0x212b1a08, 0x27372723, 0x2705f36f, 0x37272737, 0x17071733, 0x36063f5e, 
	0x40021713, 0x8e3d02d8, 0xba02468e, 0xadb33302, 0x02d90333, 0x8478783d, 0xc49f320d, 0xc80f2633, 0x26260fc8, 0x0ef0f20f, 0xa80e2626, 0x220583a8, 
	0x82f0fed2, 0x82002084, 0x8200208b, 0x821e208b, 0x001a338b, 0x1a204023, 0x13141516, 0x01060e10, 0x01010009, 0x3c45024c, 0x00002205, 0x27858229, 
	0x08031719, 0x03012b19, 0x410c8a5b, 0x878505aa, 0xec012908, 0x460103b4, 0x4603e402, 0x32b20302, 0x3d03cf02, 0x0346868c, 0x170202b6, 0x4b42eafe, 
	0x270d053b, 0x3b050d27, 0x1d013b4b, 0xe1218083, 0x220582e1, 0x82ffff00, 0x0200287e, 0x0210031e, 0x45dd0026, 0xe2200507, 0x8211cf46, 0x20238224, 
	0x20238802, 0x21239709, 0x2388f702, 0x23850020, 0x840cab46, 0xf9022147, 0x03202388, 0xff254793, 0x021e0239, 0x2423854b, 0x1c030600, 0x923582e2, 
	0x930520a7, 0x0000253b, 0x39031e02, 0x17205f88, 0x02212397, 0x202388e0, 0x21239713, 0x23880003, 0x238f0f20, 0x0001003d, 0x01fcff30, 0x004d02fd, 
	0x405e001d, 0x0101170e, 0x04011d03, 0x00010802, 0x4c4c0304, 0x1c20052a, 0x2105e357, 0x1b820072, 0x606d5f20, 0x04042305, 0xcd825f00, 0x4e002925, 
	0x581d401b, 0x1f930802, 0x22b7592c, 0x61221271, 0x2b1b0805, 0x90692605, 0x35410805, 0x07222301, 0x16272307, 0x32213332, 0x01153736, 0x37373233, 
	0x18e50117, 0x13fb1732, 0x34011222, 0x0e172acb, 0x2a17022a, 0x13110113, 0xcffe1326, 0x2a1214d4, 0x02020429, 0x01240101, 0x9a6504f9, 0x25088201, 
	0x6f030afe, 0xcb5f0005, 0x21bf8205, 0xe3821003, 0xf741e720, 0x41df2005, 0xe38411f7, 0x880a0321, 0x970a2023, 0xf9022123, 0x03202388, 0x39242394, 
	0x4d02fd01, 0x00252385, 0xdf1c0306, 0x08476500, 0x10035223, 0x05476500, 0x65032721, 0x2720052f, 0x29054f65, 0x06030701, 0xb7ffa500, 0xb54e1200, 
	0x08285609, 0x00022108, 0x01f8ff3b, 0x00b601c5, 0x00310028, 0x2c3c403f, 0x101f272b, 0x01040608, 0x04000120, 0x01004c02, 0x08059a63, 0x064d2e22, 
	0x00040401, 0x02050361, 0x002f0000, 0x01292a4e, 0x2a312900, 0x18232531, 0x000b0d17, 0x07280128, 0x2e05c94f, 0x36343526, 0x34353737, 0x06222326, 
	0x83060707, 0x3670080e, 0x17163237, 0x17161407, 0x06071517, 0x27222306, 0x32270627, 0x06073537, 0xc4161415, 0x2c233e28, 0x2e419832, 0x02021219, 
	0x4b323224, 0x01594a23, 0x40030302, 0x08180e31, 0x3b07091f, 0x70252d1d, 0x20082d2d, 0x2c221b32, 0x26333310, 0x2a1f1534, 0x16181508, 0x4e05232e, 
	0x2413a83f, 0x121f0c09, 0x1a230705, 0x692b3b3d, 0x19290b1e, 0xffff0029, 0x022cd385, 0x002602a5, 0x000000ed, 0xbbd00206, 0x17920682, 0x178bd720, 
	0x87160321, 0x2903212f, 0x39221788, 0x4788c501, 0xe7022623, 0x824d83c9, 0x8a4b8735, 0x962a2033, 0x962b204b, 0x8c2c2017, 0x88972093, 0x8ad420ab, 
	0x8ace2017, 0x8c2d205f, 0x872f8793, 0x92358293, 0x962e2093, 0x962f207b, 0x86302017, 0xff302217, 0x22f78af8, 0x8ce30206, 0x887320ab, 0x8cca20ab, 
	0x88752017, 0x88cd2017, 0x01392417, 0x88b601c5, 0xc9e72117, 0x20158741, 0x20478ccf, 0x202f889c, 0x20178ce2, 0x20178899, 0x20178ce4, 0x2017885e, 
	0x081783de, 0x00020022, 0x0121ff3b, 0x00b601df, 0x00420038, 0x3d4f4052, 0x141c2b3c, 0x0306060a, 0x0601012c, 0x05023536, 0x38059a52, 0x04006104, 
	0x084d2e04, 0x01060601, 0x01010261, 0x004d2601, 0x61000505, 0x051d5a07, 0x01393a36, 0x3a423900, 0x24313342, 0x0d171923, 0x0006070b, 0x09380138, 
	0x2508d257, 0x27260637, 0x455c0627, 0x14f24206, 0x17160624, 0x50781517, 0x06f7420e, 0x35760130, 0x1430383d, 0x3b070416, 0x233e2838, 0x0243342a, 
	0x33232e06, 0x4a254a31, 0x01020159, 0x46400106, 0x075c7835, 0x15b73008, 0x2d701429, 0x2635df2f, 0x01194125, 0x3d1a0f12, 0x201b3220, 0x3433112d, 
	0x1f153326, 0x1914082a, 0x05242e15, 0x19a83f4e, 0x1e0c0523, 0x5a20442c, 0x12290753, 0x1e691714, 0x271b270d, 0x09174300, 0x2f41ad20, 0x42d82008, 
	0x02211507, 0x0c5f41d9, 0x2f887f20, 0x1783da20, 0x03002408, 0xf8ff3c00, 0xb6019602, 0x39003100, 0xd2004500, 0x40421140, 0x292f3334, 0x1b212228, 
	0x040c0811, 0x514c0101, 0x213b05b7, 0x04060100, 0x80040106, 0x02060600, 0x02010361, 0x074d2e02, 0x00040401, 0x44080562, 0xb5510547, 0x061a2406, 
	0x98010101, 0x501d2321, 0x4aa24058, 0x922c4021, 0x8200206e, 0x8561206d, 0x004d236d, 0x79890707, 0x59595939, 0x00011740, 0x36383c3e, 0x24262b2d, 
	0x18191d1f, 0x31000c0e, 0x44093101, 0xc9440ec8, 0x3636290f, 0x15163233, 0x33161605, 0x2905257a, 0x27262223, 0x15130606, 0x29842637, 0x17841420, 
	0x27268008, 0xca060607, 0x3d284125, 0x32217a41, 0x02101b1c, 0x31342102, 0x4e2e2549, 0x2b461813, 0xf0fe5647, 0x20394906, 0x1c191b35, 0x4f313453, 
	0x923d2b19, 0x282e01c1, 0x31ef3c2e, 0x1a2d1920, 0x176f020f, 0x321d081a, 0x0d33291e, 0x2e233517, 0x2a1d1718, 0x15191307, 0x2306232e, 0x64262124, 
	0x4a463453, 0x3418221a, 0x2d252933, 0x0f0b0121, 0x4c3e3525, 0x1b261ccb, 0x152b251e, 0x00001804, 0x41ffff00, 0x022505a3, 0x012602a5, 0x23108207, 
	0x30d00206, 0x26080682, 0x02000200, 0xe601f8ff, 0x1f00b602, 0x3b002c00, 0x292a3840, 0x03020311, 0x02010100, 0x0c0d4c02, 0x00040a0b, 0x5f03004a, 
	0x2e220561, 0x1582044d, 0x82610121, 0x2f26081c, 0x20214e01, 0x2c202527, 0x1c1e2c21, 0x08051416, 0x36372b16, 0x34353534, 0x2735022e, 0x0e173727, 
	0x36170702, 0x2a523336, 0x26223707, 0x37363237, 0x22232636, 0x16150706, 0x01024f16, 0x024a0101, 0x4e83138d, 0x18033d08, 0x54322b4b, 0x44704333, 
	0x3b95542b, 0x4f02014d, 0x15391e38, 0x341b3314, 0x22ac2b45, 0x0936494f, 0x0e292009, 0x516e542a, 0x302a2201, 0x6d47415c, 0x5a20133d, 0x1b4d5052, 
	0x110ef31c, 0x0122c383, 0xc3822900, 0xb601a138, 0x39001e00, 0x1c1d3640, 0x01020402, 0x0302004c, 0x04020304, 0xe0620080, 0x7c2e2006, 0x0524050a, 
	0x2f000001, 0x2a058f78, 0x0d0f1213, 0x1e000709, 0x41061e01, 0xb48309e2, 0x2107be53, 0xfb7b020e, 0xf7340808, 0x3b385e38, 0x46414067, 0x18101214, 
	0x3c232c11, 0x263d5126, 0x391b1937, 0x43613308, 0x303d6941, 0x0c15101e, 0x27012c12, 0x5650384c, 0x67171f1c, 0xffff0000, 0x02259785, 0x012602a5, 
	0x0573410a, 0x0682cb20, 0xd5201792, 0x21211788, 0x88c78201, 0x8bea202f, 0x21478817, 0x17830226, 0xd0020623, 0x206389cb, 0x20338897, 0x20638cd4, 
	0x20178875, 0x081783cd, 0x0002002b, 0x02f5ff28, 0x00b60202, 0x00300023, 0x113d4040, 0x28010301, 0x04022127, 0x22230302, 0x02000301, 0x191a4c03, 
	0x01041718, 0x0938414a, 0x02010425, 0x82610002, 0x002f34ba, 0x2c24254e, 0x2530242a, 0x05252630, 0x052b1808, 0x59273727, 0x3531053e, 0x33363634, 
	0x34171632, 0x022f022e, 0x06061737, 0x05e14715, 0x36322726, 0x26263537, 0x31052464, 0x010f7f01, 0x233f1e03, 0x3f345939, 0x3a1c3a65, 0x00820114, 
	0x024e3d08, 0x02021293, 0x40010501, 0x1a321dfb, 0x3f1d3a13, 0x0d0b4f47, 0x222a0141, 0x473d5e35, 0x0f0e3c6b, 0x313f3a12, 0x29210e09, 0x3f743e0e, 
	0x0f4933e6, 0x19262110, 0x1c22d720, 0x584f4a5d, 0x24089582, 0xff290002, 0x02ca01f8, 0x001e00ba, 0x4039002c, 0x0a0b1e36, 0x01020408, 0x1c000207, 
	0x02020401, 0x0001094c, 0x2027824a, 0x08424f27, 0x874d2e21, 0x012f39dc, 0x2627264e, 0x0805152a, 0x27132b1b, 0x37272637, 0x37171633, 0x16160717, 
	0x20050442, 0x21d78726, 0xe1542726, 0x34352205, 0x08cd8427, 0x70135b5b, 0x65024537, 0x147a3035, 0x73534867, 0x3960385d, 0x0c416b3f, 0x45250f1c, 
	0x353a4a5e, 0x26141438, 0x014b4513, 0x233728f8, 0x21112016, 0x3e32283c, 0x8f8860b3, 0x49466132, 0x03023666, 0xa3fe3850, 0x6a5a6252, 0x0507434d, 
	0xff000057, 0xff2800ff, 0x024d02f5, 0x012602b6, 0x24ab8211, 0x00d30207, 0x201788d4, 0x2c178705, 0xee020601, 0x0800715a, 0xb00102b1, 0x05f76f71, 
	0x39ff2824, 0x37880202, 0xe7020623, 0x843e82f0, 0x8c50204f, 0x88ed2017, 0x03f52517, 0x00b602b4, 0x27246785, 0x1b02d401, 0xd5226f84, 0x0782cd01, 
	0x2a00023f, 0x9f01f8ff, 0x1600b701, 0x40001e00, 0x13143d40, 0x01020302, 0x0005004c, 0x02050302, 0x08396167, 0x39612e20, 0x002f3709, 0x0117184e, 
	0x171a1b00, 0x111e181e, 0x090c0d0f, 0x01160007, 0x54430816, 0x1617250a, 0x21151516, 0x08082245, 0x0622033c, 0x34353307, 0x5d3af826, 0x365e3a37, 
	0xe2fe584e, 0x233e5003, 0x1c191a38, 0x42273d56, 0x0834d006, 0x47426134, 0x01013968, 0x4e125d66, 0x171f1c57, 0x94013334, 0x3a084040, 0xdb82003e, 
	0x0225a384, 0x012602a5, 0x05574318, 0x0682c420, 0xd7201792, 0xd5201796, 0x21221788, 0x47889f01, 0xea022622, 0x06211782, 0x88358202, 0x8897204b, 
	0x88d42063, 0x01f82433, 0x871603d7, 0x2d032117, 0x39201788, 0x2f874b82, 0xe7022622, 0x35824b84, 0x338a4b87, 0x33882e20, 0xc501f822, 0x2f20178a, 
	0x9f20178a, 0x3020178a, 0xe320c796, 0x7320178c, 0xca20ab88, 0x7520178c, 0xcd201788, 0xab821788, 0x88b70121, 0x41ab8317, 0xcf201357, 0x9c20478c, 
	0xe2202f88, 0x9920178c, 0xe4201788, 0x5e20178c, 0xde201788, 0x0221d795, 0x201796e1, 0x081783e0, 0x00020032, 0x0121ff2a, 0x00b701a0, 0x0033002b, 
	0x2148404b, 0x03040220, 0x0401010a, 0x01050101, 0x07004c03, 0x07040300, 0x01086703, 0x61020606, 0x2e020200, 0x2008bb58, 0x05b9492f, 0x00002208, 
	0x4e002a00, 0x2f302c2d, 0x332d332c, 0x2613222a, 0x08092327, 0x17052b1c, 0x22230606, 0x36343526, 0x09bd4437, 0x530da342, 0x36200740, 0x2c07ab42, 
	0x13158b01, 0x3d342135, 0x150a2c2f, 0x10b7420a, 0x3716143c, 0x131b2033, 0x42278b22, 0x9234d006, 0x351c161b, 0x1f402126, 0x60340202, 0xc7424842, 
	0x1622290b, 0x1b20473a, 0x2e021320, 0x2005cd42, 0x09774100, 0x2f417f20, 0x86da2008, 0xff2330ff, 0x019d01f8, 0x001600b6, 0x403b001e, 0x59131438, 
	0xf78a15b3, 0x014e0127, 0x1b1d1e00, 0x09864319, 0x16080724, 0x8847132b, 0x26262107, 0x2109b359, 0xd1443636, 0x373b0805, 0x5b3cd423, 0x38583332, 
	0x22016154, 0x273f4c02, 0x1b1a193d, 0x3039245c, 0xd004362d, 0x6036b601, 0x38684840, 0x115b6901, 0x201d594d, 0xfe353218, 0x434037e4, 0x0000003c, 
	0x82170001, 0x5e230804, 0x2300ba02, 0x14406100, 0x02030117, 0x04010109, 0x00022223, 0x0a4c0301, 0x4b010401, 0x501bb04b, 0x5d1b4058, 0x272307f7, 
	0x8201054d, 0x005f2521, 0x4d280404, 0x2807b04f, 0x00020019, 0x03020403, 0x391b9069, 0x11094059, 0x16252416, 0x1c080610, 0x2723212b, 0x35343637, 
	0x37352327, 0xa5473435, 0x27350808, 0x15060627, 0x23153315, 0x17161417, 0xdd000117, 0x01023e03, 0x48584848, 0x0e133629, 0x1d261619, 0x016e6f20, 
	0x24520102, 0x433c140f, 0x401121b4, 0x1a246f5f, 0x0855820e, 0x3d4a0842, 0x2bac325c, 0x000d1858, 0xff210003, 0x01de011c, 0x002900b5, 0x00410035, 
	0x22514054, 0x02050221, 0x00020218, 0x02134004, 0x4c030006, 0x04050300, 0x80040305, 0x07040108, 0x04060001, 0x05006900, 0x08054d66, 0x004d2e2e, 
	0x61010606, 0x30010100, 0x2a2b4e01, 0x383a0001, 0x352a2f31, 0x2324352b, 0x0c0e1e20, 0x29012900, 0x2b160809, 0x06272237, 0x17171415, 0x42053b5b, 
	0x2624057b, 0x37343526, 0x23077468, 0x27153717, 0x27221c84, 0x2e4f3632, 0x14152205, 0x05a14116, 0xe7820e82, 0x28f16908, 0x81301a22, 0x40663c8d, 
	0x36316c5c, 0x2445271e, 0x34513029, 0x5a8f2a35, 0x2d502f1e, 0x2b353029, 0x55373429, 0x50413841, 0x3f623831, 0x10140b7c, 0x0e0d051f, 0x2b4a2e65, 
	0x3820323c, 0x1825041d, 0x4013272e, 0x2b4b2f28, 0x06400e16, 0x482c3327, 0x323c2829, 0x33404438, 0xf5fe4235, 0x2c382c28, 0x08042122, 0xffff0028, 
	0x2c050f41, 0x2602a502, 0x00003101, 0xd7020600, 0x920682c5, 0x8cd52017, 0x88972017, 0x8cd4202f, 0x88ae2017, 0x8ce52017, 0x88752017, 0x8ccd2017, 
	0x885e2017, 0x83de2017, 0x06175c17, 0xb6020f3b, 0x35003400, 0x2e333240, 0x05011320, 0x4c010201, 0x0c0d0e0f, 0x004a0004, 0x059d4802, 0x044d2e24, 
	0x195c0203, 0x00343307, 0x222a2c34, 0x05161821, 0x332b1608, 0x36363727, 0x9b483535, 0x0a9c4a06, 0x500cf453, 0x128505a3, 0x3e021f25, 0x4a010302, 
	0x012908a6, 0x43230301, 0x29412528, 0x08178204, 0x3a03c945, 0x273e0202, 0x03143a20, 0x24023d02, 0x5358100f, 0x494e227d, 0x200a0936, 0x55290e29, 
	0x26014f6c, 0x3c4d2622, 0x0b39246c, 0x0f24240f, 0x6c292d0b, 0x1d213940, 0x083c2e96, 0x0000240f, 0x1000ffff, 0x82020000, 0x28e782cf, 0x01000038, 
	0xc3ee0206, 0x05cb7771, 0x2206d347, 0x891dff10, 0x0600251f, 0x00eaec02, 0xff213783, 0x213783dd, 0x37854b03, 0x03070025, 0x835aff09, 0x10002317, 
	0x2f8c39ff, 0x2f85e720, 0x82160021, 0x02f52236, 0x202f829b, 0x2209823e, 0x83260307, 0x0100212f, 0x01211785, 0x320782b4, 0x151a401d, 0x0a0b0c0d, 
	0x00070102, 0x0001014a, 0x77002900, 0x022006d2, 0x79073741, 0x35250501, 0x06061737, 0x051c4115, 0x021b2108, 0x01020143, 0x8e430304, 0x0303030f, 
	0x25024302, 0x3a2c050e, 0x13442942, 0x0e25210e, 0x7e283c1f, 0x0e21ea82, 0x82b38425, 0x01002463, 0x87a50225, 0xd0022183, 0xff21b385, 0x20f982ff, 
	0x20178a0d, 0x201786d7, 0x221782fb, 0x88970211, 0x86d4202f, 0x84cf2017, 0x204789cb, 0x271785e3, 0x00000400, 0x73020801, 0xca202f88, 0x0321178b, 
	0x20178816, 0x411786cb, 0x8d821413, 0x39ff1623, 0x092b4100, 0x2b412720, 0x02072206, 0x213785e7, 0x7f8ee6ff, 0x4f8ccf20, 0x67889c20, 0xdf8ce220, 
	0x17889920, 0x1785e420, 0xff16002b, 0x02d0011c, 0x0126009b, 0x8751823e, 0x01272467, 0x820c01da, 0x0306230f, 0x06826726, 0xffffff23, 0x22d782f7, 
	0x885e0215, 0x83de203f, 0x0200213f, 0x21223f82, 0x3f82f600, 0x000b2008, 0x40700036, 0x1f202811, 0x14151d1e, 0x34000307, 0x03050233, 0xb04b4c02, 
	0x40585027, 0x8201061d, 0x6123083f, 0x27010100, 0x0301044d, 0x004d2903, 0x61020505, 0x02020107, 0x1b4e022a, 0x01001b40, 0x03000106, 0x91690001, 
	0x40593d1d, 0x010c0d17, 0x2a2f3100, 0x0c121329, 0x07360d36, 0x010b0005, 0x1608080b, 0x2622132b, 0x20087c45, 0x2b0b8403, 0x37272337, 0x35373636, 
	0x27272636, 0x4d0b2342, 0x06350a3b, 0x25251987, 0x22221a19, 0x403e3414, 0x43027333, 0x01010201, 0x093d4205, 0x29432630, 0x22141a20, 0x35131510, 
	0x19222502, 0x03832219, 0x35fcfc26, 0x12462c26, 0x30155942, 0x1f352201, 0x1013211d, 0x001c161b, 0xffffff00, 0x22eb82dc, 0x417f0230, 0xda20082b, 
	0x27056b41, 0x19fffaff, 0x9b02c300, 0x4f201782, 0x840bff42, 0x01b23317, 0x001200b4, 0x000bb306, 0x172b3201, 0x35363627, 0xc3883413, 0x14132508, 
	0x35130d06, 0x02060130, 0x020f8e43, 0xe74e0103, 0x44521e22, 0x382a0601, 0x25210d0a, 0x2e3b1a0e, 0x7449dbfe, 0x63827b84, 0xaf420120, 0x21638405, 
	0x7b83d402, 0x0805b344, 0x02e70121, 0x002c00b6, 0x1a3a403d, 0x12141518, 0x2b000205, 0x02010201, 0x0d0e4c02, 0x00040b0c, 0x8202004a, 0x01022627, 
	0x00000080, 0x0bbb4428, 0x2c002c27, 0x20212526, 0x0cbb4417, 0x4d262621, 0x5e770757, 0x2307230c, 0x5c772626, 0x02242b08, 0x02030239, 0x024a0101, 
	0x0782148d, 0x8b184708, 0x02c90242, 0x0d829942, 0x032d0c21, 0x0b141272, 0x01030d89, 0x0f24023e, 0x9141580e, 0x0b516a32, 0x0e29200a, 0x9a5b8443, 
	0x250c8a07, 0x8c890c25, 0x090b220d, 0x0b181825, 0x2f283f95, 0x00240f07, 0x1000ffff, 0xc783e2fe, 0x01260223, 0x23a78251, 0xdbe90206, 0xb7820682, 
	0x0000183b, 0xb401e701, 0x3e002a00, 0x17193b40, 0x0d111314, 0x02080a0b, 0x01021e00, 0x21e38303, 0xe099010c, 0x2a002a28, 0x1f202425, 0x9c451516, 
	0x37372108, 0x20097c41, 0x25e09515, 0x1f071717, 0x3b423e02, 0x8b402405, 0x8803020e, 0x220c35de, 0x72022d0b, 0x890a1512, 0x033e050d, 0x2c050f24, 
	0x4329433a, 0x20078c44, 0x22dc9037, 0x82175b2b, 0x05a341db, 0x02f30030, 0x001800b6, 0x1719401c, 0x0b0c0d0e, 0x06450601, 0x0018220b, 0x08064518, 
	0x34353522, 0x21058241, 0xda4e020e, 0x1c072405, 0x82024102, 0x4a0124ea, 0x83138f02, 0x82032096, 0x0e25350f, 0x7d53590f, 0x0b506b32, 0x0e29200a, 
	0x4866542a, 0x0e5f3ba1, 0x34070b45, 0x01000010, 0x02590308, 0x00540126, 0x03070000, 0x005bff06, 0x050f4600, 0x023e0123, 0x221786b6, 0x47d30206, 
	0x1022060f, 0x9f83e2fe, 0x07221786, 0x2f8ae902, 0xb7824d20, 0x01254784, 0xeb510206, 0x066f62e4, 0x6f62e420, 0x39ff2109, 0xe7203b8c, 0xff233b87, 
	0x87d1011c, 0x2700253b, 0x0d01da01, 0x20057744, 0x27068268, 0xf8ffffff, 0x160150ff, 0x07228b88, 0x3786ed02, 0xbb820b20, 0x17870120, 0x02070127, 
	0x0041fff0, 0x05b54614, 0x74851420, 0x1900013a, 0x1d030000, 0x4800b601, 0x3c403f00, 0x030b0c0d, 0x2e430003, 0x0a0e1520, 0x03242f82, 0x01054c02, 
	0x612f1082, 0x00000101, 0x06074d2e, 0x02020304, 0x824e0229, 0x00482f75, 0x373f4148, 0x222b2d36, 0x13171921, 0x79460811, 0x44372008, 0x4c520655, 
	0x05525206, 0x20068446, 0x06d34723, 0x23262625, 0x65160722, 0x14850656, 0xc9472720, 0x17172307, 0x32422007, 0x01210805, 0x86400306, 0x1f030511, 
	0x45232343, 0x294b2114, 0x0203583e, 0x03c7023e, 0x1e030139, 0x2c43172d, 0x089b8206, 0xc3033c27, 0x02023703, 0x1f263a01, 0x3b051536, 0x0a0f2403, 
	0x204e362b, 0x210e1341, 0x01361025, 0x29282227, 0x505a272a, 0x09d84771, 0x342c6d27, 0x1d193e18, 0x3711896a, 0x1e37406e, 0x175b9620, 0xffff240f, 
	0x39ff1900, 0xb6011d03, 0x5d012602, 0x0623e682, 0x4372e702, 0x0239083b, 0x00b6010f, 0x40340030, 0x0b0c0d31, 0x2a000203, 0x010a0e1e, 0x02020105, 
	0x14ce484c, 0x30003028, 0x1c1d2628, 0x31431113, 0x08695311, 0x180ecc48, 0x430a9e40, 0x863b0937, 0x23030511, 0x41252844, 0x3e030329, 0x3a02c903, 
	0x2e1f0202, 0x14392118, 0x833e0203, 0x322f23ef, 0xef85214d, 0x2601352a, 0x3b4c2522, 0x0a3a246f, 0x2a07c548, 0x2117352d, 0x392e961d, 0x82240f0b, 
	0x26df82c7, 0x02000018, 0x82a5020f, 0x845f20df, 0x48d020df, 0x01200677, 0xb5201784, 0x07261786, 0xf0fed302, 0x2f920000, 0x2f86d520, 0xe2fe1826, 
	0xb6010f02, 0xe9204788, 0x47841787, 0x17887520, 0x1787cd20, 0x8c39ff21, 0x83e7202f, 0x00220817, 0xff180001, 0x01c7011c, 0x003300b6, 0x2b39403c, 
	0x0203292a, 0x1f282c04, 0x02030418, 0x0100010e, 0x03824c03, 0x01030027, 0x02008000, 0x06ec5702, 0x03030024, 0xbb824d29, 0x4e00302e, 0x29172f31, 
	0x08052324, 0x03012b1a, 0x2709837d, 0x36171716, 0x26341335, 0x18064d41, 0x2007fe41, 0x0e9a4237, 0x77821620, 0x28485635, 0x0e0e1338, 0x3e230c15, 
	0x172d1f02, 0x0517391c, 0x42d20343, 0x22390d7f, 0x40242744, 0xfe0a0129, 0x24755fe6, 0x0b110e1a, 0x7912220b, 0x352d3401, 0x06354217, 0x0a0f242c, 
	0x214d322f, 0x210e1242, 0x83411025, 0x219e8205, 0xdb83ffff, 0x02ea0227, 0x0126009b, 0x2410825f, 0x02da0127, 0x24078226, 0x01260307, 0x055b4181, 
	0x4150ff21, 0xed200c13, 0x200c4341, 0x0843417f, 0x1783da20, 0x33530020, 0x01d32605, 0x000f00b6, 0x0b07781b, 0x054d2e23, 0x07077801, 0x4e002f32, 
	0x00011011, 0x1b101517, 0x07091b11, 0x0f010f00, 0x21110778, 0xb04c0606, 0x012a080b, 0x36614101, 0x3e3c643c, 0x5f38335d, 0x473e3231, 0x4d41363a, 
	0x41653808, 0x37386444, 0x663f4263, 0x475a2f3d, 0x4a5a6b56, 0x07556955, 0x02d32206, 0x209b82a5, 0x053f426a, 0x1f55d220, 0x20178b09, 0x20178cd7, 
	0x202f8897, 0x22178ad4, 0x871603e5, 0x2d032117, 0x39231788, 0x8702d301, 0x0226222f, 0x211782e7, 0x35820206, 0x338a7b87, 0x33882e20, 0xd301f822, 
	0x2f20178a, 0x30201796, 0xc389938c, 0x178ce320, 0xab887320, 0x178cca20, 0x1788e720, 0x1796cc20, 0x1788ce20, 0x0121c382, 0x832f88b6, 0x410020c3, 
	0xcf20123b, 0x9c20478c, 0xe2202f88, 0xef411783, 0x02e83f06, 0x001b000f, 0x40610027, 0x0301030a, 0x194c0104, 0x4b4a0101, 0x585032b0, 0x02001b40, 
	0x3f512802, 0x4d2e2108, 0x5505ab45, 0x577705f3, 0x2d208d12, 0x1d0e4059, 0x1c21231c, 0x22271d27, 0x57772926, 0x05435506, 0x56770620, 0x3316270a, 
	0x36373732, 0xe04e0316, 0xe801380a, 0x241f2830, 0x413b5f38, 0x613b3661, 0x1d261f37, 0x01032110, 0x42dd3322, 0x012a063a, 0x083520df, 0x3f36551d, 
	0x44423d66, 0x08082705, 0x14082b36, 0x45422cfe, 0x08675707, 0xa502e822, 0x7a20f382, 0x210e4742, 0xf3820139, 0x3b411788, 0x412f8b0b, 0xe8220b3b, 
	0x2f889c02, 0x24053b41, 0xff290003, 0x3a4782f8, 0x0015007f, 0x003d0031, 0x0110408f, 0x2f020301, 0x00030b0c, 0x07011901, 0x414c0308, 0x2d210543, 
	0x05d04900, 0x84826920, 0x60610321, 0x2408059a, 0x4d280606, 0x05080800, 0x05050061, 0x01094d2e, 0x61040707, 0x2f040400, 0x401b4e04, 0x05060030, 
	0x08060508, 0x94379280, 0x40593632, 0x39323312, 0x333d3237, 0x2b26223d, 0x23222522, 0x2b1d080a, 0x05cd5201, 0x22232631, 0x36270706, 0x16323336, 
	0x36323316, 0x41061417, 0x842b2581, 0x22350e20, 0x16303319, 0x850d1a16, 0x1631240a, 0x41711b14, 0x022f1d97, 0x352b1379, 0x171a1b1c, 0x1b342c13, 
	0x41841b1c, 0xaf421ea5, 0x42d22012, 0x99200caf, 0x2008af42, 0x20178ce4, 0x2017885e, 0x158743de, 0x96e10221, 0x42e02017, 0x212e08f7, 0xb601d301, 
	0x2e002200, 0x3f404200, 0x0b781f20, 0x057f5c0c, 0x00610125, 0x782f0101, 0x24330c0b, 0x2a000123, 0x242e2328, 0x101b1d2e, 0x0006080e, 0x78220122, 
	0x2d54190b, 0x17372308, 0xdf420606, 0x3412250c, 0x042f353d, 0x2c081445, 0x364a2c40, 0x22131a20, 0x36131610, 0x06e34228, 0x2635df25, 0x45193f24, 
	0x46250823, 0x422b1967, 0x07b05d21, 0xe8420620, 0xffff2508, 0xc0ff2900, 0xee20cb82, 0x20081341, 0x82fb88f1, 0x08474517, 0x83022621, 0x02062317, 
	0x2744d7d0, 0x887f2009, 0x41da2033, 0xdc21162f, 0x0a7b45d4, 0x88110321, 0x8bdb202f, 0x44022017, 0xdd2009b7, 0x003e1783, 0xff2a0003, 0x01ef02f8, 
	0x002200b6, 0x0037002a, 0x0b5e4061, 0x20060701, 0x0403191a, 0xa2550203, 0x0b092308, 0x545f0602, 0x4d2e2106, 0x2c05825d, 0x0000020a, 0x010c4d2f, 
	0x61000808, 0x370c8405, 0x2b2c4e00, 0x00012324, 0x372b3032, 0x2627372c, 0x2a242a23, 0x15171c1e, 0x2306a75b, 0x0d220122, 0x59056c5f, 0x36220894, 
	0x58583336, 0x057b5d0d, 0x5e580120, 0x44012006, 0x32080a68, 0x40010116, 0x603b3661, 0x17563c37, 0x47355919, 0x01e5fe5b, 0x37213d51, 0x561c191c, 
	0x18573636, 0x0b015218, 0xcd043e2d, 0x31a4fe3a, 0x37384840, 0x463e2641, 0x240807b6, 0x01363130, 0x4d116163, 0x17221958, 0x32363334, 0x9401392f, 
	0x42083947, 0x589bfe36, 0x5668564b, 0x2a543d50, 0x25008200, 0xff170002, 0x0b410124, 0x002f3b05, 0x0d184075, 0x04030b0c, 0x0e2c2d00, 0x0403040a, 
	0x0301011c, 0x02020121, 0xc7640401, 0x04042308, 0x37826100, 0x064d2e23, 0x06a45c01, 0x054d2c22, 0x2107a14f, 0x1e91001c, 0x1e872f20, 0x1540593d, 
	0x00002324, 0x2f23292b, 0x22002f24, 0x181a2200, 0x08071012, 0x27172b16, 0x4d363637, 0x0722084c, 0x835d3633, 0x0644770a, 0x36321334, 0x26263637, 
	0x15072223, 0x021d1616, 0x0102013e, 0x1d4b0502, 0x38610805, 0x3155374e, 0x1841673c, 0x01031434, 0x3c0f0252, 0x2101014c, 0x2d3e263b, 0x24dc3414, 
	0x49500a0f, 0x133e1ef7, 0x1025210e, 0x5f374937, 0x3d6a423e, 0x264b070a, 0x260d0d35, 0x4f560601, 0x392b4a30, 0x00100ff2, 0x04000200, 0xe20124ff, 
	0x2700b602, 0x75003300, 0x30311840, 0x04030313, 0x03010121, 0x21dd8226, 0xb8530301, 0x07cf6507, 0x0741e891, 0x2829292a, 0x2d2f0000, 0x33293328, 
	0x27246e82, 0x15171d1f, 0x20090741, 0x0bf15313, 0x21140941, 0x08413635, 0x41122006, 0x01200508, 0x4a230082, 0x82148d02, 0x03022aa7, 0x55374f36, 
	0x41673b30, 0x060e4117, 0x014c3b30, 0x2b403848, 0x24dc3512, 0x5c510a0f, 0xf5535d01, 0x6d542409, 0x4148014f, 0x41220713, 0x1341372e, 0x5e472106, 
	0x08051241, 0x00020026, 0x0224ff2a, 0x00b80101, 0x002d001f, 0x14414044, 0x24010501, 0x04030623, 0x03010205, 0x004c0300, 0x61010505, 0x01202082, 
	0x22059144, 0x82006100, 0x064d2ad6, 0x2a030301, 0x20214e03, 0x06a17700, 0x1f2e3e82, 0x08292612, 0x052b1908, 0x36363727, 0x7f5d2735, 0x3717250c, 
	0x17060633, 0x23058e72, 0x37363203, 0x28058360, 0x16141506, 0x48032901, 0x2d6a8201, 0x3b23401c, 0x69433158, 0x1f334037, 0x1082021f, 0x01030130, 
	0x1ef8033e, 0x13011a30, 0x3e231b39, 0xdc824b26, 0x2a132808, 0x26017c31, 0x3d5e3524, 0x1c376a4d, 0x486b341e, 0x0c4440ea, 0x1701240f, 0x1be22019, 
	0x384a2518, 0x0000584f, 0x82190001, 0x01593f04, 0x002200b4, 0x1a324035, 0x040a0b0d, 0x20210001, 0x02040e1c, 0x0c4c0201, 0x004a0001, 0xc9840101, 
	0x034d2e23, 0x07ed4d01, 0x22002227, 0x11131719, 0x08975504, 0xfa4f3720, 0x06c84c06, 0x06141527, 0x06272223, 0x22c58507, 0x823e0321, 0x053908a5, 
	0x0e864003, 0x3e1e0304, 0x211f171b, 0x231a1c19, 0x0401011a, 0x24025701, 0x3132080f, 0x1340214e, 0x0e25210e, 0x293a0154, 0x19181717, 0x5d391a14, 
	0x0d114f26, 0xff000026, 0x2da385ff, 0x2602a502, 0x00009001, 0xd0020700, 0x17947fff, 0x1787d520, 0x01e2fe22, 0x2f88d382, 0x5cffe922, 0xff212f83, 
	0x8aeb83f4, 0x87e32047, 0x39ff212f, 0xe7202f8c, 0x77862f85, 0x47889920, 0x2f85e420, 0xfff9ff23, 0x202f8c50, 0x082f83ed, 0x00010034, 0x01f8ff36, 
	0x00b6016a, 0x40410027, 0x0001033e, 0x004c0102, 0x05010504, 0x00800104, 0x01050201, 0x05007e02, 0x00610305, 0x4d2e0303, 0x00020200, 0xc9600661, 
	0x1b1d2f07, 0x13151819, 0x04050709, 0x27012700, 0x41770807, 0x77332006, 0x26220641, 0xb4532627, 0x17172206, 0x06437723, 0x17164908, 0x14151616, 
	0x4a25c406, 0x1431051a, 0x2a222d23, 0x3a473726, 0x3a1c4b5e, 0x182f0b13, 0x2a231f17, 0x34423a2e, 0x0e11085e, 0x2118486b, 0x17271a1c, 0x352d391f, 
	0x68080a45, 0x1a210d44, 0x1e1b251e, 0x4536293a, 0xffff0000, 0x6d22b784, 0xe782a502, 0x00009827, 0xd0020600, 0x870682a2, 0x11032117, 0xd1201788, 
	0x6a20178a, 0xd5202f8a, 0x2f8a178b, 0x1788d620, 0x6a012124, 0x4788b601, 0x899eea21, 0x026a225f, 0x20178897, 0x212f87d4, 0x2f8ce2fe, 0x2f8ce920, 
	0x2f887520, 0x5f88cd20, 0x2f8c3920, 0x2f88e720, 0x02201782, 0x26212f87, 0x21178302, 0x35830206, 0x00012408, 0x02f8ff16, 0x00ba0229, 0x4bc30041, 
	0x58501db0, 0x01021040, 0x3d040602, 0x0203023c, 0x0301011b, 0x8d1b4c03, 0x82052012, 0x5b592012, 0x2630050c, 0x04060107, 0x02060402, 0x03020080, 
	0x7e030204, 0x2e07e745, 0x03004d27, 0x05610103, 0x2f010101, 0x851b4e01, 0x90242058, 0x0000262d, 0x04000604, 0x212b8c69, 0x26982840, 0x29050522, 
	0xb5635785, 0x76592005, 0x412f05c8, 0x2f184100, 0x262f1322, 0x2b1c0808, 0x60373513, 0x152906e5, 0x15020e14, 0x15031e14, 0x05bf7614, 0x25074242, 
	0x3435032e, 0x955a023e, 0x14132206, 0x07054f16, 0x27278d08, 0x58304816, 0x1c4c473c, 0x3e2b1d26, 0x44542b3f, 0x021c4420, 0x2723122f, 0x3d2a271d, 
	0x261c2a3e, 0x33292d1c, 0x0204023a, 0x02b80334, 0x01030134, 0x217a0102, 0x60403712, 0x1f374236, 0x1b323337, 0x25232d22, 0x48372934, 0x48690f10, 
	0x201f2116, 0x34242028, 0x32342029, 0x322a273b, 0xc2fe404d, 0x0e174f2b, 0x120e2525, 0x00bd3741, 0xff120001, 0x025901f8, 0x00160005, 0x092e4031, 
	0x16030101, 0x02010501, 0x0302004c, 0x01048502, 0x2006ef6b, 0x08fb5d28, 0x4e002f29, 0x12111123, 0x82062213, 0x062521e5, 0x3208d383, 0x35233735, 
	0x33073337, 0x14072315, 0x36323316, 0x13590137, 0x4e3d2442, 0x13814603, 0x01979702, 0x2717292d, 0x25213e10, 0x15ef4a4a, 0xdf325875, 0x74123234, 
	0x7b86069f, 0x0126022d, 0x010000a4, 0xff280307, 0x5378ff7a, 0x78260675, 0x002b35b0, 0x9f86ffff, 0x2385b520, 0x03060024, 0xab42cc27, 0xff122205, 
	0x87b78321, 0xea022217, 0x21178696, 0x178ce2fe, 0x1787e920, 0xb820e784, 0x012e2f85, 0xffca0207, 0x00450079, 0x0201b108, 0x6a8345b0, 0x39206b85, 
	0xe7203b8c, 0x50203b88, 0xed20178c, 0x28081783, 0x10000100, 0x0602f5ff, 0x2b00b401, 0x2a402d00, 0x03010204, 0x4c010100, 0x22232425, 0x1213141e, 
	0x010a0511, 0x0001034a, 0x21148249, 0xf54d6100, 0x1a1c2a05, 0x17080228, 0x1517252b, 0x07e56307, 0x57054172, 0x3f4105e6, 0x34352106, 0x080af757, 
	0x3fc7013d, 0x03010f82, 0x43233d1d, 0x4402035a, 0x02021288, 0x1b2d3a01, 0x49051538, 0x01010f8d, 0x21104605, 0x013f0d20, 0x53532129, 0x1b351c56, 
	0x1025210e, 0x6e26461f, 0x221c353e, 0x82304674, 0x2a0e260e, 0x3747293b, 0x84df8343, 0xa50225af, 0xac012602, 0x06238f82, 0x82e3d002, 0xffff2106, 
	0x178ac785, 0x178cd720, 0x2f889720, 0x178cd420, 0xe3204789, 0x7320178c, 0xca202f88, 0x39241788, 0xb4010602, 0xe7201788, 0x47892f8c, 0x178ccf20, 
	0x2f889c20, 0x1783e220, 0x2a066f41, 0x0017022b, 0x40290031, 0x41303126, 0x2b2b056f, 0x1b1f2025, 0x0e0f1011, 0x47010a02, 0x2f28081c, 0x17194e00, 
	0x17080225, 0x41094e65, 0x36311868, 0x36373736, 0x06141516, 0x16141507, 0x01151717, 0x166f4184, 0x1b20732c, 0x34210101, 0x02053338, 0x73410b3f, 
	0x081d301b, 0x07211f1c, 0x2e221b15, 0x4337bc0a, 0x41211011, 0x2b210663, 0x20eb8302, 0x0e7b41b5, 0x82023921, 0x85eb82d3, 0x0b1b4117, 0x1b412f8b, 
	0x022b220b, 0x202f889c, 0x0a3341e2, 0x7f022b22, 0xda201788, 0x410c4b41, 0xd2200963, 0x9920178c, 0x20086341, 0x20178ce4, 0x2017885e, 0x20178cde, 
	0x201788ff, 0x089341df, 0x02212a08, 0x00b40122, 0x4044003e, 0x08313241, 0x02010406, 0x03073b3c, 0x4c020103, 0x26272829, 0x16171822, 0x020a0915, 
	0x0202004a, 0x0a134e01, 0x00010434, 0x4e002a00, 0x37390001, 0x0c0e1e20, 0x3e013e00, 0x64180805, 0x1e430837, 0x0efd6b28, 0x34b90126, 0x2c30393e, 
	0x3616c041, 0x01010f8d, 0x453f0205, 0x131b2034, 0x13161021, 0x2635df36, 0x411a4426, 0x25201ccb, 0x23063f43, 0x2b211011, 0x4308f36b, 0xad200833, 
	0x20080f41, 0x0c2741d8, 0x17887f20, 0x210c8741, 0x17881603, 0x00e5dc22, 0x01360082, 0xfcfffcff, 0xae01de01, 0x27000e00, 0x090c2440, 0x05060708, 
	0x65750702, 0x4d282107, 0x20126575, 0x08f47417, 0x1733373e, 0xb1dc0307, 0x02c3022f, 0x3e717c3e, 0x2f02a602, 0x7f0104b5, 0x0f24240f, 0x1201eefe, 
	0x81280784, 0x04000100, 0xf102fcff, 0x192c6382, 0x2e403100, 0x10111418, 0x0a0d0e0f, 0x21086984, 0x0100030d, 0x0201024c, 0x4d280000, 0x03020405, 
	0x4e032603, 0x19000000, 0x16131900, 0x08061317, 0x6d872b1a, 0x20064774, 0x06db7513, 0x0303233c, 0x022fa2d5, 0x6d3302b9, 0x0233066a, 0x683402b8, 
	0x9b02346a, 0x1fab2f02, 0x83878b79, 0x10fcf422, 0xf0218384, 0x26078501, 0xfe2f0181, 0x85ffffd1, 0xa502258f, 0xc4012602, 0x20050b43, 0x0587445d, 
	0x0221a784, 0x20178897, 0x20178cd4, 0x20178873, 0x89178cca, 0x83cf2047, 0x06434b17, 0xef82d120, 0x2b001b27, 0x191b2840, 0x05567614, 0x20053475, 
	0x0734750f, 0x5f4d2821, 0x1620069b, 0x08203475, 0x01171722, 0x2f02b7cf, 0x022f6063, 0x802f0294, 0xb3022f7c, 0x54542a03, 0x038e032a, 0x2f89752f, 
	0x85850f24, 0xa421e783, 0x210583a4, 0x05837272, 0x0fb69222, 0x0027d382, 0xfffcff01, 0x82de011c, 0x00192b8b, 0x18234026, 0x14151617, 0xda76060f, 
	0x57282008, 0x2a820627, 0x1900192d, 0x0804261a, 0x17012b18, 0x47070307, 0x34230558, 0x41023f36, 0x2a0809ec, 0x2f03db01, 0x311650aa, 0x181f1920, 
	0xa6454519, 0x02c2032f, 0x3e74793e, 0x24ae0102, 0xa69bfe0f, 0x1318262e, 0x15071b0f, 0x83690185, 0xf1fe2981, 0x240f0f01, 0xffff0000, 0x02258385, 
	0x012602a5, 0x056f41ca, 0x0682cf20, 0x97201788, 0xd4201788, 0x7320178c, 0xca201788, 0x7520178c, 0xcd201788, 0x0121178b, 0x211788ae, 0x5f8b0ae7, 
	0xcf207789, 0x9c20478c, 0xe2202f88, 0x5e20178c, 0xde201788, 0x7f20178c, 0xda201788, 0x27081783, 0x2d000100, 0x9901feff, 0x1f00b001, 0x0a407000, 
	0x05030101, 0x00020111, 0xb04b4c02, 0x4058500f, 0x03040023, 0x72040301, 0x002d2782, 0x03007001, 0x065f0503, 0x28050501, 0x2a9b824d, 0x02006002, 
	0x4e022902, 0x8525401b, 0x80012125, 0x03232682, 0x957e0001, 0x59240827, 0x00000e40, 0x19001f00, 0x12713212, 0x1b080732, 0x0315012b, 0x37363233, 
	0x26073337, 0x22232322, 0x13350706, 0xf3740583, 0x08198205, 0xe9840137, 0x10200e78, 0x19112f19, 0x14a5142e, 0x79ec142c, 0x0e0e1f10, 0x2d19012e, 
	0x2b15a813, 0xfe20b001, 0x5302029e, 0x01010186, 0x02630120, 0x017f4d02, 0xff000001, 0x21d385ff, 0xeb82a502, 0xab41d420, 0x82b22005, 0x20179206, 
	0x20178cd5, 0x202f8875, 0x241788cd, 0x01990139, 0x201788b0, 0x271785e7, 0x1cffafff, 0x9b02c400, 0xda201782, 0x2105eb58, 0x07825bff, 0x17840120, 
	0xb401b236, 0x27001a00, 0x01082440, 0x4c010100, 0x10111213, 0x004a0104, 0x85210c82, 0x2b9d8202, 0x014e0030, 0x00040600, 0x031a011a, 0x2505114d, 
	0x32333435, 0xe75f1717, 0x0e062a10, 0x19203629, 0x23192417, 0x07ed5f01, 0xe4492a2c, 0x161f1925, 0x433e0624, 0xf25f2f01, 0x42cd230a, 0xf783335f, 
	0x01217f83, 0x84f78426, 0xd0022197, 0xf7829783, 0x1cff1626, 0xa5023202, 0x6207db61, 0x002005eb, 0x2208db61, 0x8267d002, 0x05775ebe, 0xcb032f08, 
	0x5a005102, 0x43404600, 0x07021f26, 0x01014303, 0x32334f07, 0x0f142e2f, 0x00090104, 0x4b4c0301, 0x054a0601, 0x06030301, 0x0606005f, 0xe3824d25, 
	0x0061073d, 0x4d2e0707, 0x00020204, 0x4e002900, 0x1b4b4529, 0x1228184b, 0x2b1e0808, 0x5c071725, 0xa34b05fa, 0x051c4805, 0x27231289, 0x18232626, 
	0x200d1941, 0x19411821, 0x14372317, 0x884f0606, 0x164b0806, 0x16141515, 0x023e8d03, 0x013a02c9, 0x21263e02, 0x01031439, 0x03cd023e, 0x0203023e, 
	0x111a0801, 0x0e220a69, 0x02550201, 0x540200ff, 0x210d0102, 0x1215240b, 0x1b162d29, 0x7d01192f, 0x011a301a, 0x23030101, 0x42252744, 0x65330329, 
	0x2d220c08, 0x0f83083d, 0x58102a08, 0x5b327d53, 0x02020220, 0x284d3807, 0x0d5e4087, 0x0c28280c, 0x87405e0d, 0x083e4e20, 0x06720302, 0x040202a2, 
	0x4c412202, 0x08516533, 0x2e053f41, 0x02000017, 0x00ba020c, 0x40790039, 0x82091f11, 0x01082b24, 0x2a370400, 0x00050301, 0x674d4c03, 0x70252005, 
	0x27260f00, 0x0001064d, 0x7c680400, 0x07082a05, 0x29050502, 0x401b4e05, 0x21278823, 0xd6820001, 0x92690321, 0x40592225, 0x35788210, 0x19390039, 
	0x2413231a, 0x08091626, 0x27332b1d, 0x35343637, 0x3c4d2335, 0x05344d0a, 0x15060626, 0x37323315, 0x41082d65, 0x26080898, 0x14152327, 0x07171716, 
	0x023e0221, 0x693f4848, 0x164e413e, 0x121b1014, 0xcc533a34, 0x02012728, 0x03430203, 0x834302d8, 0xc43208f3, 0x03430103, 0x40100f24, 0x1221b344, 
	0x34674d25, 0x16132133, 0x0334130d, 0x03395257, 0x7e2e3e20, 0x0e0c382e, 0x0e0e2525, 0x3558312c, 0x2fac123d, 0x935d1f4d, 0xff172a07, 0x02e7021c, 
	0x012600ba, 0x24b382de, 0x02da0127, 0x24078223, 0x01260307, 0x2607827e, 0xff170001, 0x82d40119, 0x0035241f, 0x4115407b, 0x332b083b, 0x00060201, 
	0x26274c03, 0x41490602, 0x2420053f, 0x20113f41, 0x093f4105, 0x06010729, 0x4e062906, 0x4122401b, 0x24910f3e, 0x2c053d41, 0x2f350035, 0x2413232e, 
	0x08081626, 0x233d411b, 0x06141124, 0xae432707, 0x19394106, 0x2828c730, 0x544c0102, 0x01313412, 0x03c00206, 0x36415201, 0xd0fe2a1b, 0x22287240, 
	0x0144521e, 0x09354107, 0x00ffff35, 0x02000017, 0x00ba0212, 0x00300126, 0x01070000, 0x411f0154, 0x0210052b, 0x411b0167, 0xff271333, 0xff2f00ff, 
	0x182a0235, 0x220cc35f, 0x45000022, 0x0121051b, 0x13f766bd, 0x00f90028, 0x03060000, 0x06825426, 0x02002d08, 0xe9002f00, 0x53027b01, 0x35002a00, 
	0x3a403d00, 0x0f102e2f, 0x01040508, 0x031f2028, 0x4c020400, 0x03040106, 0x04000205, 0x01006500, 0x3b058a7a, 0x2c4e013f, 0x2b00012b, 0x25352c35, 
	0x0d171823, 0x012a000b, 0x160a072a, 0x2622372b, 0x45167d7a, 0x1520051f, 0x2805b948, 0x06062727, 0x37363237, 0x05c45935, 0x22a05808, 0x29221c33, 
	0x1321337c, 0x1f03020c, 0x1b402d2d, 0x04024c3e, 0x0a323302, 0x100d0812, 0x2f190705, 0x0d1d0f0a, 0x2511144e, 0x142c1ee9, 0x260d261b, 0x0e291c21, 
	0x15082f15, 0x1e291419, 0x79373f03, 0x0b081a13, 0x0604141d, 0x1d150e11, 0x0e0b3e17, 0x13040f51, 0x821e1610, 0x822120db, 0x828320db, 0x000e2bdb, 
	0x402a001a, 0x02010527, 0x16820104, 0x57006521, 0x3f3306fe, 0x0f104e03, 0x14160001, 0x1a101a0f, 0x0e000709, 0x89060e01, 0x333622c8, 0x10206c32, 
	0x35d52708, 0x53332e51, 0x2e5e4d31, 0x2b25294f, 0x2f262b35, 0x512de93a, 0x2c523a34, 0x54334f63, 0x363f2d31, 0x38415647, 0x5b415643, 0x00082605, 
	0x027b0200, 0x2772825f, 0x401f0005, 0x0201051c, 0x2b05854e, 0x0001025f, 0x4e001800, 0x03040000, 0x023b1c82, 0x2b160703, 0x25010133, 0x01080321, 
	0xfd38013b, 0xc28401f0, 0xa1fd5f02, 0x82760142, 0x01270848, 0xa4ff0a00, 0x4d02c801, 0x68002100, 0x010c0f40, 0x0b1c0204, 0x0a030002, 0x03050101, 
	0x0db04b4c, 0x1f405850, 0x82040300, 0x0072304c, 0x00050500, 0x00050070, 0x64010501, 0x83040400, 0x1702267c, 0x401b4e04, 0x21218521, 0x22828000, 
	0x05000423, 0x0823917e, 0x0940593b, 0x74113232, 0x07061071, 0x33252b1c, 0x23222615, 0x07062221, 0x35031335, 0x21331616, 0x07373232, 0x26262723, 
	0x03132323, 0x37363233, 0x16299f01, 0xe6fe1329, 0xd9132614, 0x340482de, 0x2a141c01, 0x0e2b0116, 0xc9161f0d, 0x15dacdc0, 0xb0550d1f, 0x24d48201, 
	0x38012801, 0x29088224, 0x0101679a, 0xeafef1fe, 0xd3840102, 0xfbff0e35, 0x5402b802, 0x2c002b00, 0x14152940, 0x00040102, 0x824c0104, 0x610139b2, 
	0x17010100, 0x0001024d, 0x055f0300, 0x18030301, 0x26364e03, 0x13261634, 0x17259783, 0x33173727, 0x07915a26, 0x14151628, 0x37330706, 0x96830717, 
	0x6d362721, 0x5c0809c8, 0x22230717, 0x2e293706, 0x514d7633, 0x53528149, 0x4854497f, 0x2a2e3474, 0x95222e11, 0x60443d03, 0x45615353, 0x2194053d, 
	0x0a99052e, 0x4a903a68, 0x45497948, 0x944a4d78, 0x990a6836, 0x38290302, 0x7a6a4994, 0x94496a7a, 0x00032938, 0xff150001, 0x0109021c, 0x003700b4, 
	0x0c324035, 0x33ab8304, 0x01010302, 0x314c0200, 0x292e2f30, 0x1c1d1e1f, 0x020b0005, 0x2108196d, 0xc2824d1a, 0x4e011b29, 0x28272527, 0x51180703, 
	0x27210cd3, 0x71b48316, 0x3520050d, 0x51098467, 0x262008de, 0x320bdf51, 0x0f8240c9, 0x391e0301, 0x15361720, 0x171c1108, 0x510e1d16, 0x2c2308e7, 
	0x8315381a, 0x0ce8510c, 0x421c123c, 0x231d2464, 0xc5562526, 0x173c2c5f, 0x1025210e, 0x6928451e, 0x221c3a3e, 0xb6572374, 0x3e1a2805, 0x43394736, 
	0x52000000, 0x5b0805a3, 0x00f80161, 0x40530030, 0x02011150, 0x02102403, 0x01250201, 0x010a0106, 0x4c040600, 0x06020100, 0x80060102, 0x05080300, 
	0x03010202, 0x04006802, 0x004d1904, 0x61000606, 0x00020907, 0x4e001a00, 0x2c2d0001, 0x20222729, 0x1718191d, 0x0e0f1215, 0x30000507, 0x070a3001, 
	0x22172b16, 0x35080757, 0x37373636, 0x36270706, 0x37323333, 0x26073337, 0x07232306, 0xc0791606, 0x13372109, 0x47080f82, 0x30266606, 0x100e0d13, 
	0x17171f0b, 0x32431104, 0xdc733a11, 0x2f181827, 0x2a221010, 0x2201070b, 0x1323121b, 0x2a3a1417, 0x0a024035, 0x40071087, 0x0e1a240a, 0x220c0a11, 
	0xe92f420a, 0x1e2f1d01, 0x01794604, 0x252ffc01, 0x25292482, 0x0140412b, 0x6858c909, 0x2c008200, 0xff370002, 0x020d02f7, 0x000f0054, 0x835b181c, 
	0x067b631a, 0x1c111c22, 0x08257b63, 0x27011632, 0x3f3c6d47, 0x6743466d, 0x3c683d3a, 0x404e483b, 0x43254940, 0x59884b09, 0x4b4e8a59, 0x8c565986, 
	0x6c7d3251, 0x717d937f, 0x00437951, 0x2e000100, 0x31300482, 0x15005502, 0x12401500, 0x0f101112, 0x4a000507, 0x292aa182, 0x01154e00, 0x372b1708, 
	0x66181614, 0x2e0809ef, 0x07272634, 0x06063727, 0x0204db15, 0x02f40350, 0x0303024e, 0xb1035502, 0x47c50301, 0x250e0546, 0x50080e25, 0x391cc03a, 
	0x4c2b1317, 0x82475a1e, 0x1b00255a, 0xc301fcff, 0x2220e782, 0x1b27e583, 0x02030a0b, 0x824c0100, 0x6101325f, 0x2b010100, 0x0202004d, 0x01045f03, 
	0x03290303, 0x2b15824e, 0x261d0022, 0x08052724, 0x27172b19, 0x60066d56, 0x152507cf, 0x33070614, 0x2d741832, 0x23390807, 0x04330622, 0x3d32715f, 
	0x1c325437, 0x363f6319, 0x7c7d2e53, 0x06130bc1, 0x17172921, 0x13c81f31, 0x53230225, 0x38346c7f, 0x3d145043, 0x344d2c45, 0x025db04f, 0xa2045302, 
	0x06eb4302, 0xf7ff3624, 0x9782ae01, 0x002c2708, 0x2a39403c, 0x03032021, 0x01011704, 0x004c0203, 0x04010403, 0x00800103, 0x01040201, 0x04007e02, 
	0x00610504, 0xaa840505, 0x00610033, 0x002c0000, 0x3426254e, 0x06232413, 0x252b1c08, 0x07fa4e14, 0x16323324, 0x6d5e1717, 0x4bb48207, 0x8d610686, 
	0x08bc8305, 0x01161648, 0x40693eae, 0x10164f3e, 0x31131711, 0x3b464f3d, 0x050e1d0e, 0x222f3797, 0x171c173f, 0x56473a62, 0x5147333d, 0x335532b1, 
	0x1610212a, 0x452a100a, 0x023f3639, 0x67112d02, 0x1f1e2e29, 0x493b3314, 0x16493039, 0x83824c09, 0x28000231, 0xdb010000, 0x14004f02, 0x2e001700, 
	0x82172b40, 0x4c0126ba, 0x06030105, 0x27e08204, 0x00670103, 0x4d250202, 0x2305c741, 0x15160000, 0x14272782, 0x15151213, 0x821a0807, 0x07d241b3, 
	0x35345808, 0x33012721, 0x33171506, 0x35332515, 0x01018201, 0x03da033d, 0xfcfe0151, 0x26360107, 0xfe590103, 0x3ba5b6a2, 0x250e0a2d, 0x2d0a0e25, 
	0x8801223b, 0x40d64c48, 0x0100f040, 0xf7ff3000, 0x4b02a501, 0x39001c00, 0x11163640, 0x01040102, 0x0401004c, 0x02010402, 0x18040080, 0x2d08f770, 
	0x61000202, 0x00000105, 0x014e002c, 0x82821500, 0x070a0b27, 0x011c0005, 0x066f7b1c, 0x2c054a6e, 0x36161717, 0x26263435, 0x07211327, 0x06b26223, 
	0x3dbb3008, 0x1011164e, 0x3d341315, 0x5c66294e, 0x08030123, 0x7b8910d0, 0x2a096a40, 0x0a151121, 0x43012a10, 0x22362933, 0x5025010c, 0x4d5a1392, 
	0x43325333, 0x41200557, 0xd1229782, 0xef825d02, 0x2800222f, 0x0e212540, 0x01030202, 0x01010b4c, 0x25b4824a, 0x03010203, 0x93830069, 0x92822c82, 
	0x2b252426, 0x1a080423, 0x240ac541, 0x06173736, 0x05406307, 0x16140523, 0x08cf4133, 0x01143908, 0x365935d1, 0x9d56705c, 0x1bf10f6a, 0x3026461a, 
	0xccfe2d4d, 0x372c3740, 0x3620323d, 0x5634b515, 0x63667934, 0x2d116fa4, 0x2622e03e, 0x500e4a2b, 0x37344361, 0x051a1c44, 0x20347682, 0xc2010000, 
	0x12004f02, 0x1e402100, 0x03020809, 0x4c010100, 0x02210382, 0x0aa5415f, 0x10326528, 0x2b190803, 0x994f2333, 0x37272406, 0x82331616, 0x33230880, 
	0xe74ee017, 0x05160aed, 0x19182720, 0x11d71e2d, 0x1e041327, 0x0201dc01, 0x02a40551, 0x00230102, 0x82440003, 0x02e131f3, 0x001b0054, 0x00340027, 
	0x322e4031, 0x04071520, 0x4c20ec82, 0x1807c454, 0x290f8975, 0x24262a2c, 0x1b000d0f, 0x75181b01, 0x37200a89, 0x2a0dc346, 0x14151616, 0x14030606, 
	0x46171616, 0x8a7406c4, 0x26630808, 0x01060627, 0x325b3d0e, 0x3e2b3c44, 0x35365732, 0x2e332e50, 0x5f35462f, 0x27482e9e, 0x2a333830, 0x3f431638, 
	0x4b303c35, 0x09252b28, 0x352c4628, 0x4316134b, 0x29472d3a, 0x312a4326, 0x40171749, 0x2b4c313a, 0x3228d601, 0x41371124, 0xfe303e33, 0x31422ea2, 
	0x2232282a, 0x003c1b12, 0xff370002, 0x82c801f0, 0x001531cf, 0x40270023, 0x02071c24, 0x4c010302, 0x49000104, 0x2c491c82, 0x032b2b0b, 0x2625264e, 
	0x1a080429, 0xab82012b, 0x36270722, 0x230acc77, 0x16163233, 0x2105c341, 0x8c433437, 0xc8012705, 0x106a9c57, 0xbe411def, 0x332e0805, 0x5c3d385a, 
	0x3fc9fe33, 0x15361e32, 0x382b383f, 0xa4617501, 0x3e2d126e, 0x2b2521dc, 0x57322f4b, 0x0b643735, 0x191b4437, 0x61500706, 0x77820042, 0xf8ff2e2a, 
	0xb601f001, 0x1f000f00, 0x251e2f69, 0x1f101719, 0xb3451f11, 0x8236201c, 0x23263993, 0x15060622, 0x01161614, 0x3e673c0f, 0x3d3a673f, 0x663f3f66, 
	0x2943293d, 0x262b0282, 0x43282843, 0x44643708, 0x853b653f, 0x42210805, 0x31304727, 0x46272746, 0x27473031, 0x36000100, 0x27010000, 0x1400b701, 
	0x12401500, 0x0b0c0d0e, 0x08bb4500, 0x08011225, 0x50372b17, 0xb7450912, 0x086b8206, 0x0348df22, 0x024803df, 0x03510301, 0x020202aa, 0x25250e33, 
	0x222b100e, 0x141c297c, 0x42174f2b, 0x31299c26, 0x21085682, 0xfdff2400, 0xb6019e01, 0x5e002000, 0x020a0bb6, 0x4c010003, 0x5016b04b, 0x001d4058, 
	0x02020003, 0xc3457203, 0x4d2e2107, 0x042b0e82, 0x04010560, 0x4e042604, 0x831e401b, 0x0300231f, 0x20958002, 0x0d405922, 0x202b1882, 0x25121b00, 
	0x08062625, 0x49172b1a, 0x07200823, 0x47092b45, 0x3f080693, 0x22232322, 0x73043d06, 0x252d336a, 0x1919183c, 0x55473a5a, 0x27715b63, 0x132e1118, 
	0xb62b1e0e, 0x20031b0d, 0x2a3b7b4a, 0x161d202e, 0x3e4a3830, 0x04357b39, 0x01018237, 0x17000100, 0x90011cff, 0x2d2bbf82, 0x44404700, 0x031d1e27, 
	0x45130403, 0x515f1bdf, 0x0030320a, 0x2200014e, 0x11191b20, 0x070a0b0f, 0x012d0005, 0x06515f2d, 0x4907ad44, 0xb18307d5, 0x3612e745, 0x06061415, 
	0x18513ea6, 0x14191010, 0x424d3a36, 0x111a0f39, 0x8a4e4a06, 0x3e3838c4, 0x6a415247, 0x112129e4, 0x29100b16, 0x3b435002, 0x2e030247, 0x8834550b, 
	0x2b4108ca, 0x55081e57, 0x365e3a47, 0x20000200, 0xef012eff, 0x0d00b201, 0x68001000, 0x030110b5, 0x4b4c0102, 0x585029b0, 0x02001740, 0x054d2802, 
	0x01030301, 0x0101045f, 0x004d2901, 0x002a0000, 0xb04b1b4e, 0x201e8232, 0x82198215, 0x46002016, 0x2820050f, 0x40261c87, 0x01000015, 0x1c8d8600, 
	0x594e0231, 0x11094059, 0x11121411, 0x1c080610, 0x4623052b, 0x2508051c, 0x33151506, 0x33252315, 0x52900135, 0x010aecfe, 0x0101264c, 0xedfe5f5f, 
	0x23ded2c1, 0x50288301, 0x3e3ec729, 0x008200eb, 0x1e00012a, 0x98011cff, 0x1d00ae01, 0x821a1346, 0x07134684, 0x13463020, 0x011d220c, 0x0e13461d, 
	0x13463620, 0x021e3d0a, 0x06061415, 0x18523eae, 0x14191011, 0x3e4e3936, 0x01274c71, 0x15dc0810, 0x3f457c53, 0x08094941, 0x35394c2b, 0x010a1f3b, 
	0x0daa5345, 0x383e512f, 0x0000365c, 0xff3c0002, 0x02e001f6, 0x001600a8, 0x40280024, 0x02102325, 0x4c010302, 0x1713460c, 0x13462d20, 0x3526270b, 
	0x37363634, 0x15460617, 0xe0500816, 0x3f395e38, 0xa65b3660, 0x927f0f70, 0x2a4c1f10, 0xfe2f4f32, 0x333d45b6, 0x2535453e, 0x3ac9183c, 0x6f3e3960, 
	0x80b56a4b, 0xa4292d1b, 0x2f272076, 0x6e5e0d52, 0x4b3e3f4e, 0x00091a1d, 0x00010000, 0x0124ff23, 0x00b201c7, 0x40200011, 0x0202081d, 0x410b1a46, 
	0x652a07b0, 0x08031022, 0x23172b19, 0x54181335, 0x210808c1, 0x33363233, 0xf14ddc17, 0x1c0e19ef, 0x3319122b, 0x2c14ca23, 0x20dc0415, 0x5d031c02, 
	0x0202ae04, 0x5e822501, 0x00030023, 0x2efb8240, 0x009e02f0, 0x0029001c, 0x40520036, 0x46213409, 0x2242061b, 0x00162105, 0x61202b82, 0x27277582, 
	0x0303004d, 0x47046100, 0x1b2205ac, 0x9c821440, 0x01030224, 0x168b6902, 0x0f40592e, 0x2c2e0001, 0x0d0f2628, 0x1c011c00, 0x41193c46, 0x3c4605af, 
	0x143d4605, 0x40135a08, 0x404a345f, 0x5a34432e, 0x30543738, 0x39223236, 0xa7643823, 0x1e294b30, 0x2e353d1a, 0x4348173c, 0x4d314138, 0x0a2b312a, 
	0x3a344f2e, 0x4a191655, 0x2d4f3340, 0x31334d2c, 0x2a111f51, 0x55352b3b, 0x2e110230, 0x2313293b, 0x4a3e2441, 0x356efe38, 0x2e343a4e, 0x1d14293a, 
	0x29f88249, 0xff380002, 0x01dc0114, 0x434600b6, 0x462e2020, 0x25260943, 0x07060614, 0x43462427, 0xdc45081d, 0x0f70a65b, 0x1f220001, 0x50322a4c, 
	0x355f3b2f, 0xfe365f40, 0x253645b3, 0x3d46183c, 0x68be3f32, 0x2d1a79af, 0x2721e54f, 0x3e34532f, 0x703d365f, 0x1f4d3d0f, 0x5f09081b, 0x00004e6d, 
	0xff2c0002, 0x02f001f7, 0x0f736f54, 0x736f2b20, 0x002c210a, 0x0831736f, 0x68451340, 0x43693d3a, 0x3b386241, 0x42373a64, 0x443c3c48, 0x8749094d, 
	0x4c895c5c, 0x595c8549, 0x79324f8b, 0x798f8370, 0x008f7e75, 0x00810001, 0x02a80100, 0x00150055, 0x12134016, 0x070f1011, 0xf44b0604, 0x14252c0c, 
	0x07171716, 0x36372721, 0x4b353536, 0x280808f4, 0x01034001, 0xe4fe0264, 0x02016402, 0x03670202, 0xc50302c4, 0x0c0c4c3a, 0x0c0c2727, 0x27c04244, 
	0x2b111033, 0x3561294c, 0x255e8200, 0xfcff3100, 0xf74beb01, 0x05493e54, 0x42357967, 0x1c355a3b, 0x3942681a, 0x85843056, 0x06130bd2, 0x16182822, 
	0x11db1e32, 0x1ef74b26, 0xf7ff4c24, 0xf74bd201, 0x42162050, 0xf74b06e3, 0xd2230816, 0x40426e41, 0x0f101751, 0x44321317, 0x0d3e4c57, 0xab06151f, 
	0x4426333b, 0x64191c17, 0x475a4d3c, 0x4b584b36, 0xda4a05f7, 0x3a452505, 0x03013f36, 0x080bf84b, 0x16492f20, 0x00004c08, 0x00300002, 0x02e40100, 
	0x0015004f, 0x40320018, 0x0301182f, 0x00010402, 0xfb4b0201, 0x16172118, 0x15212b82, 0x17fb4b14, 0x3408fc4b, 0x3d01018a, 0x5003da02, 0x08fdfe01, 
	0x01273601, 0xfe5a0103, 0x0efd4ba1, 0x264a2426, 0xec4040d6, 0x00258282, 0x01f7ff50, 0x5bff4bd2, 0x5140e137, 0x180e1017, 0x57443213, 0x23606f2f, 
	0xdf071001, 0x3e829410, 0x09ff4b6d, 0x3429372f, 0x25010b21, 0x59158f50, 0x3355314e, 0x22008200, 0x82470002, 0x02e02297, 0x2ef3825d, 0x40290023, 
	0x020f2226, 0x4c010302, 0x4c020c0d, 0x2c201600, 0x4c13ec45, 0x24081501, 0x375b37e0, 0x58345e3e, 0xfc136ca0, 0x29491b1c, 0xfe2f4e30, 0x2e3a41c3, 
	0x2034423b, 0x34b51539, 0x64373456, 0x05034c44, 0x2823e322, 0x240e034c, 0x01000039, 0x26034ced, 0x034c2120, 0x03013211, 0x0afdee4f, 0x291f0515, 
	0x1f311716, 0x132712e8, 0x0c044c03, 0x0322fb82, 0xfb823f00, 0x5402de2d, 0x28001b00, 0x31003500, 0x4c332e40, 0x2d231f07, 0x4c25272b, 0xca452b07, 
	0x08230814, 0x43325b3c, 0x333d2b3c, 0x51343657, 0x2e2d322e, 0x9c613646, 0x1a27482e, 0x2b333816, 0x3f431637, 0x4c313d35, 0x45270509, 0x134b352d, 
	0x4c394317, 0x2f250509, 0x4117174b, 0x07094c39, 0x391d1023, 0x0f0a4c21, 0x00020031, 0x01f1ff3c, 0x005702d5, 0x00230015, 0x4c254028, 0x0522060b, 
	0x0c4c0204, 0x41d52040, 0x2f0809c8, 0x5b342e4f, 0x345d3f3a, 0x3441c1fe, 0x41153920, 0x013a2e3a, 0x6ea56278, 0xe33e2d12, 0x4b2b2823, 0x3656322f, 
	0x370b6437, 0x051a1c44, 0x42615006, 0x2d249782, 0xef01f8ff, 0x26550b4c, 0x3e673c0e, 0x823a6740, 0x663f2d05, 0x2943283c, 0x27284329, 0x42292942, 
	0x241c0b4c, 0x01000084, 0x080b4cae, 0x040b0c22, 0x200e0b4c, 0x09cf4525, 0x3e090b4c, 0x03664801, 0x6602e4fe, 0x6c030102, 0x0202c503, 0x260d3302, 
	0x2b100d26, 0x1c238322, 0x4c502914, 0x5a82070d, 0xff4c0025, 0x82e301fd, 0x4c2220ef, 0x2224540f, 0x35121c00, 0x081c0f4c, 0x3737362a, 0x22260733, 
	0x22232322, 0x80046606, 0x2a323876, 0x1b1a1a44, 0x5b4d4061, 0x14776167, 0x2e120e22, 0x21150a13, 0x210dc51f, 0x290d134c, 0x02347937, 0x01873702, 
	0x00820001, 0x38000126, 0xd3011cff, 0x2e2bc782, 0x44404700, 0x031e1f28, 0x4c140403, 0x232d2b17, 0x121a1c21, 0x070a0b10, 0x012e0005, 0x0e174c2e, 
	0x184c3220, 0x48d53622, 0x10111855, 0x2d361518, 0x3e4c2e4c, 0x06111d0f, 0x32394e5c, 0x38cc8729, 0x53483345, 0x29e47344, 0x0a161121, 0x41232911, 
	0x03493f2b, 0x550a2f03, 0x08194c35, 0x18513828, 0x3945540a, 0xcf82385d, 0x23000230, 0xe9012eff, 0x0c00b201, 0x68000f00, 0x1b4c0fb5, 0x4c13205d, 
	0x1a4c0e1b, 0x51933808, 0x010aebfe, 0x5603274c, 0xc2edfe56, 0x0123ded2, 0xc7505183, 0x41ec3e3e, 0xae200a73, 0x2105174c, 0x2b521217, 0x0f174c14, 
	0x14151628, 0x070a0b13, 0x174c0005, 0x05654111, 0x410c2c52, 0x312b0b54, 0x01276c78, 0x14f8082c, 0x41418da1, 0x22390848, 0x3a2d273c, 0x42011027, 
	0x6419a853, 0x375a3554, 0x00020000, 0x01f6ff44, 0x55174cde, 0x5b37de3d, 0x345e3e38, 0x0f6da259, 0x1f108c7c, 0x4e302649, 0x43c0fe2f, 0x443e2f3a, 
	0x4c3a2232, 0xa3230d17, 0x4c251f74, 0x4c2d0717, 0x000a191d, 0x00010000, 0x0124ff2f, 0x28174cf7, 0x22210124, 0x31520707, 0x4dfa2709, 0xeefe0201, 
	0x194c0c1b, 0x4cee2005, 0x03221119, 0xfb823b00, 0x9e02e12d, 0x28001c00, 0x52003500, 0x4c330940, 0x4c464017, 0x28174c06, 0x26343525, 0x52062223, 
	0x2e080d54, 0x335c3e08, 0x422d3d49, 0x35375933, 0x31372f53, 0x37233822, 0x492ea162, 0x343a3627, 0x45163b2b, 0x303f3541, 0x292f284a, 0x344f2e0a, 
	0x4c17543a, 0x4e270615, 0x1d513232, 0x4c3c2a11, 0x2d260515, 0x43132a3b, 0x144c3f44, 0x1320080a, 0x0000481d, 0xff3e0002, 0x01d80113, 0x001600b6, 
	0x402b0024, 0x02011d28, 0x084c0103, 0x4b010201, 0x4c125b52, 0x2a200517, 0x22071e54, 0x52362707, 0x3c081e5c, 0x6da259d8, 0x118c7b0f, 0x3026491f, 
	0x5c392e4f, 0x345e3e35, 0x3244bcfe, 0x43183a22, 0xbd402d3a, 0x1a7cae66, 0x6e9b272d, 0x532f251f, 0x375f3d35, 0x3e0e703e, 0x0a191c4c, 0x4b6e5f0b, 
	0x2c008200, 0xff240002, 0x016c01fa, 0x000c008a, 0x0b5f5217, 0x1b4c3720, 0x0038340a, 0x010d0e4e, 0x0d111300, 0x07170e17, 0x010c0005, 0x5809060c, 
	0x15250ad7, 0x27060614, 0x3c481832, 0xcb260808, 0x4c5d5b4c, 0x482a5649, 0x252b472a, 0x062e2a22, 0x705c586c, 0x5d3b596a, 0x50912b35, 0x50474b5c, 
	0x0100005b, 0x04825a00, 0x8c01412f, 0x14001400, 0x0f111140, 0x0004040e, 0x2590824a, 0x154e0036, 0x02580901, 0x0a0c4c0b, 0x03f82308, 0xd9024501, 
	0x01044503, 0xa3044b02, 0x2b8e0203, 0x230a0432, 0x570a0a23, 0x0a301757, 0x223c250b, 0x56822354, 0xff250023, 0x29d384fd, 0x4028001e, 0x08151625, 
	0x00580407, 0x5837200b, 0x00340500, 0x03360303, 0x2425554e, 0x1a090424, 0x3636372b, 0x22233435, 0x080e0e52, 0x26071739, 0x22232326, 0x65340706, 
	0x233b5256, 0x314c151a, 0x595b4d3d, 0x160f1283, 0x31121425, 0x1a0d9812, 0x6a481f0d, 0x14324733, 0x3641322b, 0x03326c34, 0x02740431, 0x82010101, 
	0x012108ca, 0xfaff3a00, 0x8a015901, 0x6c002b00, 0x21290c40, 0x04030320, 0x03010116, 0xb04b4c02, 0x40585009, 0x05f65723, 0xf5577220, 0x219f840e, 
	0x41826100, 0x4e003825, 0x5824401b, 0x268c161c, 0x0940592a, 0x13242725, 0x09062324, 0x4c101f58, 0x37520627, 0x075b0812, 0x59011616, 0x2f315130, 
	0x0b0d133e, 0x29250e12, 0x112d3437, 0x363b0515, 0x2b1e1e24, 0x4c131a0f, 0x573f3531, 0x22753c35, 0x19202138, 0x0c08130e, 0x2229021f, 0x26032621, 
	0x171c2505, 0x1411151b, 0x27302d23, 0x3306203e, 0x24000200, 0x67010000, 0x10008701, 0x2e001300, 0x82132b40, 0x040524e6, 0x82040001, 0x514c20dc, 
	0x35210cf4, 0x05e6414d, 0x13111125, 0x84121312, 0x071729af, 0x35372723, 0x33132723, 0x0805f851, 0x35332721, 0x022f2901, 0xb43902af, 0x032ade06, 
	0x72bd3e3e, 0x23230a2d, 0x011d380a, 0x813c3005, 0x82883535, 0x41002042, 0x8428075f, 0x38001a00, 0x010f3540, 0x82130e58, 0x07fa516d, 0x4e003830, 
	0x12130001, 0x090a1011, 0x1a000507, 0xc4421a01, 0x060d580b, 0x33372722, 0x08080c58, 0x3e2fa74a, 0x18130d13, 0x4c372925, 0x07cb1a5f, 0x606809a3, 
	0x20065130, 0x14130e19, 0x2128021f, 0xd1072321, 0x3e0a4a45, 0x213a2335, 0x31000200, 0x5f01faff, 0x15009001, 0x31002300, 0x010d2e40, 0x01100102, 
	0x01220204, 0x4c030403, 0x042e1f82, 0x69040203, 0x37010100, 0x0303004d, 0xdd416200, 0x24242705, 0x05231626, 0x0c581b09, 0x0ef85107, 0x0d580720, 
	0x5f3d080d, 0x2c2a4328, 0x77432746, 0x60560e4e, 0x1a31150a, 0x2adb4335, 0x25241b22, 0x0e25141f, 0x233c257e, 0x432d4628, 0x2605456e, 0x1a4b5b0c, 
	0x3020411d, 0x2223283d, 0x030e1126, 0x00010000, 0x34048232, 0x00860165, 0x402b0012, 0x00011128, 0x01070801, 0x02000203, 0x2189824c, 0x98825f01, 
	0x034d3528, 0x36020201, 0x10824e02, 0x12001229, 0x09043274, 0x58332b18, 0x38081018, 0xa0a48203, 0x11071207, 0x30100e23, 0x1b0d9b13, 0x18a1020d, 
	0x01012601, 0x0176032f, 0xfe1f0101, 0x0003009a, 0x01faff2b, 0x008a0165, 0x00220016, 0x4031002e, 0x111b2d2e, 0x0c1b5805, 0x34050541, 0x00010461, 
	0x4e003800, 0x25270001, 0x0a0c1f21, 0x16011600, 0x07594405, 0x60051958, 0x9e59057b, 0x0b165805, 0x08081a41, 0x0627264b, 0x545444c3, 0x4053271c, 
	0x1c24493d, 0x82592f21, 0x161b311f, 0x221c2023, 0x20282c10, 0x1d352327, 0x2f390626, 0x2d0e1a3f, 0x363d3126, 0x0d2f1f2a, 0x34262c0f, 0x17370140, 
	0x1f0a161e, 0x1b242024, 0x1b241fe0, 0x151d1816, 0x05c7410c, 0x5f01f422, 0x1420bb82, 0xb982bb82, 0x03011b2d, 0x01010804, 0x00010503, 0x824c0301, 
	0x00012cdb, 0x00690103, 0x61020404, 0x82020200, 0x24c084c6, 0x26252426, 0x07c74113, 0x2309b545, 0x36363435, 0xab85c082, 0x20081058, 0x09c0415f, 
	0x28443435, 0x56432944, 0x141f25de, 0x222a0e25, 0x40ea241b, 0x4105446d, 0x302f06bf, 0x59233c25, 0x11262219, 0x3004030e, 0x4500283d, 0x2b230dab, 
	0x82002840, 0x0102278b, 0x01056903, 0x44530202, 0x45262005, 0x856812a9, 0x09c66107, 0x452ca945, 0xae5d1aab, 0x3cab4511, 0x23402622, 0x2f09ab45, 
	0x02000001, 0x00690001, 0x5f030202, 0x29030300, 0x2006a945, 0x52a94508, 0x220ba745, 0x4537403a, 0x7a450ba7, 0x0005250f, 0x04050304, 0x2208cd5b, 
	0x454e0026, 0x955d0675, 0x63754511, 0x77450020, 0x0200241e, 0x45850203, 0x00240a7c, 0x4e002900, 0x83067745, 0x417745b1, 0x33403622, 0x270e7745, 
	0x01040003, 0x00670403, 0x20077545, 0x10754526, 0x450a9042, 0xff833e75, 0x231d7745, 0x85010201, 0x45087c45, 0x91820677, 0x20057745, 0x6d774508, 
	0x26402922, 0x420c7745, 0x672005e2, 0x4509a17a, 0x08200575, 0x20357545, 0x10774500, 0x2c402f22, 0x21097745, 0x57570001, 0x4526200d, 0x94410e75, 
	0x74754507, 0x4505c741, 0xb9820977, 0x210e7745, 0x3f470002, 0x00032105, 0x24057f45, 0x002c0000, 0x0575454e, 0x4506c541, 0x63435775, 0x01c12805, 
	0x0051026c, 0x6717000c, 0x2521143f, 0x11204b03, 0x2b160823, 0xb54e1837, 0x1b204b0a, 0x204bc120, 0x00012e11, 0x01c7005a, 0x00530241, 0x40120014, 
	0x091f4b0f, 0x01157625, 0x792b1708, 0x7145090b, 0x5501211a, 0x25141e4b, 0x25000100, 0xcf84c400, 0x25001e24, 0x73452240, 0x00022509, 0x63030203, 
	0x2107425d, 0x1c4b0025, 0x3c724505, 0x1c4be620, 0x00012e16, 0x01c1003a, 0x00510259, 0x4039002b, 0x1b734536, 0x00000225, 0x63650002, 0x25210712, 
	0x0a724504, 0x08630120, 0x4072450d, 0x4a3c0121, 0x0f4221e9, 0x01c72c05, 0x004e0267, 0x00130010, 0x4a0d4051, 0x4b2c0ceb, 0x58500db0, 0x00001640, 
	0x71000101, 0x230cf84a, 0x1b4e0225, 0x8213055d, 0x40592217, 0x2d964509, 0x0e4bf420, 0x074f410e, 0x1b004b27, 0x32403500, 0x0d0b4b10, 0x69050221, 
	0x042005ee, 0x30062263, 0x00014e04, 0x11121314, 0x05070a0b, 0x1b011b00, 0x0bac4206, 0x22179345, 0x4b0d130b, 0xc1260d0a, 0x130e1920, 0x0b4b0a0a, 
	0xc1002313, 0x3f555f01, 0x40302206, 0x0e0b4b2d, 0x00000325, 0x65660003, 0x47490589, 0x042e2206, 0x0892454e, 0x4b06d441, 0x01213a0a, 0x200b4b45, 
	0x6501c724, 0x0b4b4d02, 0x01032511, 0x86020002, 0x2107114b, 0x0b4b0025, 0x18082309, 0x0b4b372b, 0x4bc72023, 0x4b820e0c, 0x2b000324, 0x6f82c100, 
	0x0f4b5120, 0x402e2206, 0x0997452b, 0x01040326, 0x65000300, 0x2107105d, 0x0c4b0225, 0x0798410d, 0x224a9645, 0x4b2e3ac1, 0xbb82260c, 0x31000229, 
	0x5f01bb00, 0x4b005102, 0x0023150f, 0x4b860001, 0x25210f14, 0x09994504, 0x50062163, 0x0f4b06c5, 0xb1012131, 0x841a104b, 0x0024219f, 0x18099b45, 
	0x200a5784, 0x0abf503f, 0x154b4020, 0x05de6c12, 0x08545418, 0x822e9e45, 0x099f45f6, 0x250cbf50, 0x154e003e, 0xa1450a01, 0x0b9f453c, 0x2013bf50, 
	0x08bf503f, 0x154b3e20, 0x4b0a2006, 0xa2453b15, 0x45e38217, 0xbf5009a3, 0x259f842b, 0x00006100, 0xbf504000, 0x50268c1b, 0x0a2209bf, 0xd6452b1c, 
	0x02002475, 0x45002400, 0xc35009d7, 0x4d3d211c, 0x3e20dd82, 0x82084b4b, 0x050975b3, 0x451dc350, 0x43820fb4, 0x220bb745, 0x45354038, 0xaf450eb7, 
	0x4b6d8206, 0x4021074d, 0x0fba4500, 0x450bc842, 0x002340ba, 0x45310002, 0xc7500abb, 0x503f201b, 0x938208c7, 0x2105bc45, 0xba411b0a, 0x58bc4507, 
	0x32000123, 0x16bb4500, 0x2607b545, 0x01034d3d, 0x503e0202, 0x0a200ac7, 0x5049bb45, 0x094113cb, 0x04612505, 0x40000001, 0x410e554b, 0xbe45079c, 
	0x1fbb4574, 0x47074b4b, 0xc6820683, 0x554bc084, 0x06cb4105, 0x453b554b, 0x2a081fbb, 0xff92ff01, 0x02e700d6, 0x00030093, 0x0103b306, 0x072b3201, 
	0x6e011701, 0xfe2b2a01, 0xab0218d6, 0xff55fd12, 0xff5a00ff, 0x826103d6, 0x02262a23, 0x0000002a, 0x013d0227, 0x26078290, 0x01210207, 0x860000f5, 
	0x925c201f, 0x8623201f, 0x823a201f, 0x201f853f, 0x843f8c2c, 0x0100371f, 0xf6ff3600, 0x7000b400, 0x1a000b00, 0x01001740, 0x02610001, 0x3a6c0001, 
	0x05072505, 0x0b010b00, 0x5108c679, 0x75240640, 0x1b24241b, 0x0a240382, 0x231a1a23, 0x56820383, 0x00010027, 0x0050ff1c, 0x244782b8, 0x400f0012, 
	0x2046820c, 0x24168249, 0x08012b76, 0x066c6817, 0x46022e21, 0x2b3d096c, 0x102b280f, 0x1a211016, 0x40232a1a, 0x33121db0, 0x12161322, 0x21151417, 
	0x4e282f2c, 0x2138823e, 0x97850200, 0x82b80121, 0x00172597, 0x042a402d, 0x013c9482, 0x01010061, 0x03004d2e, 0x05610203, 0x2c020201, 0x0c0d4e02, 
	0x11130001, 0x170d170c, 0x0621ac85, 0x2c5b1808, 0x32332513, 0x06141516, 0xbc83b887, 0x01220383, 0xc185223f, 0xb7fe2222, 0x0220cb8b, 0x7b84cb85, 
	0x25001e28, 0x010d2240, 0x91824902, 0x03860222, 0x00248488, 0x1900014e, 0x04207386, 0x2724738f, 0x34353636, 0x7987ef8b, 0xf7896520, 0x8a402421, 
	0x4111207e, 0x3f220e02, 0xff83ffff, 0x00580231, 0x02270070, 0x00d20041, 0x02270000, 0x82a40141, 0x82062007, 0x8200200f, 0xff46348d, 0x02c400f6, 
	0x000800ba, 0xb6590014, 0x01020107, 0x784c0100, 0x1a290542, 0x00010104, 0x03010003, 0x202f8280, 0x0c2f4127, 0x17401b27, 0x00010000, 0x22218285, 
	0x41850103, 0x592c0b49, 0x090a1240, 0x0e100000, 0x140a1409, 0x082f5582, 0x17080623, 0x2603372b, 0x16323336, 0x4d070307, 0x722a0acb, 0x171f0221, 
	0x21021f17, 0x0a421b13, 0x01b62305, 0x008225ba, 0xc046fe22, 0x280d4741, 0x001cff46, 0x00b601c4, 0x29a3820b, 0x142c402f, 0x0203020e, 0x80184c01, 
	0x2e260883, 0x0202004d, 0x85826103, 0x4e033028, 0x10120001, 0xc5410c0d, 0x08052505, 0x32132b16, 0x29091f73, 0x16133317, 0x26222306, 0x70868537, 
	0x86260821, 0xb6012182, 0x22277182, 0x231a1a22, 0x8270fec0, 0x82252082, 0x00022ef1, 0x01f6ff0e, 0x00ba0236, 0x002d0021, 0x0513416a, 0xf5822520, 
	0x0100032b, 0x03010672, 0x05030005, 0x2027837e, 0x307e8261, 0x05004d27, 0x07610405, 0x2c040401, 0x401b4e04, 0x26278f23, 0x01000002, 0x8b690002, 
	0x40592c25, 0x00222314, 0x22272900, 0x822d232d, 0x24212e64, 0x08082b21, 0x26372b19, 0x3e343526, 0x055e5403, 0xf042ae82, 0x24c68205, 0x1415030e, 
	0x0b414117, 0x0d106d37, 0x22313222, 0x281a2831, 0x251c1c16, 0x37634227, 0x22323122, 0x08504106, 0x172b1b3a, 0x2f2f341f, 0x2f261f35, 0x14111c11, 
	0x3f5d341d, 0x282c3928, 0x181b1f2d, 0x280e6341, 0x011cff30, 0x00b60158, 0x3ceb820b, 0x073c403f, 0x03010501, 0x80030501, 0x02020300, 0x01007003, 
	0x06610001, 0x2e000001, 0x33ec824d, 0x04006204, 0x4e043004, 0x00010c0c, 0x2d0c2d0c, 0x1a1c2022, 0x2007c542, 0x0f734108, 0xb8861620, 0x32331622, 
	0x08f66318, 0x2721e087, 0x068841e4, 0x0c113022, 0x3123b883, 0x842b1728, 0x634122c8, 0x20d88338, 0x0a974106, 0x1627ca82, 0x322e2d2c, 0x84291e1a, 
	0x543135ca, 0x2c382636, 0x1b172625, 0x01000018, 0x9f003c00, 0x1901ba00, 0x1f22bf82, 0x0f821c40, 0x59010022, 0x0227b484, 0x00010001, 0x44000151, 
	0x4e500984, 0x867b200b, 0x429f207f, 0x012b0a70, 0x3c003700, 0x6f016d01, 0x95000f00, 0x051b6e4b, 0x544c0320, 0x4b262005, 0xe682068d, 0xd2060625, 
	0x822a472a, 0x462b2902, 0x3c462a2a, 0x2c2a4528, 0x2c380883, 0x0028452a, 0x00010000, 0x015e0128, 0x00ba0290, 0x4036003b, 0x022a360d, 0x4c25a082, 
	0x0306121e, 0x06b37b00, 0x82000b21, 0x82862024, 0x01272515, 0x09401b4e, 0x01210c82, 0x33388285, 0x31b55976, 0x0802142f, 0x16012b17, 0x06060706, 
	0x17161607, 0x26240883, 0x27262627, 0x06210e82, 0x23088206, 0x37363637, 0x26210e82, 0x20088226, 0x20208217, 0xe95f1826, 0x82072009, 0x3635081a, 
	0x058b0116, 0x40171510, 0x0f34151c, 0x0c0e030d, 0x1a110d1e, 0x111b0d0e, 0x0d0d1e0d, 0x340f0d03, 0x17401b14, 0x05051015, 0x3719141d, 0x15110419, 
	0x10141010, 0x080a8204, 0x021e1440, 0x071a0f37, 0x14040409, 0x1e12162a, 0x11070a0a, 0x19194417, 0x06111744, 0x121f0909, 0x04142a16, 0x1b060805, 
	0x070d0f0f, 0x1c0d2308, 0x17161b42, 0x421b1617, 0x08230d1c, 0x02000d07, 0xd3822000, 0x02ef3a08, 0x001b004b, 0x4b7a001f, 0x585020b0, 0x090e2840, 
	0x0a0c0102, 0x010b0002, 0x01066700, 0x4d250404, 0x0202080f, 0x075f0302, 0x03030205, 0x0d104d28, 0x290b0b02, 0x401b4e0b, 0x83118326, 0x0301231c, 
	0x36916802, 0x59282887, 0x00001e40, 0x1c1d1e1f, 0x1b296682, 0x1718191a, 0x13141516, 0x26008811, 0x332b1f08, 0x85352337, 0x07332303, 0x03823733, 
	0x07231523, 0x24038233, 0x07233723, 0x2c188237, 0x665c2458, 0x247e7420, 0x247e2432, 0x280b8a33, 0x7e1f7e2e, 0x319331ab, 0x850082ab, 0x93dc2206, 
	0x2dd28200, 0x4cff1400, 0xd8028201, 0x17000300, 0x10831440, 0x01028525, 0x82760101, 0x00033a1b, 0x08031103, 0x01172b17, 0x01140133, 0xd3fe412d, 
	0xfc8c03b4, 0xff010074, 0x203382ec, 0x2233845a, 0x410e4011, 0x112708dd, 0x18080210, 0x8223052b, 0x825a202e, 0x8241202c, 0x261b822d, 0x014601f6, 
	0x47ae0162, 0x0220054f, 0x22073046, 0x424e0028, 0x01200bca, 0x2e0a4d45, 0x20172d01, 0x1e171720, 0x1e46011e, 0x831e1616, 0xc7968303, 0x64390847, 
	0x68011bff, 0x0d00d902, 0x08b30600, 0x2b320100, 0x06061701, 0x17161415, 0x35262607, 0x4b013634, 0x5656531d, 0x74731d53, 0x1ad90274, 0x8989e953, 
	0x5f1a53e9, 0xf48e8ef2, 0x82bb8200, 0x8604203b, 0x8306203b, 0x1613233b, 0x1e7e1516, 0x26342706, 0x73741d27, 0x3e847473, 0x5dd90227, 0xf28e8ef4, 
	0x8340865f, 0xff463cbf, 0x023a011c, 0x002600da, 0x20254028, 0x01010001, 0x0215164c, 0x03044a01, 0x43490002, 0x2b830ae7, 0x1b115127, 0x2b180802, 
	0x27958417, 0x36363435, 0x35273435, 0xa1830482, 0xae853720, 0x7d847784, 0xcf063e08, 0xb5083734, 0x69691919, 0x08b51919, 0x15153437, 0x2c2d2e2b, 
	0x2b521515, 0x1b280b34, 0x4a4d2583, 0x2c044c1f, 0x49204c04, 0x1b83254d, 0x2c330b28, 0x28454424, 0x0f0d3e2a, 0x45282b41, 0x246f8343, 0x011cff37, 
	0x249b842b, 0x0727402a, 0x2a9c8201, 0x0211124c, 0x23244a00, 0x82490102, 0x00012220, 0x06055459, 0x5101002c, 0x191a1b1c, 0x2b160802, 0x8e833417, 
	0x84373621, 0x219c8305, 0x94833727, 0x14150624, 0x04821517, 0x072e9b83, 0xa2363627, 0x2d2c1515, 0x15152b2e, 0xa5893833, 0x52333832, 0x28454325, 
	0x0d0f412b, 0x45282a3e, 0x332c2444, 0x4921ab85, 0x21ab8420, 0xab854a1f, 0x76823420, 0x0001002f, 0x0124ff69, 0x00d20218, 0x401d0007, 0x290f821a, 
	0x02010302, 0x03030067, 0x1f825f00, 0x4e002a2f, 0x10111111, 0x2b1a0804, 0x33112305, 0x2c038215, 0xafaf1801, 0x03dc5f5f, 0xb0fc2fae, 0x242f8200, 
	0x0024ff2d, 0x243f84db, 0x00204023, 0x22118202, 0x82670102, 0x05f5773a, 0x4e032a22, 0x07220b82, 0x46820700, 0x19080528, 0x3335172b, 0x03822311, 
	0x5f5f2d2a, 0x032fdcae, 0x52fc2f50, 0x502b3182, 0x2501ac00, 0x03000e01, 0x82b30600, 0x2b323041, 0x15373537, 0x45acd550, 0x0000451d, 0x8600ffff, 
	0x0602231f, 0x4d825802, 0x03820120, 0xf401c324, 0x2f82f500, 0x1b401e28, 0x01010000, 0x13825700, 0x025f0122, 0x01210982, 0x0a5e434f, 0x21353528, 
	0xc3f40115, 0x13823232, 0x37840020, 0xa7e80321, 0xe8032137, 0x32243788, 0x2602c300, 0x372037a3, 0x32206f82, 0xb7827086, 0xc3000022, 0xb7826f83, 
	0xc7945b20, 0xc6ff1324, 0x9a828101, 0x26000326, 0x446406b1, 0xb124cb9d, 0x17440006, 0x13255f82, 0x3a3a6e01, 0x2635823a, 0xff210001, 0x4bbd0050, 
	0x30202607, 0x4b0b0f4a, 0x3f200f07, 0xff214e82, 0x214f83ff, 0x4f827001, 0x42022724, 0x1282b800, 0x42020624, 0x17820005, 0x9a01372a, 0xba028a01, 
	0x64022700, 0x64201786, 0x2120cf84, 0x75201782, 0x65201784, 0x65201786, 0x2f829784, 0x82d20021, 0x4b122017, 0x4a20069f, 0x2a089f4b, 0x06061713, 
	0x021e1415, 0x48061415, 0x362305b4, 0x4b270ec4, 0x2423079f, 0x4aba0240, 0x1626089d, 0x282e2d20, 0x4f843e4f, 0x00216782, 0x234f84bd, 0x0101b31e, 
	0x20060947, 0x241a82b5, 0x1b4e0027, 0x280782b3, 0x2bb35976, 0x2b170801, 0x100e4b13, 0x0121f68c, 0x285e839a, 0x17111614, 0x2c201614, 0x295e852f, 
	0x5000ffff, 0xec011900, 0xdf82a001, 0xc7866820, 0xdf846820, 0x17824120, 0x1784dd20, 0x17866920, 0x8f846920, 0x34202f83, 0x063e1782, 0x06b30600, 
	0x2b320103, 0x07170701, 0x01373527, 0x1b888834, 0x7e01c9c9, 0xaf22a2a1, 0x2b84af29, 0x25204383, 0x04212b86, 0x272b8201, 0x15173713, 0x41372707, 
	0x1b232882, 0x837e0188, 0xa2222128, 0xff272a82, 0x013b00ff, 0x826801ae, 0x022622e7, 0x2010826b, 0x20058207, 0x824384b9, 0xaf002117, 0x0e221782, 
	0x614a3700, 0x000c2105, 0x27073c4d, 0x1b4e0127, 0x01021240, 0x59201083, 0x00230682, 0x82005f01, 0x594f2c0c, 0x00010b40, 0x0e000708, 0x49030e01, 
	0x2008086d, 0x2e230706, 0x36343502, 0x0f211975, 0x06220713, 0x02210f14, 0x142724ba, 0x1c1c4a47, 0x2714474a, 0x2d3a8224, 0x0160ffac, 0x00880271, 
	0x40170005, 0x66820314, 0x004c0122, 0x85201682, 0x76396082, 0x06021112, 0x13372b18, 0x23130333, 0x864085ac, 0x01f44086, 0xfe6cfe94, 0x2020826c, 
	0x203782ab, 0x82378970, 0x464c202e, 0x378508bd, 0x23032533, 0x01330313, 0x853f8670, 0xfef43f85, 0x0194016c, 0x08de8294, 0x00020022, 0x028cff34, 
	0x00bf0240, 0x002a0022, 0x11124070, 0x01020209, 0x121d2627, 0x01020304, 0x03030401, 0x26069976, 0x05010620, 0x82860504, 0x4d272233, 0x20228200, 
	0x05d75661, 0x04030324, 0x524b0061, 0x84202006, 0x932786ab, 0x40592222, 0x083f820e, 0x2200227f, 0x31172116, 0x1b08071a, 0x2e35052b, 0x36343502, 
	0x33353736, 0x32333215, 0x07171716, 0x23262627, 0x37323311, 0x06071737, 0x03150706, 0x11171614, 0x4701020e, 0x41497d4d, 0x032f577b, 0x245c2904, 
	0x131e2d07, 0x3c041b3e, 0x1c2e2c30, 0xd9325b21, 0x4b3b4a60, 0x076d7424, 0x4c5b7e48, 0x6e0b5782, 0x890f106b, 0x0d0d6004, 0x601b09fe, 0x1a117e05, 
	0xa7016b01, 0x0111846d, 0x64440aed, 0x31f38200, 0x0192ff29, 0x001c02a1, 0x0025001e, 0x233f4042, 0xec820916, 0x1a1b2228, 0x1d020303, 0xf4830201, 
	0x0033ca84, 0x01030102, 0x00800302, 0x03010403, 0x01057e04, 0x82840404, 0x012e22f6, 0x2bc6824e, 0x141e001e, 0x061a1124, 0x172b1a08, 0x1620c58a, 
	0x2606cd4c, 0x32112727, 0x87173736, 0x064408c1, 0x5434e306, 0x36543032, 0x14433e2e, 0x11161013, 0x19362623, 0x8f5e321b, 0x38292b36, 0x3604676e, 
	0x603b3f5d, 0x66690940, 0x111d2f01, 0x22110d15, 0x201cb7fe, 0x670b5b17, 0x52414f01, 0x0d46010d, 0x03000053, 0x3a08ab41, 0x0034002c, 0x4083003c, 
	0x02121418, 0x38390107, 0x20303233, 0x03081519, 0x82292b07, 0x08b341a8, 0x06082332, 0x05040502, 0x00010286, 0x094d2700, 0x01070701, 0x2012b641, 
	0x221e8223, 0x86850001, 0x3925952b, 0x2d154059, 0x2d00002d, 0x00342d34, 0x112c002c, 0x31123936, 0x1c080a19, 0x2647172b, 0x37372706, 0x33320733, 
	0x06821732, 0x2205c441, 0x41160327, 0x233207c4, 0x23072322, 0x07272637, 0x03232213, 0x26131716, 0x05821407, 0x020eab08, 0x55451faf, 0x18587c41, 
	0x0403172c, 0x2c181d1b, 0x071e2819, 0x08071e2d, 0x3c080869, 0x1c2e2c30, 0x09345e22, 0x182c1709, 0x991b1d20, 0x1b660405, 0xf21b6b1f, 0x385e1f24, 
	0x8e742247, 0x4c618422, 0x6e0b5683, 0x756e036b, 0x04890d08, 0xfe040460, 0x601b011c, 0x1a127e05, 0x0a056f6b, 0xfe96027e, 0x0108122b, 0x41ef05ea, 
	0xb0012164, 0x0061450c, 0x00180002, 0x0204024d, 0x00230047, 0x404b0033, 0x02091348, 0x1d230003, 0x0b11141a, 0x02080208, 0x02011b03, 0x4c030201, 
	0x00020a12, 0x01011c4a, 0x00000049, 0x03000203, 0x17820469, 0x59020122, 0x02230682, 0x82006101, 0x2551310c, 0x242b2d24, 0x21332533, 0x08052d1f, 
	0x27372b17, 0x82050641, 0x36172407, 0x18323336, 0x2c09e276, 0x27071707, 0x22230606, 0x32172726, 0x0c957a36, 0x4c213936, 0x16191916, 0x1d4c214c, 
	0x45262846, 0x4b224b1c, 0x171a1a17, 0x1c2c0682, 0x47272645, 0x3d25891c, 0x253d2424, 0x4d380584, 0x471d4e23, 0x1d472828, 0x184f234e, 0x4c161a1b, 
	0x491d4c23, 0x1d492828, 0x163e0882, 0x08171b1a, 0x33335230, 0x53303053, 0x30523333, 0x36000300, 0xb9018cff, 0x2500bf02, 0xe9822c00, 0x1a408f31, 
	0x05021015, 0x29303103, 0x0604091b, 0x82220401, 0x030127d5, 0x05012a4c, 0x777a4b01, 0x18282005, 0x23080a59, 0x86060006, 0x2c072e4f, 0x03006103, 
	0x004d2b03, 0x61000101, 0x052c5207, 0x28401b27, 0x02030200, 0x212f8d85, 0x2a920505, 0x15405935, 0x23240001, 0x1617191a, 0x11121314, 0x25000708, 
	0x5f082501, 0x2724057f, 0x16173727, 0x23063643, 0x15333537, 0x2b063342, 0x15021e15, 0x15070614, 0x14033523, 0xa2081e82, 0x34130606, 0x36152726, 
	0x5e2ce236, 0x1c2b051d, 0x4f293a2e, 0x2e4d6035, 0x2b08324e, 0x28251c1c, 0x4a5c324c, 0x2430542e, 0x2bce2d27, 0x09292321, 0x05811116, 0xd4031e5b, 
	0x35422c12, 0x6c0a5741, 0x7d16016a, 0x02125403, 0x3f2a13dc, 0x0c583e31, 0xd4016b6f, 0xc4133126, 0x93fe2f07, 0xb9122e23, 0x03002c07, 0x91ff2800, 
	0xb6020a02, 0x39002c00, 0x5e003d00, 0x01115b40, 0x30310107, 0x0604022a, 0x012b2c07, 0x03060003, 0x1c1d1e4c, 0x4a03041b, 0x05030104, 0x03010201, 
	0x08006702, 0x0809010b, 0x43006309, 0x26080652, 0x010a4d2e, 0x61000606, 0x2f000000, 0x3a3a4e00, 0x3d3a2d2e, 0x3b3c3d3a, 0x392d3335, 0x1a11392e, 
	0x25261511, 0x181c080c, 0x4e098054, 0x17270794, 0x23352634, 0x18343335, 0x25077c6c, 0x14231533, 0xfc820715, 0x27151724, 0x79183632, 0x072409d9, 
	0x01152135, 0x10dd7918, 0x01bbbc2b, 0x93024e01, 0x47020112, 0xe0791848, 0x018f270d, 0x410d0bca, 0x79182a01, 0x0f3008e3, 0x17281a31, 0x210e0725, 
	0x45250e29, 0x201c2823, 0x0fe87918, 0x2828aa22, 0x0137bd82, 0xf7ff1700, 0x54027202, 0x51003200, 0x01104e40, 0x01110304, 0x822a0402, 0x4c0321ed, 
	0x0634fc82, 0x02000101, 0x01076701, 0x020b0c00, 0x08000908, 0x04040067, 0x2907fc41, 0x610a0909, 0x2c0a0a00, 0x49824e0a, 0x3200322c, 0x25272d2f, 
	0x12111411, 0x05822327, 0x1f080d26, 0x3335372b, 0x3720f882, 0x3e21f082, 0x09ed4502, 0x07062222, 0x0623f682, 0x82171415, 0x44162006, 0x262c0a36, 
	0x50172726, 0x5c520301, 0x54815512, 0x2e07f645, 0x10665b1d, 0x0301e7e0, 0x7415dde5, 0x442f3d4b, 0x38080527, 0x1059804c, 0x0e0e2dd8, 0x3e2d1718, 
	0x0f103861, 0x0d5f0489, 0x2d475d0d, 0x16180f0e, 0x1c58542d, 0x127e055e, 0x4a65321a, 0xefff0100, 0x8c011cff, 0x2b00ba02, 0x12408200, 0x2ddf8220, 
	0x04050113, 0x05020110, 0x01000109, 0xe3474c04, 0x00272b05, 0x03050304, 0x00800504, 0xef820201, 0x80002508, 0x27030300, 0x0201064d, 0x005f0502, 
	0x4d280505, 0x00000107, 0x1b4e0030, 0x03002440, 0x00850304, 0x85040504, 0x26912b87, 0x15405934, 0x26270001, 0x1c1e2425, 0x0e0f1618, 0x2b000507, 
	0x0a432b01, 0x34352f06, 0x17323336, 0x35023e17, 0x36352311, 0x3d553736, 0x22232108, 0x087c7518, 0x06141137, 0x36294e06, 0x161a0d12, 0x0f130627, 
	0x13221348, 0x3629445c, 0x3cef8213, 0x70251926, 0xe440286e, 0x110e1925, 0x23052316, 0x7f01454e, 0x06090321, 0x24706439, 0x2a12831a, 0x574a4207, 
	0x65bcfe32, 0x8200387d, 0x00013500, 0x0100001c, 0x004f02e8, 0x4057003b, 0x03010d54, 0x13141b02, 0x3508eb82, 0x06010131, 0x0a02013a, 0x004c0400, 
	0x06070004, 0x00670704, 0x01060005, 0x08670605, 0x01090101, 0x00010a00, 0x03030067, 0x02005f02, 0x0b4d2502, 0x290a0a01, 0x51824e0a, 0x3b003b3d, 
	0x42233536, 0x45551211, 0x0c141137, 0x332b1f08, 0x37363727, 0x34333523, 0x18343735, 0x20104cae, 0x64b81806, 0x2394080a, 0x23232627, 0x15070622, 
	0x15331514, 0x17161623, 0x02340717, 0x54010439, 0x3d050154, 0x1b3e0102, 0x2d151930, 0x6e170d24, 0x010b2210, 0x09110801, 0x0b0d2154, 0x0f0b2c2c, 
	0x1108541f, 0x01c4c408, 0x02510202, 0x45080e26, 0xd30b092d, 0x260f0978, 0x07840202, 0x01020354, 0x3e2f4c08, 0x9c310301, 0x01010531, 0x2d090b60, 
	0x0c042425, 0x00020028, 0x028cff33, 0x00bf023b, 0x00380030, 0x11164085, 0x01020209, 0x04021235, 0x1f2a3402, 0x01040303, 0x04030501, 0x2d06ef48, 
	0x02040028, 0x03040203, 0x06010780, 0xf7480605, 0x61052f12, 0x2c050500, 0x401b4e05, 0x01000028, 0x2f8e8500, 0x870bff48, 0x4059312a, 0x0000000f, 
	0x18300030, 0x31173316, 0x1c08081a, 0x37170049, 0x32112322, 0x37363233, 0x27263435, 0x15140633, 0x06171614, 0x23222306, 0x08080e49, 0x7b4f4458, 
	0x577a4047, 0x2906062f, 0x2c06225e, 0x1b40131d, 0x07070202, 0x04183616, 0x02015901, 0x306d2701, 0x5fd80202, 0x234b3b4a, 0x48086e74, 0x814c597d, 
	0x6b6f0c57, 0x04830f10, 0xfe0c0e5a, 0x400b0a09, 0x131c4e28, 0x31221b49, 0x6b1e191a, 0x826ca701, 0x0bec0113, 0xa0826344, 0x00012b08, 0x0200001c, 
	0x004b0254, 0x40400034, 0x17181b3d, 0x02010410, 0x02252829, 0x00070501, 0x03054c02, 0x06080102, 0x01070002, 0x18826800, 0x4d250224, 0x7b82090a, 
	0x4e072922, 0x342c3c82, 0x16163400, 0x16131311, 0x0b161115, 0x25060c42, 0x23353536, 0xad183335, 0x332d0bf8, 0x33372737, 0x33070717, 0x16172315, 
	0xc4a81816, 0x556b0815, 0x033e0455, 0x033d02d5, 0x3dc23603, 0x3a02c003, 0x88a9c7d5, 0x320b2119, 0x073d03e9, 0x1e9a0c14, 0x033d0103, 0x4a070e26, 
	0x3c2d5342, 0x260e0b89, 0x47050e26, 0x0dd13c48, 0xd20a2826, 0x251c9c2d, 0x26270c0a, 0x0f180b0a, 0x4a4253b8, 0x00260e07, 0xff1a0001, 0x02ec01f7, 
	0x00460054, 0x3e0c40fa, 0x000b023d, 0x0e020134, 0x624c020c, 0x450805cc, 0x0605003e, 0x03050603, 0x000b0080, 0x0c0b000c, 0x03010780, 0x01020108, 
	0x09670203, 0x010a0101, 0x00010b00, 0x06060067, 0x04006104, 0x004d2b04, 0x4d290e0e, 0x0d0c0c00, 0x0d0d0061, 0x1b4e0d2c, 0x5027b04b, 0x45bb4058, 
	0x45822f20, 0x8f414021, 0x0e002686, 0x0e0c0d0c, 0x868e9f0d, 0x08438289, 0x40595928, 0x42434518, 0x38393b40, 0x2d2e2f36, 0x1315112c, 0x13112524, 
	0x080f1711, 0x27172b1f, 0x34353636, 0x35232726, 0x05852633, 0x4e062055, 0x27270517, 0x15062627, 0x43171614, 0x05820591, 0x17821420, 0x36360725, 
	0x18163233, 0x0809bf49, 0x06222359, 0x313b0c37, 0x67750404, 0x4c060f06, 0x6036063f, 0x14513f3d, 0x0f191013, 0x0645322d, 0x05a9b505, 0x9096040a, 
	0x2d23271f, 0x163e171f, 0x230e2c18, 0x26304619, 0x37243353, 0x350f2b09, 0x0f201033, 0x1325132d, 0x31171a2d, 0x222c2b4a, 0x100c1612, 0x322e032d, 
	0x84142613, 0x08230816, 0x1f472a08, 0x1b0f0c0f, 0x33431121, 0x00000b14, 0x08000100, 0xf001f7ff, 0x29004b02, 0x34403700, 0x54202129, 0x12320745, 
	0x05060b0e, 0x01020304, 0x00011500, 0x01020128, 0x2f824c02, 0x004d2538, 0x61020101, 0x2c020200, 0x2f254e02, 0x1908031c, 0x3735372b, 0x03820735, 
	0x272afb82, 0x07173337, 0x37150606, 0x03840715, 0xdb8a1620, 0x3527262b, 0x55555508, 0x023d0204, 0x210382d9, 0x0082da04, 0x431a3208, 0x164b371f, 
	0x566c1e28, 0x1740421a, 0x4a222dba, 0x03212d21, 0x0f053e50, 0x060f2626, 0x2d553e2f, 0x2d564a56, 0x11139f56, 0x42172831, 0x11180c44, 0x3bb383b0, 
	0x0200002c, 0x00bf0283, 0x4064002f, 0x02012e13, 0x22250204, 0x00040a0d, 0x164c0204, 0x7c49a982, 0x051a2e06, 0x00020401, 0x80000402, 0x27010100, 
	0x24b3824d, 0x01034d2b, 0x24e98200, 0x1a401b4e, 0x20288200, 0x21218985, 0x1c880202, 0x0d405922, 0x2f31e982, 0x11192f00, 0x08061b1b, 0x11252b1a, 
	0x1515020e, 0x80481814, 0x35362107, 0x21075a4d, 0x16831616, 0x3e311786, 0x34273502, 0x01112726, 0x253e2634, 0x02460105, 0x28e583c7, 0x2d365a35, 
	0x03027d62, 0x2ef58501, 0x4b010203, 0x5e01b23d, 0x42522a05, 0x84465a73, 0x460531e7, 0x6d52785a, 0x6a6c073b, 0x98747e03, 0x071b3b36, 0x0529fd83, 
	0x8c363c1c, 0xfe065b5b, 0x088c82a2, 0x0005002d, 0x02fcff1d, 0x004b0286, 0x00360033, 0x003e003a, 0x40660041, 0x16173663, 0x0302040b, 0x0a022f40, 
	0x0e4c0209, 0x02030406, 0x82071012, 0x023108e4, 0x0f116801, 0x15000308, 0x0b0d1413, 0x000a0905, 0x01056709, 0x4d250303, 0x0a0a010c, 0x3f4e0a26, 
	0x3f00003f, 0x3e413f41, 0x3a3b3c3d, 0x35373839, 0x32588234, 0x282d2e33, 0x21252627, 0x15111120, 0x11161115, 0x48161111, 0x6644055c, 0x27262605, 
	0x17333727, 0x0ae64133, 0x23153323, 0x25038315, 0x23171414, 0x20412327, 0x3721080a, 0x33172733, 0x33052327, 0x17172335, 0x55551d35, 0x3c020455, 
	0xa39b8902, 0x03440104, 0x013d02be, 0x25128204, 0xa62d0155, 0x108205b4, 0x1b82c020, 0x38042208, 0x92013e3e, 0x00016032, 0x2c55814e, 0x2e442edc, 
	0x0940440e, 0x51cf260e, 0x260e0446, 0x46040e26, 0x27138251, 0x23431f5b, 0x054b58e0, 0x34081183, 0xa0584b05, 0x4444c654, 0x3a3a7244, 0x1d000300, 
	0x24020000, 0x22004b02, 0x32002a00, 0x5c405f00, 0x0208010d, 0x00090130, 0x0905011c, 0x03010221, 0x4c040506, 0x280f820d, 0x05090605, 0x08010c69, 
	0x06724708, 0x040a2608, 0x01000002, 0x0203075f, 0x4d280101, 0x0606010b, 0x2c4e0629, 0x0023232b, 0x2b2e2f00, 0x23322c32, 0x2729232a, 0x27588226, 
	0x12112322, 0x0e161125, 0x09d4b518, 0x2e05eb43, 0x32333727, 0x15331716, 0x23020e23, 0x42272622, 0x03370529, 0x33150606, 0x13232626, 0x23373632, 
	0x35161617, 0x03013902, 0x82545401, 0x3d4b0804, 0x6d5dd502, 0x064e4d07, 0x11365c3b, 0x01040d1e, 0x01530251, 0x4609b501, 0x41380631, 0x0f01b804, 
	0x050e261d, 0x2dc74d3c, 0x0f042a32, 0x2d484d26, 0x03264731, 0x3b4d2e02, 0x02280d05, 0x273a081f, 0xfdfe3336, 0x04643736, 0x84040005, 0x822320f7, 
	0x2e3608f7, 0x3e003500, 0x71004600, 0x01136e40, 0x0144040c, 0x0128000f, 0x01020f09, 0x04090a02, 0x02050b4c, 0x02060e03, 0x02030102, 0x02070d67, 
	0x02081001, 0x00010f00, 0x26821367, 0x0f0a0930, 0x01126909, 0x5f040c0c, 0x25040400, 0x8348114d, 0x40250805, 0x002f2f3f, 0x3f424300, 0x3d464046, 
	0x2f37383c, 0x32342f35, 0x002e0031, 0x1124262e, 0x25121114, 0x16111311, 0x088a4614, 0x35233726, 0x35343533, 0x260e1141, 0x07141516, 0x4d231533, 
	0x184105aa, 0x33152e07, 0x07232626, 0x35363315, 0x14232734, 0x0e204117, 0x53544a08, 0x3d010201, 0x654ad502, 0x024d5915, 0x195c4f04, 0x1e114269, 
	0x5102030d, 0xa2015203, 0x35233a11, 0xb40401b7, 0x0e39293b, 0x1c1001ab, 0x3c050e26, 0x202d7e4d, 0x182d1417, 0x260f0316, 0x112d3333, 0x2d131512, 
	0x02033936, 0x06314114, 0x2f0b2c08, 0x20921c1e, 0x161a0e0d, 0x201ea115, 0x00050435, 0x1c000200, 0xd8010000, 0x26004b02, 0x4a003200, 0x02254740, 
	0x00080301, 0x4c094c01, 0x692e078b, 0x07010106, 0x01080001, 0x010c6700, 0x1b410a0a, 0x010b3006, 0x08290808, 0x0027274e, 0x27322700, 0x822b2d31, 
	0x1126353f, 0x11262521, 0x0d151112, 0x332b1e08, 0x36363727, 0x33352337, 0x23069b47, 0x37272726, 0x23053e5f, 0x15232306, 0x22088f49, 0x82060603, 
	0x324f080c, 0x26343536, 0x3a033623, 0x54010101, 0x02555454, 0xd5033e02, 0x61396e63, 0xc1c13c3b, 0x51010301, 0x02015202, 0x4b423b3b, 0x040e2637, 
	0x012d322a, 0x4a542d4a, 0x260f043b, 0x4a334a4f, 0x2d014a29, 0x0d042932, 0x0a1f0228, 0x34543454, 0x823b4037, 0x340025d2, 0xb601f6ff, 0x523fd784, 
	0x011e4f40, 0x23240201, 0x02010002, 0x00010a4c, 0x00860001, 0x05010706, 0x67050604, 0x82040108, 0x040225ea, 0x02006703, 0x29082482, 0x02020057, 
	0x01005f01, 0x014f0102, 0x191a1b00, 0x14151618, 0x0e101213, 0x090b0c0d, 0x00050607, 0x0b260126, 0x052b1606, 0xd0822622, 0x3220dd82, 0x5608e384, 
	0x23232626, 0x23152135, 0x15331716, 0x07060623, 0x17021e17, 0x01060607, 0x464c308a, 0x562b4128, 0xda04463a, 0x2c3a09d6, 0x857f0167, 0x4c4e0b2c, 
	0x604a6005, 0x1a2e3224, 0x0a170a01, 0x6b424d21, 0x2d32352e, 0x2d2d2526, 0x3a2d311a, 0x2d7f0950, 0x24041431, 0x82000301, 0x48012000, 0x3c2e0853, 
	0x0c40d400, 0x07023334, 0x02012a00, 0x5348080a, 0x00342107, 0x07f24e18, 0x08000731, 0x80080700, 0x06010105, 0x01070001, 0x62006700, 0x2b300690, 
	0x0a0a004d, 0x08004d29, 0x00610908, 0x092c0909, 0xb1074948, 0x822f203b, 0x3740213b, 0x0026728f, 0x0809080a, 0x7a95090a, 0x39827586, 0x40595931, 
	0x38393b10, 0x11282136, 0x26241315, 0x480b1711, 0x28480f2d, 0x19234819, 0x610b1125, 0x480e0950, 0x2e28091f, 0x09114531, 0x06049aa6, 0x26181c48, 
	0x2d1e3f21, 0x481b341b, 0x2e2a0819, 0x20322e02, 0x142d2343, 0x16481427, 0x0063080f, 0xff070007, 0x02a803fd, 0x002c004b, 0x0033002f, 0x003b0037, 
	0x0041003e, 0x2f7c407f, 0x11141518, 0x080b0c0f, 0x40030209, 0x0b0c023d, 0x08104c02, 0x02040406, 0x09121416, 0x02000104, 0x13156801, 0x00040a11, 
	0x171a181b, 0x070d0f19, 0x0b000c0b, 0x02050767, 0x4d250303, 0x0c0c010e, 0x3f4e0c26, 0x463c3c3f, 0x3c310580, 0x3b3e3c3e, 0x3738393a, 0x33343536, 
	0x2e303132, 0x3671822d, 0x292a2b2c, 0x25262728, 0x21222324, 0x13131320, 0x11131314, 0x461c1111, 0x272c058c, 0x27333523, 0x17333727, 0x37331707, 
	0xf74a0889, 0x33072607, 0x23072315, 0x29038327, 0x07273325, 0x17233733, 0x03822733, 0x23375408, 0x21371705, 0x713b3717, 0x4543551c, 0x02c40232, 
	0x2daf4233, 0xcb023116, 0xaa413d03, 0xb8034740, 0x46473303, 0x88761e58, 0xa64b2b4e, 0x014c2b4d, 0xcc122505, 0xa58d1b57, 0xc2491c82, 0xfe881a53, 
	0x011b1ac3, 0xc1191933, 0xb22d4a2d, 0x0d26260e, 0x843a78b3, 0x210c8306, 0x1582b20e, 0x0082c420, 0xa730a423, 0x2800834a, 0x45474777, 0x01000045, 
	0x37008200, 0x4b021e02, 0x47002a00, 0x10144440, 0x0a0d0e0f, 0x23030206, 0x02080901, 0x2509f84f, 0x00010768, 0xf84f0a0b, 0x01042b05, 0x4d250303, 
	0x29090900, 0x3c824e09, 0x2a002a29, 0x13112425, 0x82161311, 0x0c112103, 0x22050341, 0x41353534, 0xf34b0905, 0x05f04d09, 0x080a8747, 0x95954f25, 
	0x02329a7d, 0x8c3d03cf, 0xb6034686, 0x7d9f3202, 0x02919292, 0xe4024601, 0x03014603, 0x0b0b2d7c, 0x18f62d35, 0x3008ff95, 0x352df60e, 0x242d0a0c, 
	0x270d0420, 0x20040d27, 0x26bf8224, 0x01c100cf, 0x603b014d, 0x06231f5f, 0x5d252b16, 0x0e200b94, 0x20066060, 0x096060c1, 0x8d000328, 0x8f01f9ff, 
	0x4b825302, 0x000f2908, 0x4b8c001b, 0x58501db0, 0x01061a40, 0x61010000, 0x01010102, 0x05004d2b, 0x08610305, 0x03030704, 0x4e032903, 0x22b04b1b, 
	0x1e252182, 0x25020200, 0x2026854d, 0x21259200, 0x208f2240, 0x82010721, 0x3e4c833f, 0x01086104, 0x042f0404, 0x4059594e, 0x0c10111b, 0x1700010c, 
	0x111b1015, 0x0c0f0c1b, 0x610d0e0f, 0x0920051c, 0x220f8064, 0x18033313, 0x25087455, 0xcb061415, 0xc582231a, 0x58242426, 0x84c23fc3, 0x233a0b84, 
	0x25d20123, 0x25251b1c, 0xfe251c1b, 0xfd4b022e, 0x1b2407b5, 0x1b26261b, 0xcb82241b, 0x828d0021, 0x028f2204, 0x17235f4b, 0x2b170623, 0x23628233, 
	0xc340c28d, 0x00203a83, 0x013e0082, 0x25003800, 0xd701e501, 0x26000b00, 0x00002340, 0x57000301, 0x04010105, 0x01030201, 0x21826702, 0x825f0321, 
	0x4f03224e, 0x34008311, 0x1c080610, 0x1533132b, 0x15231533, 0x35233523, 0xb83df033, 0x260282b8, 0x3dbbd701, 0x843dbaba, 0x0035264f, 0x01e701dd, 
	0x2534821e, 0x021c401f, 0x52820101, 0x06825720, 0x5f000122, 0x00200982, 0x8208505c, 0x15012b8b, 0xe7013521, 0x1e014efe, 0x3a824141, 0x00010029, 
	0x012e003e, 0x82ce01de, 0x0627088b, 0x010006b3, 0x17132b32, 0x17071737, 0x27072707, 0xa46a2737, 0xa3a32ba5, 0x2ca4a52b, 0xce01a4a4, 0xa22ea4a4, 
	0x82a32da3, 0x83a22002, 0x0003243b, 0x82190035, 0x41e22077, 0x412c06e3, 0x01003e40, 0x03000106, 0x07690001, 0x0222d382, 0xcd820305, 0x0404052f, 
	0x05005905, 0x08610405, 0x04050401, 0x1b984151, 0x200bea5f, 0x20a98217, 0x0b654213, 0x1e160a2b, 0x1e15161e, 0x4efec81e, 0x230a86d5, 0x161e7a01, 
	0x24050560, 0xfe41415c, 0x091260fb, 0x82020021, 0x8284209b, 0x00772c9b, 0x00070003, 0x042d4030, 0x83000101, 0x05672799, 0x02020301, 0x06825703, 
	0x5f020331, 0x02030200, 0x0004044f, 0x04070400, 0x82050607, 0x1103262c, 0x2b170806, 0x207c8201, 0x072a4105, 0x4efeb22c, 0x41417701, 0x004141b2, 
	0x57820100, 0x57820d20, 0x1300ee34, 0x39403c00, 0x04020d0e, 0x0203044a, 0x01054900, 0x59820604, 0x6703042a, 0x02020708, 0x57020000, 0x02320783, 
	0x01015f00, 0x4f000200, 0x13000000, 0x13111300, 0x03821111, 0x1d060928, 0x2315252b, 0xaf612707, 0x07172208, 0x3d0f8233, 0x31f0e701, 0x9a7f2638, 
	0x31e4c92f, 0xa68b2739, 0x7741c52f, 0x71415d1a, 0x5e197741, 0x7b847141, 0x7b821d20, 0x0600df33, 0x05b30600, 0x2b320101, 0x25350525, 0x01053525, 
	0x2ba282e7, 0x019dfe63, 0x46bfdcb2, 0xbf479a9b, 0x06212b8e, 0x292b8202, 0x15253537, 0x35150505, 0x2882b201, 0x44dc6327, 0x9b9a47bf, 0x82978246, 
	0x8235209e, 0x01e721d8, 0x0a245783, 0x26402900, 0x22060b4e, 0x424a0107, 0x072b114b, 0x070a0707, 0x0603180a, 0x85012b17, 0x4111207c, 0x57220727, 
	0x5b82a9fe, 0x03014e2c, 0x75764498, 0xfafe9945, 0x5bb84040, 0xac841320, 0x21021d23, 0x22af8335, 0x825601aa, 0x430327e0, 0x76754599, 0x56822b44, 
	0xd7285788, 0x0f000b00, 0x2e403100, 0x360d3f43, 0x67030007, 0x07070108, 0x06005f06, 0x4e062906, 0x0f0c0c0c, 0x43120f0c, 0x09220550, 0x50431d08, 
	0x8213200c, 0x3def27c0, 0xba3dbbbb, 0x6682f8ba, 0x3d94d727, 0xfe3d9494, 0x846683fd, 0x60200867, 0x9801e701, 0x2b001500, 0x47404a00, 0x02010101, 
	0x00020b0c, 0x05011703, 0x02212206, 0x4c040704, 0x20082582, 0x01020301, 0x00030069, 0x00030600, 0x00060069, 0x05060705, 0x04070069, 0x00590704, 
	0x61040707, 0x22278200, 0x84242351, 0x08232c01, 0x012b1e06, 0x23060617, 0x18022e22, 0x24074640, 0x3233021e, 0x2f139217, 0x101ec901, 0x3b1d273d, 
	0x2f143239, 0x3c111e1a, 0x33230a83, 0x941c2d13, 0x83012a15, 0x16312b15, 0x1433161c, 0x2006832c, 0x250d8c7f, 0x35000100, 0xcb82bb00, 0x1600402a, 
	0x06b13500, 0x2a404464, 0x0220cd88, 0x0327c48c, 0x03030059, 0x82006100, 0x28b483d0, 0x1a080423, 0x0006b12b, 0x20b49344, 0x24a19536, 0x2b012418, 
	0x248c8714, 0x151d1530, 0x207f841a, 0x277f8282, 0x0005007a, 0x00224025, 0x86291082, 0x01020103, 0x03570201, 0x08924a01, 0x0000003b, 0x11050005, 
	0x18080411, 0x2315012b, 0x01352135, 0x8bfe3de7, 0xb7f87a01, 0x2a328341, 0x017e002e, 0x003002ef, 0x84270006, 0x031c26c3, 0x01020001, 0x2741824c, 
	0x01850200, 0x76000001, 0x06234182, 0x84120600, 0x37b58441, 0x03032313, 0x2f011323, 0x9e9d43c0, 0x3002c143, 0x65014efe, 0xb2019bfe, 0x033b2882, 
	0x63002800, 0xf301cd02, 0x27001900, 0x34003400, 0x20343140, 0x04040714, 0x824c0105, 0x01072d4c, 0x05000405, 0x04010669, 0x59040202, 0x04220682, 
	0x69826102, 0x51020435, 0x24262424, 0x23242524, 0x2b1e0608, 0x36363413, 0x5a163233, 0x152005b6, 0x5a056776, 0x372f05b1, 0x32331614, 0x27263736, 
	0x22232626, 0x83160506, 0x3435210d, 0x28080b83, 0x50312807, 0x1e4f382f, 0x4e355617, 0x2e503260, 0x17224c36, 0x604e3656, 0x27314b3b, 0x07061b44, 
	0x302c4021, 0x292f0138, 0x2f068243, 0x44263b41, 0x4226011b, 0x343f2f5c, 0x596a3d36, 0x3d370882, 0x6b3f383a, 0x27464766, 0x440e0c31, 0x58184052, 
	0x3b3b4058, 0x82302652, 0x002b08d2, 0xff070003, 0x021602ec, 0x00180051, 0x002c0022, 0x0a414044, 0x2b000201, 0x010d1a2a, 0x17020305, 0x03030101, 
	0x020b0c4c, 0x5b184a00, 0x022705a0, 0x69020003, 0x82030104, 0x82592018, 0x01032306, 0x0c820061, 0x2324512e, 0x2c242c23, 0x05272a26, 0x372b1906, 
	0x82059d5b, 0x7a9218e7, 0x23062708, 0x07272622, 0xce831337, 0x14150627, 0x36321716, 0x08dc8236, 0x16032750, 0x3328451d, 0x4c4c7845, 0x452a463e, 
	0x77472c25, 0x1d422348, 0x2ef63b46, 0x365d3a3b, 0x5c37ab22, 0xf51a1e38, 0x225b092b, 0x73433a61, 0x205a2747, 0x375d225a, 0x11447245, 0x01a35b10, 
	0x59341b3c, 0x4f4c2b38, 0x283a5933, 0xc7fe1b47, 0x6f580017, 0x036e2205, 0x37cd821e, 0x1b2d4030, 0x0a020301, 0x02010001, 0x0302004c, 0x03008502, 
	0x00850301, 0x85350f82, 0x00000104, 0x19000176, 0x07111317, 0x01220005, 0x16060522, 0x08db472b, 0x3e171726, 0x26032702, 0x26089e69, 0x06062727, 
	0x58161317, 0x0f2b0614, 0x0b270c15, 0x1e030b15, 0x584c5905, 0x20340614, 0x061e0420, 0x25e44326, 0x0b110e19, 0x2305230b, 0x4f02454e, 0x220a1158, 
	0x5865cffd, 0x5f18070f, 0x9f820997, 0x02141528, 0x04000401, 0x94824c01, 0x0100042b, 0x01026904, 0x00030300, 0x33068257, 0x055f0300, 0x03000301, 
	0x3426364f, 0x06132616, 0x172b1c06, 0x719b5f18, 0x18000221, 0x080b6361, 0x21402422, 0x01020105, 0x0001004a, 0x00570100, 0x5f000101, 0x01000102, 
	0x00004f00, 0x02000304, 0x06030200, 0x0d686118, 0x8501ef24, 0x611802c2, 0x012b0768, 0xa6ff2d00, 0x4b024c02, 0x82002f00, 0x012b2dfb, 0x20210301, 
	0x0708151d, 0x01000704, 0x884e1782, 0x82032005, 0x00572216, 0x07584203, 0x4a1a1a25, 0x18060415, 0x2f0be75b, 0x34113536, 0x22262726, 0x07222223, 
	0x11150606, 0x260ad64a, 0x27273411, 0x83172137, 0x023d0816, 0x3c010309, 0x3d03d302, 0x02020302, 0x1f203c16, 0x0301173e, 0x023d0203, 0x013d02d3, 
	0x033d0602, 0x3d021a02, 0x486d0303, 0x260e0645, 0x45060e26, 0x4a160148, 0x02020543, 0xfe4a4305, 0x261586ea, 0x01424a07, 0x830c8816, 0x45052320, 
	0x0082004a, 0x18000121, 0x20092b62, 0x2b6218a3, 0x00252e16, 0x04000403, 0x00007203, 0x70000505, 0x05627c00, 0x05006726, 0x57050101, 0x012e1282, 
	0x05010060, 0x4b1b5001, 0x58500eb0, 0x2c852640, 0x9e800021, 0x2740212d, 0x0f5f6218, 0x59215796, 0x66621859, 0x1c062208, 0x6662182b, 0x0100365e, 
	0xa2ff0d00, 0xb0023602, 0x24000b00, 0x02082140, 0x01000202, 0x0816824c, 0x00850141, 0x85000200, 0x02020103, 0x00000076, 0x150b000b, 0x18060413, 
	0x2703052b, 0x16163737, 0x33131317, 0xc00a0101, 0x0589023d, 0xc9800708, 0x5ef5fe41, 0x260cdb01, 0x141b0d01, 0x8a02b2fe, 0x8200f2fc, 0x18152044, 
	0x312e1762, 0x01004d2f, 0x4e013001, 0x28272527, 0x2b180803, 0x73181725, 0x272009eb, 0x88176218, 0x00022208, 0x01f8ff31, 0x00ba02ef, 0x002f001f, 
	0x14444047, 0x0b030201, 0x02050401, 0x0003004c, 0x02030102, 0x2bfb8269, 0x05010405, 0x04010769, 0x59040000, 0x043d0682, 0x01066100, 0x51000400, 
	0x00012021, 0x2f202729, 0x16182f21, 0x07091113, 0x1f011f00, 0x07bc4408, 0x2005e65d, 0x05f86036, 0x36352325, 0x83323336, 0x0e6608f6, 0x3e322702, 
	0x26343502, 0x020e2223, 0xdc161415, 0x3c205952, 0x442c3353, 0x31050410, 0x11263655, 0x6e46121f, 0x6647243f, 0x29372339, 0x22293c15, 0x31122435, 
	0x334f6308, 0x2b2d4e60, 0x152e1a29, 0x2d25564c, 0x77360302, 0x81984a64, 0x4229304e, 0x423f254e, 0x274f4229, 0x0000423c, 0x23000500, 0xd102f3ff, 
	0xbd825902, 0xd3841320, 0x93003b32, 0x01030e40, 0x01010103, 0x4c020604, 0x4a010102, 0x2a05f159, 0x02010929, 0x07000108, 0x82690002, 0x06072436, 
	0x43690705, 0x013106ea, 0x010b4d2b, 0x61040606, 0x0404010a, 0x1b4e042c, 0x332ba640, 0x594e042f, 0x30312340, 0x14152021, 0x35370405, 0x3b313b30, 
	0x37051f41, 0x1f14191b, 0x0b0d1f15, 0x13051304, 0x2b16080c, 0x17012717, 0x26262201, 0x18065551, 0x9b107b66, 0x2ca53c1b, 0xfe2dd501, 0x2a492e49, 
	0x2d2b4a2c, 0x482c2a48, 0x3636262b, 0x33332826, 0x822e9501, 0x2b49210e, 0x27080583, 0x36272c48, 0x32272736, 0x02270d32, 0xecfe273f, 0x2b2d4628, 
	0x45272946, 0x29462c2e, 0x2b2b363b, 0x2b2a3534, 0x27a0fe36, 0x28321689, 0x2b2b353b, 0x2b2a3635, 0x07000035, 0xf3ff2300, 0x47413d04, 0x003f260a, 
	0x0057004b, 0x084b41af, 0x4b410820, 0x0d2f330b, 0x010c0201, 0x00020900, 0x05010769, 0x0809010b, 0x4d410905, 0x0a112b0a, 0x08080310, 0x060f6104, 
	0x5141030e, 0x2931ac06, 0x594e042f, 0x4c4d3340, 0x5b414041, 0x51533107, 0x574d574c, 0x4b404547, 0x37394b41, 0x3f313f30, 0x20116741, 0x32674112, 
	0x93412120, 0x5425200e, 0x222505fe, 0x16141506, 0x410b8a21, 0x03211983, 0x05834101, 0x2a492d26, 0x68fe482c, 0x2a0a9041, 0x36274001, 0x33272736, 
	0x41bbfe33, 0xa641309a, 0x09ae4114, 0x00020036, 0x014eff2e, 0x00a202ef, 0x00090005, 0x0917401a, 0x04030708, 0x38150c68, 0x13331303, 0x01130303, 
	0xc140c0ef, 0x997940c1, 0xfef89a9a, 0x01aa0156, 0x080582aa, 0xa6fe5a58, 0x0000a7fe, 0x35000300, 0x8f032100, 0x57005002, 0x6c006400, 0x7d408000, 
	0x06040125, 0x0501012e, 0x02021c6b, 0x515a670a, 0x06313549, 0x01450207, 0x4c050309, 0x06040600, 0x02070085, 0x03070203, 0x09030080, 0x7e090302, 
	0x0800010c, 0x04008600, 0x04050b00, 0x9782690b, 0x020a4008, 0x00690a05, 0x07020001, 0x00690201, 0x09080809, 0x09090059, 0x08006108, 0x01510809, 
	0x4f616300, 0x4146484e, 0x283a3b3f, 0x181e1f26, 0x0c101116, 0x0007090b, 0x0d570157, 0x252b1606, 0x61022e22, 0x172a051e, 0x14150626, 0x36363316, 
	0x14493637, 0x82072005, 0x220e8207, 0x85273435, 0x0606290f, 0x15161607, 0x37361514, 0x06240683, 0x06232223, 0x2905f46a, 0x32331637, 0x35262637, 
	0x22863734, 0x27060624, 0x47830706, 0x26343528, 0x05062223, 0x08821714, 0x0627b108, 0x78448101, 0x2b40345c, 0x3901131b, 0x181d2e37, 0x57171a26, 
	0x043f373d, 0x052b4d1e, 0x0e16210f, 0x1a1c1818, 0x3b2f0e23, 0x03021f1e, 0x0303231f, 0x262e400c, 0x20210f23, 0x40351334, 0x224f2c05, 0x63372d22, 
	0x271d1aa3, 0x29434d56, 0x01422f24, 0x242c5596, 0x361e2105, 0x48362a48, 0x24021f21, 0x0f231f20, 0x4c3e4441, 0x0c0b343b, 0x3e1d2019, 0x0e1c2336, 
	0x3a211e1e, 0x4e0e1934, 0x02020339, 0x06090408, 0x392f1510, 0x0f131320, 0x420b341c, 0x01121331, 0x2c03252c, 0x233e2821, 0x091d48ed, 0x2d3c181b, 
	0x27462622, 0x2a040c49, 0x00100b3a, 0x93080082, 0x00260003, 0x02800321, 0x00550050, 0x006a0062, 0x15824085, 0x0c020401, 0x68030701, 0x0906021e, 
	0x01024163, 0x03495806, 0x4d010003, 0x06050a01, 0x0402004c, 0x05008502, 0x05000a00, 0x0800800a, 0x0086080b, 0x030c0004, 0x00690c04, 0x06090003, 
	0x00690903, 0x01060007, 0x00690607, 0x00010d01, 0x69000105, 0x0b0b0a00, 0x0a00590a, 0x00610b0a, 0x510b0a0b, 0x5c5e0001, 0x4a4c5153, 0x393b4344, 
	0x2e2f3133, 0x2224292a, 0x12141a1c, 0x55000708, 0x060e5501, 0x071c4418, 0x17163726, 0x37363435, 0x2a06bf41, 0x14150617, 0x32331716, 0x41261716, 
	0x162806cf, 0x36361716, 0x07263435, 0x2206cf41, 0x4323020e, 0x37230585, 0x70232626, 0x33220513, 0x08833732, 0x27211782, 0x4c388225, 0x47820596, 
	0x82150521, 0x27b00838, 0x23680606, 0x1f02031f, 0x0e2f3b1e, 0x181c1a23, 0x21160e18, 0x4d2b050f, 0x373f041e, 0x1a17573d, 0x2c1f1826, 0x13013937, 
	0x343f2c1b, 0x4144785c, 0x222d3764, 0x052a5023, 0x34133540, 0x230f2120, 0x0c402e26, 0x2756e101, 0x42181a1d, 0x4329242f, 0x055590fe, 0x15a42c24, 
	0x04090610, 0x39050208, 0x34190e4e, 0x1e1e213a, 0x36231c0e, 0x19201d3e, 0x3b340b0c, 0x41443e4c, 0x1e23010f, 0x1f022420, 0x2a364821, 0x231e3648, 
	0x2c21283e, 0x122d2503, 0x0b423113, 0x130f1c34, 0x2f392013, 0x1d091b29, 0x26464248, 0x0d3c2d22, 0x0e490c04, 0x003a0b10, 0x2a080082, 0xff640007, 
	0x021803f7, 0x024d009d, 0x0398025e, 0x049a0334, 0x07330418, 0x00ed41c4, 0x0001005e, 0x02060007, 0x0068004e, 0x82090002, 0x8274200b, 0x000b2611, 
	0x00410209, 0x2411827f, 0x000b000c, 0x2411828a, 0x020c000e, 0x24078233, 0x020e000f, 0x24078222, 0x00110013, 0x240782b3, 0x02130015, 0x26078214, 
	0x02150016, 0x82c60054, 0x00182631, 0x02470216, 0x24098206, 0x00180019, 0x241b82da, 0x0219001b, 0x2407823a, 0x021b001c, 0x3407822a, 0x021e001f, 
	0x01e6011b, 0x00030002, 0x021f0020, 0x01d7010e, 0x280b8224, 0x01220023, 0x01c701fe, 0x280b8235, 0x01240025, 0x01b601ee, 0x280b8245, 0x01260027, 
	0x01a701df, 0x260b8256, 0x01270028, 0x829601ce, 0x0001245d, 0x82bf0129, 0x0031244d, 0x82860101, 0x00322407, 0x82b00131, 0x00022a4f, 0x0332002d, 
	0x01210330, 0x262f829d, 0x032d002e, 0x829c021a, 0x2f2c082f, 0x6a032e00, 0xa3021403, 0x04008d01, 0x2f003000, 0x5d036203, 0x1d032303, 0x08030e03, 
	0xc0020103, 0xb702ba02, 0xaa02b002, 0x0d007c01, 0x94083982, 0x03650330, 0x035a0360, 0x03510357, 0x0310034b, 0x02fa020a, 0x02d102f3, 0x02c702cb, 
	0x02bd02c4, 0x00100088, 0x04030033, 0x042b042e, 0x04220428, 0x041c041f, 0x03f50304, 0x03e503ec, 0x03d403dc, 0x03c403c9, 0x03b503bb, 0x039e03ad, 
	0x03940399, 0x038e0391, 0x0388038b, 0x03840387, 0x03780380, 0x036d0377, 0x034e0354, 0x03460348, 0x03400343, 0x033a033d, 0x02fd0203, 0x02ef02f6, 
	0x02ea02ed, 0x02e502e8, 0x02de02e2, 0x02d402d7, 0x02c902ce, 0x004d0080, 0x26c78246, 0x002c0038, 0x82130433, 0x000028f1, 0x001e002b, 0x8254004c, 
	0x0106220b, 0x220582f5, 0x8216031c, 0x82032005, 0x4b5908bd, 0x5010b04b, 0x00f84058, 0x04070506, 0x01087206, 0x07050907, 0x0c010d70, 0x0c090e0b, 
	0x0f0e0072, 0x12700e0b, 0x130f1101, 0x1472110e, 0x09151301, 0x15007013, 0x70150e16, 0x18160117, 0x7e18160f, 0x1819011a, 0x1b19181b, 0x1c1b0080, 
	0x00701b20, 0x201f1c1e, 0x1f00721e, 0x08078220, 0x22007e8a, 0x22242320, 0x24230072, 0x00702325, 0x24272526, 0x012a7226, 0x27012829, 0x01007229, 
	0x31012831, 0x3231007e, 0x7e323128, 0x2e322d00, 0x802e2d32, 0x272f2e00, 0x2f00702e, 0x702f3230, 0x32033000, 0x007e0330, 0x332b332c, 0x00802b2c, 
	0x04013402, 0x69040205, 0x010a0500, 0x09050b09, 0x100b0069, 0x0b110f01, 0x18006a0f, 0x1e1c011d, 0x216a1c18, 0x24002001, 0x6a242025, 0x27002500, 
	0x6a272528, 0x32002800, 0x6932282d, 0x332fea82, 0x6933032c, 0x00002b00, 0x2b00592b, 0x8261002b, 0x51002508, 0x15b04b1b, 0xf920ff82, 0x238aff40, 
	0x7e2f2e32, 0x246c0041, 0x4058501f, 0x270041fa, 0x15130f23, 0x5f01427e, 0x24700141, 0x40585020, 0x450141fb, 0x1c1b1823, 0x4204437e, 0x216e0241, 
	0xfdaefd40, 0x16150f23, 0x1302447e, 0x3021fecf, 0x6305447e, 0x00825920, 0x6e41c708, 0x4e005000, 0x9f03a003, 0x31033203, 0x29032a03, 0xb202b302, 
	0xab02ac02, 0xa402a502, 0x9e029f02, 0x91029302, 0x6b026d02, 0x63016901, 0x60016101, 0x5a015c01, 0x4d015001, 0x3e014001, 0x37013901, 0x2d013001, 
	0x26012801, 0x1a011f01, 0x15011601, 0x11011301, 0x03010701, 0xf900fb00, 0xf000f300, 0xed00ef00, 0xe500e800, 0xdd00df00, 0xdb00dc00, 0xd300d400, 
	0xca00cb00, 0xc700c800, 0xbf00c200, 0xb600b800, 0xb400b500, 0xaf00b100, 0xa800ae00, 0xa200a400, 0x9f00a100, 0x95009b00, 0x8d008f00, 0x8b008c00, 
	0x83008700, 0x77007900, 0x75007600, 0x6f007000, 0x6b006d00, 0x5f006000, 0x55005c00, 0x5e024e00, 0x03825000, 0x49004b35, 0x30003200, 0x1a001c00, 
	0x35002500, 0x17000600, 0x5516252b, 0x2628074c, 0x27262726, 0x34273435, 0x26370482, 0x36343535, 0x16173233, 0x37361716, 0x36323334, 0x36363733, 
	0x4a262627, 0x168205c6, 0x07223482, 0x437c0606, 0x07072107, 0x01211886, 0x26138423, 0x33363736, 0x82331632, 0x2326263d, 0x07062207, 0x262a8223, 
	0x32373636, 0x84321736, 0x26262653, 0x07222307, 0x24168506, 0x33323633, 0x20168216, 0x21158417, 0x18820706, 0x36320723, 0x22138437, 0x84221716, 
	0x2356822a, 0x16363336, 0x13835487, 0x3f836882, 0x518b3320, 0x64821083, 0x7b837883, 0x25852685, 0x17331622, 0x4d841282, 0x5f858f85, 0x2221a384, 
	0x208d8223, 0x21778230, 0xb5820706, 0x87163221, 0x831784a5, 0x21ca823e, 0x3f831732, 0x22222322, 0x108acc84, 0x23200f84, 0x1f853782, 0x83330621, 
	0x820f8230, 0x21eb842f, 0x12822223, 0x73822220, 0x82821f83, 0x36200285, 0x26224e84, 0x02822627, 0x15820483, 0x0e831f83, 0x25851484, 0x35301722, 
	0x16820d84, 0x30843988, 0x0e892720, 0x26210f84, 0x8c5d8627, 0x85518440, 0x862f8362, 0x856e860e, 0x212f8641, 0x3f871627, 0x4f832720, 0x17202d85, 
	0x1b897b85, 0x17208b88, 0xbb852e84, 0x0f821e83, 0x2c850c90, 0x06060125, 0x85141515, 0x3316272f, 0x37023e32, 0x02823636, 0x22233322, 0x83063e42, 
	0x3637290e, 0x26333733, 0x07062223, 0x23261482, 0x35262622, 0xac843634, 0x07232622, 0x26258a82, 0x15061423, 0x208d8216, 0x210c8315, 0x0c842726, 
	0x83272621, 0x27262112, 0x26202084, 0x03828482, 0x058a2382, 0x2d822720, 0x39413320, 0x82372005, 0x35172116, 0x21840485, 0x0c833620, 0x12821620, 
	0x17210d82, 0x210d8434, 0x2b833717, 0x84341721, 0x2111842b, 0x06841716, 0xcc821283, 0x14060722, 0x07246b84, 0x30050614, 0x6e8b2b84, 0x68851720, 
	0x86830592, 0x82232621, 0x82062018, 0x323022de, 0x82f08215, 0x8517200c, 0x21628206, 0x21833736, 0x7c835086, 0x31201382, 0x36228a84, 0x14413535, 
	0x0c2c4107, 0x43373621, 0x30230579, 0x82373615, 0x220e8546, 0x84313007, 0x2112820b, 0x2e860637, 0x11830720, 0x0e871089, 0x20863082, 0x36281b83, 
	0x30023f36, 0x15220706, 0x34843587, 0x6a412520, 0x8b058505, 0x16163fd5, 0x49011703, 0x9a5a5480, 0x07121136, 0x01010e32, 0x23252801, 0x01040226, 
	0x02040605, 0x02830102, 0x02014108, 0x3d4a0503, 0x36378541, 0x05100b3d, 0x1b14050b, 0x0102040d, 0x0e0a0103, 0x12081717, 0x8dfe0119, 0x10071007, 
	0x10190917, 0x0d071505, 0x0d1a0e07, 0x0a011b19, 0x0b021316, 0x12090a15, 0x060d060a, 0x27081582, 0x100f190b, 0x10020a18, 0x0c020120, 0x10090911, 
	0x090b0507, 0x1a060d07, 0x09181019, 0x0d160a02, 0x0d150103, 0x18080e05, 0x2f081382, 0x0b0c180c, 0x1c020c17, 0x0f120210, 0x0c051405, 0x060c0705, 
	0x0b0f160a, 0x0b010b16, 0x02010b15, 0x2d081007, 0x0b090a05, 0x140e0a18, 0x18110108, 0x073a1082, 0x15050a05, 0x0b050c06, 0x140a0b17, 0x130a010b, 
	0x0f07020a, 0x0b051208, 0x32821705, 0x01230e82, 0x8208100d, 0x0f062112, 0x08391282, 0x1408040a, 0x0912090c, 0x01121101, 0x060d0a01, 0x05030804, 
	0x0a04050a, 0x26288207, 0x01081208, 0x82030f12, 0x0a03308a, 0x15040a05, 0x220a1309, 0x02080e09, 0x84090e06, 0x08132f10, 0x17200a13, 0x0d070107, 
	0x06040208, 0x46822403, 0x1a041d2d, 0x0d060101, 0x07020507, 0x82051004, 0x0811315c, 0x0117041a, 0x070c0502, 0x12081e09, 0x1e4a260b, 0x07345884, 
	0x0a130303, 0x06040a14, 0x15121007, 0x0e130d17, 0x2f0d150e, 0x0b21d582, 0x35ef8314, 0x0d0e170b, 0x190c0d18, 0x200c2d0c, 0x080d170c, 0x1a0c1515, 
	0x11820e0e, 0x0b168a09, 0x19181715, 0x1b0c1f16, 0x0d190e10, 0x0f0c130d, 0x20130814, 0x380e1b0d, 0x0f0d1b0e, 0x160a0914, 0x111a0a0b, 0x12111810, 
	0x17210e1b, 0x12121208, 0x0e1c0d19, 0x1f10201b, 0x0a15250f, 0x19130c16, 0x1c0c1e1b, 0x131e0e14, 0x0b0c1c14, 0x14070a17, 0x101b0f11, 0x182a261a, 
	0x0d11200d, 0x1a130b15, 0x271a221a, 0x21122011, 0x14121c1f, 0x0e1f111a, 0x1d282b18, 0x0e101f14, 0x190a0a17, 0x11200f0c, 0x2c122311, 0x0e21241b, 
	0x180c0c17, 0x1c271b0d, 0x1f21292c, 0x0d201427, 0x291b0d1a, 0x29232a20, 0x1a1b2029, 0x0c111a0b, 0x1b0f1b1f, 0xc2fe420d, 0x170b1f1b, 0x03070438, 
	0x59326b4c, 0x04163d4d, 0x14120406, 0x04030808, 0x140b150c, 0x2716172a, 0x06131813, 0x01020108, 0x10170705, 0x418f5808, 0x174b7c49, 0x28502779, 
	0x01285129, 0x58234f2c, 0x4c500149, 0x4f27524e, 0x234e2e26, 0x2b4c4f01, 0x3f5a244f, 0x01314c20, 0x22274b26, 0x3f572c4d, 0x492e5247, 0x274a221e, 
	0x2f244624, 0x43261d42, 0x4d280320, 0x492c0126, 0x2b4e2322, 0x4c485001, 0x45494e51, 0x234b2957, 0x01274d27, 0x4d2a5740, 0x26492825, 0x3b014655, 
	0x0244555c, 0x582e481f, 0x51420140, 0x4601375d, 0x2449254a, 0x59513d01, 0x65190136, 0x01334a32, 0x2a4f2601, 0x0101495a, 0x1613025c, 0x121e0c0a, 
	0x131a1509, 0x1e0d0d1e, 0x0d1f1e0e, 0x1e100f1d, 0x880a820f, 0x0a230805, 0x1d0e1519, 0x0f1b1a0e, 0x02010e1e, 0x020d2213, 0x01021720, 0x02040b05, 
	0x030a0204, 0x09040305, 0x820e0704, 0x1896080b, 0x06080f07, 0x08081107, 0x12050c12, 0x0d160b15, 0x0b170a03, 0x034e6d1e, 0x0e140615, 0x0b13080d, 
	0x09050904, 0x140a0a14, 0x0913170a, 0x1b190712, 0x0a13090d, 0x15090f11, 0x0c0b180d, 0x180f111f, 0x17060e07, 0x040a1214, 0x10050304, 0x13070a16, 
	0x0e07050e, 0x0a160b07, 0x1d161014, 0x030b1509, 0x070e0808, 0x0a08150e, 0x19150913, 0x050d1409, 0x0d14050b, 0x120a1517, 0x01020107, 0x14120101, 
	0x0a0a150c, 0x140b080f, 0xfe0b0609, 0x234723bf, 0x231d4037, 0xf9822e49, 0x44222008, 0x1b3e2922, 0x1b214120, 0x0d061c36, 0x310902ab, 0x272a2b4d, 
	0x35070e0d, 0x01050241, 0x82030205, 0x0b3408bd, 0x011d332f, 0x09120202, 0x0f0c0103, 0x29182750, 0x222f290e, 0x20451e1f, 0x08171a0e, 0x41240910, 
	0x0103012c, 0x0c170403, 0x20270f14, 0x0301e501, 0x05040703, 0x012a7682, 0x01030206, 0x05030302, 0x85830205, 0x05010123, 0x23078203, 0x05030104, 
	0x1f821682, 0x82060321, 0x211a820e, 0x0c820603, 0x04010122, 0x04200d82, 0x03220b87, 0x72820101, 0x02241483, 0x01030401, 0x1f840882, 0x0e850882, 
	0x02202b83, 0x34837682, 0x08820120, 0x29826085, 0x37850320, 0x0c841382, 0x03207984, 0x02203b82, 0x01214e84, 0x82468404, 0x84062015, 0x82268213, 
	0x82628244, 0x82012011, 0x05032612, 0x07020b12, 0x08a18203, 0x0a02023e, 0x04050904, 0x0a0b0502, 0x0906090e, 0x05060305, 0x05090512, 0x06070e08, 
	0x0b06050c, 0x04080304, 0x15050a04, 0x06140a01, 0x0805060d, 0x05070307, 0x04060a04, 0x0d12050c, 0x090c0c0e, 0x47080e82, 0x06060a05, 0x0e0d0709, 
	0x070f0c04, 0x0511050b, 0x0a07060b, 0x070f0a06, 0x07080e07, 0x08040609, 0x040c0b05, 0x0e120a09, 0x0d060f09, 0x0509030a, 0x0b040d0d, 0x11111108, 
	0x050c060d, 0x07060803, 0x0b06060d, 0x0b100808, 0x0b243282, 0x04090a0d, 0x0c378682, 0x13101408, 0x040d0d0d, 0x110c0609, 0x10150d0e, 0x0d05120b, 
	0x820a090c, 0x086a0852, 0x140c070f, 0x08110b07, 0x09050d07, 0x08120c0b, 0x140c0810, 0x0d101409, 0x0c0b080d, 0x0e180b14, 0x12130817, 0x0e070c0f, 
	0x1a0d140e, 0x080a1a0e, 0x0a060d12, 0xc9fe1204, 0x05262e02, 0x2e3d1f1a, 0x32020602, 0x13312e1e, 0x11020703, 0x1106020d, 0x0d231008, 0x1812250f, 
	0x0101050b, 0x4c070e12, 0x3a613b48, 0x020c2e21, 0x8b820c0e, 0x0b0e0330, 0x01010113, 0x03121707, 0x0b100403, 0x0c820b09, 0x09160b27, 0x0f02030b, 
	0x2dec8213, 0x0b120701, 0x12040c08, 0x0a081013, 0x09820813, 0x0a130837, 0x09040a09, 0x09010a12, 0x1c130c17, 0x0e17070a, 0x12162201, 0x3504821a, 
	0x12021f0d, 0x15090a1c, 0x1f01010e, 0x0d160918, 0x0b1a1104, 0x4f821913, 0x1b1b2708, 0x0e041813, 0x17140d1a, 0x181c0103, 0x05011614, 0x1309151d, 
	0x1c05010e, 0x02141415, 0x09201001, 0x0201030d, 0x8a840101, 0x02b60239, 0x04060e0c, 0x0f07090d, 0x060e0710, 0x0d0a130b, 0x0a150b10, 0x84080f07, 
	0x0b092205, 0x210b8316, 0x1c821208, 0x1317092d, 0x02081007, 0x2207160e, 0x42052f66, 0x0322068d, 0x09820302, 0x03023708, 0x01020204, 0x0206020e, 
	0x04090504, 0x03050702, 0x08040a0d, 0x0e070306, 0x2d710a07, 0x0f240a46, 0x0f070d0b, 0x0307040a, 0x06080e09, 0x100e070b, 0x1b080f08, 0x71820a1b, 
	0x08012d08, 0x0a0e050a, 0x1e0d0b14, 0x03100d0f, 0x100c0407, 0x05030b0d, 0x15120404, 0x080d0708, 0x04070203, 0x0e080d06, 0x08171c13, 0x0303070d, 
	0x072a1982, 0x1106070c, 0x0715190a, 0x6f82080e, 0x0a070623, 0x20ac820f, 0x29d18301, 0x0c0a1215, 0x02080605, 0x27820604, 0x15075c31, 0x0918170b, 
	0x0f0f1507, 0x0d060c1d, 0x82120b05, 0x07062678, 0x05010811, 0x08008200, 0x3d000247, 0x57031dff, 0x4e005102, 0x78005700, 0x01287540, 0x51520405, 
	0x0a041620, 0x09014b05, 0x00014c02, 0x004c0409, 0x040a0405, 0x00800a05, 0x61010808, 0x25010100, 0x0404004d, 0x06006106, 0x0c4d2e06, 0x020a0a01, 
	0x25778261, 0x004d2f02, 0x0a880707, 0x09092a08, 0x010b6100, 0x00300000, 0x014f504e, 0x50574f00, 0x42474957, 0x33393a40, 0x252a2c32, 0x13171923, 
	0x00080a11, 0x0d4e014e, 0x05f36c08, 0x3e343523, 0x07625b02, 0x26222325, 0x49062727, 0x372306f6, 0x4a343537, 0x35280a09, 0x37363634, 0x07171632, 
	0x8308f960, 0x1506231c, 0xe3731614, 0x32032406, 0x83073537, 0x01dc080f, 0x66b677d0, 0x63a2753f, 0x295da064, 0x142d5746, 0x3b070514, 0x233e2837, 
	0x4199312c, 0x0212192e, 0x070f0802, 0x4a321f19, 0x015a4a23, 0x28040403, 0x7f482842, 0x56a06f55, 0x51289aaa, 0x62220e24, 0x71252d23, 0x5fe32e2d, 
	0x9c5d79b0, 0x8a494073, 0x52693962, 0x1a111230, 0x1b32203d, 0x33102c22, 0x15342633, 0x03012a1f, 0x2e161316, 0x3f4e0523, 0x0d2217bc, 0x56496f3e, 
	0xa75e3c75, 0x0fbda96f, 0x15122510, 0x692b1601, 0x19290b1e, 0x00030029, 0x02f8ff25, 0x009c02d4, 0x003b002f, 0x407b004a, 0x08153318, 0x48050203, 
	0x24292a42, 0x1a1c1d20, 0x2e020309, 0x03030001, 0x29b04b4c, 0x20405850, 0x03050200, 0x80030205, 0x01050500, 0x01010061, 0x01064d27, 0x62000303, 
	0x00020704, 0x4e234482, 0x881e401b, 0x00012622, 0x05010205, 0x39208d69, 0x01154059, 0x3a3e4000, 0x272b2d38, 0x101e1f25, 0x012f000e, 0x1608082f, 
	0x514b172b, 0x29461805, 0x32333307, 0x06141516, 0x17161607, 0x37361716, 0x17373727, 0x0e820607, 0x25055041, 0x06272223, 0xe4561403, 0x22232106, 
	0x18830b83, 0x27262622, 0xc1080282, 0x49fa0606, 0x441b2e5e, 0x2b16173d, 0x503e324e, 0x1e0d614c, 0x2a2e3511, 0xd1024622, 0x391c4602, 0x1b42411e, 
	0x3312182b, 0x4c4a545c, 0x42131477, 0x251d2b37, 0x43506333, 0x1819371f, 0x23141b33, 0x0826300f, 0x1e29472b, 0x281f4140, 0x4f31294b, 0x363b432f, 
	0x2b14365f, 0x352c4a18, 0x01260b5e, 0x59370c26, 0x100f3422, 0x39394119, 0x43240a02, 0x2c4e2724, 0xfe382c2c, 0x0e41346f, 0x253c170f, 0x1e16321c, 
	0x04000040, 0x00002100, 0x4b02e901, 0x28001a00, 0x32002d00, 0x47404a00, 0x02040111, 0x12202a2c, 0x32040304, 0x01030730, 0x02021a03, 0x4c040600, 
	0x01000300, 0x69010306, 0x04020507, 0x147a0204, 0x00230805, 0x5f000606, 0x29000000, 0x29294e00, 0x2d292e2f, 0x2d172d29, 0x08102724, 0x212b1b08, 
	0x36372721, 0x59353536, 0x36210585, 0x057f7533, 0x14152d08, 0x01171716, 0x32331614, 0x26343537, 0x22232734, 0x36153706, 0x33033737, 0x01070637, 
	0x02e7fee2, 0x0e030351, 0x7d786a0d, 0x3d03de6a, 0x3e086983, 0x4998fe38, 0x010c0c41, 0x453c1f01, 0x021514d3, 0x1302272b, 0x0a0d2816, 0x0131413c, 
	0x6052515c, 0x51070f26, 0x513abc3b, 0x7b010e08, 0x7b01463e, 0x082b381b, 0x04fa4343, 0x0dfef006, 0x430405cf, 0x220805af, 0x01f8ff3a, 0x00b8029e, 
	0x00440036, 0x42094074, 0x0415313b, 0x4c010401, 0x5020b04b, 0x00254058, 0x18010504, 0x22121798, 0x82004d27, 0x066122fb, 0x06374201, 0x278f2320, 
	0x05000326, 0x69050304, 0x5933258b, 0x00011340, 0x1f202325, 0x07091a1c, 0x36000405, 0x42073601, 0x2723053a, 0x82173327, 0x353626f7, 0x35042e34, 
	0x06444234, 0x16323325, 0x18231717, 0x270ce8cc, 0x15161607, 0x14030614, 0x3b072159, 0x06062726, 0x143a1cd0, 0x15172f0a, 0x232c2624, 0x23373f37, 
	0x38263449, 0x39194c5f, 0x09241483, 0x2d2a0b18, 0x2d081584, 0x3926344a, 0x3420965f, 0x2130231d, 0x30221d34, 0x64080908, 0x1a200c3f, 0x1c1c2318, 
	0x32223123, 0x34120d47, 0x0745352d, 0x05406208, 0x16872103, 0x0c473330, 0x352c3413, 0x1d6b0145, 0x0a0d1c27, 0x0685202d, 0x00003208, 0x33000300, 
	0xf802fbff, 0x1300bf02, 0x47002700, 0x06b16a00, 0x5f404464, 0x05070133, 0x06080144, 0x06004c02, 0x06070807, 0x01008008, 0x01050300, 0x09525f03, 
	0x010b082e, 0x04080204, 0x02010a69, 0x59020000, 0x022c0682, 0x01096100, 0x51000200, 0x14152829, 0x3f055e43, 0x2f313435, 0x47294728, 0x27141d1f, 
	0x090b2715, 0x13011300, 0x2b16080c, 0x440006b1, 0x022e2205, 0x2405db44, 0x1415021e, 0x063e600e, 0x60022e21, 0x1e22053f, 0xb25d3702, 0x17172209, 
	0x081a5a07, 0x36323322, 0x2c058643, 0x814b9601, 0x60363661, 0x814b4b82, 0x2b078260, 0x73434b81, 0x57303057, 0x74434373, 0x20080783, 0x67415974, 
	0x486b3c3b, 0x0517421d, 0x260d1725, 0x54454611, 0x0e27133c, 0x1615271c, 0x60360546, 0x83378881, 0x3122253f, 0x44447557, 0x443f3885, 0x31577544, 
	0x3e572d7c, 0x0c335d3e, 0x4402630a, 0x43530707, 0x0a0b584e, 0x0d57043c, 0x41040014, 0x21080c33, 0x0058004d, 0x6406b1d6, 0x2eb04b44, 0x11405850, 
	0x04090131, 0x08060139, 0x28293d4b, 0x03060504, 0x138e1b4c, 0x13820720, 0x2c855920, 0x07352308, 0x02060501, 0x80020506, 0x03000100, 0x69030104, 
	0x010c0400, 0x09040809, 0x00080069, 0x06080506, 0x5e410b67, 0x36068205, 0x0a610002, 0x00020001, 0x3b401b51, 0x05060700, 0x80050706, 0x82020500, 
	0x947e203d, 0x9507203d, 0x4059363d, 0x154e4e23, 0x4e000114, 0x53574e58, 0x464c4d4f, 0x34404245, 0x0ba14132, 0xa1410d20, 0x37272626, 0x35353634, 
	0x09667434, 0x16170724, 0x97501716, 0x27272305, 0x35651523, 0x15132405, 0x5f333216, 0xb2410562, 0x69250820, 0x0203022d, 0x47a8022d, 0x3b2b354d, 
	0x0419261a, 0x35091309, 0x17201b44, 0x022c0103, 0x0d0779a7, 0x29302406, 0x21bc4121, 0x0ba26408, 0x682d3504, 0x0903352d, 0x25353022, 0x215b0c37, 
	0x011d051f, 0x473c3603, 0x05342d23, 0x6501200b, 0x2724018c, 0x02001f23, 0x2a011600, 0xb302ef03, 0x48002f00, 0x52405500, 0x00023e44, 0x45464701, 
	0x3b3c3d41, 0x33363738, 0x131c3132, 0x0200030f, 0x05080a4c, 0x03050904, 0x07860300, 0x00010206, 0x83570100, 0x00012207, 0x320c8261, 0x30510001, 
	0x30000030, 0x43483048, 0x3a3f4042, 0x82343539, 0x452f284f, 0x060b5b74, 0x45132b19, 0x342b0525, 0x26273426, 0x22232322, 0x18070706, 0x2007796e, 
	0x81cf1837, 0x0614210a, 0x2c06e779, 0x03372721, 0x13032303, 0x27230717, 0x253c8237, 0x33131333, 0x0e820717, 0x03734c08, 0x0102013e, 0x07130701, 
	0x080e0819, 0x100f251c, 0x12bd1132, 0x25101031, 0x080d081c, 0x07150618, 0x3d010101, 0x02030203, 0x228f022d, 0x03330295, 0x06330297, 0x898d0232, 
	0x32038c83, 0x01023204, 0x0d0a222a, 0x1c45263c, 0x82042937, 0x044d292a, 0x02020173, 0x4c037301, 0x04330c82, 0x451c3729, 0x0a0d3c26, 0x010a2222, 
	0x01c4fe10, 0x84f9fe33, 0x082f2d0b, 0x01e7fe23, 0xfe0a2219, 0x00220ad2, 0x023d0082, 0x34012300, 0x53024601, 0x1b000f00, 0x06b13900, 0x2e404464, 
	0x03000100, 0x69030102, 0x05af4205, 0x02290682, 0x01046100, 0x51000200, 0x0fa91811, 0x06b12412, 0x43134400, 0x162309e0, 0x18061415, 0x3d0c13a9, 
	0x264329b5, 0x29294326, 0x42262642, 0x31312629, 0x32322626, 0x42253401, 0x25412929, 0x17824125, 0x34342529, 0x33332828, 0x82342828, 0x013b2479, 
	0x82af0047, 0x000e268f, 0x0017401a, 0x05944101, 0x012b0023, 0xb249184e, 0x18532025, 0x820cb249, 0x214f82b2, 0x4f846801, 0x25001d26, 0x01032240, 
	0x05245283, 0x00030402, 0x10305483, 0x1700010f, 0x101d0f16, 0x0007081d, 0x060e010e, 0x100f4a18, 0x18053648, 0x21121d4a, 0x4a1819d2, 0x758c0928, 
	0x0020818d, 0x692cd382, 0xa90024ff, 0x0300d202, 0x16401900, 0x85211083, 0x38868202, 0x004e012a, 0x00030000, 0x08031103, 0x11172b17, 0x40691133, 
	0xfcae03dc, 0x21158252, 0x33890002, 0x2a000739, 0x00002740, 0x02010104, 0x00670100, 0x5f030202, 0x03030105, 0x704e032a, 0x1320125d, 0x03204682, 
	0x40294a84, 0x015e0140, 0xfd8cfe74, 0x820583c6, 0x01280853, 0x00002b00, 0xba02a101, 0x5d003200, 0x24300e40, 0x01040918, 0x020c1500, 0x4c020102, 
	0x501bb04b, 0x04164058, 0x03000206, 0x69256884, 0x27050500, 0x236d824d, 0x1b4e0229, 0x0523b582, 0x8b850500, 0x0202211d, 0x59221882, 0x55821340, 
	0x22292408, 0x111a1c20, 0x00050710, 0x07320132, 0x012b1608, 0x14151632, 0x26222306, 0x17161627, 0x2307020e, 0x1827022e, 0x26074170, 0x33363435, 
	0x18171632, 0x3a0d5e53, 0x17167401, 0x471c1617, 0x090e071b, 0x03060b0a, 0x0c07031e, 0x070e090a, 0x831d461b, 0x461d2e18, 0x1513031c, 0x13151010, 
	0x02461d03, 0x31098324, 0x3a1f0214, 0x6d7f5220, 0x7f6d3939, 0x1f3a2052, 0x1f871402, 0x4a841c20, 0x031d4623, 0x3ff38213, 0xff1a0002, 0x029601f1, 
	0x001c00b8, 0x40340025, 0x191c2131, 0x020b1314, 0x01030107, 0x0400004c, 0x00290682, 0x01006903, 0x59010202, 0x37f78200, 0x01020061, 0x1d1e5102, 
	0x251e251d, 0x05252825, 0x372b1906, 0x023e3736, 0x1522b282, 0x804b0714, 0x2371080a, 0x06353522, 0x06220107, 0x36360706, 0x361a3435, 0x5736052e, 
	0xca292637, 0x121f1d01, 0x1c191727, 0x22722441, 0x17010127, 0x42071f29, 0x2928a244, 0x3273cc86, 0x1bbf9b2c, 0x174c541b, 0x272e171c, 0x1d1d03c7, 
	0x975a0e02, 0x3b86475c, 0x00010045, 0x01f8ff2b, 0x00ba02a1, 0x40800053, 0x333f4b15, 0x06050427, 0x0002244e, 0x15215105, 0x00010409, 0x06a24103, 
	0x0108202c, 0x05010906, 0x69050600, 0xac410a04, 0x07073109, 0x02004d27, 0x4e022f02, 0x0020401b, 0x85070607, 0x22842795, 0x1b40593f, 0x47490001, 
	0x383a4143, 0x292b2f31, 0x17191d1f, 0x05070e10, 0x53015300, 0x2b16080b, 0x0abe4125, 0x088c4e18, 0x4a063721, 0x3224071a, 0x26261716, 0x201dcf41, 
	0x25418a33, 0x07060617, 0xe1413636, 0x1d462106, 0x2007c841, 0x08da411c, 0x090f0725, 0x89070f09, 0x09ea410f, 0x2a05ca41, 0x0e071b47, 0x070e0909, 
	0x41d8471b, 0x2a8f05e3, 0x27021427, 0x49272848, 0x13034227, 0x82052b42, 0x4828211c, 0xff351f82, 0xff2f00ff, 0x021104fc, 0x00260053, 0x00000072, 
	0x02e70107, 0x0807828e, 0x32000241, 0x4c03fbff, 0x2000c602, 0x4d003200, 0x24314a40, 0x13060502, 0x02040212, 0x04004c02, 0x04020302, 0x01008003, 
	0x01050600, 0x05006906, 0x05040200, 0x03006702, 0x59030000, 0x00030300, 0x82010761, 0x0151360c, 0x222a2c00, 0x1a1c1d21, 0x0b0f1018, 0x01200009, 
	0x16060820, 0x0c1c492b, 0x1522213d, 0x17161415, 0x32331616, 0x0e333736, 0x32210102, 0x27343535, 0x2223022e, 0x82060706, 0x0152081b, 0x66945fc0, 
	0x92673635, 0x5b99735d, 0x057dfd27, 0x7c280403, 0x337b554e, 0x75592747, 0xec01b7fe, 0x58220a05, 0x7f3a2358, 0x38050935, 0x46467e62, 0x423d6783, 
	0x0644866f, 0x051107ac, 0x313a3130, 0x011e3e2f, 0x0ebc066f, 0x0f29290c, 0x1209352a, 0xdf8206bd, 0xf8000136, 0x79010e02, 0x0f00d002, 0x06b11700, 
	0x0c404464, 0x49000101, 0x762e1982, 0x17080129, 0x0006b12b, 0x36270144, 0x97433435, 0x04013b0a, 0x1616450c, 0x201b131a, 0x1a0e0240, 0x0e102516, 
	0x17111512, 0x462a1e23, 0x4f890000, 0x4f8a1020, 0x4f834a20, 0x4f882a20, 0x09315418, 0x2622232e, 0x01363435, 0x24210c6d, 0x14191616, 0xd0265183, 
	0x111f0a1a, 0x52830f10, 0x831d2421, 0x02003c52, 0xe201de00, 0xa502e301, 0x07000300, 0x06b50800, 0x02000204, 0x27012b32, 0x82071737, 0x7a012503, 
	0xe5464320, 0x01250382, 0x0fb60de2, 0x820382b4, 0x0001286d, 0x0127029d, 0x825e02bb, 0x84202033, 0x821520d7, 0x0001229c, 0x2a1b8357, 0x0001005f, 
	0x10114f01, 0x84180802, 0x21132be0, 0x019d2115, 0x02e2fe1e, 0x1f83375e, 0x828c0021, 0x8441206f, 0xb306246f, 0x85010002, 0x1701296b, 0x0163528b, 
	0xb617ace2, 0x01212383, 0x20238218, 0x232390cb, 0x50632840, 0x17208783, 0xc92a4784, 0x2c01ed01, 0x0d00ad02, 0x83842a00, 0x8d821f20, 0x03010023, 
	0x10584400, 0x14111423, 0x08f07210, 0x06222008, 0x33161415, 0x35262215, 0x01333634, 0x2222192c, 0x3a3a2919, 0x238d0229, 0x22241b1c, 0x82292838, 
	0x010122a4, 0x205b822c, 0x205b848f, 0x215b8430, 0xa9820025, 0x01020029, 0x03000069, 0x82590003, 0x6103277f, 0x00030104, 0x0a825103, 0x0d000d28, 
	0x05111411, 0xef841908, 0x49350121, 0x352505aa, 0x14151632, 0x2b618806, 0x2422ed01, 0x20231c1b, 0x38282937, 0x00213382, 0x27e3a301, 0x24ff1101, 
	0x9cff4801, 0x5318d982, 0x0529268f, 0x01153335, 0x78dc3711, 0x28648278, 0x02110101, 0x02480112, 0x203fa98a, 0x213f8501, 0x40831202, 0xaa00023b, 
	0xae011102, 0x0b007302, 0x33001700, 0x446406b1, 0x01032840, 0x01000001, 0x0ad24759, 0x51000122, 0x13895e18, 0x4606a148, 0x1523057a, 0x41330614, 
	0x32210573, 0x320b8216, 0x1e1e16de, 0x1c1c1516, 0x1d1d1689, 0x1c1c1616, 0x831b1102, 0x1615220e, 0x8207871b, 0x84b582be, 0x1603217f, 0x0f2c0982, 
	0x31001b00, 0x02032e40, 0x4a010301, 0x11328394, 0x17040510, 0x111b1015, 0x04090b1b, 0x060f050f, 0xc6421608, 0x8b778a05, 0x40012583, 0xce4f4528, 
	0x8424888f, 0xee17850d, 0x03288c92, 0x11029d00, 0xe702bb01, 0x35228b86, 0xa2823240, 0x0003012b, 0x01056701, 0x03020203, 0x2a068259, 0x07610203, 
	0x02030604, 0x8f510203, 0x10112a8d, 0x2b180808, 0x21152113, 0x258f9617, 0xfe1e019d, 0x8f8f41e2, 0xa036e722, 0x012a8d90, 0x0f02f700, 0x75026101, 
	0x33750b00, 0x01002207, 0x3b5c1800, 0x06b12319, 0x89794400, 0x2d01250b, 0x16202016, 0x02256982, 0x16161d0f, 0x2103831d, 0xdf8c0200, 0x26402922, 
	0x0020dd87, 0x0021dc84, 0x22db8203, 0x82020104, 0x040521d9, 0x82055f41, 0x84d192e1, 0x839020c5, 0x1c152354, 0xbd8a021c, 0x284afb43, 0x01f00002, 
	0x03cb01e2, 0x29ff8211, 0x4025000f, 0x0d0e0f22, 0x59180003, 0x524c0b57, 0x00012105, 0x2305227c, 0x2b160803, 0x240c897a, 0x01173727, 0x33f88423, 
	0x28071b1b, 0xae025063, 0x1d15151c, 0x1c15151d, 0x17b60dcc, 0x36351345, 0xf1011101, 0xb5027901, 0x1e001000, 0x000101b3, 0x27b04b49, 0x82b55850, 
	0x182720f6, 0x27091356, 0x1708012a, 0x3627012b, 0x3a0ef345, 0x14171122, 0x131a1615, 0x012e201b, 0x231513f1, 0x130e100c, 0x23161115, 0x82481e1e, 
	0x0100233f, 0xef82a100, 0x9702b731, 0x1a000600, 0x446406b1, 0x03040f40, 0x46040102, 0x1520054a, 0x3408fa45, 0x27072707, 0xb7013337, 0x27646427, 
	0xef014a66, 0x0d75750d, 0x834082a8, 0x01f0243f, 0x89a502b7, 0x0506263f, 0x00040304, 0x211c824a, 0x3f891176, 0x37272333, 0xb7013717, 0x27664a66, 
	0x97026266, 0x750ea7a7, 0x20228275, 0x827f8202, 0x1103373f, 0x12000b00, 0x2c402f00, 0x0f101112, 0x01000204, 0x0002004c, 0x7b428602, 0x0103210a, 
	0x51230c82, 0x7d0e0001, 0x0420069c, 0x200f7941, 0x28628507, 0x1e1e162d, 0x1c1c1616, 0x416a8674, 0x1720087f, 0x012a7387, 0xee01a500, 0xa502b301, 
	0x58180d00, 0x0824078b, 0x01030107, 0x2605d674, 0x01010059, 0x83006100, 0x2325216c, 0x78076946, 0x210805cc, 0x16372726, 0x36323316, 0x02268d01, 
	0x4a3c3c48, 0x32082a02, 0x02322725, 0x59500ea5, 0x3a0e5059, 0xb4823d3d, 0xdf45c920, 0x000b2206, 0x227f4d17, 0x4217dd44, 0x27200b53, 0x3e0a036f, 
	0x3a2a2d01, 0x382a2a3a, 0x211a2938, 0x231a1a21, 0x38ed0123, 0x37372928, 0x22382829, 0x821d1c23, 0x241b2203, 0x21008200, 0x87830002, 0x1603e222, 
	0x2205074e, 0x82083640, 0x010b33e0, 0x4c020302, 0x0102090a, 0x0201054a, 0x02000104, 0x7e716500, 0x03272107, 0x0aa78718, 0x00050724, 0xe544010f, 
	0x06514405, 0x17371726, 0x14151607, 0x850c074e, 0x1417258b, 0x1366503a, 0x09258f8e, 0x19781772, 0x2b938e21, 0x02820001, 0x02d60106, 0x0015007f, 
	0x2e08537a, 0x0b0c0203, 0x02010002, 0x0103004c, 0x47590300, 0x0320080c, 0x2207537a, 0x7a222522, 0x262a0e53, 0x06222326, 0x36362707, 0x8e413233, 
	0x18b62005, 0x2314f1b3, 0x2b137902, 0x0ad2b318, 0x03000024, 0x7f828100, 0x03d74a08, 0x000b0011, 0x002d0017, 0x2b4b404e, 0x0607022a, 0x04021f20, 
	0x034c0205, 0x02090101, 0x06000308, 0x00690001, 0x04050006, 0x0a690506, 0x07040401, 0x07070061, 0x194e0425, 0x010c0d18, 0x24262800, 0x181b1d22, 
	0x132d192d, 0x1e651811, 0x180b2009, 0x460e2940, 0x07210b0c, 0x23b08f22, 0x06061737, 0x320fa646, 0x31331921, 0x0c1b1615, 0x22350f21, 0x15323319, 
	0x820d1b14, 0x093d440a, 0x2b074544, 0x1b1c1ca8, 0x352c1217, 0x161c1c1c, 0xeb410682, 0x20d78505, 0x27e18216, 0x40380019, 0x02161735, 0x25085641, 
	0x03010203, 0x56414a02, 0x01043807, 0x61030000, 0x25030300, 0x04054e00, 0x0e101214, 0x19040709, 0x46051905, 0x5c4109d0, 0x25ab830e, 0x42284001, 
	0xa0953950, 0x850d8424, 0x9398f917, 0x84e70221, 0x40422293, 0x2493823f, 0x0b0c0405, 0x3c998202, 0x0600004c, 0x00040101, 0x04006701, 0x04020300, 
	0x01076903, 0x61050202, 0x25050500, 0x21968202, 0x98890000, 0x03293e82, 0x17080811, 0x2135132b, 0x15494115, 0x1e019d23, 0x239b954a, 0xab3636b1, 
	0x5f4a9a8e, 0x00033d3b, 0x0128029d, 0x00ff02bb, 0x0017000b, 0x4b5e001b, 0x585022b0, 0x02071840, 0x03000306, 0x692fd184, 0x05050108, 0x04005f04, 
	0x4e052504, 0x8b1d401b, 0x0400211a, 0x57201a82, 0x05211a82, 0x3125825f, 0x594f0504, 0x18181b40, 0x00010c0d, 0x1b181b18, 0x4f42191a, 0x5009200b, 
	0x694b08b6, 0x087f4d05, 0x34352108, 0x21350736, 0x1c15de15, 0x1e16151c, 0x1c16b41e, 0x1d16161c, 0x1e01c91d, 0x161cff02, 0x141d1d14, 0x07851183, 
	0x3636d724, 0xb3850200, 0x0016032e, 0x00070003, 0x0203b53d, 0x4a010301, 0x0c2bb885, 0x01000000, 0x0101025f, 0x82002501, 0x821220ac, 0x0c421809, 
	0x5923080e, 0x04040a40, 0x07040704, 0x17080315, 0x3727012b, 0x21151717, 0x70180135, 0xfe7b494f, 0x857a02e2, 0x82298f17, 0x8d478264, 0x84342067, 
	0x86002067, 0x000b2567, 0x5f000101, 0x25212482, 0x20668201, 0x0fcf4b10, 0x11b45926, 0x18080214, 0x052c5e84, 0x01211521, 0x4f492840, 0x1e01edfe, 
	0x0d246183, 0x36a1178f, 0x01343a82, 0xeb01d300, 0x9c028c01, 0x38001900, 0x446406b1, 0x01112d40, 0x25062646, 0x01020001, 0x05830380, 0x82590021, 
	0x2fd38206, 0x01000100, 0x1600014f, 0x00080914, 0x04190119, 0x35063355, 0x15163201, 0x15020e14, 0x36343523, 0x26343536, 0x06060727, 0x0c822223, 
	0x2f013008, 0x1f18332a, 0x17172118, 0x0c1d0d0f, 0x32190b0e, 0x1d229c02, 0x17121a18, 0x221c1117, 0x0e100e19, 0x080b1c01, 0x001f1418, 0x01750002, 
	0x4c7a01e2, 0x5a2418d3, 0x9c434669, 0x01250382, 0xb60fb4e2, 0x8403820d, 0x82a520bb, 0x02b32233, 0x0e6f4699, 0x10116118, 0x20096f46, 0x05dd4413, 
	0x07172b08, 0x22232626, 0x0227cc06, 0x473c3c4b, 0x32072902, 0x01322726, 0x59510de2, 0x3a0d5159, 0x00003c3c, 0x01f80001, 0x027901ed, 0xb74d00ae, 
	0x1aae2e37, 0x10111f0a, 0x1016120e, 0x2a1d2317, 0x3caf8347, 0x7f016501, 0x0f02f901, 0x2c000c00, 0x446406b1, 0x01042140, 0x01024a00, 0x00010100, 
	0x23068259, 0x00610100, 0x51290c82, 0x090b0001, 0x0c010c00, 0x085f4103, 0x37362008, 0x15163637, 0x23230614, 0x1a750135, 0x20010114, 0x0f3f4634, 
	0x1c1ba601, 0x1c14082a, 0x82273a26, 0x263a825e, 0x0139fff7, 0x4a9fff61, 0x05202a63, 0x83068746, 0x08634a5c, 0x161dc733, 0x151e1e15, 0x00001d16, 
	0xffaa0002, 0xffae013a, 0x384f4c9d, 0x45173b4b, 0xc6200fa8, 0x820f6643, 0xfedf26cf, 0xff6001e2, 0x0c8341a3, 0x3b4f4920, 0x4913200c, 0xeb230f98, 
	0x4f24210c, 0xfe25068c, 0x200a1ae2, 0x078d4f10, 0x41462921, 0xb9280523, 0x8d0121ff, 0x15000d00, 0x3506f759, 0x030c0d0c, 0x02030103, 0x02010001, 
	0x0ab04b4c, 0x1c405850, 0xd47e0200, 0x03012205, 0x09294970, 0x82046221, 0x52002422, 0x871b401b, 0x8503211e, 0x592f1d90, 0x00010f40, 0x0e0f1011, 
	0x15000507, 0x41051501, 0x052106c1, 0x06e24822, 0x26343526, 0x33372707, 0x08050c5b, 0x31140125, 0x2711132a, 0x291c1515, 0x323a0f25, 0x46362b2d, 
	0x0a2719df, 0x1413140e, 0x64130517, 0x23290340, 0x82003528, 0x82902063, 0x006931b3, 0x00120013, 0x6406b12e, 0x10234044, 0x0406070f, 0x200c5849, 
	0x289c8302, 0x0d000151, 0x0112000b, 0x07394212, 0x2105de41, 0x90531737, 0x01013f0a, 0x46563d34, 0x1b206008, 0x15102114, 0x35df3513, 0x1b4e2e26, 
	0x1b403a13, 0x1a0f1421, 0x6f831c16, 0x1dffa526, 0xb6ffb301, 0x490e5743, 0x05251ac7, 0x23060617, 0x0ac74922, 0x3c450525, 0x4906463c, 0x4a2905c7, 
	0x4949420e, 0x302b0e42, 0x265b8330, 0x0150ff9d, 0x5086ffbb, 0x17202387, 0x21078750, 0xbb41367a, 0x01592605, 0x01ab0182, 0x291b4faa, 0x21351335, 
	0x52015915, 0x28288201, 0xff010000, 0x027d01d7, 0xa9af012c, 0x8203203f, 0x0229263f, 0x327d0155, 0x273f8232, 0xed00ca00, 0xa701c001, 0x07513f82, 
	0x27373506, 0x17e11737, 0x20ed17df, 0x0100209a, 0xc0ff6e00, 0xee01ea01, 0x17311f89, 0x94170127, 0x26560126, 0x16021840, 0xff000018, 0x084350ff, 
	0xd0020622, 0x334b0f83, 0x02062208, 0x210f84d7, 0xf74b01a1, 0xd5022106, 0xaf420f84, 0x02062207, 0x4c0f84ea, 0x02210857, 0x200f84d4, 0x06ef4faa, 
	0xca020622, 0xf7200f84, 0x2206674e, 0x84cd0206, 0x07bb510f, 0xcf020622, 0x3b520f84, 0x02062207, 0x520f84d2, 0x06220717, 0x0f84de02, 0x22076b42, 
	0x84eb0206, 0x07774b0f, 0xd8020622, 0x6b4a0f84, 0x02062407, 0x430000da, 0x0f200ca3, 0x24092b53, 0x1706012a, 0x2f9b432b, 0x9600022e, 0xc201de02, 
	0x0b004003, 0x2b001700, 0x182ab750, 0x4a0ba348, 0xca200b22, 0x22069a4f, 0x501d16b1, 0xde2005b3, 0x8210984f, 0x860320c3, 0x50d02077, 0xe22059b3, 
	0x0325888e, 0x17840e3e, 0x288c92db, 0x02890003, 0x03cf01de, 0x58b350b9, 0x46018924, 0xb350bafe, 0x07184107, 0x37b90323, 0x2a8d90a4, 0x02f70001, 
	0x036101dc, 0x180b0042, 0x4f169f6c, 0x474615ab, 0xdc022108, 0x8b0aab50, 0x402f2bd7, 0x0400002c, 0x00030101, 0xac506701, 0x0105210a, 0x2105ac50, 
	0xae500000, 0x03002505, 0x06110300, 0x5209a44a, 0xc3820897, 0x1d16a22a, 0x1c15161d, 0x3782031c, 0x002aba89, 0xab000100, 0x4101c802, 0x83435903, 
	0x27012e09, 0x17011737, 0x02474f6c, 0x83177ac8, 0x21238200, 0x23821701, 0x2390ad20, 0x472a4128, 0x0ec8024f, 0x23821783, 0xf0000222, 0xac222382, 
	0xaf50d003, 0x2a082543, 0x6d034e47, 0x2007df46, 0x226183a5, 0x82de0002, 0x03cc225f, 0x17c3554f, 0x462d2123, 0x250382cd, 0x7a0dc802, 0x0382780f, 
	0x01229382, 0x33828300, 0x4b03d526, 0x12000600, 0x20114f50, 0x064b5001, 0x8722d52d, 0x4a842287, 0x4a18e002, 0x866b184a, 0x01d02437, 0x8b5303d5, 
	0x824a2037, 0x15762d18, 0x2b170801, 0x37173713, 0x83230717, 0x03213685, 0x2136873b, 0x6f820200, 0xd0203783, 0x23074350, 0x0d0e0f10, 0x211c4350, 
	0x11421112, 0x0f435005, 0x62850720, 0x43500120, 0x86c02007, 0x0813416b, 0xab893220, 0xce028724, 0xab82d101, 0x1e000d24, 0x3f501b40, 0x0e3b501b, 
	0x0a26ab38, 0x5a414159, 0x420a2a0b, 0x03423331, 0x3f380e53, 0x220e383f, 0xc7822626, 0x5382c920, 0x8c038f22, 0x1723c782, 0x5d403100, 0x37501bb7, 
	0x28335013, 0x37ce022a, 0x36372828, 0x21372829, 0x820e3350, 0x03d32a7f, 0x000f00d8, 0x4040001b, 0x0e33503d, 0x5024465e, 0x2b222d3a, 0x3a505750, 
	0x25968509, 0x5b175509, 0x9a8b2019, 0x64000130, 0xf401d102, 0x15004903, 0x2a402d00, 0x33500101, 0x067a4128, 0x080ed24e, 0x20d40131, 0x1e293f11, 
	0x1a193a3d, 0x11200f20, 0x3d1e2840, 0x2019193b, 0x2c114303, 0x1a1c1c35, 0x342c1117, 0x001a1b1b, 0x81000300, 0xd501ce02, 0x5000d003, 0x5a35052f, 
	0x012b5740, 0x01200607, 0x4c020504, 0x0106012a, 0x04011f4b, 0x0c365049, 0x04050724, 0x3c505907, 0x07002a07, 0x0a610407, 0x04070401, 0x4d3b5051, 
	0x2b0f2e46, 0x31331936, 0x0d1a1615, 0x22340f20, 0x162d0a82, 0x210c1b14, 0x6d03340f, 0x1d15161b, 0x05f8561d, 0x9f2f0784, 0x14171516, 0x15322912, 
	0x12151616, 0x8200312a, 0x88022000, 0x00033be3, 0x40400019, 0x0301173d, 0x00010c02, 0x164c0201, 0x04010203, 0x010b4a02, 0x9b514900, 0x01042512, 
	0x51000300, 0x202e4350, 0x24a8953a, 0x177b0d48, 0x209b99eb, 0x2c6982a5, 0x404e0019, 0x0501174b, 0x02010c04, 0x279b8203, 0x4b010401, 0x4902010b, 
	0x25094a50, 0x05020305, 0x50500059, 0x05002906, 0x07610205, 0x02050201, 0x4f50a282, 0x0189232e, 0xa7955f46, 0x37376e23, 0x28a68ea0, 0x029d0001, 
	0x03bb01f2, 0x21a38229, 0xab5a4018, 0x08a75a16, 0x3729032c, 0x03000000, 0xf5028900, 0x5742cf01, 0x001b2406, 0x5038403b, 0x24501c27, 0x50ca2037, 
	0xdc210624, 0x05245016, 0x4601f124, 0x4752d003, 0x21078707, 0x928337db, 0x88020021, 0x00032a93, 0x40250007, 0x01020322, 0xd34f1803, 0x140f5013, 
	0x424f6a2b, 0x03bafe90, 0x7b177148, 0x224f9329, 0x83214024, 0x4a00214f, 0x250afb4f, 0x00010102, 0x4e8e4f01, 0x2135052a, 0x27400115, 0xdffe4f42, 
	0x4824ac82, 0xc4177b0d, 0x012c4f85, 0xd202d300, 0x82038c01, 0x30001a00, 0x2528fb4f, 0x041a011a, 0xbe601608, 0x10f74f05, 0xf84f2620, 0x0c28080d, 
	0x0b0e0c1e, 0x03320e0b, 0x181e2182, 0x1617121a, 0x19221c11, 0x010f100d, 0x0f0a0b1c, 0x001f130b, 0x8c000200, 0x7a01c802, 0x24180b47, 0x2d465259, 
	0x2503829c, 0x0f78c802, 0x03820d7a, 0xee820020, 0x82870021, 0x03d12333, 0x2746004d, 0x16f74f09, 0x2f0df34f, 0x580b26ad, 0x0a5b4141, 0x32410a2a, 
	0xc8024233, 0x21062646, 0x53832727, 0xce02f829, 0x8f037901, 0x4a001000, 0xa75d05cb, 0x5d012009, 0x03211ba3, 0x13eb4f8f, 0x01630229, 0x00f402f9, 
	0x4f24000c, 0x012123e7, 0x15e34f32, 0x1b8a0229, 0x15082a1d, 0x4f3b251c, 0x363610e3, 0x5019b04b, 0x000c4058, 0x61000101, 0x00000102, 0x1b4e002a, 
	0x575a1140, 0x40592210, 0x0b56590b, 0x4f1ff24f, 0x45230ef3, 0x8216b04b, 0x5c0f2065, 0x68850a3d, 0x11821520, 0x2211565c, 0x47134059, 0x05501343, 
	0x1a634c39, 0x634c0820, 0x00012131, 0x2109ff4f, 0xfb4f4058, 0x4f172012, 0x01230cfb, 0x41046200, 0x16200758, 0x890bf64f, 0x12f14f18, 0x4f3ced4f, 
	0x21220def, 0xeb4f1e40, 0x09e54108, 0x4f0be64f, 0x002234e2, 0xe34f0001, 0x40192209, 0x07674916, 0x00256282, 0x00300000, 0x0532534e, 0x8228d64f, 
	0x09d74f4f, 0x4f18af45, 0x602910cf, 0xa4017d01, 0x0300af01, 0x21838200, 0xce540102, 0x65282006, 0x13260cef, 0x60152135, 0x824f4401, 0x25678305, 
	0xed01cb00, 0x3382c901, 0x2a08834f, 0x1ebb1725, 0xcb1e3201, 0x822bd32b, 0x262382bd, 0x02beff3e, 0x4f8e021a, 0x6d290d87, 0x2fad012f, 0xb4021c42, 
	0x3d24821c, 0x02ef0001, 0x02690125, 0x000b009b, 0x27b04b36, 0x0c405850, 0x00000102, 0x01006101, 0x47432701, 0x0d9e5d24, 0x2525192c, 0x22221a19, 
	0x19222502, 0x03832219, 0x01234b82, 0x5cf00111, 0xf022435f, 0x5f5c1613, 0x519f2011, 0x7418080b, 0x06291bbf, 0x35132b17, 0x019f1521, 0x0503510c, 
	0x6f500220, 0x16033005, 0x11000300, 0x1e402100, 0x03050b0c, 0x52060102, 0xba820c4b, 0x25510024, 0x3c560227, 0x51072006, 0x36240ddc, 0x194f4928, 
	0x240da85b, 0x178f0d7a, 0x09ac5b5a, 0x00000022, 0x372067b3, 0x2b24678d, 0x38495271, 0x8523678e, 0x961e8f17, 0x00193267, 0x40410027, 0x0201113e, 
	0x1b212200, 0x02020103, 0x069d594c, 0x01058022, 0x1759d182, 0x03033305, 0x04005904, 0x00610304, 0x51030403, 0x24260001, 0xce561d1f, 0x46062007, 
	0x352318d2, 0x8d173634, 0x10d8569c, 0xa98c8820, 0x56160321, 0x0f320ce6, 0x090c1c01, 0x851f131a, 0x5454410e, 0x382b0e41, 0x00820038, 0x9300023a, 
	0xc501ee01, 0x15001603, 0x4f002400, 0x12134c40, 0x08020302, 0x01000207, 0x1a24c182, 0x03000504, 0x692ac287, 0x01060300, 0x00030500, 0x59180069, 
	0x072909cb, 0x04050401, 0x01161751, 0x26c38200, 0x10241724, 0x820a0c0e, 0x01152322, 0xc9830815, 0x20141e5b, 0x54158207, 0x3720068a, 0x0131d182, 
	0x2b2f166a, 0x0b191313, 0x1f2e0e1d, 0x132c2e17, 0x260a8212, 0x285c2f0d, 0x5301233c, 0x062505bc, 0x02490126, 0x05be4b9d, 0x2a071c5b, 0x264026af, 
	0x3535230d, 0x693a0d23, 0xa1240583, 0x1302e201, 0x0336c782, 0x28000a00, 0x02030d40, 0x084a0002, 0x01050607, 0x4b490005, 0x535f1db0, 0x01192110, 
	0x2006f658, 0x06b34e03, 0x4828a324, 0x035f5c50, 0x7a022605, 0xfe178f0d, 0x06085ff0, 0x82000221, 0xd001215b, 0x02215b89, 0x205b8601, 0x205b9f03, 
	0x245b8607, 0x495171a7, 0x235b8719, 0x988f1785, 0x00205a86, 0x02215b84, 0x275b8201, 0x00200019, 0x110d4063, 0x01275b82, 0x1c1d1e4c, 0x8501041b, 
	0x164021b7, 0x03352582, 0x80030200, 0x00000104, 0x63010001, 0x27030300, 0x401b4e03, 0x22188721, 0x82010300, 0x827e2002, 0x0102231f, 0x26845900, 
	0x26054f65, 0x010f4059, 0x421f2000, 0x0520075d, 0x201b5d42, 0x2aab8613, 0x18342aa3, 0x16211820, 0x590c0f17, 0x3e20052f, 0x4f42b885, 0x010e290e, 
	0x1a090c1b, 0xd9fe1f13, 0x9322cb89, 0x4b42e201, 0x001c2406, 0x42424045, 0x022d094b, 0x1a1b1c4c, 0x49040417, 0x04000400, 0x12724c86, 0xc0820520, 
	0x01510025, 0x42181900, 0x06200941, 0x25194142, 0x17333727, 0x39422707, 0x2c2d220d, 0x05394214, 0x6627c126, 0x6427664a, 0x2a0f3142, 0x8c8c0dbb, 
	0x00005f0d, 0x4f000200, 0xce2005df, 0x21297f44, 0x5b56021f, 0x2837240c, 0x4f084e46, 0x3d240deb, 0x6417830e, 0x8b0bef4f, 0x40292a63, 0x080e0f26, 
	0x01020307, 0x0ce44407, 0x28053057, 0x0a0c0405, 0x11051104, 0x23ef8303, 0x07173727, 0x2908c456, 0x06061737, 0x4e6c2101, 0x54501d47, 0x25768308, 
	0x177a3d03, 0x59507d83, 0x82222005, 0x2fd38c73, 0x0028001a, 0x11444047, 0x26000201, 0x041e1f25, 0x371f8444, 0x04030106, 0x1b1c5103, 0x21230001, 
	0x281c281b, 0x08091416, 0x1a011a00, 0x4b081b6c, 0x1320145c, 0x8a44a38d, 0x076a4b09, 0xb18d2820, 0x1d21ce38, 0x140f1715, 0x1c180e14, 0x0f100e16, 
	0x0a0a1d01, 0x1f140a0f, 0xc58a00ff, 0x3809af4e, 0x00230015, 0x13534056, 0x08020301, 0x21010001, 0x04191a20, 0x4c030005, 0x220c8207, 0x5e01124b, 
	0x924409f3, 0x1c1e251d, 0x23172316, 0x44095042, 0x91441c92, 0x4e70200b, 0x66221423, 0xd9515b40, 0x26083006, 0x6303580a, 0x15171616, 0x15312a12, 
	0x82141716, 0x41952006, 0x832e0e8f, 0x1302c802, 0x0300d003, 0x18000a00, 0x8f441540, 0x0000230c, 0x7f447600, 0x07234408, 0x4527a524, 0x94523e50, 
	0x0e362406, 0x52d9178c, 0x0220078f, 0x88067353, 0x0c7f444b, 0x17204b8c, 0x2406c343, 0x474f6ea7, 0x234b8706, 0x648c1783, 0x022b4b8c, 0x00ce0301, 
	0x0021001a, 0x443d4040, 0x1f26056f, 0x041c1d1e, 0x4f444901, 0x00012320, 0x20422021, 0x194c4407, 0x34352623, 0x44898736, 0x0e29084d, 0x0e0c1e0c, 
	0x320d0c0b, 0x4297865c, 0xee201612, 0x2e0afb53, 0x01c80281, 0x00d003d5, 0x001c0015, 0x4249404c, 0x0220070f, 0x44090842, 0xfe415456, 0x22ed2615, 
	0x22844a84, 0x0ff74187, 0x6b189b26, 0x004a186b, 0x2e080082, 0xff290001, 0x02a10192, 0x0024001c, 0x0947404a, 0x21010301, 0x02040220, 0x05020123, 
	0x004c0304, 0x00030001, 0x00800301, 0x03040302, 0x82800402, 0x02033531, 0x00690300, 0x04050504, 0x04040059, 0x01065f05, 0x4f050405, 0x242c1882, 
	0x13252400, 0x071a1124, 0x172b1b06, 0x14117918, 0xf3182220, 0x07210a9b, 0x10791815, 0x232d2e0e, 0x3d51263c, 0x1b193726, 0x676e5e32, 0x10791804, 
	0x272c2b0f, 0x5651394c, 0x5b17201c, 0x6c82670b, 0x3400013c, 0x40028cff, 0x3200bf02, 0x12407e00, 0x03021214, 0x02152601, 0x2f310304, 0xb9830301, 
	0x0cb04b26, 0x27405850, 0x2905245e, 0x02070870, 0x06050506, 0xcf820071, 0x03010423, 0x21bf896a, 0xbe820061, 0x401b5129, 0x00010225, 0x84850001, 
	0x86062128, 0x59222797, 0x7c821040, 0x3200322c, 0x28263611, 0x09193112, 0x79181d06, 0x26211902, 0x20f08523, 0x08791816, 0xf9781810, 0x04183808, 
	0x181d1b04, 0x1e291a2c, 0x131e2d07, 0x5f4b1d3e, 0x3d653b2d, 0x182c303c, 0x180cfd78, 0x3212ee78, 0x6d420d0d, 0x3d765540, 0x7e05601b, 0x6f6b1a12, 
	0x827e0a05, 0xff363cb3, 0x02b9018c, 0x003000bf, 0x1a10408d, 0x03050215, 0x04010104, 0x0002032d, 0x414c0301, 0x2d260511, 0x03030200, 0xba787002, 
	0x00062508, 0x00710600, 0x2005b978, 0x0a024f6a, 0x82010721, 0x1b51230c, 0xbd4d2b40, 0x05042b05, 0x01040501, 0x00060080, 0x2d988606, 0x15405937, 
	0x2e2f0001, 0x1b1c1f21, 0x16171819, 0x30000709, 0x06083001, 0x71081916, 0x35372612, 0x17161533, 0x08aa7717, 0x041e3f08, 0x07061415, 0xe2352315, 
	0x051d5e2c, 0x40321c2b, 0x432b3d33, 0x602b434b, 0x324e2e4d, 0x101c2b08, 0x3e331a28, 0x434c432b, 0x2e4a5c2b, 0x81111609, 0x2f215b05, 0x232e242b, 
	0x2f3f2b21, 0x77185741, 0x0b3007ec, 0x242a320a, 0x2a212431, 0x583e2d3d, 0x006b6f0c, 0x21080082, 0xff330001, 0x023b028c, 0x003300bf, 0x1514408b, 
	0x0203020d, 0x03050116, 0x04022631, 0x06010505, 0x1b410404, 0x01260808, 0x70010202, 0x04030500, 0x80040503, 0x06060000, 0x02007100, 0x02050300, 
	0x04006a03, 0x59040606, 0x06040400, 0x33820761, 0x1b510629, 0x01002b40, 0x8a850102, 0x8600212e, 0x59222d98, 0x8a820f40, 0x3300332f, 0x31272616, 
	0x0608131a, 0x22052b1c, 0x25f08223, 0x3435022e, 0x7d183636, 0x38420e00, 0x18188208, 0x240b0274, 0x02027701, 0xfa73182f, 0x614d2511, 0x41683d2e, 
	0x0afc7318, 0x186b0921, 0x2511f473, 0x56416c42, 0x73183c76, 0x00210df8, 0xaf6f1801, 0x4bef360a, 0x58500bb0, 0x17270e40, 0x02040b16, 0x020e2f03, 
	0x4c020809, 0x0537421b, 0x0a20158a, 0x268f1583, 0x85595921, 0x042a2c3d, 0x03020301, 0x09010a85, 0x18860908, 0x27083078, 0x00010768, 0x57000808, 
	0x00290682, 0x0b0c5f08, 0x08000802, 0x2059864f, 0x18318530, 0x2307a46a, 0x84090900, 0x4020379e, 0x592364aa, 0x41164059, 0x2e290578, 0x1125262d, 
	0x17151111, 0x28058216, 0x2b1f060d, 0x35333537, 0x78038223, 0x01210594, 0x24078535, 0x06060717, 0x30701815, 0x1701210b, 0x23059b78, 0x36363727, 
	0x09227018, 0x033e0124, 0x70184402, 0xfe220b22, 0x701801a5, 0x70180823, 0xfe250916, 0x4c58cd57, 0x18701804, 0xd401250d, 0x054c5af1, 0x05221383, 
	0x9b82584b, 0x00013f08, 0x03fdff07, 0x004b02a8, 0x40590029, 0x14162656, 0x0c0e1013, 0x0209080b, 0x020d1503, 0x4c02090a, 0x03020405, 0x0b850302, 
	0x0a090a01, 0x02010686, 0x00010107, 0x08670102, 0x09090001, 0x06825700, 0x5f090029, 0x09020c0d, 0x824f0900, 0x0029324f, 0x25272829, 0x11222324, 
	0x17161311, 0x11111113, 0x20ed850e, 0x27ed8227, 0x33372727, 0x13130717, 0x6a180788, 0x03230d8f, 0x18272303, 0x290a796a, 0x31168599, 0x3d03cb02, 
	0x6a189596, 0x9d230c77, 0x184c2ba1, 0x24085e6a, 0x630162fe, 0x24cd823a, 0x0164fe0d, 0x2a07829b, 0x4a2db20e, 0x9801c42d, 0x82c468fe, 0x0d00298c, 
	0x0300a200, 0x09040100, 0xb2200c82, 0x0b850382, 0x16000124, 0x1786b200, 0x0e000224, 0x0b86c800, 0x3a000324, 0x0b86d600, 0x26000424, 0x0b861001, 
	0x46000524, 0x0b863601, 0x24000624, 0x0b867c01, 0x28000824, 0x0b86a001, 0x22000923, 0x24478701, 0x0144000b, 0x241786ea, 0x0244000c, 0x240b862e, 
	0x0222010d, 0x080b8672, 0x36000e20, 0x43009403, 0x70006f00, 0x72007900, 0x67006900, 0x74006800, 0x32002000, 0x31003000, 0x09823800, 0x11825420, 
	0x07826520, 0x1f844320, 0x73006d22, 0x6e202d82, 0x50200f82, 0x6f200f82, 0x6a240788, 0x63006500, 0x41223984, 0x07827500, 0x25826820, 0x2b827220, 
	0x28002022, 0x74205184, 0x73246182, 0x2f003a00, 0x67200182, 0x74206782, 0x75241582, 0x2e006200, 0x6f223582, 0x15826d00, 0x57844620, 0x61201783, 
	0x73204182, 0x6e204f82, 0x758d1582, 0x29207385, 0x7220b182, 0x8b8f4382, 0x33825220, 0x3b826720, 0x61006c24, 0xbd827200, 0xc3822e20, 0x33003025, 
	0x83003b00, 0x8248205b, 0x8e3b2015, 0x214f8539, 0x398d002d, 0x2021738d, 0x20258500, 0x20258e20, 0x836d8256, 0x846920e1, 0x8c2020b7, 0x0020226f, 
	0x20018274, 0x20718266, 0x20078275, 0x22eb826f, 0x826e0069, 0x00202409, 0x84760028, 0x82382029, 0x003321f9, 0x8f95c98f, 0xcf844220, 0x41826f20, 
	0x3d822020, 0x2d410785, 0x824a2013, 0x00632427, 0x82750071, 0x00732499, 0x824c0020, 0x00202107, 0x69223d83, 0x01826c00, 0x89417920, 0x05874108, 
	0x83007721, 0x002e2201, 0x205f8862, 0x20cb8476, 0x12894166, 0x2009a741, 0x20db8468, 0x06cb4170, 0x542043b5, 0x69218982, 0x87a38300, 0x002022c7, 
	0x20758253, 0x205b8266, 0x208d8477, 0x85bf8265, 0x006c2421, 0x82630069, 0x826e20c9, 0x0065222f, 0x22178264, 0x826e0075, 0x00652207, 0x200b8272, 
	0x069d4274, 0x49005322, 0x2024ef82, 0x70004f00, 0x20212b84, 0x20598900, 0x20418c4c, 0x4135822c, 0x312213bb, 0xed422e00, 0x20779306, 0x83438220, 
	0x006122af, 0x229f8276, 0x826c0069, 0x82622005, 0x20a78305, 0x06cf4277, 0x13822020, 0x41227783, 0x49825100, 0xcb826120, 0x07823a20, 0x42072f41, 
	0x732007fd, 0x7224cd82, 0x70006900, 0x73201f82, 0x73207382, 0x6c200b82, 0x6f200782, 0x6722cf82, 0xc1822f00, 0xc9824620, 0x022135b5, 0x23008400, 
	0x32009cff, 0x048e0884, 0x82400321, 0x248b0e10, 0x0201c900, 0x04010301, 0x06010501, 0xc7000701, 0x09010801, 0x0b010a01, 0x0d010c01, 0x0e016200, 
	0xad000f01, 0x11011001, 0x13011201, 0x14016300, 0x9000ae00, 0x25001501, 0xfd002600, 0x6400ff00, 0x17011601, 0x27001801, 0xe9001901, 0x1b011a01, 
	0x1d011c01, 0x28001e01, 0x1f016500, 0x21012001, 0x2201c800, 0x24012301, 0x26012501, 0xca002701, 0x29012801, 0x2a01cb00, 0x2c012b01, 0x2e012d01, 
	0x30012f01, 0x2a002900, 0x3101f800, 0x33013201, 0x35013401, 0x36012b00, 0x38013701, 0x2c003901, 0xcc003a01, 0x3c013b01, 0x3d01cd00, 0x3e01ce00, 
	0x3f01fa00, 0x4001cf00, 0x42014101, 0x44014301, 0x45012d00, 0x46012e00, 0x47012f00, 0x49014801, 0x4b014a01, 0x4d014c01, 0xe2004e01, 0x4f013000, 
	0x50013100, 0x52015101, 0x54015301, 0x56015501, 0x58015701, 0x32006600, 0x5901d000, 0x5a01d100, 0x5c015b01, 0x5e015d01, 0x67005f01, 0x61016001, 
	0xd3006201, 0x64016301, 0x66016501, 0x68016701, 0x6a016901, 0x6c016b01, 0x6e016d01, 0x91006f01, 0xaf007001, 0x72017101, 0xb0007301, 0xed003300, 
	0x35003400, 0x75017401, 0x77017601, 0x79017801, 0x36007a01, 0x7c017b01, 0x7d01e400, 0x7e01fb00, 0x80017f01, 0x82018101, 0x84018301, 0x85013700, 
	0x87018601, 0x89018801, 0x38008a01, 0x8b01d400, 0x8c01d500, 0x8d016800, 0x8e01d600, 0x90018f01, 0x92019101, 0x94019301, 0x96019501, 0x98019701, 
	0x9a019901, 0x9c019b01, 0x3a003900, 0x9e019d01, 0xa0019f01, 0x3c003b00, 0xa101eb00, 0xa201bb00, 0xa401a301, 0xa601a501, 0x3d00a701, 0xe600a801, 
	0xaa01a901, 0x4400ab01, 0xac016900, 0xae01ad01, 0xb001af01, 0x6b00b101, 0xb301b201, 0xb501b401, 0xb701b601, 0xb8016c00, 0x6a00b901, 0xbb01ba01, 
	0xbd01bc01, 0xbe016e00, 0xa0006d00, 0x4500bf01, 0xfe004600, 0x6f000001, 0xc101c001, 0x4700c201, 0xc301ea00, 0xc4010101, 0xc601c501, 0x70004800, 
	0xc801c701, 0x7200c901, 0xcb01ca01, 0xcd01cc01, 0xcf01ce01, 0xd0017300, 0x7100d101, 0xd301d201, 0xd501d401, 0xd701d601, 0xd901d801, 0x4a004900, 
	0xda01f900, 0xdc01db01, 0xde01dd01, 0xdf014b00, 0xe101e001, 0x4c00e201, 0x7400d700, 0x7600e301, 0x7700e401, 0xe601e501, 0x7500e701, 0xe901e801, 
	0xeb01ea01, 0xed01ec01, 0xee014d00, 0x4e00ef01, 0xf101f001, 0xf2014f00, 0xf401f301, 0xf601f501, 0xf801f701, 0x5000e300, 0x5100f901, 0xfb01fa01, 
	0xfd01fc01, 0xff01fe01, 0x01020002, 0x78000202, 0x79005200, 0x7b000302, 0x05020402, 0x07020602, 0x09020802, 0x0a027c00, 0x0c020b02, 0x0d027a00, 
	0x0f020e02, 0x11021002, 0x13021202, 0x15021402, 0x17021602, 0x19021802, 0x1a02a100, 0x1b027d00, 0x1d021c02, 0x5300b100, 0x5400ee00, 0x1e025500, 
	0x20021f02, 0x22022102, 0x24022302, 0x25025600, 0xe5002602, 0xfc002702, 0x29022802, 0x2b022a02, 0x89002c02, 0x2d025700, 0x2f022e02, 0x31023002, 
	0x33023202, 0x7e005800, 0x80003402, 0x81003502, 0x7f003602, 0x38023702, 0x3a023902, 0x3c023b02, 0x3e023d02, 0x40023f02, 0x42024102, 0x44024302, 
	0x59004502, 0x46025a00, 0x48024702, 0x5b004902, 0xec005c00, 0xba004a02, 0x4c024b02, 0x4e024d02, 0x50024f02, 0x51025d00, 0x5202e700, 0x54025302, 
	0x56025502, 0x58025702, 0x5a025902, 0x5c025b02, 0xc100c000, 0x5e025d02, 0x9e009d00, 0x60025f02, 0x62026102, 0x13009b00, 0x15001400, 0x17001600, 
	0x19001800, 0x1b001a00, 0x63021c00, 0x65026402, 0x67026602, 0x69026802, 0x6b026a02, 0x6d026c02, 0x6f026e02, 0x71027002, 0x73027202, 0x75027402, 
	0x77027602, 0x79027802, 0x7b027a02, 0x7d027c02, 0x7f027e02, 0x81028002, 0x83028202, 0x85028402, 0x87028602, 0x89028802, 0x8b028a02, 0x8d028c02, 
	0x8f028e02, 0x91029002, 0x93029202, 0x95029402, 0x97029602, 0x99029802, 0x9b029a02, 0x9d029c02, 0x9f029e02, 0xa102a002, 0xa302a202, 0xa502a402, 
	0xa702a602, 0xbc00a802, 0xf500f400, 0x1100f600, 0x1d000f00, 0xab001e00, 0xa3000400, 0xa2002200, 0x8700c300, 0x06000d00, 0x3f001200, 0xaa02a902, 
	0x0c000b00, 0x60005e00, 0x40003e00, 0xab021000, 0xb300b200, 0xad02ac02, 0x4200ae02, 0xc500c400, 0xb500b400, 0xb700b600, 0xaa00a900, 0xbf00be00, 
	0x0a000500, 0xb002af02, 0xb202b102, 0x0300b302, 0xb502b402, 0xb702b602, 0x8400b802, 0xbd00b902, 0xba020700, 0xa600bb02, 0xbc02f700, 0xbe02bd02, 
	0xc002bf02, 0xc202c102, 0xc402c302, 0x8500c502, 0x9600c602, 0xc802c702, 0x0e00c902, 0xf000ef00, 0x2000b800, 0x21008f00, 0x95001f00, 0x93009400, 
	0x6100a700, 0x4100a400, 0xca029200, 0xcb029c00, 0x9a00cc02, 0xa5009900, 0x9800cd02, 0xc6000800, 0xce02b900, 0xd002cf02, 0x09002300, 0x86008800, 
	0x8a008b00, 0x83008c00, 0xd202d102, 0xe8005f00, 0xd3028200, 0xd402c200, 0xd602d502, 0xd802d702, 0xda02d902, 0xdc02db02, 0xde02dd02, 0xe002df02, 
	0xe202e102, 0xe402e302, 0xe602e502, 0xe802e702, 0xea02e902, 0xec02eb02, 0xee02ed02, 0xf002ef02, 0xf202f102, 0xf402f302, 0xf602f502, 0xf802f702, 
	0xfa02f902, 0xfc02fb02, 0xfe02fd02, 0x0003ff02, 0x02030103, 0x04030303, 0x06030503, 0x08030703, 0xdb008d00, 0xde00e100, 0x8e00d800, 0x4300dc00, 
	0xda00df00, 0xdd00e000, 0x0903d900, 0x0b030a03, 0x0d030c03, 0x0f030e03, 0x11031003, 0x13031203, 0x15031403, 0x17031603, 0x19031803, 0x1b031a03, 
	0x1d031c03, 0x1f031e03, 0x21032003, 0x23032203, 0x25032403, 0x27032603, 0x29032803, 0x2b032a03, 0x2d032c03, 0x2f032e03, 0x31033003, 0x33033203, 
	0x35033403, 0x37033603, 0x39033803, 0x3b033a03, 0x3d033c03, 0x3f033e03, 0x41034003, 0x43034203, 0x45034403, 0x47034603, 0x49034803, 0x72624106, 
	0x07657665, 0x31696e75, 0x85454145, 0x36422107, 0x30200786, 0x32200786, 0x34200786, 0x41200785, 0x43200787, 0x2f860f86, 0x86384121, 0x8341200f, 
	0x32302307, 0x07853030, 0x1f873220, 0x67820f84, 0x1f824f84, 0x4107323e, 0x7263616d, 0x41076e6f, 0x6e6f676f, 0x410a6b65, 0x676e6972, 0x74756361, 
	0x45410765, 0x9a840785, 0x0b383038, 0x72696343, 0x666d7563, 0x0a78656c, 0x746f6443, 0x65636361, 0x6184746e, 0x34433126, 0x61634406, 0x06824882, 
	0x616f7222, 0x31221584, 0x9f863045, 0xd7843020, 0x43313025, 0x84450635, 0x450621ee, 0xad852c84, 0x25863120, 0x25844220, 0x43453122, 0x4320ad86, 
	0x4320ad86, 0x1782ad84, 0xb582f584, 0x450a3422, 0x31227e8c, 0xf8864245, 0xf8874220, 0x45073622, 0xbd84d886, 0x52863120, 0x07343123, 0x85e88545, 
	0x4342237a, 0x89844706, 0x89470b21, 0x23d185dc, 0x470a3232, 0x3226658e, 0x62480430, 0x3a857261, 0x0b413223, 0x28338d48, 0x34324531, 0x064a4902, 
	0x08d14149, 0x4620f182, 0x32214d84, 0x20a08630, 0x84e38732, 0x84d382a8, 0x22d38217, 0x86490741, 0x854920b0, 0x490628a0, 0x646c6974, 0x8d4a0b65, 
	0x31302264, 0x82cb8433, 0x0637295a, 0x7563614c, 0x4c066574, 0x82084c41, 0x0442221d, 0x85b6824c, 0x842a88a3, 0x45312265, 0x21758633, 0x95843234, 
	0x41433124, 0x42854e06, 0x428a4e20, 0x85353421, 0x3434213d, 0x36240786, 0x676e4503, 0x42203186, 0x38221386, 0xe6884f06, 0x44453123, 0x20168530, 
	0x20688644, 0x82608444, 0x20428617, 0x20b38544, 0x05104232, 0x32323022, 0x30238884, 0x85303332, 0x42432037, 0x43270602, 0x684f0545, 0x856e726f, 
	0x84442015, 0x45312225, 0x864d8745, 0x41442025, 0x452f0644, 0x684f0d30, 0x61676e75, 0x6c6d7572, 0x84747561, 0x303224a2, 0x414f0745, 0x35200bfb, 
	0x35203d86, 0x302a6b84, 0x0b414531, 0x616c734f, 0xdd426873, 0x8634200a, 0x84342059, 0x229f8259, 0x84520643, 0x5206211e, 0x200a1841, 0x20c58635, 
	0x22498431, 0x84354531, 0x3230229f, 0x22618731, 0x8a530645, 0x86362054, 0x363623fc, 0xc441530b, 0x3132210e, 0x21062841, 0xea853036, 0x42863620, 
	0x17863620, 0x88853920, 0x46383129, 0x61625404, 0x8a540672, 0x822b8586, 0x227e8476, 0x86364531, 0x453623bc, 0x93415506, 0x861e8208, 0x8745207e, 
	0x05362207, 0x095b4155, 0x68864520, 0x85304621, 0x86452080, 0x8645204c, 0x4545234c, 0x5b41550d, 0x36312311, 0x5b415507, 0x4137230b, 0xae425507, 
	0x55052b05, 0x676e6972, 0x69745506, 0xcd44646c, 0x38372a06, 0x63615706, 0x0b657475, 0x32fe8957, 0x69645709, 0x73657265, 0x57067369, 0x76617267, 
	0x41590b65, 0x31220d1b, 0xfb843845, 0x46453125, 0x84590634, 0x20a18522, 0x067d4146, 0x2a413320, 0x38462306, 0x5e845a06, 0x435a0a21, 0x39230ea7, 
	0x84491032, 0x4a5f2b19, 0x636f6c2e, 0x444c4e6c, 0x19416106, 0x45312308, 0x51854641, 0x86374221, 0x86312007, 0x86332007, 0x06004307, 0x07874120, 
	0x17854420, 0x2f864120, 0x86394121, 0x4242200f, 0x31200671, 0x32200785, 0x0f841f87, 0x4f846782, 0x30323025, 0x41610733, 0x61200635, 0x21052d41, 
	0x6645610a, 0x65612109, 0x230a3342, 0x630b3930, 0x21090f41, 0xd988630a, 0x42640621, 0x31220801, 0x90863045, 0xc8843020, 0x43313025, 0x45650636, 
	0x65200557, 0x3120258a, 0x42202586, 0x31222584, 0x9e864345, 0x9e864320, 0x9e844320, 0xe6841782, 0x3522a682, 0x4941650a, 0x8642200e, 0x874220e9, 
	0x073722e9, 0x0c574565, 0x31235286, 0x45650735, 0x7a840c57, 0x35323025, 0x45670639, 0x6720055f, 0x250de541, 0x33323130, 0x6d8e670a, 0x04313223, 
	0x095f4568, 0x680b4222, 0x3125338d, 0x06353245, 0x08c74169, 0x9d86b082, 0x0946322b, 0x6f6c2e69, 0x52546c63, 0x0599414b, 0xaf844320, 0x2184da82, 
	0x42252982, 0x076a6902, 0x20ba8669, 0x21aa8569, 0xac426906, 0x32302508, 0x6a0b3733, 0x30396e8d, 0x0c373331, 0x6572676b, 0x616c6e65, 0x6369646e, 
	0x63616c06, 0x06657475, 0x0863416c, 0x43222282, 0x6e456c04, 0x83372009, 0x3130227d, 0x22758443, 0x86334531, 0x33342385, 0x3a846e06, 0x616e0b2d, 
	0x74736f70, 0x68706f72, 0x8a6e0665, 0x36342146, 0x7a45b785, 0x03372208, 0x08724565, 0x23069143, 0x6f063934, 0x3123fc88, 0x85314445, 0x86442032, 
	0x4144206c, 0x442106cd, 0x85178635, 0x3032218c, 0x20068a41, 0x828c8432, 0x853120e8, 0x8443201f, 0x45312517, 0x6f054643, 0x20091644, 0x22258444, 
	0x87454531, 0x2025864d, 0x06434244, 0x0d314523, 0x1116446f, 0x07463023, 0x0c72456f, 0x35203d86, 0x30256b84, 0x0b424531, 0x1072456f, 0x34205986, 
	0x302c5984, 0x06443232, 0x75636172, 0x72066574, 0x200a1841, 0x20c58635, 0x22498431, 0x84354531, 0x3230229f, 0x22618731, 0x43730646, 0x36210a3e, 
	0x23dc8535, 0x730b3736, 0x210ecd41, 0x28413132, 0x31362106, 0x42862386, 0x04393628, 0x72616274, 0x768a7406, 0x1b843620, 0x6e846682, 0x39453122, 
	0x31228684, 0xb4863645, 0x06463623, 0x088b4175, 0x76862682, 0x07874520, 0x75053722, 0x20095341, 0x21788645, 0x78853146, 0x54864520, 0x4c864520, 
	0x0d464523, 0x11534175, 0x07373123, 0x0c6a4575, 0xb7423582, 0x75052705, 0x676e6972, 0xbd427506, 0x45312c08, 0x77063937, 0x74756361, 0x89770b65, 
	0x770921f6, 0x27086a45, 0x61726777, 0x790b6576, 0x230d1341, 0x46384531, 0x46239285, 0x45790635, 0xee840b6a, 0x33323023, 0x221e8633, 0x457a0639, 
	0x7a20056a, 0x2b0eb243, 0x6a053339, 0x746c612e, 0x696e750b, 0x37202f82, 0x0f200b83, 0x30260b83, 0x33304136, 0x0f833130, 0x84691021, 0x6a5f233b, 
	0x8c456c2e, 0x54032805, 0x6603685f, 0x8204695f, 0x826a2003, 0x22038308, 0x45490b6c, 0x0b2109ad, 0x832c8969, 0x33302981, 0x53053439, 0x616d6769, 
	0x80450d85, 0x33303005, 0x7a084342, 0x2e6f7265, 0x0766736f, 0x84656e6f, 0x77742107, 0x09240f84, 0x65726874, 0x08241184, 0x72756f66, 0x08231a83, 
	0x84766966, 0x73072311, 0x10837869, 0x65730925, 0x846e6576, 0x69652409, 0x84746867, 0x696e2124, 0x59844886, 0x06667422, 0x06825883, 0x74225783, 
	0x56850866, 0x07667422, 0x07835584, 0x1f825483, 0x1f825383, 0x08825285, 0x20825185, 0x74225084, 0x4f850966, 0x0820aa82, 0x08835184, 0x08825384, 
	0x55860a20, 0x09200a82, 0x09845785, 0x09825984, 0x5b840820, 0x0a200882, 0x0a835d86, 0x0a825f86, 0x61850920, 0x07270982, 0x32696e75, 0x86303830, 
	0x86312007, 0x86322007, 0x86332007, 0x86342007, 0x86352007, 0x86362007, 0x86372007, 0x86382007, 0x85392007, 0x6e6423b3, 0xb3846d6f, 0xb3830884, 
	0xb3860883, 0xb3850a83, 0xb3830985, 0xb3832784, 0xb3852784, 0xb3850a84, 0xb3842884, 0x7a280984, 0x2e6f7265, 0x726d756e, 0x08846384, 0x08836383, 
	0x0a836386, 0x09856385, 0x27846383, 0x27846383, 0x0a846385, 0x28846385, 0x09836384, 0x3721cf85, 0x21078330, 0xd4463030, 0x20078205, 0x410f8632, 
	0x37200617, 0x20061741, 0x06174137, 0x17413720, 0x41372006, 0x37200617, 0x3e061741, 0x701b3937, 0x6f697265, 0x6e656364, 0x65726574, 0x6f6c2e64, 
	0x41436c63, 0x61632e54, 0x95166573, 0x266a851b, 0x660a4441, 0x82756769, 0x73612233, 0x20958568, 0x4a6d8631, 0x32210554, 0x05984937, 0x39200782, 
	0x30201f85, 0x30217d86, 0x840f8641, 0x30302385, 0x0f863041, 0x42232787, 0x85524302, 0x35423912, 0x6c6f630d, 0x6f6d6e6f, 0x6174656e, 0x64047972, 
	0x04676e6f, 0x6f727545, 0xf8841f86, 0x41303228, 0x696c0444, 0x14866172, 0x42215f86, 0x250f8543, 0x70063641, 0x3f827365, 0x42210e85, 0x20078631, 
	0x86078644, 0x058a4376, 0x5d453220, 0x30322106, 0x82056d4b, 0x0835260f, 0x74706d65, 0x84418279, 0x4e312030, 0x32230583, 0x83363032, 0x3030220f, 
	0x20f78542, 0x05964536, 0x36373222, 0x4631e784, 0x06464638, 0x756e696d, 0x73066574, 0x6e6f6365, 0x453d8564, 0x322c05ef, 0x09363131, 0x69747365, 
	0x6574616d, 0x30211984, 0x82af8532, 0x84422007, 0x42322157, 0x3021c784, 0x05844732, 0x17870782, 0x2782b084, 0x27864620, 0x07854520, 0x2f874320, 
	0x2f82f784, 0x27055f41, 0x0b383033, 0x30696e75, 0x03820782, 0x0b8a3120, 0x37843420, 0x37303322, 0x37201386, 0x34251f82, 0x61726709, 0x24af8276, 
	0x6109626d, 0x23bc8263, 0x626d6f63, 0x31201f86, 0xdb841f82, 0x42200782, 0x43231386, 0x4c6c612e, 0x332205ae, 0x4f863230, 0x1b874320, 0x2b412f8a, 
	0x30332205, 0x201b8641, 0x251b8241, 0x69740931, 0x6b84646c, 0x33201586, 0x38211582, 0x20158813, 0x83818f5f, 0x20b5871f, 0x20338634, 0x8a338334, 
	0x8a30200b, 0x0d31280b, 0x6b6f6f68, 0x856f6261, 0x419f86d1, 0x33200537, 0x21058947, 0xf44c3330, 0x29078205, 0x6f640c42, 0x6c656274, 0xf483776f, 
	0x32202c85, 0xf4416e86, 0x33302205, 0x06004132, 0x5c413220, 0x05064f06, 0x33333023, 0x212f8531, 0x07863533, 0x3320f086, 0x33202f86, 0x26068441, 
	0x612e3632, 0x410c746c, 0x2e250690, 0x65736163, 0x0a9d4110, 0x3420108f, 0x2e861084, 0x1d8b3720, 0xf6823720, 0x0e201d85, 0x8408b141, 0x410e201f, 
	0x2e8b0834, 0x2e823120, 0x4c863f85, 0x598b4220, 0x0c8b3220, 0x378b4320, 0x378f4320, 0x2a8b3620, 0x2a8b4120, 0x2a824120, 0x10843120, 0xc1410e20, 
	0x201f8b08, 0x201f8233, 0x20108438, 0x12e14118, 0xf98c298f, 0x28410c85, 0x88342006, 0x20108a47, 0x833f8b30, 0x20898521, 0x0cff4112, 0x4620ba8b, 
	0x31200c8a, 0x19412c85, 0x41312005, 0x31200b0c, 0x20052641, 0x0b184211, 0x3220388a, 0x3220a58b, 0x200b1a41, 0x0b6c4132, 0xf6853220, 0x32215f85, 
	0x20408a45, 0x21798b33, 0x198b3533, 0x3320408b, 0x09204085, 0x23052942, 0x0d692e37, 0x43260985, 0x746c612e, 0x1785742e, 0xbd483e82, 0x30332205, 
	0x0ae94336, 0x13430b83, 0x200b8307, 0x061f4339, 0x33200b83, 0x32200b86, 0x0b832f8a, 0x0b832f87, 0x0b832f87, 0x71413320, 0x415f8406, 0x64840b71, 
	0x3920108f, 0x3320108f, 0x7384108b, 0xc641108f, 0x8f7d840c, 0x36438521, 0x4c554e04, 0x6563104c, 0x422e746e, 0x4b434152, 0x372e5445, 0x46193030, 
	0x198b0c2c, 0x6f641226, 0x72616c6c, 0x1327128b, 0x32696e75, 0x91324230, 0x36412113, 0x35221388, 0x27853130, 0x8b394121, 0x00002913, 0x01000100, 
	0x0f00ffff, 0x02220782, 0x0f820e00, 0x84240283, 0x13000200, 0x78201182, 0x7a220382, 0x0582a000, 0xb500a222, 0xb7280582, 0x01001101, 0x2e011301, 
	0x31220582, 0x05824b01, 0x52014d22, 0x54220582, 0x05826501, 0x8d016722, 0x8f220582, 0x0582a201, 0xdc01a422, 0xdf280582, 0x0200df01, 0xe101e101, 
	0xe32e0582, 0x0200e501, 0x7b027b02, 0xbd020100, 0x0582bd02, 0xc902bf22, 0xca2a0582, 0x0300f102, 0x3803ff02, 0x83840300, 0x0c000022, 0x2a208282, 
	0x0d200b82, 0x22086956, 0x82ed02ec, 0x07f35521, 0x22032122, 0x053a9f82, 0xd202ca02, 0xd4020000, 0x0900e502, 0x1a030003, 0x26031b00, 0x36002603, 
	0x4b822903, 0x3f823720, 0x0a000036, 0x8c006200, 0x46440200, 0x0e00544c, 0x6e74616c, 0x3e001200, 0x3a2b5d82, 0x5a410900, 0x3a002045, 0x83544143, 
	0x83522005, 0x414b2205, 0x220b825a, 0x824c4f4d, 0x4c4e2205, 0x22058244, 0x824d4f52, 0x84542005, 0x52542223, 0x250b824b, 0xffff0000, 0x41820300, 
	0x81820120, 0x656b0332, 0x14006e72, 0x6b72616d, 0x6b6d1a00, 0x22006b6d, 0x04821984, 0x21831d82, 0x07820020, 0x0400032e, 0x0c000500, 0xc880ac62, 
	0x5683ae82, 0x08201182, 0x0a260382, 0x01002411, 0x1b821403, 0x85010024, 0x01aaae04, 0x2b858c20, 0x891e0621, 0xb4042d01, 0xe610840f, 0xba06ba06, 
	0xcc04c204, 0xd62f0182, 0xe604e004, 0xf404e610, 0xaa0faa0f, 0x82100205, 0x89038f0b, 0x2309953d, 0x76051405, 0x21950187, 0x101e0629, 0x05e610e0, 
	0x8dc80fcc, 0x20158201, 0x820393e0, 0x06282145, 0x2393018a, 0xec21139a, 0x23018810, 0xce0f3e06, 0x10250191, 0x064806e6, 0x2141864e, 0x018a10da, 
	0x061c0923, 0x21598bb4, 0x0d835806, 0x9a620621, 0x06e0286d, 0x067a0670, 0x828e0684, 0x069c2401, 0x83b410a2, 0xb4062501, 0xc006ba06, 0x1b83359b, 
	0x07420723, 0x9d01874c, 0x1c09212b, 0x2d98018d, 0xda10da24, 0xd1835607, 0x84ac0721, 0x07b62205, 0x410187bc, 0x118d1107, 0x10e61023, 0x200182d4, 
	0x0841827e, 0xcc07c238, 0xe010d607, 0xee07e007, 0x0608fc07, 0xb4101008, 0x24081e08, 0x3c083208, 0x74084608, 0x5008540e, 0x74085e08, 0x88088208, 
	0x1c092c09, 0xac089608, 0xc408b608, 0xa582da08, 0x11822220, 0x03822c20, 0x540e3a22, 0x5e230182, 0x830e740e, 0x10962303, 0x03820ece, 0x82c01021, 
	0x10da2a01, 0x0e9c0ee0, 0x0f840fbe, 0x207382aa, 0x30cb83e0, 0xec10c80f, 0xe010ce0f, 0xda10d40f, 0x8c107e10, 0x820b8210, 0x10da2409, 0x82b410aa, 
	0x82ba201f, 0x2039830f, 0x829f82ce, 0x2c35823d, 0x000200ec, 0x0001003e, 0x0000001a, 0x28018225, 0x0027001a, 0x001b002b, 0x22018242, 0x82440020, 
	0x00212201, 0x3a018252, 0x00540022, 0x00230056, 0x00590058, 0x005e0026, 0x0028005f, 0x00650061, 0x8269002a, 0x002f3401, 0x00790072, 0x007b0030, 
	0x0038009e, 0x00e600a0, 0x82ec005c, 0x00a32201, 0x080182f6, 0x0301a452, 0xa5000301, 0x10010701, 0x1201a600, 0xb0001301, 0x30011801, 0x3f01b200, 
	0xcb004001, 0x44014301, 0x4b01cd00, 0xcf004b01, 0x4d014d01, 0x5101d000, 0xd1005301, 0x56015601, 0x5b01d400, 0xd5005c01, 0x8e016a01, 0x9001d700, 
	0xfc00ab01, 0xba01b501, 0xc32c3f82, 0x1e01c801, 0xd301ca01, 0xe4012401, 0x2e280182, 0xe801e601, 0xea012f01, 0x32220182, 0x0182ed01, 0xf0013328, 
	0x3401f801, 0x0182fa01, 0x013db408, 0x010002fd, 0x0241023e, 0x02420145, 0x014f0248, 0x02520247, 0x024f0154, 0x01590258, 0x025e0252, 0x0254016b, 
	0x01770277, 0x027a0262, 0x0263017b, 0x017e027d, 0x02800265, 0x02670180, 0x01880284, 0x028a0268, 0x026d018b, 0x019e029e, 0x02a0026f, 0x027001a2, 
	0x01a502a4, 0x02a70273, 0x027501a9, 0x01af02ae, 0x02b10278, 0x027a01b1, 0x01b702b4, 0x02ba027b, 0x027f01ba, 0x01bd02bd, 0x033a0380, 0x0381013a, 
	0x013c033c, 0x033e0382, 0x0083013f, 0x00fa0108, 0x00fc0114, 0x00440214, 0x004e021e, 0x0053021a, 0xff550223, 0x005702fb, 0x005f020d, 0x84010009, 
	0x01032605, 0x02fffffa, 0x2617824e, 0x00130053, 0x82480202, 0x00532231, 0x2009841e, 0x8533820a, 0x841e2009, 0x82012009, 0x001f2205, 0x83238203, 
	0x0242220f, 0x87458255, 0x021e3e0d, 0x00fbff5f, 0xfff40104, 0x004c02f6, 0x00630200, 0x00650205, 0x00180005, 0x01000060, 0x208f8209, 0x201d8238, 
	0x20038239, 0x2003823a, 0x2003823b, 0x2003823c, 0x20038251, 0x20038252, 0x20038254, 0x20038255, 0x20038256, 0x20038257, 0x20038258, 0x20038259, 
	0x2003825a, 0x2003825b, 0x2203825c, 0x8408008e, 0x004f2279, 0x20878228, 0x226f8214, 0x82b402f6, 0xce1520a9, 0x83092061, 0x14002159, 0x142e5582, 
	0x80006200, 0x80006300, 0x1d003101, 0x03823201, 0x03823320, 0x03823420, 0x03823520, 0x03823620, 0x03823720, 0x0f004e24, 0x03824f01, 0x03825020, 
	0x3100fa2c, 0x1c00fc01, 0x19004202, 0x03824402, 0xab874e20, 0x00460023, 0x20518202, 0x265b8400, 0xff430105, 0x824401fa, 0x004b2403, 0x824d0105, 
	0xff5f2427, 0x820200f1, 0x020a2609, 0x000a005f, 0x20df8201, 0x220f8207, 0x850400fa, 0x20058209, 0x20398428, 0x22098403, 0x84feff55, 0x01022e0d, 
	0x01140048, 0x00150049, 0x00480202, 0x201b821d, 0x2009840a, 0x22098207, 0x82030000, 0x02092213, 0x22438263, 0x82040065, 0x00482253, 0x830b820b, 
	0xff4c2427, 0x826302ff, 0xff652203, 0x221782ff, 0x840e0071, 0x001e2471, 0x82300120, 0x82a3208f, 0x00a42403, 0x82a50104, 0x82a62003, 0x82a72003, 
	0x82a82003, 0x82a92003, 0x82aa2003, 0x82ab2003, 0x00c32403, 0x82c40109, 0x82c52003, 0x82c62003, 0x82c72003, 0x82c82003, 0x82ca2003, 0x82cb2003, 
	0x82cc2003, 0x82cd2003, 0x82ce2003, 0x82cf2003, 0x82d02003, 0x82d12003, 0x82d22003, 0x82d32003, 0x82de2003, 0x82df2063, 0x82e02003, 0x82e12003, 
	0x82e22003, 0x00e32403, 0x83020005, 0xb50221d7, 0x0987a982, 0x15000a2c, 0x11000901, 0x0b003801, 0x03823901, 0x03823a20, 0x03823b20, 0x03823c20, 
	0x03825120, 0x03825220, 0x03825420, 0x03825520, 0x03825620, 0x03825720, 0x03825820, 0x03825920, 0x03825a20, 0x03825b20, 0x03825c20, 0x11008e28, 
	0x0a004802, 0x07824f02, 0x0a005f22, 0x53226982, 0x6d410000, 0x00b52406, 0x82010017, 0x861e2075, 0xff7d227f, 0x200988f1, 0x820983fb, 0x007d2437, 
	0x82030001, 0x0200282f, 0x02ecff7d, 0x83f6ffa0, 0xf6ff250d, 0xe7ff7b02, 0x2f841183, 0x0982fb20, 0x0984f720, 0x0982f120, 0x09832185, 0xfb202f83, 
	0x7b226182, 0x35840000, 0x13832783, 0x5b826588, 0x31830220, 0x02205784, 0x0a206582, 0x79833f87, 0xfb2a6f84, 0x62000500, 0x63001800, 0x1f861800, 
	0x03205585, 0x7c200d84, 0x7d202382, 0x012c5d82, 0xb0ff5f02, 0x97010300, 0x7d022800, 0xa0280382, 0x05002800, 0x1e004d01, 0xec201782, 0xd622ab82, 
	0xb3827c02, 0x0029c182, 0xfffb0102, 0xff4e02eb, 0x249184d8, 0xff7b028d, 0x227382e2, 0x820500dd, 0x8428204f, 0xff7c220d, 0x2c4382d8, 0x00a0021e, 
	0x00100014, 0x001e0054, 0x20038255, 0x20038256, 0x20038258, 0x20038259, 0x3e03825e, 0x001f005f, 0x01460061, 0x013c003b, 0x01000040, 0x012a0042, 
	0x01150047, 0x011e005b, 0x820f00a9, 0x82322041, 0x00282141, 0xec229983, 0x2b820200, 0x0f820920, 0x20050741, 0x26f386f6, 0x004601fb, 0x82090001, 
	0x0009221d, 0x20078203, 0x20038204, 0x20038205, 0x20038206, 0x20038207, 0x20038208, 0x20038209, 0x2003820a, 0x2003820b, 0x2003820c, 0x2003820d, 
	0x2003820e, 0x2003820f, 0x20038210, 0x20038211, 0x20038212, 0x20038213, 0x20038214, 0x20038215, 0x20038216, 0x20038217, 0x20038218, 0x20038219, 
	0x2003821a, 0x20cd821b, 0x2403821c, 0x00f6ff1e, 0x2003821f, 0x20038220, 0x20038221, 0x20038222, 0x20038223, 0x20038224, 0x20038245, 0x20038246, 
	0x20038247, 0x20038248, 0x20038249, 0x2003824a, 0x2403824b, 0x00500062, 0x20038263, 0x200b827d, 0x2003827e, 0x2003827f, 0x20038280, 0x20038281, 
	0x20038282, 0x20038283, 0x20038284, 0x20038285, 0x20038286, 0x20038287, 0x20038288, 0x20038289, 0x2003828a, 0x2003828b, 0x2003828c, 0x2003828d, 
	0x2003828e, 0x2003828f, 0x20038290, 0x20038291, 0x20038292, 0x20038293, 0x20038294, 0x20038295, 0x20038296, 0x20038297, 0x20038298, 0x20038299, 
	0x2003829a, 0x2003829b, 0x2003829c, 0x2003829d, 0x2003829e, 0x2003829f, 0x240382a2, 0x000a00ab, 0x200382ac, 0x200382ad, 0x200382ae, 0x200382af, 
	0x200382b0, 0x200382b1, 0x200382b2, 0x200382b3, 0x200382b4, 0x200382b5, 0x242f82b7, 0x00f1ffb8, 0x200382b9, 0x200382ba, 0x200382bb, 0x200382bc, 
	0x200382bd, 0x200382be, 0x201f82bf, 0x200382c0, 0x200382c1, 0x200382c2, 0x200382c3, 0x200382c4, 0x200382c5, 0x200382c6, 0x200382c7, 0x200382c8, 
	0x200382c9, 0x200382ca, 0x200382cb, 0x200382cc, 0x200382cd, 0x200382ce, 0x200382cf, 0x200382d0, 0x200382d1, 0x200382d2, 0x200382d3, 0x200382d4, 
	0x240382d5, 0x00ecffd6, 0x200382d7, 0x200382d8, 0x200382d9, 0x200382da, 0x200382db, 0x209782dc, 0x207b82dd, 0x200382de, 0x200382df, 0x200382e0, 
	0x200382e1, 0x200382e2, 0x200382e3, 0x200382e4, 0x280382e5, 0x01f1ffe6, 0x01f6ff0a, 0x2003820b, 0x2003820c, 0x2003820d, 0x2003820e, 0x2003820f, 
	0x20038210, 0x20038211, 0x20038212, 0x20038213, 0x20038214, 0x20038215, 0x20038216, 0x20038217, 0x20038218, 0x20038219, 0x2003821a, 0x2003821b, 
	0x2003821c, 0x2003821d, 0x2003821e, 0x2003821f, 0x20038220, 0x20038221, 0x20038222, 0x20038223, 0x20038224, 0x20038225, 0x20038226, 0x20038227, 
	0x20038228, 0x20038229, 0x2003822a, 0x2003822b, 0x2003822c, 0x2003822d, 0x2003822e, 0x2003822f, 0x2003826a, 0x2003826b, 0x2003826c, 0x2003826d, 
	0x2003826e, 0x2003826f, 0x20038270, 0x20038271, 0x20038272, 0x20038273, 0x20038274, 0x20038275, 0x20038276, 0x20038277, 0x20038278, 0x20038279, 
	0x2003827a, 0x2003827b, 0x2003827c, 0x2003827d, 0x2003827e, 0x2003827f, 0x20038280, 0x20038281, 0x20038282, 0x20038283, 0x20038284, 0x20038285, 
	0x20038286, 0x20038287, 0x20038288, 0x20038289, 0x2003828a, 0x2003828b, 0x2003828c, 0x2003828f, 0x200382a4, 0x200382a5, 0x200382a6, 0x200382a7, 
	0x200382a8, 0x200382a9, 0x200382aa, 0x200382ab, 0x200382ac, 0x200382ad, 0x200382ae, 0x200382af, 0x200382b0, 0x200382b1, 0x200382b2, 0x200382b3, 
	0x200382b4, 0x200382b5, 0x200382b6, 0x200382b7, 0x200382b8, 0x200382b9, 0x200382ba, 0x200382bb, 0x200382bc, 0x200382bd, 0x200382be, 0x200382bf, 
	0x200382c0, 0x200382c1, 0x240382c2, 0x01f1ffc3, 0x200382c4, 0x200382c5, 0x200382c6, 0x200382c7, 0x200382c8, 0x200382ca, 0x200382cb, 0x200382cc, 
	0x200382cd, 0x200382ce, 0x200382cf, 0x200382d0, 0x200382d1, 0x200382d2, 0x200382d3, 0x280382dd, 0x011400e8, 0x010a00ea, 0x204f82eb, 0x200382ed, 
	0x240b82ef, 0x01ecfff1, 0x200b82f3, 0x240382f4, 0x01fbfff5, 0x202782f7, 0x202782fb, 0x2c0782fd, 0x02ecfffe, 0x02f6ff00, 0x020a0041, 0x20038242, 
	0x20038243, 0x20038244, 0x20038245, 0x2017824a, 0x201f824b, 0x2803824c, 0x0228004e, 0x028dff4f, 0x200b8252, 0x20178258, 0x20038259, 0x2403825e, 
	0x02d4ff5f, 0x202b8260, 0x20038261, 0x201b8262, 0x20038263, 0x20038264, 0x24038265, 0x02e2ff66, 0x20038268, 0x2003826a, 0x2003826b, 0x202f8276, 
	0x20038277, 0x20038278, 0x202f827a, 0x2013827c, 0x200b827f, 0x242b828a, 0x02f1ff8b, 0x200b829e, 0x241782a1, 0x021400a2, 0x201b82a5, 0x200f82a6, 
	0x201b82a8, 0x200382a9, 0x200f82b0, 0x200382b4, 0x200382b5, 0x200382b6, 0x280382b7, 0x03e2ffba, 0x03f6ff3a, 0x2403823b, 0x030a003c, 0x2a07823d, 
	0x00ecff3f, 0x005f0202, 0x827c020f, 0x00053609, 0x01280061, 0x01330042, 0x02150047, 0x02d8ff5f, 0x0000007b, 0x26118208, 0x0043012a, 0x82440105, 
	0x004d2203, 0x2219820b, 0x827b02d9, 0xff7c2865, 0xff7d02eb, 0x820100e1, 0x82ec2005, 0x00ee2427, 0x82f4010a, 0x00f82423, 0x82fa0100, 0xfffb2203, 
	0x225b82ff, 0x8263021e, 0x00652e4d, 0x01310015, 0x01e7ffe8, 0x01f6ffed, 0x220382f0, 0x41e8fff1, 0x31820567, 0x0f82f520, 0xe2fff72c, 0xf1fff801, 
	0xecfff901, 0x0b82fa01, 0xc4fffb24, 0x2f82fc01, 0x22057741, 0x82ff01d8, 0x820020f3, 0x824120c7, 0x82422079, 0x82432003, 0x82442003, 0x82452003, 
	0x00483803, 0xff4a0228, 0x004c02e7, 0xff4e020a, 0x004f02ba, 0x00530232, 0x8258021e, 0x82592013, 0x825e2003, 0x825f2003, 0x82602027, 0x82612003, 
	0x00622203, 0x22958214, 0x82640214, 0x82652007, 0x82662003, 0xff672457, 0x826802f6, 0x82692007, 0x826a2007, 0x826b203b, 0x82a22003, 0xffae2437, 
	0x82af02dd, 0x82b62013, 0x00b7260f, 0x0109001e, 0x24e78241, 0x01110042, 0x20078243, 0x36038244, 0x01140049, 0x0115004b, 0x011e004d, 0x02050050, 
	0x00fbff5f, 0x82420107, 0x8243200d, 0x82442003, 0x00492203, 0x20218210, 0x2621821a, 0x005f022d, 0x82010014, 0x831e2005, 0xf1ff2505, 0xe8012a00, 
	0xed28f582, 0xee01f6ff, 0xef010000, 0xf0200782, 0xf1240f82, 0xf201ecff, 0xf3200b82, 0xf4240782, 0xf5010100, 0xf6201b82, 0xf7200782, 0xf8201b82, 
	0x25411382, 0x01e72605, 0x01cefffb, 0x202782fc, 0x221382fd, 0x41e2fffe, 0xf1220625, 0xb9824102, 0x03824220, 0xbd824320, 0x03824420, 0x0b824520, 
	0x0a004824, 0xe1824a02, 0x03824c20, 0x26052141, 0x00550228, 0x82580200, 0x8259200f, 0x825e2003, 0x82602003, 0x82612027, 0xff662403, 0x826702ec, 
	0x82682037, 0x82692007, 0x82a22007, 0x820320a9, 0x471420b5, 0x002305df, 0x4307000a, 0x45200805, 0xd5425782, 0xff662a07, 0xff6802f6, 0x020200f6, 
	0x2039825f, 0x2035827d, 0x22f18801, 0x82030015, 0x02e22615, 0x02ebff7b, 0x2023827d, 0x200d8301, 0x20058300, 0x820583ce, 0x820b8353, 0x281782e5, 
	0x010b00fb, 0x01040040, 0x24038241, 0x01190042, 0x20038243, 0x24038244, 0x01f2ff47, 0x2a078249, 0x0123004b, 0x0122004d, 0x82040050, 0x00ec312d, 
	0x00124902, 0x49000004, 0x00fa4da0, 0x00590069, 0xff21008a, 0x200d8cfb, 0x230d83e2, 0xf6fff1ff, 0xff211783, 0x228782e7, 0x83050000, 0x847f8213, 
	0x23048b06, 0xe7fffbff, 0xff250f83, 0xff0000fe, 0x822b83f6, 0x83d82005, 0x200f8211, 0x850785ec, 0x85478405, 0x2005880a, 0x886b84ff, 0x2008890e, 
	0x20578205, 0x210e85f6, 0x0b82f1ff, 0xa38df220, 0x73821986, 0x678c0985, 0x0d84f120, 0x05840f20, 0xe6ff0a22, 0x7b940783, 0x5782f420, 0xff21e584, 
	0x218787ec, 0x2d83ddff, 0x35830387, 0xff217787, 0x211585fc, 0x0783f2ff, 0x07831983, 0x0b860383, 0x82000a21, 0x820382ff, 0x051141d1, 0x038f1b83, 
	0xb195ff20, 0x82057f41, 0x212f8241, 0xbf84ff0a, 0xf58d5585, 0xfff4ff23, 0x25ab82f0, 0xfff6fffb, 0x5b41ffe7, 0x946b8d06, 0x83f120b1, 0x82b18945, 
	0x206f85f5, 0x20ad8205, 0x820382f6, 0x824d8749, 0x8d028e7f, 0x201c8e81, 0x41598500, 0x1b8f0563, 0xff210f85, 0x226f82f6, 0x87f1fff1, 0xe2ff23b1, 
	0x1985cdff, 0xff200589, 0x93828183, 0x410da541, 0xf1200c63, 0x00212d89, 0x822f8400, 0x411389b9, 0xf92008a5, 0xea206d82, 0xff231785, 0x82f9fff1, 
	0x8239822b, 0x82f42083, 0x91f58409, 0x821189cf, 0xfffb223b, 0x847785ef, 0x83dd2063, 0xecff2149, 0x1383978d, 0xff210385, 0x837788f1, 0x85918ce5, 
	0x89058f21, 0x21398a49, 0xb182fff6, 0xff210f83, 0x231f83d8, 0xddffedff, 0x05201d84, 0xfb208f84, 0xe2211984, 0x075343ff, 0xc984cf83, 0x00140023, 
	0x20218401, 0x20a584e5, 0x20e582e2, 0x05c742f1, 0xffd3ff23, 0x871383d3, 0x82418403, 0x00002137, 0x8208fb41, 0x0961431a, 0xbb821782, 0x82caff21, 
	0x00dd2107, 0x1c827582, 0x49820020, 0xdeff0a26, 0xddff0000, 0x831bdd41, 0x44039529, 0x1b83050b, 0x8b117141, 0x08c74215, 0x84103d41, 0x0c9944b5, 
	0x038b3783, 0x83094d41, 0x43498315, 0x0d83053b, 0x894103d9, 0xa961d907, 0x0d014159, 0xdd433797, 0xb5319719, 0x15dd4417, 0xff234b8b, 0x8be1fff6, 
	0x850b8f0f, 0x442582cf, 0x2d8314dd, 0x42071542, 0x21841555, 0x8a112b44, 0xf4ff2111, 0xf4202384, 0x85061d44, 0xffea250d, 0x00f9fffb, 0x2205cd44, 
	0x82f9ffea, 0x82fb207f, 0x08dd4303, 0xf6203184, 0x20060f47, 0x202b82fb, 0x06a943f6, 0xecffef22, 0x05828f84, 0x00c9ff25, 0x42f6ff00, 0xa5850f7f, 
	0xfb206b82, 0xff211989, 0x832983d8, 0x20078253, 0x200785f7, 0x827b8200, 0x08f14625, 0x71820f84, 0xff201d83, 0x02202383, 0x00259f83, 0x00000002, 
	0x82138409, 0x040023ad, 0x0b870700, 0x2105b746, 0x2184f6ff, 0xad471420, 0xff002306, 0xd38400e2, 0x09822583, 0x0382f120, 0xc584f420, 0x82ff0a21, 
	0xc4ff218f, 0x058d1785, 0x00224382, 0x1f821400, 0xca22b18b, 0x2d44e2ff, 0xf7ff2107, 0xfb220982, 0x35830f00, 0xff224b83, 0xf78300fb, 0x0500f722, 
	0x41176542, 0x7f850571, 0x87452b84, 0x0557480b, 0x03904c83, 0x00218984, 0x83b182ff, 0x850d831a, 0x19f94161, 0x03852783, 0x1d858b97, 0xa9470020, 
	0x44b98505, 0x2f871c61, 0x77850783, 0x41850585, 0xb744cd84, 0x0b654510, 0xa008dd44, 0x13ef4765, 0x09837589, 0x11830d91, 0xff2103cd, 0x1f3941fb, 
	0xc5416fc7, 0x42159315, 0x198d0579, 0xfb251382, 0x0000f6ff, 0x490582ff, 0x09820501, 0x440c4b4a, 0xb3410b27, 0x46fb2008, 0x19841953, 0xa542ec20, 
	0x2be58507, 0xe2ffbbff, 0xc2ffe0ff, 0xd4ffd3ff, 0xd6205f82, 0xff211d83, 0x220582bb, 0x83efffd9, 0xb6ff2d75, 0xe8ffd1ff, 0xe6fffbff, 0xe0ffddff, 
	0x10203382, 0x2105214b, 0xed48e7ff, 0x26058205, 0xffc5fff6, 0x82c9ff83, 0xffd42209, 0x266382bf, 0xffbeff0a, 0x82baffec, 0xffe22257, 0x090744d3, 
	0x00213b82, 0x23cf82ff, 0xc4ff0000, 0x2d440383, 0x82ff2307, 0x7d82cbff, 0x2005734a, 0x0aa74ad8, 0xfd84e820, 0xff253182, 0xff0a00e3, 0x828582e3, 
	0x8639824d, 0x4bff20e1, 0x754205bb, 0x0a014108, 0x4108814a, 0x81830d51, 0x5b830387, 0xff000023, 0x430f87f9, 0x118909bb, 0xab49098d, 0x44fb200c, 
	0x27820b75, 0x8205d74a, 0x86028408, 0xfbff230d, 0x0f83f0ff, 0xff216585, 0x820f82f9, 0x052b4499, 0x1f840d87, 0x0d82f420, 0x0b84e782, 0x0021cf88, 
	0x077b4400, 0x2b446b85, 0x085b4408, 0x9505a547, 0x0d0542e3, 0xf38abb8c, 0x83457184, 0x870b8306, 0x9f538f03, 0x0a00210f, 0x3c840182, 0x55416983, 
	0x0000230b, 0x0183fbff, 0x1b831c83, 0x81420783, 0x8711850d, 0x4d0d863f, 0xeb880767, 0x14201782, 0x07831b87, 0x450f1548, 0xff230543, 0x82e3fff9, 
	0xfff12309, 0x418400ed, 0xffe8ff23, 0x200982f4, 0x200782ec, 0x051141ef, 0xed82ff20, 0xf6202182, 0xe7201182, 0x1d834783, 0xf9200382, 0xf6220382, 
	0x3d820e00, 0xe7ffec22, 0xf0201f82, 0xe226b382, 0xf1ffd8ff, 0x0382e2ff, 0xd3ffe122, 0x85050d47, 0x82002031, 0x2203825b, 0x82f6fff1, 0x4de72005, 
	0x2f8409df, 0x2383f120, 0xe7244182, 0xddffe1ff, 0xe2226d82, 0x0582fcff, 0xebffec24, 0x5382e7ff, 0x0000e324, 0x2183e8ff, 0x1542038f, 0x48158d05, 
	0x4146086b, 0x84318b1a, 0x08dd448f, 0x8b0f2141, 0x8a0b9e29, 0x0bf9416f, 0x4305d741, 0xf9200867, 0x59424583, 0x0d85440d, 0x03851f83, 0x250d7145, 
	0xfbfff6ff, 0x4948f9ff, 0xf1ff2105, 0xec210182, 0x05254200, 0x860c4b4f, 0x4ffb2039, 0x0f8307a5, 0xd8203382, 0x4208a547, 0xeb460857, 0x0d97430b, 
	0x84eaff21, 0x20578735, 0x43c18302, 0xee200cf3, 0x220e0d46, 0x840a0014, 0xfffb2231, 0x21498be7, 0x0d82f1ff, 0xfb22b183, 0x31830a00, 0x85ceff21, 
	0x0d17431d, 0x2582ff20, 0xeb201f82, 0x8d49b182, 0xc9ff2308, 0x434dd3ff, 0xf0ff2107, 0xf622bf82, 0x61861400, 0x84067743, 0x202f895b, 0x262d82d4, 
	0xffd1ffef, 0x82efffd8, 0x00ef282d, 0xfff6ff00, 0x82ddffcf, 0x056f410d, 0xe0ffc024, 0x1582e2ff, 0xe2fff022, 0x7943dd84, 0xecff2106, 0x45820182, 
	0x82e8ff21, 0xffe3242f, 0x82c4ffb6, 0x82d42047, 0x00fb287b, 0xffceff14, 0x82baffe7, 0xfff12317, 0x4b4200ec, 0x22b1840c, 0x82d3ff00, 0x41c4204f, 
	0x972408bb, 0xd3ffd9ff, 0xda201986, 0x00213583, 0x221f820a, 0x84f2ffff, 0x82f62041, 0x82c9200b, 0x82d32053, 0x07414353, 0x8400fb21, 0xf9ff2500, 
	0xe8fffcff, 0x0f821f82, 0xffcaff23, 0x260982f9, 0xffc0ffcf, 0x4efefffe, 0xff230b99, 0x84deffd4, 0x4404842e, 0x1f450ba7, 0x82fb2006, 0x826583af, 
	0x4e3782e5, 0x2e840815, 0x20057943, 0x850b89ca, 0x21058f09, 0x3983d9ff, 0xff271587, 0xff0000d8, 0x500a00da, 0x254f08df, 0x0dc94112, 0x84080d46, 
	0x1e002329, 0x71930400, 0x20085144, 0x43b982fb, 0x714e0677, 0x8933850b, 0x092b4305, 0xffe7ff24, 0xff41ffec, 0x4a3d8407, 0x6f85066d, 0x054a0020, 
	0xd8ff210f, 0xff233b83, 0x89deffdd, 0x05fd45a7, 0xff235d85, 0x84f1ffd8, 0xffeb22e5, 0x202184ed, 0x0665420f, 0x7b42ec20, 0xf2ff2105, 0xc524d182, 
	0xceffb0ff, 0xff217583, 0x203582e2, 0x21058314, 0x8586b5ff, 0x11820a20, 0x4f84028e, 0x1487c920, 0xffabff23, 0x43bf87ca, 0x1e24061b, 0x0a000a00, 
	0x21092b52, 0x0d82e8ff, 0x4f82ec20, 0x2005b741, 0x253983f9, 0xfbfff9ff, 0x0382feff, 0x8405834c, 0x4300200d, 0xf34605eb, 0x0f774318, 0xf4200f82, 
	0x6183f595, 0xff21038b, 0x0fef4ffb, 0xf3431d87, 0x0ff3460b, 0x830ff941, 0x0d45441f, 0x05841185, 0x840c3d43, 0x45048211, 0x5f441b69, 0x82259b09, 
	0x0ead5044, 0x02900e82, 0x8905d546, 0x05334616, 0x01200582, 0x0382df83, 0x00003124, 0xd548eaff, 0xeaff2109, 0x21055748, 0x0542f6ff, 0x23002305, 
	0x3d851e00, 0xfff6ff25, 0x843300fb, 0x0001220b, 0x82998301, 0x82ec2011, 0xff46210f, 0xff210582, 0x220982c9, 0x42f1ff00, 0x0b830593, 0x82460021, 
	0x853c2005, 0x4dff2015, 0x0a2015e7, 0x8305a94d, 0x83002023, 0x001e223b, 0x240b8214, 0x00f1ff50, 0x0c434614, 0x8207e748, 0xefff2181, 0x02822182, 
	0x84f6ff21, 0x82fb2081, 0x48038259, 0x4f4c0849, 0x06774318, 0x3d821f86, 0x2007274b, 0x216341f7, 0x028e6e82, 0x4215ff41, 0x5f540f01, 0x0571550e, 
	0xdf49f020, 0x82e32006, 0x521e2052, 0xf9830a8f, 0xe2ff0022, 0xaf44fb82, 0x82d82005, 0x43ec204d, 0x002105d3, 0x242b8205, 0xfff0ff00, 0x20ed8233, 
	0x09f548e7, 0x00b0ff25, 0x82e3ff00, 0x82eb2003, 0x0005221f, 0x203b820f, 0x2331850a, 0xceffb5ff, 0xe2201782, 0x3b496b85, 0x82158309, 0x0000222b, 
	0x8409881e, 0x0f00210e, 0x05206384, 0xdf4fb184, 0x43ff2008, 0xec220595, 0x2483edff, 0xaf870d83, 0xffffff23, 0x830f84eb, 0x211d8465, 0xb1460000, 
	0x82fb2008, 0xfff122a5, 0x530584e2, 0xe720079d, 0xec224184, 0x07859bff, 0x85000021, 0x41078269, 0xd78308db, 0x84f6ff21, 0xffff2101, 0x2006cb45, 
	0x823f82ff, 0x84df8211, 0x82c42009, 0x0697472f, 0xf120e786, 0x200c1746, 0x092d4ef1, 0x82e7ff21, 0x4ae3207f, 0x77830947, 0x4d820383, 0x07827184, 
	0xbafffb25, 0x4fffabff, 0xf02005fd, 0x2008a742, 0x8b0983bf, 0x858b8403, 0x0c074d33, 0xff9cff23, 0x08a54ade, 0x0984ec20, 0x37830a20, 0x5d830983, 
	0xff000023, 0x200382f2, 0x0f2755f6, 0x20065f50, 0x832b8310, 0x2007851f, 0x05ff4100, 0x210ae546, 0x13851000, 0x0020238a, 0x91207182, 0x05202f86, 
	0x05220784, 0x4f83f1ff, 0x82fbff21, 0x847d842b, 0x8c048915, 0xd4ff2313, 0x0b42d3ff, 0x8f248909, 0x05394e09, 0x4e071344, 0x23410831, 0x0a614305, 
	0x82f9ff21, 0x82f38839, 0x2002860b, 0x8cf382ff, 0x55f120b5, 0x1b82095f, 0x0b46e720, 0x15434305, 0xfb201f82, 0x83053d41, 0x2009824c, 0x210d87d8, 
	0x6341f9ff, 0x0c5d500a, 0x5209c143, 0x0a200869, 0xff212b83, 0x229f84e2, 0x84f2ff05, 0x4bf220c3, 0xe3200a75, 0xff230b85, 0x47c4ffd8, 0x0f850513, 
	0x00050027, 0x000f0028, 0x22478818, 0x86b9ff00, 0x05d54287, 0x4b05c742, 0xff210a8d, 0x201f84c3, 0x830584fb, 0x58052095, 0x85840b79, 0x0000c524, 
	0x8952cfff, 0x20098205, 0x820382d4, 0x08b14411, 0x5f42f420, 0xecff2705, 0xf1ffefff, 0x1d82d9ff, 0xff234b82, 0x82efffce, 0x82ce2009, 0xfff42287, 
	0x825b83f9, 0x45ec200d, 0x0b4f0d13, 0x00fb2c08, 0xffcaff1e, 0xfff7ffec, 0x82e6ffe7, 0xff0a222b, 0x203782d2, 0x220d82ec, 0x41bafff1, 0xff211165, 
	0x823983ed, 0x0643411d, 0xffffff25, 0x85dcffe3, 0xf4ff2127, 0xf1224782, 0x45820100, 0xf9480020, 0x44ff2005, 0x0a20055b, 0xff214789, 0x067b43e2, 
	0x8406db43, 0x06a14a2b, 0x00140025, 0x84e2ff19, 0x820a20e1, 0x83c32005, 0x2013821b, 0x08434614, 0xd7201b83, 0xb626d984, 0xebffe1ff, 0xfd82f5ff, 
	0x1f001022, 0x05220582, 0x17823dff, 0x3182e120, 0x05823982, 0x77ff0024, 0x2b430000, 0x82002006, 0xff0a2185, 0x8d841b82, 0xc7ff0022, 0xbd820182, 
	0x4b47ed84, 0xafff210a, 0x02830c82, 0x9cff2922, 0xf1223b82, 0xe5440f00, 0x07415405, 0x8606e341, 0x0681415f, 0x1e000f24, 0x2d82ddff, 0x3883d920, 
	0x9b82ff20, 0x14240782, 0x28001400, 0x5b860782, 0x6b83ff20, 0xbbffe224, 0x1082f0ff, 0x03820f20, 0x1f001e22, 0x0f280582, 0x000050ff, 0x1500e6ff, 
	0x2008a743, 0x200f82a1, 0x831982ce, 0x820a2002, 0x20378357, 0x230c83ed, 0xddffc2ff, 0x830d5d4f, 0x00002115, 0x2108f359, 0x3782ff28, 0x00f1ff23, 
	0x067b410a, 0x4542f120, 0xff052406, 0x83f6fffb, 0x2219829f, 0x84e8ff05, 0xffec2243, 0x203982d8, 0x200383fb, 0x17c742ff, 0xec208187, 0x2008cb43, 
	0x203b84b9, 0x204d82f7, 0x072f51f6, 0x210b554e, 0xe584c3ff, 0x200b635b, 0x834483e7, 0xf1ff2103, 0xfb220182, 0x3782c5ff, 0x6f59cf20, 0x00d92408, 
	0x82c5ff00, 0x0587441d, 0x02a20882, 0x33820a20, 0x2785b020, 0xa34bff20, 0x1e00210e, 0x1f201782, 0x02860382, 0x2105dd42, 0x7146ebff, 0x86c82008, 
	0x56069018, 0x20900f5b, 0xff211086, 0x227d82ce, 0x860f00ce, 0x8206a50e, 0x203582b1, 0x442c8deb, 0x1783096f, 0xffecff29, 0xff0000e7, 0x82ecffdc, 
	0x82dd2005, 0x8201200b, 0xffec2211, 0x052543cd, 0x03892183, 0xffe2ff22, 0x83087d41, 0xe1ff2115, 0x21098743, 0xb35c0000, 0x951f830d, 0x46f18303, 
	0x358707c7, 0xbb417382, 0x4ce22005, 0x0b820bc5, 0x0f8ed820, 0x5941f620, 0x82fb2008, 0xffd82143, 0x93410583, 0x21418607, 0x7783bfff, 0x8305f547, 
	0x8d038909, 0x202584f9, 0x215f85ce, 0x9584ebff, 0x59484982, 0x0ce94f0b, 0x8508b345, 0x48ff20e7, 0x468307dd, 0x35890020, 0x5e05a543, 0xf6200879, 
	0x200a7f47, 0x20ad82f6, 0x20b582d8, 0x4c2d87f6, 0xec20085d, 0x4d434483, 0x194f4d07, 0xe2222f88, 0xa141e2ff, 0x58498305, 0x49830d0f, 0x4420038a, 
	0x03200b88, 0x08870988, 0x08821c20, 0x3b004422, 0x02870582, 0x11872d89, 0x6d000022, 0xa7509b84, 0x83358309, 0x824f2012, 0x213b8304, 0x00970008, 
	0x12000722, 0x26221a84, 0x01823100, 0x27000022, 0x58200f84, 0x31201382, 0x02920382, 0x840aa545, 0x0793496f, 0xf1208184, 0x2006d141, 0x06f9441e, 
	0x03891483, 0x8b0c2948, 0x086746b1, 0x830c4756, 0x21039b21, 0x2944ebff, 0x00002207, 0x423982ff, 0x3d851139, 0xe820b190, 0x83051d4e, 0x2033881d, 
	0x11c54601, 0x03851f83, 0x25422585, 0xfff1210a, 0x85083d5a, 0x0a354a21, 0x41088342, 0x1f481303, 0x8ab1830a, 0xe8ff2545, 0xf9fffbff, 0xe7220582, 
	0x9750efff, 0x82e32008, 0x84f42009, 0xff052361, 0xf35affe3, 0x54138606, 0xff200adb, 0x29064f59, 0xbaffdeff, 0xfcffecff, 0xcf45e7ff, 0xddff2105, 
	0xc9205382, 0xf6200382, 0x7f41c184, 0x2331830a, 0xf1ff0a00, 0x210b1144, 0x638292ff, 0x2984cd20, 0x8d840020, 0x1500fb22, 0x97477b82, 0x820a2009, 
	0xff1421f5, 0xe3424b82, 0x82778208, 0x49142021, 0xcf200c89, 0x3f831182, 0x00200784, 0xff217382, 0x05df41d8, 0x82edff21, 0x55f58309, 0x1e200dd9, 
	0x83096744, 0x83038339, 0x42bb8211, 0xfb21055f, 0x835f8200, 0x00002115, 0x0020d584, 0x99452f8b, 0x2061820f, 0x0a1542f6, 0x0a00d822, 0x840e854c, 
	0x0df15948, 0xff212185, 0x610786e7, 0x69820a93, 0x4d82eb20, 0x63440520, 0x210d850d, 0x7b83fbff, 0x4105c549, 0xc54205d5, 0x06014208, 0x840b1162, 
	0x14934f76, 0x20084b41, 0x08914cf6, 0x420ce353, 0x0f830fc3, 0x2182ff20, 0x48000021, 0xe7200873, 0x4209cd4f, 0xf6201473, 0xe7612f86, 0x0a276408, 
	0x82088147, 0x43dd204f, 0x73831741, 0x2b54039b, 0xefff210b, 0xff202983, 0x2005b956, 0x060b5000, 0x1b4c7988, 0x06754b0b, 0x37410b20, 0x0d335d08, 
	0x4784fc20, 0x5b84f620, 0xf2fffb25, 0x5100ecff, 0x974b05a1, 0x20498212, 0x09bf43f6, 0xfff1ff23, 0x08354de7, 0x2d42ef20, 0x08694109, 0xe94a4983, 
	0x8569830c, 0x0a454c03, 0x20057d42, 0x096142e7, 0x21093b47, 0x7947e6ff, 0x820a200c, 0x068d433b, 0x820da35c, 0x44002017, 0x0d83096b, 0x67410385, 
	0x845f8c21, 0x0fe94234, 0x04841484, 0xf7207388, 0xf6206f84, 0x89099b44, 0x843d997b, 0x0cdf5333, 0x830ba341, 0x8d03a51d, 0x419383b1, 0x3da505b9, 
	0xa149258a, 0x001f2105, 0x8a0aa949, 0x210a8e1d, 0x108e9cff, 0x28200eb9, 0x09423a8d, 0x08bd420a, 0x60f6ff21, 0x15420675, 0x83eb830c, 0x0e15423b, 
	0x31000024, 0x17820a00, 0xfb630120, 0x8211820d, 0x058f4102, 0x8209b342, 0x44002012, 0x11830d95, 0x6341038f, 0x2233840d, 0x8d0000f1, 0x200f8245, 
	0x411984f6, 0xf72007d3, 0xf6200d84, 0x570ac346, 0x4b4309d5, 0x096f430c, 0x8409b958, 0x42d320bb, 0x316111b5, 0x216b8809, 0xa74b000a, 0x11e94212, 
	0x8943f983, 0x00e22608, 0xffecff00, 0x05ef4de7, 0xff21dd85, 0x0a4b47e7, 0x1d82e220, 0x6182d920, 0x46074b52, 0x01250509, 0xb0ffceff, 0x06854aff, 
	0x82d8ff21, 0x8247853d, 0x32002105, 0xf6220d82, 0x43828eff, 0xdd46e220, 0xc9ff2209, 0x20418300, 0x22498228, 0x83e2ff00, 0x4a00206f, 0xff21060d, 
	0x224b82b5, 0x4afbffe2, 0x3541080b, 0x83c92007, 0x2203822b, 0x82c4ff32, 0x89d8202b, 0x82138293, 0xf6ff2102, 0xfb203382, 0x4b4f6184, 0x20058305, 
	0x835982d3, 0x82f12007, 0x05e54d2d, 0x9b482982, 0x05a9410b, 0x44086d50, 0x996606b3, 0x20388413, 0x14414600, 0x860a3348, 0x10915425, 0x1182ff20, 
	0x210f2b42, 0x2b54f7ff, 0x05b1570b, 0x62e2ff21, 0xd3470553, 0x20af820b, 0x83c785ec, 0x0d15645d, 0x200a0962, 0x08a54ddc, 0x20053f53, 0x202d84f6, 
	0x0c2947e7, 0x440a5b46, 0xa1470d53, 0x82358409, 0x49ff203b, 0x17840e0d, 0x5e05db42, 0x138208b5, 0x17840520, 0x6d86dd88, 0x45001521, 0x00200581, 
	0x200ae342, 0x09fb44ec, 0x914d3382, 0x22558711, 0x45ecfff6, 0x098209bd, 0x0a000022, 0x840dcd4c, 0x49158313, 0x1f82086f, 0x6983f620, 0x260a4352, 
	0xfff1ffe7, 0x59e2fffb, 0xec210c07, 0x08394900, 0xfb221982, 0x4982d3ff, 0x3f440520, 0x0a002105, 0x2106d348, 0x3982ff01, 0xd1834f82, 0xc5ffe222, 
	0x8209d347, 0x22cd822b, 0x8600c4ff, 0x850f83d3, 0x05055703, 0x4509e747, 0xff2107ed, 0x08f943de, 0x5185f020, 0x0a202f82, 0x8308b346, 0x828f8809, 
	0x41029419, 0x4d880bbd, 0x420e2344, 0xb9420b57, 0xf6ff220f, 0x06e74dff, 0xff215e87, 0x0f3943eb, 0xdb691988, 0x0aad4714, 0x44067545, 0x3f870fdd, 
	0xc1490793, 0x8bba2006, 0xc4ff291b, 0xe3ffa6ff, 0xe7ff0000, 0xdd200382, 0xce220382, 0x0582ecff, 0xf1ffd722, 0xd8240582, 0xb0ffe2ff, 0x85072f54, 
	0xe2ff2535, 0xd8ff1400, 0x82059f41, 0xfff6211d, 0x1b832f84, 0xc9204982, 0x8405a944, 0x0539420d, 0x91410a82, 0x00002206, 0x5e598432, 0x2f83122d, 
	0xcf850387, 0x5158ff20, 0x2019840a, 0x14d1641e, 0x91416d20, 0x2029820d, 0x082d490a, 0x820cdb4e, 0x84029219, 0x06e9426b, 0x12b41e92, 0x83a1ff21, 
	0xabff2136, 0x03870583, 0xffecff23, 0x084145bf, 0x880ab353, 0x87b5201f, 0x45078509, 0x0b85059f, 0xff210595, 0x53178dc7, 0x002307a5, 0x51ecff00, 
	0x2b8d112d, 0x41420d8f, 0x08bd4b0d, 0x830ed742, 0x45ff2035, 0xe54f0e91, 0x148d6615, 0x8312ef63, 0x13316d51, 0x059b1785, 0x28206184, 0x2a242186, 
	0x1e001f00, 0x0b420b83, 0x86148310, 0x06a35703, 0x0500f626, 0x15000a00, 0x1f201482, 0x840af74c, 0x4213823d, 0x14200509, 0x8c05455f, 0x0dfb484d, 
	0x734d2f83, 0xa6378208, 0x05395502, 0x26822ca6, 0x820d0546, 0x6a02bc10, 0x45440bdd, 0x54ff2007, 0xf62005c1, 0xcb415883, 0x0d094b07, 0x00ecff22, 
	0xff21fb8a, 0x089152cd, 0x00004f24, 0x4783ebff, 0x820f9144, 0x14e1430f, 0xfb201782, 0xd7452b8a, 0x08094e05, 0x0982ff20, 0x820c8d52, 0x457b8275, 
	0xeb470add, 0x0a794a09, 0xb984e720, 0xb389f120, 0x200adb4b, 0x057143f6, 0x21090371, 0x0f601400, 0x45f78208, 0xeb410b77, 0x8252830c, 0x0fcb5f03, 
	0x028e1282, 0x4611cd44, 0x298e084d, 0x4a086f46, 0xeb6e068b, 0x85cd200c, 0xebff212c, 0x05208592, 0x4306536b, 0x4982083d, 0x55133f44, 0x51850e1d, 
	0x9f830591, 0x0d8d658d, 0xd9683189, 0x06535009, 0x0f41e720, 0xd8ff2109, 0x2108f548, 0x8d82ffeb, 0xad4b4395, 0x08d34a0f, 0x891afd4f, 0x8d09877f, 
	0x53bf845b, 0xf5411203, 0x85378309, 0x41ff200d, 0xeb4e0633, 0x4a1b8409, 0xec22110b, 0x1983e3ff, 0x47420383, 0xf1ff2105, 0x2008db54, 0x095f48ec, 
	0xfd4fff20, 0x09f55216, 0x2f824183, 0xdd496192, 0x9d27850d, 0x056d4105, 0x9c0a7f5e, 0xfbff212e, 0x45086d4a, 0x3a9c12b5, 0x3f461c90, 0x15934231, 
	0x81435883, 0xd3098305, 0x13b95203, 0x634167ab, 0x4df72008, 0xb9440821, 0xfbff250c, 0x0000d7ff, 0xe2241b86, 0xecffd7ff, 0xff211183, 0x0dc349d8, 
	0x8205d545, 0xff012205, 0x0a8547fc, 0x3982e120, 0x8d85d220, 0x5af6ff21, 0x002206d3, 0x1582f6ff, 0x0382eb20, 0x850e2158, 0x8205cf27, 0x122b4377, 
	0x67436595, 0x9523950d, 0xfbff2115, 0xef20cf82, 0x75431b87, 0x69fb2008, 0x00200805, 0xd8202184, 0x480bf56a, 0x0b530e71, 0x44f02007, 0x39420923, 
	0x4217830d, 0xa34108e1, 0x83438d06, 0x6321837f, 0x41830913, 0x410d4147, 0x002005a9, 0x20052553, 0x223184f1, 0x84e2fff6, 0x44ec209d, 0x138405e5, 
	0x0544dd20, 0xfff62206, 0x052142eb, 0x20083947, 0x481f8214, 0x08820523, 0xeb432b84, 0x226d8408, 0x86fbfffb, 0x84e62031, 0x207d411d, 0x53e7ff21, 
	0xec220cef, 0xb18df0ff, 0x03874583, 0x460d5356, 0x67880c41, 0x84090747, 0x59ab8a35, 0x2f860cc1, 0x410b2b69, 0x0d8e0dff, 0x0d45e588, 0x425f8409, 
	0xec2005cf, 0x5009f344, 0x052008f5, 0x8305ed47, 0x20a98225, 0x619783dd, 0xff200d83, 0x6b855388, 0x20083947, 0x0f634133, 0x02860f82, 0x85f0ff21, 
	0x51318608, 0x734508a5, 0x91298513, 0x08854b05, 0x590e2745, 0xa95d05a5, 0x42ed2008, 0x1b520615, 0x0cb74f08, 0x3b523b8f, 0x83e7200b, 0x204d8273, 
	0x210783d3, 0x6f870000, 0x15820d83, 0x5d843986, 0x8a0d0b74, 0x0dcd4653, 0x27423985, 0x09394109, 0x57611984, 0x084d4105, 0xff000023, 0x8a1783f8, 
	0x4b3c2003, 0x8f4f071d, 0x831d8309, 0xfbff2147, 0x5020f784, 0xf6260782, 0x0000d8ff, 0xe782fbff, 0x25490a20, 0x45002107, 0x32202782, 0x14200382, 
	0x210fa167, 0x2984ddff, 0x09000024, 0x35830800, 0x00140029, 0xff0a0015, 0x841300fb, 0x8250203b, 0x07534b33, 0x02950a82, 0x8808eb51, 0x0a1f41f9, 
	0x5b0e6141, 0x4e8e0cdf, 0x8e0dab42, 0x990e901c, 0x9019992d, 0xad108a44, 0x5d2d8f35, 0x508a072d, 0x318f0a8e, 0x0eac1e8e, 0x9b0ff152, 0x08054e3c, 
	0x41072b44, 0x05630c91, 0x0c47550c, 0xab535399, 0x832d8313, 0x08cf5b17, 0x2154fb20, 0x06c5520a, 0x820ccd5a, 0x0d114185, 0x8408ab45, 0x09ff449f, 
	0x440d2543, 0x77830fb7, 0x85177751, 0x5305871b, 0x118709d1, 0x2008c972, 0x821183f1, 0x83ec209d, 0x086b5a6b, 0xfbfff622, 0x83088150, 0x45f120c1, 
	0xe54b0eb7, 0x45ff2006, 0xa55d0835, 0x0b757309, 0x2954ff20, 0x0d7d410d, 0x410a3944, 0x71840e0d, 0x220cd167, 0x82140000, 0x00d3220f, 0x0ae5530a, 
	0x0d820f20, 0x03820a20, 0xe6ff1e22, 0xc5201b82, 0x00221982, 0x2783e2ff, 0x03850983, 0x23095b49, 0xbcffd8ff, 0x05206584, 0x00203584, 0x05260582, 
	0x00006fff, 0x5384ecff, 0x15202e83, 0x41820483, 0x00240683, 0x14000500, 0x7b462f82, 0xd3ff2306, 0x196ce3ff, 0x85fb200c, 0x432d8824, 0xc78d064b, 
	0x06911486, 0xc7425584, 0x08df4717, 0x850c2d41, 0x47338644, 0x01420cbd, 0x85238e16, 0x2105833f, 0x0948ebff, 0x8e0e8308, 0x13c16003, 0x41ffff21, 
	0xff210523, 0x4d3f84cf, 0xff210cb9, 0x820182e2, 0x20378411, 0x11cb4ad8, 0x20084b4a, 0x0b37500a, 0x20089148, 0x85518304, 0xe7ff2103, 0x860f4d41, 
	0xffdd2417, 0x85d6ffd6, 0x0000210b, 0x93820989, 0x15820520, 0x82000521, 0xf1ff2105, 0x2008b149, 0x221382e8, 0x56f2ff00, 0xff200517, 0x47659983, 
	0x89002007, 0x8b2383a9, 0x09335703, 0x53e1ff21, 0x454707e7, 0x070b6608, 0xff433084, 0x460a200e, 0x1e8309d1, 0x8349c183, 0x66c9200a, 0x1d830977, 
	0x520c8770, 0x7f550683, 0x0d474215, 0x41cdff21, 0x3120083b, 0x5c093f54, 0x338d0f83, 0x058f6f85, 0x830f4f69, 0xebff211f, 0x820a5341, 0x0daf5010, 
	0x02901082, 0x4208374f, 0x2c9012a1, 0x00000a22, 0x9007f148, 0x2110c61b, 0x9b43ebff, 0x0d054109, 0x440ec353, 0x5d540a71, 0xecff210f, 0x20087545, 
	0x561b8222, 0xfd440eb5, 0x45b6930d, 0xbd4a09a9, 0x212c840e, 0x6341e1ff, 0x22188411, 0x82d8ff00, 0x8203826d, 0xffe22605, 0xffc9fffb, 0x05b55fe2, 
	0x83baff21, 0x20058251, 0x822783b5, 0xffd32213, 0x055d4333, 0xff55ff2b, 0x00a1ff51, 0xffceff00, 0x06ab41b0, 0x23844620, 0x24060767, 0xa6ffd8ff, 
	0x21578200, 0x0182ecff, 0x4f82d820, 0x2783a620, 0xd9203b86, 0xce201984, 0xe7200584, 0xec204182, 0xe2200982, 0xd3200382, 0x8209fd4e, 0xffd82231, 
	0x203b827e, 0x080943c4, 0x0d828e20, 0x05826382, 0x830efb43, 0x41038777, 0xbd440523, 0xe7431808, 0x0885590b, 0x00202b87, 0x82068f4e, 0x82fb2007, 
	0x82f120db, 0xfff62207, 0x05914ee1, 0x21098d55, 0x2f89b3ff, 0x8309e141, 0x50ff2013, 0x0d8308eb, 0x134f0391, 0x06f14108, 0xffe7ff22, 0x05200983, 
	0x8f863786, 0x2f5a0020, 0x00142305, 0x696aff0a, 0x20488205, 0x0cb37dff, 0xffe2ff23, 0x27d783ce, 0x0000f7ff, 0x97ffceff, 0x27824786, 0xff200f82, 
	0x4620a982, 0xc8200782, 0x82065146, 0x06974115, 0x6145ec20, 0x83052006, 0x05114175, 0xffa1ff25, 0x4cf6ffd3, 0x3782053d, 0x5d47f620, 0x82c42008, 
	0x83ec2013, 0x205f8223, 0x208784ec, 0x204882ed, 0x20538800, 0x860d8414, 0x05934404, 0x82085547, 0x0b6d541b, 0xfb825385, 0xdb841782, 0x2a000a22, 
	0x05203884, 0x08374618, 0x5407b747, 0x1d840655, 0x5b092946, 0xd5430577, 0x43142007, 0x2b840d4b, 0x820a7f45, 0x821420ab, 0x6c002003, 0xef20087f, 
	0x2206a56e, 0x82efffdd, 0x00d6276f, 0xfff0ff00, 0x0d83fff1, 0xa582f920, 0xeafff022, 0x514d9f82, 0xffec2205, 0x09cf41f9, 0x240aa353, 0xff0f00fb, 
	0x203382a3, 0x234418f1, 0x41f12008, 0x05820533, 0xe345e220, 0x84898309, 0x053b729b, 0x21089b48, 0x7f740000, 0x84208206, 0xfff62283, 0x200a82ec, 
	0x82178201, 0xfbff21d3, 0xe3630b82, 0x0c8b4606, 0xf7fff622, 0xed208d8c, 0x00202782, 0xf6226d82, 0x594cf9ff, 0x64e38606, 0xff200dc1, 0x20057556, 
	0x061547d8, 0x3584f920, 0x33826f82, 0x4407354d, 0x2d450d6f, 0x056d4212, 0x201de549, 0x08fb6bff, 0x03856183, 0xe54a318d, 0x84fb2008, 0xeb461883, 
	0x47278d0a, 0xfb200667, 0x8205a146, 0x23ad82dd, 0xecff0000, 0x8d077753, 0x0ced65df, 0x850c2150, 0x83059547, 0x20b18471, 0x261f82fc, 0x00170002, 
	0x82660001, 0x68360809, 0x66005701, 0xd8015901, 0xdc015601, 0xd601e801, 0xeb01ea01, 0xed01e301, 0xe5010002, 0x4c024102, 0x4e02f901, 0x05024f02, 
	0x56025202, 0x58020702, 0x0c025902, 0x01825e02, 0x60020e2e, 0x0f026b02, 0x78027602, 0x7a021b02, 0x1e220182, 0x01827c02, 0x7e021f28, 0x20028b02, 
	0x01829e02, 0x022e2808, 0x02a302a1, 0x02a5022f, 0x023202a9, 0x02b102ae, 0x02b40237, 0x023b02b7, 0x02bd02ba, 0x033a033f, 0x0043023f, 0x82b90002, 
	0x001a2a8d, 0x001b0005, 0x0004001c, 0x2801821d, 0x001e0068, 0x00110024, 0x22018226, 0x822c001f, 0x001d2401, 0x8243002d, 0x0044321d, 0x00310044, 
	0x004b0045, 0x004c0015, 0x00070051, 0x24018252, 0x0053001c, 0x220b8261, 0x82630062, 0x00642243, 0x20378265, 0x28e18266, 0x00680019, 0x0019006c, 
	0x2401826d, 0x006e000d, 0x220b826f, 0x82710070, 0x00722629, 0x00120072, 0x24018273, 0x0074001c, 0x220b8278, 0x82790079, 0x007a283b, 0x000d007a, 
	0x827c007b, 0x009f2211, 0x2671829f, 0x00a000a0, 0x82a10022, 0x00673001, 0x00aa00a3, 0x00ab0014, 0x000c00b6, 0x82be00b8, 0x00bf28b1, 0x000a00c7, 
	0x82cd00c8, 0x00ce22b1, 0x260b82d5, 0x00db00d6, 0x82dc0018, 0x00662e01, 0x00e600dd, 0x00e70010, 0x001f00eb, 0x080182ec, 0xed001c2e, 0x03000601, 
	0x08010701, 0x09010200, 0x01000901, 0x10010a01, 0x11011300, 0x0e001101, 0x12011201, 0x13015800, 0x2e001301, 0x16011401, 0x17281182, 0x1d001701, 
	0x2e011801, 0x2f222f82, 0x2f822f01, 0x01302008, 0x01550030, 0x00370131, 0x0138011a, 0x0109003c, 0x0049013d, 0x014a0108, 0x010d004a, 0x824d014b, 
	0x014e220b, 0x280b8250, 0x00530151, 0x01540124, 0x22478255, 0x82560156, 0x01572253, 0x220b8257, 0x82590159, 0x015a2205, 0x2223825a, 0x825c015b, 
	0x015d220b, 0x22478265, 0x82670166, 0x01682211, 0x220b8269, 0x828b016a, 0x018c226b, 0x2277828c, 0x828e018d, 0x8f32080b, 0x44008f01, 0x97019001, 
	0x98011700, 0x0f00a201, 0xa301a301, 0xa4015000, 0x1600ab01, 0xc201ac01, 0xc3010600, 0x0b00c801, 0xc901c901, 0xca013500, 0x0b82d301, 0xd801d422, 
	0xdc22bf82, 0x5982dc01, 0xdd01dd22, 0xde225982, 0xa182de01, 0xe001df22, 0xe1221182, 0x7d82e101, 0xe201e222, 0xe3221182, 0x0b82e301, 0xe401e428, 
	0xe5011c00, 0x1d82e501, 0xe701e634, 0xe8012300, 0x3200e801, 0xea01ea01, 0xeb013000, 0x6582eb01, 0x01ed8c08, 0x013400ed, 0x00ee01ee, 0x01ef0149, 
	0x013700ef, 0x00f001f0, 0x01f1013a, 0x015200f1, 0x00f201f2, 0x01f30154, 0x013d00f3, 0x00f401f4, 0x01f5013f, 0x015a00f5, 0x00f601f6, 0x01f7014b, 
	0x013300f7, 0x00f801f8, 0x01f90148, 0x013600f9, 0x00fa01fa, 0x01fb0139, 0x015100fb, 0x00fc01fc, 0x01fd0153, 0x013c00fd, 0x00fe01fe, 0x01ff013e, 
	0x025900ff, 0x00000200, 0x0241024a, 0x02290041, 0x00420242, 0x02430225, 0x022f0044, 0x82450245, 0x46560811, 0x57004602, 0x47024702, 0x48025600, 
	0x43004802, 0x49024902, 0x4a024200, 0x21004a02, 0x4b024b02, 0x4c025e00, 0x64004c02, 0x4e024e02, 0x4f023b00, 0x62004f02, 0x52025202, 0x53024700, 
	0x46005302, 0x54025402, 0x55026100, 0x60005502, 0x56025602, 0x58025f00, 0x3b825902, 0x5e025e22, 0x60220582, 0x71826102, 0x6202622e, 0x63022800, 
	0x27006302, 0x64026402, 0x65220b82, 0x0b826502, 0x6602662e, 0x67022d00, 0x2c006702, 0x68026802, 0x69220b82, 0x0b826902, 0x6b026a34, 0x76022000, 
	0x11007602, 0x77027702, 0x78021300, 0x0b827802, 0x7a027a28, 0x7c020c00, 0x0b827c02, 0x027e3808, 0x0231007e, 0x007f027f, 0x02800215, 0x02260080, 
	0x00810281, 0x0282022b, 0x024e0082, 0x00830283, 0x0284024c, 0x02120084, 0x00870285, 0x02880222, 0x02140088, 0x82890289, 0x8a4a0823, 0x18008a02, 
	0x8b028b02, 0x9e021000, 0x4f009e02, 0xa102a102, 0xa2023000, 0x3200a202, 0xa302a302, 0xa5020700, 0x4100a502, 0xa602a602, 0xa7020600, 0x4500a702, 
	0xa902a802, 0xae022a00, 0x6300ae02, 0xaf02af02, 0xb0026500, 0x2982b002, 0xb102b134, 0xb4024000, 0x3800b402, 0xb502b502, 0xb6025b00, 0xbf82b702, 
	0x02ba4c08, 0x025d00ba, 0x00bb02bb, 0x02bc024d, 0x025c00bc, 0x00bd02bd, 0x033a0323, 0x0313003a, 0x003b033b, 0x033c0311, 0x030c003c, 0x003d033d, 
	0x033e0315, 0x0312003e, 0x003f033f, 0x00020018, 0x00010095, 0x0006001a, 0x001c001b, 0x821d0025, 0x00012601, 0x0024001e, 0x200d8203, 0x221b8244, 
	0x824b0045, 0x004c220b, 0x220b8251, 0x82610053, 0x00622805, 0x00230063, 0x827c0064, 0x007d220b, 0x221d829f, 0x82a100a0, 0x00a2220b, 0x220b82a2, 
	0x82aa00a3, 0x00ab260b, 0x000b00b5, 0x220182b6, 0x82b70058, 0x00033401, 0x00be00b8, 0x00bf0011, 0x000800d5, 0x00db00d6, 0x82dc0010, 0x00572e01, 
	0x00e600dd, 0x00e7000d, 0x001500eb, 0x3c0182ec, 0x01ed0001, 0x01050008, 0x00090109, 0x010a0121, 0x01020011, 0x00120112, 0x01130149, 0x080b822f, 
	0x30013020, 0x31010f00, 0x12003701, 0x3c013801, 0x3d010a00, 0x04004d01, 0x50014e01, 0x51011800, 0x11825201, 0x53015322, 0x54221182, 0x0b825c01, 
	0x69015d22, 0x6a200b82, 0x2006a543, 0x220b828d, 0x828e018e, 0x018f2259, 0x224d828f, 0x82970190, 0x98260811, 0x0c00a201, 0xa301a301, 0xa4010f00, 
	0x0e00ab01, 0xc201ac01, 0xc3010700, 0x0900c801, 0xc901c901, 0xca012800, 0x0b82d301, 0xd801d428, 0xdc011300, 0x3582dc01, 0xdd01dd28, 0xde011100, 
	0x3582e301, 0xe401e428, 0xe5010100, 0x1782e501, 0xe801e82e, 0xea012400, 0x2200ea01, 0xeb01eb01, 0x86084782, 0x00ed01ed, 0x01ee0127, 0x013d00ee, 
	0x00ef01ef, 0x01f0012a, 0x012d00f0, 0x00f101f1, 0x01f20144, 0x014600f2, 0x00f301f3, 0x01f40130, 0x013200f4, 0x00f501f5, 0x01f6014b, 0x013f00f6, 
	0x00f701f7, 0x01f80126, 0x013c00f8, 0x00f901f9, 0x01fa0129, 0x012c00fa, 0x00fb01fb, 0x01fc0143, 0x014500fc, 0x00fd01fd, 0x01fe012f, 0x013100fe, 
	0x00ff01ff, 0x0200024a, 0x023e0000, 0x00420241, 0x02430214, 0x02200044, 0x82450245, 0x4656080b, 0x48004602, 0x47024702, 0x48024700, 0x37004802, 
	0x49024902, 0x4a023600, 0x17004a02, 0x4b024b02, 0x4c024f00, 0x55004c02, 0x4e024e02, 0x4f022e00, 0x53004f02, 0x52025202, 0x53023a00, 0x39005302, 
	0x54025402, 0x55025200, 0x51005502, 0x57025702, 0x58025000, 0x3b825902, 0x5e025e22, 0x60220582, 0x65826102, 0x6202622e, 0x63021b00, 0x1a006302, 
	0x64026402, 0x65220b82, 0x0b826502, 0x6602662e, 0x67021f00, 0x1e006702, 0x68026802, 0x69220b82, 0x0b826902, 0x6b026a34, 0x76021600, 0x03007602, 
	0x77027702, 0x78020200, 0x0b827802, 0x7a027a2e, 0x7e020b00, 0x01007e02, 0x7f027f02, 0x80221182, 0x0b828002, 0x81028134, 0x82021d00, 0x41008202, 
	0x83028302, 0x84024000, 0x17828702, 0x88028828, 0x89023400, 0x1d828902, 0x028a2008, 0x0210008a, 0x008b028b, 0x029e020d, 0x0242009e, 0x00a102a1, 
	0x02a20222, 0x022400a2, 0x82a302a3, 0xa544082f, 0x3500a502, 0xa602a602, 0xa7020700, 0x3800a702, 0xa902a802, 0xae021c00, 0x5400ae02, 0xaf02af02, 
	0xb0025600, 0x3b00b002, 0xb102b102, 0xb2023300, 0x1900b302, 0xb402b402, 0xb5022b00, 0x4c00b502, 0xb702b602, 0xba2eb982, 0x4e00ba02, 0xbc02bc02, 
	0xbd024d00, 0x5982bd02, 0xbe02be3a, 0x3a031900, 0x02003a03, 0x3b033b03, 0x3c030300, 0x0b003c03, 0x3d033d03, 0x3e320b82, 0x01003e03, 0x3f033f03, 
	0x04001000, 0x01000000, 0x03820800, 0x1c000c38, 0x74000600, 0x02003402, 0xca020200, 0x0000f102, 0x3803ff02, 0x0f822800, 0x1f820e20, 0x29827820, 
	0x007b4008, 0x007800a0, 0x00b500a2, 0x01b7009e, 0x01b20011, 0x012e0113, 0x0131010d, 0x0129014b, 0x0152014d, 0x01540144, 0x014a0165, 0x018d0168, 
	0x018f015c, 0x018201a2, 0x01dc01a4, 0x027b0296, 0x83cf017b, 0xd0012d9f, 0xc902bf02, 0x6200d101, 0xd2210000, 0x012203a0, 0x239eb401, 0x1f82c620, 
	0x4f9d0387, 0x8a010126, 0x0a200200, 0x0322038c, 0x0f88a201, 0xba010424, 0x03840500, 0x07829020, 0x17849620, 0xd8210022, 0x03bb5f82, 0x3fa8cc20, 
	0x9c010122, 0xab839b8c, 0xa8209f91, 0xae209b82, 0xd2255382, 0xb4010100, 0x41b38300, 0xbf9d2147, 0x75010124, 0x4d82a601, 0x4a014622, 0x2c220582, 
	0x0582d700, 0x8a027522, 0x34260582, 0x01000000, 0x17854501, 0x82260121, 0x0211220b, 0x2c0582b0, 0x01960102, 0x006416dc, 0x16701600, 0x22238276, 
	0x966a1600, 0x20238f0b, 0x8b2f865e, 0x200b9717, 0x8b538a52, 0xab178323, 0x209b8b47, 0x8b538a58, 0x875f830b, 0x97cb9753, 0x209b8417, 0x41008400, 
	0xfb8f0c07, 0x24072b41, 0x1a00007c, 0x222e8418, 0x8a821600, 0x8288200b, 0x8642200b, 0x008e2417, 0x86a61600, 0x8a94200b, 0x8a9a200b, 0x2023a30b, 
	0x202f8aa0, 0x200b82b8, 0x220382b2, 0x85ca16c4, 0x200b8559, 0x21178a16, 0x2389ac16, 0x2383178c, 0x2f8abe20, 0x478c0b86, 0x0000e226, 0xf416ee16, 
	0x16211383, 0x200b96e8, 0x8b17a2d0, 0x202f8347, 0x8b5386dc, 0x8b0b9717, 0x8ad62077, 0x830b8b6b, 0x9753873b, 0x971797a7, 0x83178477, 0x8b7382f9, 
	0x00fa243b, 0x85f01700, 0x06172117, 0x195b0b82, 0x18172106, 0x1e820b8a, 0x17871720, 0x2f830b8b, 0x10820c20, 0x17210282, 0x203b9612, 0x20178230, 
	0x2320822a, 0x173c1700, 0x36200b8f, 0x24201786, 0x1786238e, 0x00981d27, 0x19161900, 0x8325831c, 0x210b8703, 0x17894e17, 0x54200b8c, 0x0b8b178a, 
	0x42202f8b, 0x5f8b2389, 0x178e1720, 0x85481721, 0x975f8c77, 0x20178b77, 0x85a98372, 0x833b8b03, 0x2215856b, 0x82170000, 0x240b889b, 0x17000060, 
	0x200d855a, 0x200b8317, 0x240b8666, 0x18781772, 0x230b8356, 0x00007e17, 0x17210b89, 0x8a0b8a6c, 0x83172023, 0x8562200b, 0x860b842f, 0x20178b3b, 
	0x83478200, 0x20078221, 0x202f987e, 0x201d828a, 0x83258684, 0x8590200b, 0xd41b250b, 0xda1b0000, 0x05830b85, 0x0b861b20, 0x89a81721, 0x96172117, 
	0x2f830b89, 0x83a21721, 0x204f8229, 0x8c17959c, 0x26478b23, 0x17c617f6, 0x82d217cc, 0x17d82239, 0x200b96c0, 0x8b178aae, 0x2017832f, 0x8b3b86ba, 
	0x8b0b9717, 0x96b4205f, 0x873b8f53, 0x209b975f, 0x20b982f6, 0x23fb83cc, 0xc017d817, 0x17830b8a, 0x1792ba20, 0x0b8c238b, 0x778bfb96, 0x37419b8f, 
	0x83178207, 0x00002469, 0x4117d817, 0x479a234f, 0x20088b41, 0x204d82de, 0x205586e4, 0x0a3744ea, 0x260a0153, 0x00000e18, 0x84000818, 0x02182100, 
	0x17210b89, 0x840b89fc, 0x91142023, 0x2017a423, 0x20478232, 0x203b862c, 0x200b8a1a, 0x200b8a20, 0x8b0b8a26, 0x8f0b8b2f, 0x863e2023, 0x8e382053, 
	0x87178b3b, 0x8244200b, 0x864a2023, 0x825c202f, 0x8256200b, 0x82682003, 0x200b8b03, 0x83179650, 0x8a622023, 0x260b932f, 0x1892188c, 0x839e1898, 
	0x86182161, 0x6e200b96, 0x74201796, 0x4783178a, 0x479e7a20, 0x00008c24, 0x69839818, 0x86200782, 0x17830b8a, 0x17927a20, 0x0b8c238b, 0xbf8b8f96, 
	0x8c23d78b, 0x86008018, 0x8be39800, 0x00c2242f, 0x85c81800, 0xa4182130, 0xbc200b82, 0xb6200b86, 0xaa200b8a, 0xb0200b8a, 0x478b2396, 0x2382da20, 
	0x4786ec20, 0x0b8ae620, 0x0b8ace20, 0x0b96d420, 0xe0203b83, 0x478b3b92, 0x19250b96, 0x1900000a, 0x203b8604, 0x200b8af2, 0x200b8af8, 0x840b89fe, 
	0x8510202f, 0x2005832f, 0x06134719, 0x00341927, 0x19401900, 0x20138446, 0x8f0b963a, 0x86282023, 0x97178b2f, 0xc7538b0b, 0x8a222047, 0x830b8ba7, 
	0x979b875f, 0x821797cb, 0x8600203b, 0x2e192100, 0xb38f5f8a, 0x20072b41, 0x2023824c, 0x21308558, 0x0b8a5219, 0x0b825e20, 0x17866420, 0x00006a24, 
	0x0b867c19, 0x0b967020, 0x762023a3, 0x1b2b3b89, 0x1bbc1bb6, 0x1b0000c2, 0x9bce1bc8, 0x8219210b, 0x0b872389, 0xbc201182, 0x1b208d83, 0x19213b82, 
	0x22538294, 0x83a619a0, 0x9a19210f, 0x478f0bba, 0x53868e20, 0x0b97178b, 0x8820778b, 0x0b8b838a, 0x53873b83, 0x7797a7af, 0xf7831782, 0xfb8c0383, 
	0x0000ac24, 0xc345be19, 0xb8192105, 0xb2200ba2, 0x0b8b238a, 0xe8203b8b, 0x2105ef4c, 0x2b82ca19, 0x36200b8f, 0x17831382, 0x238ec420, 0x1d271786, 
	0x1d0000ae, 0x83b01bb4, 0xd6192191, 0xdc200b8a, 0x47970bad, 0x0b83178b, 0x86d01921, 0x835fa26b, 0x00002193, 0x53832f9d, 0x00222785, 0xbf821900, 
	0x5f820b88, 0xe8230b88, 0x65190000, 0x19200681, 0xee200b83, 0x1a251985, 0x1a061a00, 0x230b830c, 0xf419121a, 0x178b0b89, 0x19210b83, 0x972385fa, 
	0x82002017, 0x82218347, 0x98122007, 0x4e1e202f, 0x1a20099f, 0x24200b83, 0x30203186, 0x2109ab4e, 0x0b8a3c1a, 0x3620179b, 0x2a203b86, 0x17872f8e, 
	0x0b873b83, 0x6c26538b, 0x781a721a, 0x35827e1a, 0x661a8422, 0x2f8f0ba2, 0x3b864e20, 0x0b97178b, 0x48205f8b, 0x2f976b8a, 0x5f871783, 0x6c209b97, 
	0x7820b982, 0x1a20fb83, 0x0b8abf82, 0x4e201783, 0x66201792, 0x5420238a, 0x5f970b8a, 0xa79a178b, 0x4d826983, 0x5a1a8422, 0x6020d78a, 0x9a164f41, 
	0x088b4147, 0x00008a24, 0x5586261b, 0x8306c74c, 0x961a210d, 0x03850583, 0x00a81a24, 0xa74c1a00, 0x9c1a2106, 0x23830b96, 0x2f86ae20, 0x17a3238b, 
	0x5382c020, 0x3b86ba20, 0x0b8ab420, 0x239b17a3, 0x5386cc20, 0x538ec620, 0x0b87178b, 0xe41ade24, 0x2782d81a, 0x0382f020, 0xea200ba7, 0xd2202f86, 
	0x17873b8e, 0x0b864783, 0x1b141b25, 0x41201b1a, 0x1b210569, 0x210bad0e, 0x2f8af61a, 0x1a214782, 0x27479efc, 0x1b000014, 0x00021b20, 0x1b210082, 
	0x820b8a0e, 0x913b8217, 0x8c238b17, 0x8ba7a20b, 0x200b82d7, 0x21008600, 0x3b96081b, 0x2c242f8b, 0x321b0000, 0x1b213085, 0x4c0b8238, 0x1b21062f, 
	0x200b9644, 0x2017963e, 0x20178250, 0x20478656, 0x200b8262, 0x200b8674, 0x200b966e, 0x8b178a5c, 0x203b830b, 0x973b9e68, 0x008c2453, 0x86861b00, 
	0x967a203b, 0x8a80200b, 0x202f8317, 0x202f8692, 0x20178298, 0x200b86aa, 0x200b8a9e, 0x860b89a4, 0x83b0201d, 0x0c174907, 0x210a7350, 0x1d837c20, 
	0x0b8c0385, 0x8306af49, 0xa3202019, 0x835e200b, 0x20038529, 0x8a0b8b20, 0x201d833b, 0x062b411e, 0x0025538b, 0x031d0101, 0x2005841a, 0x22058211, 
	0x8224ff12, 0x021d2205, 0x8311844b, 0x8212200b, 0x02012239, 0x2105831f, 0x17849e01, 0x83039e21, 0x84162017, 0x855d200b, 0x20118405, 0x2147845d, 
	0x4783035d, 0x2f845d20, 0x11844e20, 0x0b854420, 0x44202984, 0x00275f83, 0x002601c8, 0x84580101, 0x84182005, 0x84182023, 0x84182035, 0x8418207d, 
	0x84182029, 0x84182053, 0x84e8203b, 0x84042005, 0x84602017, 0x8560202f, 0x202f840b, 0x203b8460, 0x202f8460, 0x20298460, 0x20238450, 0x840b8550, 
	0x84502029, 0x01502629, 0x000100b2, 0x212f839b, 0x89849b00, 0x35839b20, 0x1a241182, 0x3c010100, 0x3c202f84, 0x3c202f84, 0x9c201d84, 0x9c201d84, 
	0x6d201184, 0x00270583, 0x002f01c0, 0x849d0101, 0x849d2029, 0x849d2017, 0x84522059, 0x84522071, 0x86522089, 0x00242411, 0x84570101, 0x84572017, 
	0x84572017, 0x83572017, 0x85022053, 0x8457203b, 0x84a12047, 0x01572605, 0x02010026, 0x2153830b, 0x11830b02, 0x84fe0021, 0x859c2071, 0x206b841d, 
	0x204d840c, 0x20e9840c, 0x20178437, 0x2017840c, 0x20ad8437, 0x26ad84f3, 0x00ea03f3, 0x83f30001, 0xf3002129, 0x00212383, 0x204784f3, 0x20f584f3, 
	0x208384f3, 0x20358446, 0x20418446, 0x20538417, 0x840b8517, 0x84172017, 0x84172023, 0x845b20e9, 0x845b201d, 0x835a20bf, 0x6a022117, 0x5b202384, 
	0x01216b83, 0x20ad845b, 0x20118481, 0x2041845a, 0x2005849b, 0x201184d8, 0x203b84d8, 0x203b84d8, 0x202f84d8, 0x201d84d8, 0x201d8420, 0x200b8420, 
	0x2023840e, 0x2023840e, 0x2017840e, 0x207d840e, 0x202f840e, 0x2023840e, 0x200b840b, 0x2029840b, 0x2029840b, 0x8417850b, 0x840b202f, 0x217784fb, 
	0xef84d400, 0x9c02e726, 0xf5000100, 0xe7221784, 0x0b82b002, 0xae01e722, 0x02210583, 0x200582af, 0x203b84f5, 0x200584a9, 0x2117835c, 0x17835c01, 
	0x845c0121, 0x02082611, 0x01010094, 0x210b8308, 0x3584f700, 0x3584f720, 0x5384f720, 0x1783f720, 0x841c0121, 0x84f02059, 0x85f02011, 0x2029840b, 
	0x202984f0, 0x202384f0, 0x2041846b, 0x201784f1, 0x202984f1, 0x201d84f1, 0x282f84f4, 0x00630386, 0x02c50001, 0x20058207, 0x84118586, 0x84862029, 
	0x84072089, 0x8486203b, 0x84072089, 0x0387261d, 0x0001006d, 0x830b8587, 0xd6002117, 0x8720d784, 0x87262984, 0x01005e01, 0x0b839e01, 0x849e0121, 
	0x839e20d1, 0x16012129, 0x01217783, 0x20118416, 0x24118616, 0x010100af, 0x20358416, 0x209584fe, 0x205384fe, 0x207784fa, 0x20298403, 0x20a78403, 
	0x840585fe, 0x84ec2011, 0x83fe209b, 0x45012135, 0x00253b85, 0x010100d7, 0x201d84a8, 0x2005840e, 0x20238410, 0x203584ab, 0x20238488, 0x201184ab, 
	0x205f8488, 0x201784ce, 0x201784ca, 0x201784ce, 0x207d84ce, 0x261d84ca, 0x00e102a5, 0x84c20001, 0x01a5261d, 0x000100f3, 0x20dd84dd, 0x221d84c2, 
	0x820e017c, 0x840f206b, 0x840f20cb, 0x83a720c5, 0x0f012129, 0x05822383, 0x0f20d183, 0xaf208384, 0x0f200584, 0xa8201d84, 0x00210583, 0x206b84ed, 
	0x201184ed, 0x201d8489, 0x20478489, 0x20ef8489, 0x20238477, 0x202384f2, 0x200b84f2, 0x209584fb, 0x202984fb, 0x207d8436, 0x202984fb, 0x201d8436, 
	0x20c584de, 0x202384de, 0x841185de, 0x84de203b, 0x84872029, 0x84872017, 0x84872011, 0x84842029, 0x84c02017, 0x020f267d, 0x01010094, 0x20b384e5, 
	0x2811841c, 0x0007025c, 0x000f0101, 0x220582d7, 0x834b0252, 0x20178205, 0x0a1b5e05, 0x02004626, 0xa0014e00, 0x09220582, 0x8118ca02, 0x37080989, 
	0xea02e702, 0xec021b00, 0x1f00ed02, 0x1a03ff02, 0x1c032100, 0x3d001f03, 0x22032103, 0x26034100, 0x43002603, 0x38032903, 0x01004400, 0xe4010200, 
	0x5400e501, 0xdc030000, 0xd02003be, 0x03873f82, 0x01234b9d, 0x97001402, 0x03002203, 0xbb4782e2, 0xa8d62003, 0x9d83993f, 0x052b41bf, 0x022ca39d, 
	0x1c000600, 0x0a000200, 0x10000000, 0x01280382, 0x4b029b00, 0xbd010100, 0x15830582, 0x16001022, 0x01251f82, 0x9c028600, 0x83058200, 0x80012121, 
	0x01230b83, 0x8224ff7d, 0x8210203b, 0x830a2015, 0x0c002915, 0x01002a00, 0x80004400, 0x1e8f8318, 0x0b000129, 0xe802e702, 0x1802e902, 0x240bab83, 
	0x00220321, 0x2047820d, 0x2203b036, 0x822c0101, 0x000b2233, 0x82019418, 0x20a78a1d, 0x229b8201, 0x822e000c, 0x01702205, 0x198418a6, 0x021f3624, 
	0x02cd02ca, 0x02d002cf, 0x02d402d2, 0x02d702d5, 0x02da02d8, 0xe39a18de, 0x00033507, 0x05030303, 0x08030603, 0x0a030903, 0x0d030c03, 0x13030f03, 
	0x087d9a18, 0x47002626, 0x2a010000, 0x1e2003be, 0x03873f82, 0x30204b9f, 0x03bb2b82, 0x3faa2420, 0x1f838b9f, 0x01258b9d, 0xae012a01, 0x21058200, 
	0x05829402, 0x0b842c20, 0x0b822c20, 0x5e001f22, 0x46210182, 0x20018900, 0x220b8a40, 0x8258005e, 0x00522101, 0x4c220183, 0x07844c00, 0x05830d85, 
	0x39825820, 0x2c010124, 0x5183b002, 0x83af0221, 0x63032105, 0x6d200584, 0x5a200584, 0x9c211784, 0x82e88200, 0x010a2403, 0x182403e4, 0x281af785, 
	0x54414360, 0x43880020, 0x39058252, 0x5a414bb0, 0x4dd80020, 0x01204c4f, 0x444c4e00, 0x52280120, 0x01204d4f, 0x23825450, 0x5478012b, 0x01204b52, 
	0xff0000a0, 0x064943ff, 0x0300022e, 0x05000400, 0x07000600, 0x12001100, 0x0cd39e18, 0x11202583, 0x258b8384, 0x27a60820, 0x27a60920, 0x27a60a20, 
	0x27a60b20, 0x27a60c20, 0x27a60d20, 0x27a60e20, 0x27a60f20, 0x27901020, 0x61192408, 0x00746c61, 0x73616398, 0x63a00065, 0x00706d63, 0x696c64a6, 
	0x64b60067, 0x006d6f6e, 0x617266bc, 0x82c20063, 0x00612e10, 0x756e6ccc, 0x6cd2006d, 0x006c636f, 0x200584d8, 0x200584de, 0x200584e4, 0x200584ea, 
	0x200584f0, 0x200584f6, 0x210583fc, 0x05840201, 0x3a820820, 0x0e017223, 0x2806826f, 0x726f1401, 0x1a016e64, 0x330b8370, 0x6e697322, 0x73280166, 
	0x01736275, 0x7075732e, 0x74340173, 0x3a251783, 0x02000000, 0x05814200, 0x28000122, 0x06200982, 0x05280f82, 0x09000800, 0x0b000a00, 0x29201984, 
	0x1b200584, 0x03260582, 0x1d001c00, 0x0f841e00, 0x05842a20, 0x05842420, 0x05841620, 0x05840d20, 0x05841520, 0x05841220, 0x20055742, 0x200b840c, 
	0x20058410, 0x20058413, 0x20058414, 0x2005841a, 0x24058227, 0x00210002, 0x200d8423, 0x20058425, 0x20058418, 0x20058417, 0x2a058419, 0x002b0026, 
	0x026a0158, 0x82360394, 0x04cc2201, 0x30018234, 0x05ba04ba, 0x06e005e0, 0x07d4068a, 0x0718070a, 0x2101822c, 0x0187074e, 0x6207622a, 0xa0077007, 
	0x8c077e07, 0xae3a0582, 0xec07ec07, 0x4c080408, 0x90086e08, 0xc008a808, 0xf608d808, 0xba098409, 0x5f840100, 0x0200082e, 0x4d00a000, 0xe701e601, 
	0xbc00b200, 0x452d0782, 0x9f01e701, 0xf701a801, 0xf901f801, 0x1fa31801, 0x021f360d, 0x02210220, 0x02230222, 0x02250224, 0x02270226, 0x023d0228, 
	0x33a01850, 0x09032111, 0x3819a018, 0x0e03a018, 0x11229f82, 0xad840100, 0x7d007d22, 0xb0220782, 0x1382b000, 0xbb00bb26, 0xed000300, 0x48080182, 
	0x013d0104, 0x0105003d, 0x006a016a, 0x019d0106, 0x0107009d, 0x00a701a7, 0x020b0208, 0x02090014, 0x00320229, 0x024e0213, 0x021d004e, 0x00510251, 
	0x02ca021e, 0x021f00d2, 0x00ee02d4, 0x02f00228, 0x034300f1, 0x00300329, 0x204f8245, 0x054d6700, 0x12012708, 0x44001f00, 0x60005200, 0x7c006e00, 
	0x98008a00, 0xb400a600, 0xd000c200, 0xdc00d600, 0xe800e200, 0xf400ee00, 0x9682fa00, 0x13930620, 0x820c0121, 0x02f72689, 0x02150201, 0x207f821f, 
	0x2a0d8233, 0x020202f8, 0x02200216, 0x8234022a, 0x02f92a0d, 0x02170203, 0x022b0221, 0x2a0d8235, 0x020402fa, 0x02220218, 0x8236022c, 0x02fb2a0d, 
	0x02190205, 0x022d0223, 0x2a0d8237, 0x020602fc, 0x0224021a, 0x8238022e, 0x02fd2a0d, 0x021b0207, 0x022f0225, 0x2a0d8239, 0x020802fe, 0x0226021c, 
	0x823a0230, 0x02ff3e0d, 0x021d0209, 0x02310227, 0x0206003b, 0x020a0200, 0x0228021e, 0x003c0232, 0x02ed0102, 0x2205820b, 0x820c02ee, 0x02ef2205, 
	0x2205820d, 0x820e02f0, 0x02f12205, 0x2205820f, 0x821002f2, 0x02f32205, 0x22058211, 0x821202f4, 0x02f52205, 0x29058213, 0x001402f6, 0x02500202, 
	0x4e820051, 0x0a364382, 0x4a020000, 0x1e004a02, 0x00000600, 0x0e000400, 0x6e002000, 0x37418000, 0x00262406, 0x823e0001, 0x82002003, 0x8203200f, 
	0x0001211f, 0x00233d82, 0x842c001c, 0x82042013, 0x01022405, 0x834e013d, 0xe602294b, 0x0000e802, 0xf102ea02, 0x01222b82, 0xe1470f00, 0x2323831d, 
	0x01009c01, 0x00200382, 0x01225f88, 0x11821200, 0x67848a20, 0x02208b83, 0x01225782, 0x2082ec00, 0xea01e822, 0xdd420782, 0x00662609, 0x013e0130, 
	0x5ea3424f, 0xdb820620, 0x7d823d20, 0xe1824e20, 0xcf820120, 0x0200d22a, 0xee02d402, 0xf0020b00, 0x2628e582, 0x30032903, 0x06002800, 0x0828af84, 
	0xca000200, 0x10002c00, 0x02240382, 0x3e003c00, 0x04200f82, 0x01203384, 0x01203384, 0x01203384, 0x01203384, 0x02201b82, 0x2526bb82, 0x31030100, 
	0xff843803, 0x47820220, 0x49841420, 0x19430120, 0x84062006, 0x22f38507, 0x43070000, 0x62220adb, 0xf9de2e00, 0x0020b985, 0x0920b984, 0x2420b984, 
	0x2621b984, 0x099d6a00, 0x0e00fe26, 0x34002200, 0x4834e982, 0x5c005200, 0x90007600, 0xac00a200, 0xc000b600, 0xe400ca00, 0x062ae382, 0xcb020c00, 
	0xd0020200, 0x0582cc02, 0x0100de26, 0xce020400, 0xd1200988, 0xcd200982, 0xd6201384, 0xd9200988, 0xd0240982, 0x08000300, 0x14225b82, 0x3b84dc02, 
	0x0582db20, 0xdd02ca22, 0x19873784, 0x1984e120, 0x1984df20, 0x0582e020, 0x6d85cf20, 0x00010327, 0x03060302, 0x20058202, 0x21598313, 0x09880403, 
	0x09820720, 0x13840320, 0x09880b20, 0x09820e20, 0x6d870620, 0x84110321, 0x8210203b, 0x03002205, 0x86378412, 0x1603216d, 0x14201984, 0x15201984, 
	0x05200582, 0x0e244782, 0xcd02ca02, 0xd520d982, 0x2305b94a, 0x03030003, 0x0a207982, 0x4105a94a, 0x96200a25, 0x0e260b82, 0x52003000, 0x09827400, 
	0x10000a28, 0x1c001600, 0xb3822d03, 0x2e03d022, 0xcf220582, 0x05822f03, 0x3003e222, 0xda200582, 0x2920218a, 0x2a202184, 0x2b202184, 0x2c202184, 
	0x3520218e, 0x36209584, 0x05220582, 0x05823703, 0x38031722, 0x0f200582, 0x3120438a, 0x32202184, 0x33202184, 0x34202184, 0x012a2184, 0xd4020400, 
	0x0903d702, 0xa98a0c03, 0xa9843620, 0x22001825, 0x82002c00, 0xe4012521, 0x62000200, 0x00210983, 0x250987ec, 0x0200e501, 0x1d844e01, 0x0987dc20, 
	0x00510027, 0x013d0153, 0x0807433f, 0x4a000122, 0x08202182, 0x06203382, 0x0122eb82, 0x0d825401, 0x00220585, 0x0b820e00, 0x03826620, 0x83000121, 
	0x00002205, 0x08d5420f, 0x14000122, 0x200ae342, 0x254d8201, 0x00010006, 0x4b830201, 0x4f860020, 0xa1820e20, 0xbc00b226, 0xa8019f01, 0xb0269784, 
	0x9d01bb00, 0x438aa701, 0x08000622, 0x3d206d84, 0xd022138a, 0x0d8a2800, 0x4600c222, 0xb4220d8a, 0x0d8a3200, 0xefff0622, 0xe1837384, 0x23063546, 
	0x3c009200, 0x0226d984, 0x22000a00, 0x1f820300, 0x03821220, 0x83004221, 0x0000221f, 0x202f841f, 0x2017883d, 0x2217862a, 0x82020020, 0x021f22bb, 
	0x200f8628, 0x22978401, 0x84f6ff06, 0x02292217, 0x20178232, 0x20038206, 0x20558202, 0x203d8424, 0x8559842c, 0x82222055, 0x8202200b, 0x88ed2003, 
	0x821c2057, 0x8201202b, 0x00222103, 0x01231782, 0x84f601ed, 0x0002240f, 0x886a017d, 0x000228bf, 0x0104000e, 0x83e701e6, 0x20158203, 0x22038204, 
	0x82ed007d, 0x84042021, 0x0008242d, 0x82140001, 0x28078303, 0x00bd0204, 0x026a0103, 0x220f8241, 0x41720001, 0xa3840c03, 0x02f70123, 0x20bb8e00, 
	0x22bb84ec, 0x8d140201, 0x14002117, 0x2f8f9385, 0x0222d982, 0xab850200, 0x02010225, 0x880a000a, 0x00022465, 0x482f0064, 0x05266061, 0x51025102, 
	0x83450000, 0x020a2c0a, 0x00f102f0, 0x03290325, 0x42270030, 0x26200af9, 0x0a20c182, 0x0124c782, 0xdd010400, 0x3820b382, 0x06240f82, 0xdf010c00, 
	0x4a220b82, 0xe942e001, 0x00022406, 0x8a3001b8, 0x421a2035, 0x0c2208e5, 0x2382de01, 0xe1013d22, 0x54200582, 0x012c1582, 0x00003001, 0x01000000, 
	0x00000000, 0x835dfa05, 0x000018ed, 
};

}
