#pragma once
namespace kte::Fonts::ETBook {
// File: 'ETBook-Roman.ttf' (71688 bytes)
// Exported using binary_to_compressed_c.cpp
static const unsigned int DefaultFontRegularCompressedSize = 57256;
static const unsigned int DefaultFontRegularCompressedData[57256/4] =
{
	0x0000bc57, 0x00000000, 0x08180100, 0x00000400, 0x00010025, 0x82110000, 0x00042e04, 0x54464610, 0xf9c56a4d, 0x010000d5, 0x2c15821c, 0x4544471c, 
	0x00160146, 0x01000004, 0x280f8238, 0x2f534f20, 0x241b6532, 0x200f823b, 0x280f8258, 0x616d6356, 0x44e5b970, 0x200f829e, 0x2c0382b0, 0x747663ea, 
	0x07a50e20, 0x030000d9, 0x281f829c, 0x6770662a, 0x2fb4536d, 0x280f82a7, 0x020000c8, 0x73616765, 0x24178270, 0x06000010, 0x28078230, 0x796c6708, 
	0x00eb6766, 0x2f0f82f9, 0x05010038, 0x616568f8, 0xa3690564, 0x0c01001d, 0x36211f83, 0x21108268, 0x2b82dc0e, 0x680c0122, 0x24282f82, 0x78746d68, 
	0x243ffde4, 0x8c201f82, 0xa42b5382, 0x61636f6c, 0xd4efd9af, 0x82100100, 0xd4012d2f, 0x7078616d, 0xc8020602, 0x04120100, 0x20282f82, 0x656d616e, 
	0x7a4bfd30, 0x24200f82, 0x4c2b7f82, 0x74736f70, 0xa67bf48b, 0x82140100, 0xdb022d87, 0x70657270, 0xa29c9f66, 0x4c170100, 0xb32b2f82, 0x66626577, 
	0x1e53047c, 0x82180100, 0x0600210e, 0x01200482, 0x00240382, 0xcfa23dcc, 0xcf230783, 0x85832a44, 0x822c2207, 0x20198300, 0x200d820e, 0x82038218, 
	0x220f825c, 0x82e80001, 0x82042005, 0x0002300f, 0x03010000, 0x0090012e, 0x05040005, 0x829a0533, 0x851f200e, 0xd7032507, 0x10026400, 0x05213083, 
	0x82258203, 0x00802702, 0x0040af00, 0x0a824a00, 0x50330284, 0x00644566, 0xfb0d0040, 0xfe660604, 0x07000066, 0x8278022b, 0x82898418, 0x00002207, 
	0x83058203, 0x001c2103, 0xe4221385, 0x09840300, 0x04001c24, 0x1b82c800, 0x20002e22, 0x0e200982, 0x2a080982, 0x007e000d, 0x01ff00b4, 0x02780153, 
	0x20dc02c6, 0x2014200a, 0x201e201a, 0x20262022, 0x203a202f, 0x21ac205f, 0xfbfc2522, 0x82ffff04, 0x0000222d, 0x2439820d, 0x01b600a0, 0x262f8652, 
	0x20102000, 0x861c2018, 0x8839202f, 0x8201202f, 0x012a082f, 0xe3fff5ff, 0xc1ffc2ff, 0x4bff6fff, 0xe9fdfefd, 0xc1e0c6e0, 0xbde0bee0, 0xb7e0bae0, 
	0xa6e0afe0, 0x36e082e0, 0xe8dac1df, 0x9d84e405, 0x04a76084, 0x00060122, 0x01263488, 0x00000002, 0x008d0002, 0x00019708, 0x05040300, 0x09080706, 
	0x0d0c0b0a, 0x11100f0e, 0x15141312, 0x19181716, 0x1d1c1b1a, 0x21201f1e, 0x25242322, 0x29282726, 0x2d2c2b2a, 0x31302f2e, 0x35343332, 0x39383736, 
	0x3d3c3b3a, 0x41403f3e, 0x45444342, 0x49484746, 0x4d4c4b4a, 0x51504f4e, 0x55545352, 0x59585756, 0x5d5c5b5a, 0x61605f5e, 0x88868500, 0x9d97928a, 
	0xa5a3a1a2, 0xaaa8a6a4, 0xaeacaba9, 0xb2b0afad, 0xb7b5b3b4, 0xbcbabbb6, 0x647200bd, 0x77dc6965, 0xe36b70a0, 0x87006a76, 0x00730099, 0xa5856700, 
	0x007b6c27, 0x6380b9a7, 0x080d836e, 0xdd7c6d31, 0x96848162, 0xd5d4c2c1, 0xd7d6dad9, 0xc3c000b8, 0xe0dfe200, 0x7800e6e5, 0x8300dbd8, 0x898c828b, 
	0x8d908f8e, 0x93009594, 0x009a9c9b, 0x8271c5c4, 0x82792035, 0x00003703, 0x5603faff, 0x43003305, 0x4a003b00, 0x62004e00, 0x7900c700, 0x0582a200, 
	0x00dd2c08, 0x0081007f, 0x00530076, 0x00c4008b, 0x001105d4, 0x2c00b000, 0x4b1300b0, 0x58504cb0, 0x59764ab0, 0x3f2300b0, 0x2b06b018, 0x84593d58, 
	0x7d2f0813, 0xb0d42059, 0x182e1301, 0x2c01b02d, 0x0cb0da20, 0x02b02d2b, 0x58524b2c, 0x21592345, 0x2c03b02d, 0xb0201869, 0x21585040, 0x2d5940b0, 
	0x832c04b0, 0x2321293a, 0xdd587a21, 0x1b59cd1b, 0x582f2782, 0x59ed1bfd, 0xb021231b, 0xb0582b05, 0x84597646, 0x59592118, 0x052c4f82, 0x5a5c0d2c, 
	0x2c06b02d, 0x880122b1, 0x20267d82, 0x1b5c5c88, 0x468200b0, 0xb12c0723, 0x20128424, 0x2c128840, 0x11122c08, 0x2d2f3920, 0x202c09b0, 0x2064837d, 
	0x335f82c4, 0x2503b020, 0xb0202349, 0xb04a2604, 0x8a585000, 0x20618a65, 0x38260883, 0x5921211b, 0x0d848a1b, 0x84585221, 0x2070830d, 0x239d850a, 
	0x21101b10, 0x0b236482, 0x84d2202c, 0x2c0c34ce, 0x07b02f20, 0x20585c2b, 0x46234720, 0x58206a61, 0x84626420, 0x831b2034, 0x830d2027, 0x2b7a8279, 
	0x47208a20, 0x2361468a, 0x238a208a, 0x23266e84, 0x585200b0, 0x298240b0, 0x7683df82, 0x6540b022, 0x5b820c83, 0x69840e20, 0x18d63d2b, 0x201b2121, 
	0x524b8ad6, 0x20348258, 0x209b8249, 0x838d8555, 0x2426829f, 0x20232c0f, 0x2b7c86d6, 0x4b582023, 0xb0211b53, 0x8a585901, 0x4929d082, 0x20238a23, 
	0x238a498a, 0x20528261, 0x82ce8321, 0x2b068204, 0x2c10b02d, 0x12b0da20, 0x11b02d2b, 0x0883c083, 0xc08e1220, 0x2325a882, 0x6a612346, 0x83c98b60, 
	0x2c1321ca, 0x8a31c482, 0x03b02087, 0x23644a25, 0x20b0078a, 0x1b3c5850, 0x2f8982c0, 0x00b32c14, 0x42400140, 0xb84b0142, 0x00630010, 0x2c830584, 
	0xb9825520, 0x528a2025, 0x82622358, 0x422322bd, 0x3306821b, 0x59422301, 0x5240b020, 0x2000b258, 0x42634300, 0x012001b2, 0xb0280682, 0x19b06320, 
	0x59211c65, 0x2d24dc83, 0xb02c15b0, 0x23211582, 0x222182b0, 0x82002d23, 0x01290800, 0xffff0100, 0x02000f00, 0x00004400, 0x55056402, 0x07000300, 
	0x01b12e00, 0xb23c2f00, 0xed030407, 0x0506b132, 0x03b23cdc, 0x220a8202, 0x8303b100, 0x83052016, 0x07b22716, 0x3cfc1406, 0x178301b2, 0x21113337, 
	0x11212511, 0x20024421, 0x980124fe, 0x550568fe, 0x0444abfa, 0x085f82cd, 0xa8000229, 0x8b01e1ff, 0x09008505, 0x29001600, 0x0008b200, 0x03b42b00, 
	0x04130007, 0x17b0012b, 0xd600b02f, 0xb13216b0, 0x83e90c05, 0xb0650803, 0x18b13211, 0x30002b01, 0x36343731, 0x14151632, 0x12262206, 0x17333626, 
	0x0307011e, 0x0327010e, 0x41633fa8, 0x063f6341, 0x43212102, 0x4e041b3b, 0x4e0a2906, 0x3b3b314e, 0x3e3e2f31, 0x1b262505, 0x351f0202, 0x050e4afc, 
	0x00b60313, 0x87000200, 0xe702dd02, 0x11006405, 0x60002100, 0x2f1cb000, 0x000714b4, 0x20798307, 0x83798322, 0x0fb33b72, 0x2b080005, 0x00090ab4, 
	0xb02b042f, 0x12b11005, 0x17b12b01, 0x1ab3e90c, 0x17821217, 0x17851f20, 0xb42f1f23, 0x2109841a, 0x1e8223b1, 0x110f0a38, 0x3902b012, 0x1c14b100, 
	0x0bb21211, 0x39390212, 0x13313039, 0xb2833334, 0x0706072d, 0x22270603, 0x26032726, 0x84173425, 0x03470811, 0x26060706, 0x87260335, 0x083f356f, 
	0x0a3b0c04, 0x02170c17, 0x77011733, 0x163f3575, 0x0e11063b, 0x041b3721, 0x3b468bd9, 0x3d1f3d1f, 0x010ec5fe, 0x25011015, 0x0198217f, 0x74463b46, 
	0x0310c7fe, 0x01090e04, 0x82008f37, 0x022d0800, 0xc5ff5e00, 0xaf054405, 0xad009900, 0xb2001602, 0x2b00010f, 0x33a64eb1, 0x0716b433, 0x2b041f00, 
	0x324029b1, 0x2f96b032, 0x7f7d6cb2, 0x20158233, 0x08158404, 0x9e5eb23b, 0x323232a0, 0x0a0496b2, 0x9640b32b, 0xb02b0976, 0xb001328a, 0xafb12fae, 
	0x36b02b01, 0xa43eba1a, 0x1500e0f2, 0xb00e0a2b, 0x1cb0108f, 0x0d83b1c0, 0xc025b0f9, 0xf3ba3eba, 0x2b16834e, 0xb01079b0, 0x73b1c0a3, 0x59b0f90e, 
	0x61221582, 0x1584aff1, 0xb010a22b, 0x5cb1c033, 0x3db0f90f, 0x273882c0, 0x1c8f08b3, 0x09b32b13, 0x1b200584, 0xb02f0583, 0x26b31083, 0x2b132583, 
	0xb310a2b0, 0x8233a22f, 0x8431201d, 0x83322005, 0x5cb02605, 0x5c3eb310, 0x251d823d, 0x5ab31073, 0x1d825973, 0x05845b20, 0x05837220, 0xb3237382, 
	0x82a3797a, 0x2044821d, 0x23448482, 0x90b3108f, 0x91205c84, 0x92200584, 0xb1230583, 0x830833a2, 0x83a2202a, 0x3eba242a, 0x822df3b4, 0x830b209a, 
	0x83ac2078, 0xadb32133, 0xb23d0583, 0x201c8f90, 0x238a208a, 0x12110e06, 0x3991b039, 0xb03992b0, 0x09b03908, 0x391bb039, 0x835c82b2, 0x39ad2815, 
	0xb039acb0, 0x82b23926, 0x200f8275, 0x828582b2, 0x5bb02906, 0x395ab039, 0x33a22fb2, 0x31250c83, 0x3932b039, 0x82b482b2, 0x0021080c, 0x09081e40, 
	0x26251c1b, 0x3e3d312f, 0x73725c5b, 0x83827a79, 0xa3a29291, 0x3332adac, 0x908f5a59, 0x20009c2e, 0x083ebd01, 0x1a40b02c, 0x04b10001, 0xb0121196, 
	0x0fb0397e, 0x399fb011, 0xb01216b0, 0x31303948, 0x34372613, 0x3632013b, 0x27361337, 0x2223022a, 0x10823726, 0x17363723, 0x3a118216, 0x011e023e, 
	0x07011e17, 0x33160603, 0x3e370436, 0x37123701, 0x33053e34, 0x82163637, 0x16332b13, 0x1e033a37, 0x16151401, 0x3a841407, 0x15060e24, 0x15820603, 
	0x1636322e, 0x0e140715, 0x23062202, 0x0e222706, 0x0e243f82, 0x22012b01, 0x26236182, 0x84072627, 0x22042c0f, 0x2e220723, 0x35013e01, 0x82263613, 
	0x012e291b, 0x17021e24, 0x37321736, 0x23230f82, 0x82060726, 0x03b70801, 0x2d06065e, 0x0412199a, 0x101d0442, 0x1f1b5869, 0x08040216, 0x147c912b, 
	0x044c040c, 0x270a1106, 0x0608230c, 0x0e0e0445, 0x2b1b012d, 0x35040c17, 0x0702040e, 0x080e0a04, 0x07101932, 0x371e0647, 0x060e0453, 0x0207040a, 
	0x39102f07, 0x0d080c42, 0x04040808, 0x083c0402, 0x107f6227, 0x06050f1b, 0x17061004, 0x1f6e7902, 0x43080712, 0x3c181304, 0x08430b25, 0x98be190c, 
	0x44081025, 0x12060a02, 0x20071e09, 0x02020b0a, 0x0a064406, 0x0d14811b, 0x0473010a, 0xc1020a04, 0x3e082fac, 0xc7170a06, 0x0406259b, 0x98014204, 
	0x0c21201f, 0x1f3b0119, 0x1b130e02, 0x82021730, 0x150a3264, 0x13106c01, 0x02040206, 0xfe1f0c02, 0x04150ca4, 0x28098206, 0x42080117, 0x0f061404, 
	0x28878304, 0xa6fe1621, 0x04060621, 0x2d968206, 0x02011b44, 0x10050802, 0xfe041504, 0x3f8225e2, 0x14112108, 0x080d0a3d, 0x04040204, 0xfe0b2009, 
	0x35141bb5, 0x191b4301, 0x02080802, 0xb2fe220b, 0x040a130c, 0x10359582, 0x0104170c, 0x02101948, 0x020d9010, 0x08080408, 0x21290125, 0x083d8210, 
	0x13080a25, 0x0000cbfe, 0x4a000500, 0x790325ff, 0x68004405, 0x85007400, 0xa0009300, 0xb200cd00, 0x2b00022c, 0x85331db0, 0x91380807, 0x0324b12f, 
	0x1024b0e9, 0xd62017b0, 0x0373b111, 0xa1b001e9, 0xd614b02f, 0x000969b4, 0xb02b042e, 0x0db11069, 0x19b22b01, 0x32326d61, 0x0975b432, 0x2b041e00, 
	0x86581fb2, 0xb2350d82, 0x2b0a750d, 0x000d40b3, 0x75b02b09, 0x0151b110, 0x7b29b22b, 0x2118828c, 0x268549b4, 0x943d2f22, 0xb2220d82, 0x26835149, 
	0x09354930, 0x1049b02b, 0x2b019ab1, 0xe90a44b1, 0x0782a2b1, 0x690d2508, 0x06b31211, 0x24651710, 0x75b03917, 0x5f5eb211, 0x39393971, 0x115149b1, 
	0x392cb012, 0xb3119ab0, 0x47413a32, 0x00281c82, 0x119117b1, 0x9032b112, 0x2c211d82, 0x33098224, 0x39393029, 0x34373130, 0x17323336, 0x3217041e, 
	0x27261137, 0x35330182, 0x32373634, 0x3f36013d, 0x15171601, 0x3633021e, 0x82361617, 0x33372d0e, 0x14071532, 0x15011e17, 0x22230614, 0x07252882, 
	0x1e171611, 0x3c0d8202, 0x14152207, 0x012b1417, 0x34013f26, 0x22270623, 0x14171506, 0x07061416, 0x3d372623, 0x25528401, 0x16171413, 0x44823437, 
	0x0607262d, 0x16331613, 0x11353237, 0x832f2634, 0x1506221c, 0x211c8211, 0x10823617, 0x1d822720, 0x14130728, 0x3637011e, 0x1c823435, 0x1706c908, 
	0x35212f4a, 0x060e0423, 0x1010160f, 0x79080601, 0x63783923, 0x170e0408, 0x05020810, 0x31330806, 0x16020b04, 0x0a021219, 0x1f297c66, 0x171f2d31, 
	0x54060610, 0x7f965a65, 0x1f16020a, 0x13020414, 0x0f04352b, 0x06070203, 0x02040c33, 0x3d36870a, 0x070a4baa, 0x54060402, 0x3f09049d, 0x040f0b31, 
	0x0813143d, 0x620c0909, 0x2f3f0b11, 0x08c9010e, 0x62790206, 0x020a0619, 0x583121d5, 0x1c0f290c, 0x011c0c15, 0x5c070ef6, 0x5c60482b, 0x6e132193, 
	0x0402030a, 0x0a02560f, 0x02040406, 0x0a520612, 0x0c601707, 0x37621f0b, 0x2f442b21, 0x8bfe0818, 0x4e350625, 0xae73528d, 0x3a681324, 0x8c140412, 
	0x0a080614, 0x0d04830a, 0x6a085282, 0x99091204, 0x372b0510, 0x4e560342, 0x03160842, 0x0f02f102, 0xf1fb2d02, 0x140a0e12, 0x1b0aa201, 0x0c0c2702, 
	0x01120e04, 0x0a081416, 0x010c0840, 0x12011487, 0xfb1b0208, 0x020906e2, 0x64834202, 0x10041042, 0x05000008, 0x75ff5a00, 0x1b052105, 0x16000b00, 
	0x2f002300, 0x7b003a00, 0x0033b200, 0x2db12b00, 0x38b0e903, 0x8227b12f, 0x2f092306, 0x06820fb1, 0xb12f1432, 0x01e90303, 0xb02f3bb0, 0x0cb1d600, 
	0x0cb0e909, 0x20057047, 0x270a8206, 0x24b11006, 0x30b12b01, 0x30230a82, 0x8236b110, 0x092a240a, 0x823cb1e9, 0x12230807, 0xb312110c, 0x22230903, 
	0xb1391724, 0x12113036, 0x1c2d27b2, 0x00393939, 0x113338b1, 0x3924b012, 0x820f14b1, 0x00280807, 0x13313039, 0x32333634, 0x010e0716, 0x37262223, 
	0x32331614, 0x23263436, 0x01130622, 0x16011f36, 0x07060107, 0x01222306, 0x24082395, 0x7b79a85a, 0xa60202ac, 0x75ac777b, 0x5e52505e, 0x5a4e5660, 
	0x12210333, 0x0c13181b, 0x0606e3fc, 0x01312504, 0x3f2392ef, 0xaa83aa03, 0xaa8381a6, 0x786f81aa, 0x7b77dd7b, 0x6e0583fb, 0x050b0a19, 0x0c99fa1d, 
	0x5c010204, 0x2a081d85, 0x786f83a8, 0x7a76de7a, 0x03000000, 0xd9ff5600, 0xf2040a06, 0x63005300, 0x9f006d00, 0x0127b200, 0x22b12b00, 0x2eb0e904, 
	0x8207b232, 0x0fb2210b, 0x512e0483, 0xb02b0000, 0x57b43348, 0x04200007, 0x0e83b22b, 0x41b12508, 0x6bb0e907, 0x030bb12f, 0x6eb001e9, 0xd600b02f, 
	0xe90854b1, 0xb11054b0, 0xb12b0108, 0xb0e90a64, 0x68b11064, 0x0e240a82, 0x6fb1e90a, 0x32080782, 0x12110864, 0x510504b2, 0xb0393939, 0x10b41168, 
	0x1157130b, 0xb0391724, 0x14b1120e, 0x0039395b, 0x114157b1, 0x3946b012, 0x115127b1, 0x4418b412, 0x8366614e, 0x116b261e, 0x640e08b3, 0x2c0a8268, 
	0x34133130, 0x36373637, 0x34352627, 0x06e14836, 0x84171621, 0x39168201, 0x3435013e, 0x2e23012e, 0x33363701, 0x17363716, 0x0e071415, 0x07060703, 
	0x0482010e, 0x26820620, 0x33011e2c, 0x16363732, 0x22230607, 0x01822726, 0x99410884, 0x85538305, 0x13e00812, 0x35361714, 0x22232634, 0x35795606, 
	0x830b239a, 0xa27b87a6, 0x040206d3, 0x45585e44, 0x374e1308, 0x462d382f, 0x04040802, 0xe0871602, 0x0a1c0414, 0x0e2b1f3c, 0x290e331d, 0x0a653f02, 
	0x37222508, 0x71352b40, 0x930e1d0e, 0x3b64567e, 0x130c110a, 0xce98e1f0, 0x546e87c7, 0x0a0a46c7, 0x50716648, 0xb6be1b0e, 0x41507f91, 0x4801443b, 
	0x482f68a2, 0x8a7d0717, 0x607b8f75, 0x10047693, 0x565b3304, 0x62180e66, 0x157c4859, 0x04060c0e, 0x060c0921, 0x1b140408, 0x04020510, 0x1d0d1004, 
	0x064e1d5d, 0x0d0a7075, 0x40643e3d, 0x0635044e, 0x146c4e77, 0xf013171e, 0x8f75b4d3, 0x110a4c62, 0x35716a6f, 0x028f120a, 0x50738316, 0x4a5a4e89, 
	0x4e000100, 0x3101e702, 0x14006405, 0xb0003100, 0x02b42f0d, 0x2406754a, 0x00b02f15, 0x07ec4ad6, 0x0116b12f, 0x0005b12b, 0x12b01211, 0x02b10039, 
	0x2408820d, 0x3130390b, 0x06344a13, 0x07063408, 0x27010e03, 0x2627012e, 0x4e260335, 0x0a40356e, 0x0432040c, 0x09171312, 0x19320202, 0x0196cf04, 
	0x37273b46, 0xe7fe1842, 0x02021914, 0x04081009, 0x827f1d01, 0xfea22e7b, 0x05750235, 0x001500a4, 0xb0010016, 0x2b718316, 0x000a0ab4, 0xb12b041a, 
	0x002b0117, 0x102e6082, 0x16363712, 0x06030607, 0x17121411, 0x0a821716, 0x26273e08, 0xb6d3a202, 0x8f123d1f, 0x67564e65, 0x4110483d, 0xcbac1714, 
	0x0001ec01, 0x17c5f301, 0xfea01f3c, 0xfffecdfa, 0xb4c4fec9, 0x1f215668, 0x01be1b0a, 0x000000f0, 0xfe190001, 0x05e90135, 0x8369829a, 0x2f17296b, 
	0xb4d604b0, 0x1d000911, 0x18206b82, 0x46086b85, 0x11361336, 0x26270234, 0x37362627, 0x12161736, 0x07021015, 0x93192606, 0x68564e62, 0x020c3e39, 
	0xb0212510, 0x21b7d0c6, 0xa479fe41, 0x01cd0201, 0x3b01c704, 0x0c4866b6, 0x211f0f29, 0xfe17fec1, 0x0afefcfe, 0x823819c1, 0x9e26086b, 0xbc03cd01, 
	0x6e006405, 0xb0009500, 0x6cb02f4d, 0x0748b433, 0x2b041800, 0xb03203b0, 0x3ab02f10, 0x0716b433, 0x0f821700, 0x0132353d, 0xb02f6fb0, 0x26b0d65e, 
	0x0a5ab132, 0x322bb0e9, 0x5e5a54b3, 0x64b42b08, 0x821e0009, 0x2f642620, 0xb43322b0, 0x080c8554, 0xb1322f2b, 0xb12b0170, 0x12115e64, 0x5c2809b2, 
	0xb1393939, 0x1211545a, 0x412d29b3, 0x3917245b, 0x4d48b100, 0x00b51211, 0x63625651, 0x270f8268, 0xb31110b0, 0x65533021, 0x16270a83, 0x241db412, 
	0x43332e2d, 0x36230625, 0x43013e37, 0x27340529, 0x2e27022e, 0x36343501, 0x051e3233, 0x16171617, 0x26272635, 0x32270e82, 0x07141516, 0x83140706, 
	0x054a4325, 0x82010e21, 0x010e210f, 0x17232282, 0x8217011e, 0x0727431e, 0x12831520, 0x06141623, 0x83378222, 0x3437212e, 0xfd082883, 0x26222302, 
	0x04392f9e, 0x3e391954, 0x39421519, 0x0a2b2a14, 0x2f272f37, 0x0c13100a, 0x02120912, 0x04175a4a, 0x4a2b1d19, 0x011b1b2b, 0x42425c1a, 0x4f252f28, 
	0x2f115e19, 0x04050c49, 0x10284c0f, 0x2b4d1963, 0x1d312720, 0x02145848, 0x08050e1a, 0x082d4a2d, 0x011b090c, 0x174c5414, 0x211d2f14, 0x31d7022a, 
	0x13020c27, 0x0e251008, 0x0610230b, 0x10020b0a, 0x35172f27, 0x12090c04, 0x58021708, 0x601a0c37, 0x231d6054, 0x25233535, 0x19585c58, 0x4c523b0d, 
	0x1c441933, 0x0e061508, 0x06060623, 0x060c2909, 0x461a0813, 0x27272f1b, 0x120a355a, 0x13234f7b, 0x35354e12, 0x211c1d27, 0x19765015, 0x1d5e310d, 
	0x002f1b16, 0x91000100, 0x0a057700, 0x3d00f604, 0xb0004d00, 0x22b02f3b, 0x0709b433, 0x2b041f00, 0xb2321ab0, 0x2b0a3b09, 0x130940b3, 0xb0012b09, 
	0x37b02f3e, 0x320db0d6, 0xbd482ab4, 0x32172405, 0x83372ab2, 0x1f2a261e, 0x37b22b09, 0x250a832a, 0x2b090037, 0x72423fb1, 0x3c353605, 0x32023e02, 
	0x36322133, 0x26341135, 0x013b3435, 0x11151632, 0x25108206, 0x14011d16, 0xe4822306, 0x15140623, 0x26098211, 0x2e222706, 0x82013c03, 0x235e0826, 
	0x91262221, 0x0c080502, 0x14b60108, 0x501d020b, 0x19040a12, 0x101bba01, 0x56fe1f12, 0x09021004, 0x201d1f0c, 0x02090a08, 0x4ffe1c02, 0x9602101b, 
	0x04120437, 0x0a04020b, 0x06980112, 0x0f2f0411, 0x1443fe1e, 0x1b3f140f, 0x080b040a, 0x0a1f46fe, 0x04020808, 0x0f040a02, 0x1bb60104, 0xef83000c, 
	0xe7fe8f2e, 0xa8008501, 0x37001800, 0x0016b200, 0x2105054f, 0xe0820415, 0xb02f192e, 0x06b4d612, 0x04400009, 0x0612b22b, 0x1220cf83, 0x1a20cf83, 
	0xb127cf82, 0x12111603, 0x490600b1, 0x3e080819, 0x06141516, 0x2e270607, 0x37262701, 0x27343536, 0x26060726, 0x3d2d428f, 0x1d54684a, 0x0206020c, 
	0x0889100a, 0x442f1506, 0x583c2d3f, 0x27a05848, 0x0b020c0e, 0x52041f02, 0x04021460, 0x82390a06, 0x01003a8a, 0x98015a00, 0x26022b03, 0x1d001100, 
	0x2f10b000, 0x000704b4, 0xb42b041d, 0x25068407, 0x2f12b001, 0x4b4113b1, 0x34430806, 0x24163336, 0x15163217, 0x26070607, 0x5a222704, 0x01440c1b, 
	0x130a72d7, 0x9e1d0604, 0x0e6871fe, 0x1052b001, 0x04060213, 0x19500a17, 0x02060403, 0x01000000, 0xdbff8500, 0xc7007901, 0x2f000a00, 0x8609b200, 
	0x821220eb, 0x2a0b8add, 0x2f0bb001, 0xb1d600b0, 0x84e90c06, 0x840c2003, 0x82372071, 0x06f84f70, 0x3746852f, 0x6a424235, 0x42355048, 0x44333540, 
	0x08578242, 0xd5ff4c5b, 0x6a05a503, 0x00001400, 0x36373416, 0x1f363700, 0x06163201, 0x27060107, 0x012e022a, 0x0177064c, 0x0f1475ca, 0x020d0866, 
	0x144dfd0a, 0x15160419, 0x1519131c, 0x7b03e10e, 0x040121e4, 0xfa0e1b0e, 0x020229cd, 0x02000006, 0xdbff4600, 0x1f05a603, 0x19000700, 0xb2004b00, 
	0x08a58207, 0x050cb125, 0x2f16b0e9, 0xe90503b1, 0x2f1ab001, 0xb4d601b0, 0x2e000a08, 0x08b02b04, 0x0111b110, 0x0a05b12b, 0x821bb1e9, 0x08112f07, 
	0x02b31211, 0x24030706, 0xb1003917, 0x0d820c16, 0x05040023, 0x080d8201, 0x1231304e, 0x12201210, 0x03200210, 0x33161714, 0x36373632, 0x2e273435, 
	0x07222301, 0x01f94606, 0xfefafa6d, 0x31234593, 0x157250a8, 0x70172727, 0x2335a450, 0x2d026601, 0x74fe8c01, 0x75fed3fd, 0x93f0a202, 0xac5a7bd5, 
	0x68b0d3d7, 0x0091d56d, 0xb224f382, 0x1703f8ff, 0x2b22a782, 0x37424100, 0xb0210805, 0x11b13318, 0x1eb0e906, 0x2cb00132, 0xd623b02f, 0xe90a0eb1, 
	0x0a230eb2, 0x0e40b32b, 0xb12b0914, 0x27a1822d, 0x1211230e, 0x391706b1, 0x11219e82, 0x210a8216, 0xa2501a17, 0x82372005, 0x08038290, 0x16323373, 
	0x14151317, 0x32331716, 0x26271417, 0x26270605, 0x32333637, 0x35013e37, 0x07012e13, 0x27060706, 0x626d08b2, 0x1e101e42, 0x02191018, 0x522d1902, 
	0xa827061d, 0x081dddfe, 0x21100204, 0x14290448, 0x0b1a0402, 0x1110684c, 0x0712db03, 0x253b5e4c, 0x0e1b061b, 0x2718bcfb, 0x31290223, 0x04080a04, 
	0x230a1b10, 0x2d2b0202, 0x17106203, 0x08333708, 0x20cb8210, 0x20cb824e, 0x37cb828d, 0x0095003e, 0x00003cb2, 0x072ab42b, 0x2b041c00, 0xb0322cb0, 
	0x1db42f13, 0x01280c84, 0xb02f3fb0, 0x16b4d61a, 0x23059f45, 0x10b11016, 0x202fd082, 0x35b0e908, 0x1020b032, 0xd62034b0, 0x852fb411, 0x2f2f231c, 
	0x098434b4, 0x8240b121, 0x1a162123, 0x2408e983, 0xb039393c, 0x06b61110, 0x2c28251d, 0x17243b3a, 0x122fb039, 0x39382db1, 0x2034b139, 0x31b01211, 
	0x2ab10039, 0x2d08823c, 0x13b0393e, 0x1706b711, 0x2f2b2018, 0x27823431, 0x3731302a, 0x37013e34, 0x083e3736, 0x26058c48, 0x22270607, 0x45013e37, 
	0x022906a9, 0x16010e07, 0x16173617, 0x22228236, 0x4a143217, 0xda080564, 0x27220722, 0x020c084e, 0x58089860, 0x38184c17, 0x6f0a1d14, 0x27a26066, 
	0x071d2108, 0xa2a3e51b, 0x903b7cb6, 0x02082dc1, 0x7b9a1e1b, 0x06115573, 0x1e100a1d, 0x2d162c04, 0x2b79fefe, 0x0e081d0c, 0x9b710211, 0x52195a08, 
	0x4c3a4d25, 0x8d73294d, 0x01197387, 0xd1d5b41b, 0x4ea07da4, 0x0830bc97, 0x0803100e, 0x542d0608, 0x3d04061b, 0x081710cf, 0x01001408, 0xdbff5400, 
	0x1f058b03, 0x66003600, 0x0034b200, 0x08b42b00, 0x04460006, 0x3408b22b, 0x00b32b0a, 0x2b090308, 0xb42f1cb0, 0x1f000726, 0xb0012b04, 0x0bb02f37, 
	0x0a31b4d6, 0x2b042e00, 0x0b3129b3, 0x19b12b08, 0x19b0e90a, 0x0a29b12f, 0x0138b1e9, 0x190bb12b, 0x2bb21211, 0x39392e2c, 0x1129b039, 0x00392fb0, 
	0x82081cb1, 0x29202212, 0x4d128231, 0x01220894, 0xa7493233, 0x06072705, 0x37262726, 0x0d853736, 0x06070622, 0x28410d82, 0x068b0807, 0x011e1716, 
	0x23001415, 0x2f542622, 0x3d582921, 0x936d2d48, 0x2f425266, 0x1008210a, 0x5c446216, 0x89444c68, 0x1f23082f, 0x76cd390d, 0x0e85a075, 0x7f6a0a04, 
	0x7dcdd5fe, 0x31217bc2, 0xc91f3348, 0x21967593, 0x170a0408, 0x5e454816, 0x63644857, 0x0c0a1254, 0x8798851b, 0x0e6f8369, 0xbe170214, 0xdbfec381, 
	0x0000005c, 0xff4c0002, 0x05c303db, 0x002d001f, 0x006c003c, 0x000020b2, 0x2f2cb02b, 0x332a17b1, 0x0731b433, 0x82042000, 0x32333bd9, 0x2c31b232, 
	0x40b32b0a, 0x2b090531, 0x2f3db001, 0xb1d624b0, 0x32323735, 0xfd821cb1, 0x821e0821, 0x1c24211f, 0x242a1f83, 0xb12b0900, 0xb12b013e, 0xfa82241c, 
	0x36200622, 0x0031fa82, 0x11202cb1, 0x2b1cb112, 0x31b03939, 0x0112b211, 0x08148232, 0x133130f8, 0x36011235, 0x0716013b, 0x37171411, 0x17031e32, 
	0x06150616, 0x0e22010f, 0x07161501, 0x07260714, 0x37263522, 0x0627022e, 0x06372625, 0x37161716, 0x27363736, 0x0607012e, 0x01fc4c02, 0x06251747, 
	0x8c1c082b, 0x08040e02, 0x09060207, 0x048c1a04, 0x0408120a, 0x29352127, 0x08020606, 0xfea80a09, 0x049b23e2, 0xc3601615, 0x0808021f, 0x580f0a04, 
	0x238701d5, 0xc3019301, 0xfd320c1f, 0x04121231, 0x0c070202, 0x02400808, 0x02070317, 0x5ed51316, 0x0406022d, 0x126cc12f, 0x0c020613, 0x089e020c, 
	0x08080312, 0xfecb1f08, 0x77080c1d, 0x0000bffe, 0xff710001, 0x056003db, 0x0039001f, 0x37b2008c, 0xb12b0000, 0xb2e9060a, 0x2b0a370a, 0x030a00b3, 
	0x0fb02b09, 0x0731b42f, 0x2b041900, 0xb42f28b0, 0x1a000719, 0xb0012b04, 0x0db02f3a, 0x0a34b4d6, 0x2b042e00, 0x2b543bb1, 0xe83f2305, 0x2b5481fc, 
	0x10153205, 0xb1c016b0, 0xb0f9102c, 0xb300c02b, 0x2c2b1615, 0x2000822e, 0x3f098801, 0x011a40b0, 0x110d34b1, 0x231fb212, 0x39393928, 0x0a0fb100, 
	0x12b11211, 0xb0393934, 0x2eb01131, 0x0807ee4f, 0x17021e28, 0x36323316, 0x22232610, 0x26270607, 0x33361337, 0x3e023a05, 0x37363701, 0x010f1633, 
	0x2507010e, 0x06030706, 0x804c3716, 0x007d0805, 0x71262223, 0x3419232f, 0x23073b1f, 0x8d88662a, 0x1d525e79, 0x2b01140c, 0x24015904, 0x180e280a, 
	0x110a060f, 0x10041216, 0xfe251908, 0x0e0823a0, 0x3d0d1402, 0xfee7ae4c, 0xa57bcbfc, 0x1a312166, 0x1d063719, 0xa61301be, 0x0e081038, 0x31420221, 
	0x060a0204, 0x1b0c010c, 0x02111473, 0xff1b0a06, 0x06080e00, 0xc1b2f217, 0x004cfafe, 0x00020000, 0x03dbff64, 0x00190585, 0x00270018, 0x05854563, 
	0x1cb12508, 0x22b0e903, 0x0610b12f, 0x2f08b0e9, 0xe90403b1, 0x2f28b001, 0xb1d600b0, 0xb0e90819, 0x1fb11019, 0x13b42b01, 0x08053741, 0x2b012939, 
	0x11191fb1, 0x1009b312, 0x17240c16, 0x1113b039, 0x390708b1, 0x22b10039, 0xb112111c, 0x39391300, 0xb01110b0, 0x08b0390d, 0x3909b012, 0x10133130, 
	0x1f362500, 0x82071601, 0x26f588f9, 0x02222306, 0x43161437, 0x4e080982, 0x01640607, 0x21340156, 0x1f0c0a0a, 0x042bd4c5, 0x7b420c16, 0xa6ddc49a, 
	0x7ab5e0be, 0x69696273, 0x19815060, 0xf8010203, 0xa9011901, 0x0e130a5f, 0xe1580c19, 0x081912a8, 0xb0a2e12d, 0xc52d01f8, 0xa4b0e3cf, 0x1262ad9c, 
	0x0000172d, 0x82440001, 0x046237e3, 0x001c00fe, 0x14b00033, 0x0706b42f, 0x2b041a00, 0x013204b0, 0xd7831db0, 0x451ab421, 0x1e200568, 0x1a25cc82, 
	0xb0121100, 0x21bf8201, 0x08821406, 0xb1830520, 0x013e3735, 0x32250417, 0x01010f16, 0x26012f06, 0x26360137, 0x82210607, 0x08c38203, 0x020a4445, 
	0x31011533, 0x20176401, 0x21fe0402, 0x2744250e, 0x06c60113, 0xfe62151a, 0x100c60db, 0x0439040d, 0x3014ba02, 0x1b0a0a02, 0x48fb1f12, 0x060a0625, 
	0x0c210429, 0x0204021f, 0x104a0c0c, 0x00000001, 0x82520003, 0x05662a9f, 0x0018001b, 0x00350026, 0x0a854165, 0xb12f3328, 0x01e9030a, 0x7e4136b0, 
	0xe90a2c05, 0xb03227b0, 0x07b41019, 0x821d0009, 0x2f0721c1, 0xb1210c82, 0x20b68230, 0x291a820c, 0x11d6201f, 0xe90a13b1, 0x108237b1, 0xc7821f20, 
	0x0a04b528, 0x16110f0e, 0xce821724, 0x111c332a, 0x0600b512, 0x2d24130c, 0x30230f82, 0x82341331, 0x26272bd6, 0x20363437, 0x07141516, 0xa14b1606, 
	0x07874107, 0x2307be4e, 0x1617021e, 0x08070c45, 0x14c9526b, 0x01c90d13, 0xbd2601d5, 0x100e0ea8, 0xa0a6e7d9, 0x648b9ae7, 0x393a8c66, 0x9e1b278f, 
	0x47522b0f, 0x601c2138, 0x7d5c5a66, 0x77b23701, 0x750b1f0c, 0xacc78dbc, 0x0c61b483, 0xc7810a1b, 0x91cde1a2, 0x7197a17b, 0x4e3d3a62, 0x026a1414, 
	0x42563520, 0x160e1829, 0x856d9a53, 0x0002007d, 0x03e5ff50, 0x00190581, 0x00280019, 0x055d4968, 0x040db131, 0x000ab2e9, 0x17b02b00, 0x061db12f, 
	0x5126b0e9, 0x29260667, 0xd600b02f, 0xf6821ab1, 0xb1101a27, 0xb42b0123, 0x05904206, 0xc3412a20, 0x0cb12c06, 0xb039390d, 0x0eb31123, 0x82121703, 
	0xb10034f1, 0x12110d17, 0xb0390eb0, 0x13b0111d, 0x1226b039, 0x480006b1, 0x36260538, 0x15123233, 0x29480010, 0x36372505, 0x22263637, 0x4609ca4f, 
	0x5a080909, 0xc1a8e950, 0xfeb6fedf, 0x141629d1, 0x5677e722, 0x130a041d, 0x9a7d4e06, 0x6277b2d4, 0x04277550, 0x64757b02, 0xae770377, 0xf0d7fef4, 
	0x5dfee9fe, 0x171d0c61, 0x6a936410, 0x02191284, 0x9ab6e137, 0x2a1f58af, 0xddcf3317, 0x000000ae, 0xff9c0002, 0x037501ec, 0x00070035, 0x49330011, 
	0xb42b05a3, 0x14000703, 0x10b02b04, 0x840bb42f, 0xb0012f09, 0x08b02f12, 0x3200b0d6, 0xe90c0db1, 0x4c5a04b0, 0x05bf4a05, 0x36343628, 0x06141632, 
	0x4d5a0322, 0x3d9c2608, 0x5e3e3e5e, 0x2e05853d, 0x39395a27, 0xe1023b5a, 0x2f39392f, 0x823a3a2d, 0x2f738272, 0x01d9fe81, 0x00310387, 0x001e0015, 
	0x13b20058, 0x8306bd4a, 0x2f1e2373, 0x738619b4, 0xb02f1f29, 0x06b4d60e, 0x82620009, 0x1006288b, 0xd6201bb0, 0x8217b111, 0x1722087f, 0x3300b02f, 
	0xe90c1bb1, 0x2b0120b1, 0x11170eb1, 0x030cb412, 0x241d1913, 0xb1003917, 0x12111303, 0xf54406b0, 0x05ca4b07, 0x3637262b, 0x22233437, 0x26222306, 
	0x08a68712, 0x2f44812b, 0x6481543f, 0x91121710, 0x21080f01, 0x02372708, 0x3f3f5e3e, 0x3d2d4a5e, 0xac604a5e, 0x08350627, 0x071d6758, 0x5a7b023c, 
	0x08ba833b, 0x0100009d, 0xae008f00, 0xc1040a05, 0x00001a00, 0x34372613, 0x36250037, 0x14011d16, 0x06070007, 0x16050417, 0x27141507, 0x8f260124, 
	0x02190606, 0x236a01c3, 0x3ffd2d12, 0x012d29a1, 0x1dcd01a2, 0xa8fe3f01, 0x021733fd, 0x1d2112a0, 0x8e39010a, 0x2129250e, 0xd5fe141b, 0xb813103f, 
	0x2d230cb7, 0x017f1742, 0x02000a48, 0x81018b00, 0xf6030c05, 0x22000e00, 0xb2002c00, 0x2b000120, 0x000711b4, 0xb02b041e, 0x03b42f0c, 0x041d0007, 
	0x23b0012b, 0x0124b12f, 0x11b1002b, 0xb1121120, 0x8239170f, 0x351338ef, 0x21163334, 0x0e071532, 0x22212301, 0x33361326, 0x32372432, 0x82141516, 
	0x010e3d02, 0x06212322, 0xae3a8b27, 0x02277203, 0xfb231002, 0x06191fee, 0x03212506, 0x141f9862, 0x0c3e1082, 0x2ff6fb17, 0x31ac010b, 0x37250431, 
	0x0210101d, 0x04021946, 0x1b041d25, 0x090e0e08, 0xfb822d06, 0xfb868d20, 0xfb822020, 0x2437342f, 0x27013e25, 0x27262524, 0x34013d26, 0x08fc8336, 
	0x07161570, 0x04070614, 0x34270601, 0x021d8d26, 0x12390129, 0xbcfe1211, 0x0425e1fd, 0x01191b02, 0x234102e1, 0x1d0e0406, 0x71fd7dfe, 0x0102013d, 
	0xdd0c2306, 0x0b16088c, 0x0b0edf8b, 0x29251208, 0xfcc70a19, 0x12211b10, 0xae0e1312, 0x461beffe, 0x02001f08, 0xddff5600, 0x5c059602, 0x2c002100, 
	0xb2007700, 0x2b00002b, 0x000725b4, 0xb22b0413, 0x0b820202, 0x00071d23, 0x080b8216, 0x0a021d2a, 0x1d00b32b, 0x012b0920, 0xb02f2db0, 0x22b0d615, 
	0x090bb432, 0x2b044000, 0xe90c28b1, 0xb1100bb0, 0xb42b011b, 0x2f000905, 0x1b212d82, 0x262d8305, 0x2b09001b, 0x82012eb1, 0x110b3b20, 0x0e09b412, 
	0x242b2518, 0x1bb03917, 0x3919b011, 0x251db100, 0x05b11211, 0x2b523911, 0x1506270c, 0x06161714, 0xf4820607, 0x3634352e, 0x34013e37, 0x06222326, 
	0x34122223, 0x82053247, 0x565a080a, 0x94d3a8c5, 0x5856583b, 0x0c060902, 0x4c6d0829, 0x6b61875a, 0x1b661f62, 0x33456f85, 0x36434435, 0x71ec0433, 
	0xcbaedd01, 0x1d212964, 0x04693539, 0x0a04020e, 0x4a65810a, 0x65312357, 0xfb0f5aa4, 0x3d3f628e, 0x00403133, 0xfff60002, 0x05df0633, 0x00550093, 
	0x00480166, 0xef823fb2, 0x0303b137, 0x2f53b0e9, 0xe90545b1, 0x0a5345b2, 0x4540b32b, 0xb02b094b, 0x08f28209, 0x36b13321, 0x59b4e906, 0x04210007, 
	0x2f62b02b, 0xe9041db1, 0x01322cb0, 0xb02f67b0, 0x42b4d600, 0x82510009, 0x10422317, 0xf18218b1, 0xe90a562e, 0xb11056b0, 0xb42b010b, 0x1a000a34, 
	0x332d1882, 0x1034b032, 0x2b0121b1, 0xb13222b0, 0x261e8230, 0x30b03231, 0x823cb110, 0x09062721, 0x2b042f00, 0x964868b1, 0xba3d3705, 0x150017ef, 
	0xb0040a2b, 0xb00e2e33, 0x33b01025, 0x115db110, 0x0a8204f9, 0x1131b131, 0x105db0f9, 0x255d22b3, 0x3dba2b13, 0x825fee86, 0xb30b2228, 0x210e8323, 
	0x058324b3, 0xb3262c82, 0x13313332, 0x1482b22b, 0x220a295c, 0x82b23924, 0x12112d16, 0x5db70039, 0x25242322, 0x2e333231, 0x01220086, 0x10825db4, 
	0x0d843220, 0x1a40b03b, 0x560bb101, 0x03b51211, 0x53451511, 0x39172459, 0xb41134b0, 0x3f1f1d09, 0x380b8362, 0x20b01221, 0x62b10039, 0x40121159, 
	0x000b060c, 0x201f1812, 0x48423c0e, 0x231c834f, 0x21b0111d, 0x2d05f447, 0x11002021, 0x22230014, 0x36373435, 0x01830607, 0x26222330, 0x37123435, 
	0x17323336, 0x3e343716, 0x09833308, 0x82021421, 0x3237291b, 0x013e3736, 0x23003435, 0x10243482, 0x24322100, 0x2c05aa4c, 0x06071633, 0x00202100, 
	0x33161425, 0x08984532, 0x06078a08, 0xdd01f602, 0x19015a01, 0xd7fe6601, 0x04028dc9, 0x1d04060e, 0x48626d3d, 0x8b62795c, 0x0c295e7d, 0x0202040d, 
	0x09040404, 0x12060c08, 0x71011444, 0x3c04053f, 0x482d732d, 0xf0c3fe57, 0x56fecffe, 0x25017301, 0x635e01e7, 0x04130c08, 0x0610040c, 0xfe69fe54, 
	0xfeb8fefa, 0x34f30150, 0x357b6225, 0x2b382721, 0x79504344, 0x6a013502, 0xaffef401, 0xfefef1fe, 0x1827858e, 0x06080c14, 0x7c623923, 0x0301715b, 
	0x14488f67, 0x23798221, 0x0406040b, 0x32086e82, 0xfe021602, 0x5034eb99, 0x58354501, 0x01e573e6, 0xfe27fe29, 0xfed3fea8, 0x12e0e78b, 0x19040208, 
	0x01e8fef4, 0x4131cfb2, 0x7b6248a3, 0x4e423546, 0x45f1fe60, 0x2c0805a3, 0x05f8ff19, 0x00600588, 0x00700059, 0x56b20055, 0xb02b0000, 0x02b13327, 
	0x1db3e905, 0x244e4b30, 0x11b23217, 0xb42b0002, 0x1156603f, 0x0806820d, 0x23000735, 0xb0012b04, 0x72b12f71, 0xb1002b01, 0x12115602, 0xb03922b0, 
	0x1ab4113f, 0x4d453b1b, 0xb0391724, 0x16b01260, 0x1111b039, 0x396d09b1, 0x37313039, 0x82323736, 0x37362d03, 0x3e262701, 0x3b013a02, 0x1a173201, 
	0x8306a653, 0x1416310b, 0x26230607, 0x22072223, 0x34352627, 0x36013b36, 0x3b06e84f, 0x07012e27, 0x22272206, 0x0607020e, 0x14150607, 0x17363217, 
	0x23061516, 0x23072226, 0x01202982, 0x16211283, 0x235c8332, 0x26273435, 0x44820183, 0x1d06c208, 0x1b5c1002, 0x08191b0e, 0x020f8101, 0x120e0d06, 
	0x5c06080d, 0x5eaa6a0f, 0x1b25140d, 0x0c0f4337, 0x05020205, 0x7c9b830c, 0x0207108b, 0x3f5e1411, 0x190d0711, 0x2704185a, 0x69a0360f, 0x0a080d0a, 
	0x104e3502, 0x122c0e74, 0xab0a040e, 0x161733de, 0x1901fe01, 0x0a3b7d40, 0x44020305, 0x02090439, 0x27030602, 0x1e010c37, 0x173d3e10, 0x04351704, 
	0x14020406, 0x40fee7fe, 0x6b3523fa, 0x08112f4a, 0x06120812, 0x13061004, 0x1a020d14, 0x2116100b, 0x0c42f342, 0x03030211, 0x04100609, 0x1e27b5ae, 
	0x02040235, 0x03232502, 0x0c1d0403, 0x0202b002, 0x02020c0f, 0x0506060a, 0x0ab9bc04, 0x7f080103, 0x08008200, 0x2b000320, 0xe704f7ff, 0x2a004805, 
	0x5b004100, 0xb2008d00, 0x2b000025, 0xe9062fb1, 0xb23202b0, 0x0b820212, 0xe9045724, 0x08830fb2, 0x030c3c08, 0x3d48b4e9, 0x2b0d1225, 0xe90348b1, 
	0x2f5cb001, 0xb1d607b0, 0xb0e9082b, 0x07b23242, 0xb32b0a2b, 0x09010740, 0x102bb02b, 0x2b0132b1, 0xe90c20b1, 0xd62051b0, 0x0c18b111, 0x825db1e9, 
	0x51200810, 0xb512112b, 0x2f1c2825, 0x1724573a, 0x1132b039, 0x391e1bb1, 0x3db10039, 0xb012112f, 0x48b03920, 0xb03d1085, 0x18b1120c, 0x30393951, 
	0x37341631, 0x36321736, 0x26341135, 0x3622012b, 0x2536013f, 0x05a94e32, 0x06070624, 0x8c47011f, 0x22232605, 0x07202627, 0x05ba5101, 0x2634353d, 
	0x27012e27, 0x012a2726, 0x06230623, 0x1e143515, 0x17323301, 0x3e33013a, 0x41363702, 0x830805be, 0x06072223, 0x270e2b17, 0x353e850a, 0x03102f7d, 
	0x019a120d, 0x4d737fae, 0x5a6b6152, 0xe7291410, 0x776d85b4, 0xfea21818, 0xb9018dd0, 0x85c8170a, 0x1f4954aa, 0x18242640, 0x3018240c, 0x0a0c2d15, 
	0x18300e02, 0x501a0c24, 0x5b6d1b3f, 0x26296342, 0x011d2f35, 0x06054306, 0x038d3f04, 0x433b960f, 0x01100202, 0x8d272317, 0x218b5854, 0x70150a06, 
	0x1be48dd5, 0x03030115, 0x366d7001, 0x5687b879, 0x17122b94, 0x32080d82, 0x951f0801, 0x0207140e, 0x0c0e0601, 0x4e839a2d, 0x08040a35, 0x00001b06, 
	0x73000100, 0x9805d9ff, 0x34005205, 0xb2006c00, 0x2b000032, 0xe90621b1, 0x820203b2, 0x1b4b0808, 0xb001e905, 0x00b02f35, 0x0c1eb1d6, 0x101eb0e9, 
	0x2b0118b1, 0x000915b4, 0xb12b041e, 0xb12b0136, 0x12111e18, 0x210309b4, 0x1724322c, 0x1115b039, 0x260a0bb2, 0x00393939, 0x113221b1, 0x2e2cb112, 
	0x1bb03939, 0x0e00b411, 0x83270717, 0x12032620, 0x0a0905b3, 0x053a4b0b, 0x21001029, 0x33161732, 0x82363732, 0x14153206, 0x06071407, 0x010e1714, 
	0x23012e27, 0x10110022, 0x08198200, 0x37013e97, 0x07161736, 0x23260706, 0x23060722, 0x01730020, 0x935001a1, 0x161a27bd, 0x0227080e, 0x01020115, 
	0x08310401, 0xf89ddc35, 0x4001ddfe, 0x2998b6f7, 0x2704272b, 0x5f310219, 0x633d141b, 0xbcfe9358, 0x890269fe, 0x8e013b01, 0x060b0f46, 0x0e465708, 
	0x152a120d, 0x0b120b21, 0xfeab9a0d, 0xfef1febd, 0x8790fee9, 0x12463925, 0xaa0c0404, 0x1d1e069e, 0x00008501, 0xff190002, 0x05c505f8, 0x002c0046, 
	0x0069003f, 0x00000fb2, 0x0330b12b, 0x1916b1e9, 0x05b23232, 0x210d8202, 0x2341033b, 0x03283006, 0x40b001e9, 0xd624b02f, 0xe9082db1, 0x502d24b2, 
	0xb02c0729, 0x33b1102d, 0x0ab12b01, 0x41b1e90c, 0x332a0782, 0xb012112d, 0xb100390f, 0x08820f30, 0xb039142c, 0x0ab11128, 0xb1393933, 0x0f823b03, 
	0x30392b30, 0x3f361331, 0x32372401, 0x11161704, 0xef820014, 0x2722052d, 0x37343526, 0x3e33013e, 0x42013c07, 0xa8080698, 0x14013435, 0x00203316, 
	0x27023411, 0x2627012e, 0x06072223, 0x0e021915, 0xc496010e, 0x6d0601c9, 0xdfe7fef8, 0x15fefe96, 0x17070627, 0x1208360e, 0x0a10171d, 0x34030408, 
	0x0110127d, 0x01604099, 0x70640131, 0x798c4463, 0x302d4b44, 0x1e10052d, 0x01100403, 0xfeb24e44, 0x86fee7c3, 0x12022b3f, 0x09160c11, 0x08020202, 
	0x210c170a, 0x2d0a290c, 0x890d0304, 0xfb02194a, 0x014450c4, 0x9839012e, 0x354cff00, 0x02060c32, 0x01002704, 0xfaff3000, 0x3505a204, 0xb1006200, 
	0x005db200, 0x02b12b00, 0x4bb1e905, 0x18b2e907, 0x200c8202, 0x2008822a, 0x08088216, 0x3319b03d, 0xe9050ab1, 0x5d4531b4, 0xb12b0d18, 0x01e90731, 
	0xb02f63b0, 0x48b1d606, 0x2db0e908, 0x4806b232, 0x40b32b0a, 0x2b096106, 0xb11048b0, 0xb02b0141, 0x3db43235, 0x041e0009, 0x4c3db02b, 0x1f200599, 
	0x1f270d85, 0x0151b110, 0x8455b42b, 0xb130080d, 0xb12b0164, 0x12114841, 0x392818b1, 0x113db039, 0xb13924b0, 0x1211231f, 0x5b1b1ab2, 0x00393939, 
	0x114b45b1, 0x403fb312, 0x17245554, 0x312ab139, 0x1e230c82, 0x823b3620, 0x31303f0c, 0x33013e37, 0x1135013e, 0x2a232634, 0x27022e03, 0x33363726, 
	0x32172024, 0x17021e07, 0xd9432706, 0x22233205, 0x15062207, 0x3b161411, 0x37363201, 0x17161736, 0x05a94216, 0x012e2724, 0x198a012f, 0x1d833720, 
	0x0e14cd08, 0x23060701, 0x27260520, 0x32343526, 0x644a1d05, 0x046c3333, 0x060a080b, 0x06020809, 0x011d060e, 0x7ac9014f, 0x07080127, 0x2d040202, 
	0x4a14010e, 0x324b767f, 0x121b0c1f, 0x3579f10b, 0x0a29040f, 0x19040206, 0x38100123, 0x2b1deb79, 0x5073a36f, 0x041a311b, 0x0c062511, 0x4e04020f, 
	0xf2fe27fd, 0x2d030514, 0x43040417, 0x830b0383, 0x0804024c, 0x0a1f0c04, 0x42140202, 0x1411586e, 0x7d15020e, 0x0204023f, 0x62fe0c21, 0x6f291b10, 
	0x1d02040e, 0x9f634228, 0x0e04021b, 0x02022c6a, 0xa8fe1908, 0x1e132f77, 0x05126b3b, 0x75420c04, 0x021d0a6c, 0x0a080a04, 0x00010009, 0x03faff51, 
	0x003405fe, 0x00c30051, 0x00004bb2, 0x0342b12b, 0x22099345, 0x45e9071e, 0x0936059c, 0x1eb2e903, 0xb32b0a12, 0x09191e40, 0x3c24b42b, 0x2b0d124b, 
	0x1e8224b1, 0x83243c21, 0x323c3415, 0xb0012b09, 0x05b02f52, 0x083fb1d6, 0x3220b0e9, 0x83053fb2, 0x453f2618, 0x05b22b09, 0x3c0a833f, 0x2b095005, 
	0xb1103fb0, 0xb02b0133, 0x30b4322b, 0x041e0009, 0x301ab32b, 0xb42b0833, 0x390c8417, 0x2b0153b1, 0x113f33b1, 0x4c25b112, 0x1ab03939, 0x3932b011, 
	0xb11230b0, 0x0d823119, 0xb011173c, 0xb1003918, 0x1211423c, 0xb13930b0, 0x12114b1e, 0x452e17b2, 0xb1393939, 0x13820912, 0x9b470c20, 0x05d84105, 
	0x012e2730, 0x36373634, 0x21173237, 0x010f1632, 0x10822206, 0x22012b2d, 0x16140307, 0x36321617, 0x82013e33, 0x1736221c, 0x25188211, 0x23262726, 
	0x08822322, 0x07067a08, 0x3b161411, 0x14151601, 0x22270607, 0x07202623, 0x52363522, 0x3a581002, 0x08045440, 0x05040502, 0x73030202, 0x0602170c, 
	0x04141e0c, 0x1bf88f4e, 0x08150208, 0x1c6b5827, 0x02093d73, 0x04021f18, 0x210a0233, 0x0908681f, 0x2d3b763a, 0x155a4001, 0x07030410, 0xfeab0101, 
	0x011758fe, 0x0403201a, 0x99035238, 0x02043a52, 0x0612130e, 0x19010104, 0x0707e10a, 0xfe213a68, 0x3554826f, 0x21020202, 0x04051449, 0x0c91fe14, 
	0x181a640c, 0x25040202, 0x2d825efe, 0x0f202508, 0x0201090a, 0x00031a02, 0x00010000, 0x05d9ff75, 0x005605d9, 0x00970043, 0x000041b2, 0x061cb12b, 
	0x0206b2e9, 0x43080882, 0xb4e90516, 0x06412c27, 0x27b12b0d, 0x36b0e905, 0x44b00132, 0xd600b02f, 0xe90c19b1, 0xb11019b0, 0xb12b0120, 0xb0e9083c, 
	0x3cb23211, 0xb32b0a20, 0x09313c40, 0x103cb02b, 0x000914b4, 0xb02b041e, 0x45b12f14, 0x2a082282, 0x12111920, 0x2a0616b4, 0x1724412d, 0x1114b039, 
	0x390809b1, 0x123cb039, 0x392e0cb1, 0x27b10039, 0xb112111c, 0x39393c3a, 0x822c16b1, 0x100a2428, 0x83191300, 0x11062428, 0x4c0f0db1, 0x12340579, 
	0x33013e37, 0x17161732, 0x17363732, 0x0e071416, 0x21022701, 0x3207d945, 0x26343536, 0x26343734, 0x2622012f, 0x20163736, 0x84153237, 0x0e630821, 
	0x14060701, 0x06071417, 0x00202304, 0x6a6e7b75, 0xcf83a0e8, 0x1019122d, 0x07071f10, 0x44023d02, 0xfefebdfe, 0xe91b01e1, 0x02198d7d, 0x505c4202, 
	0x0e080c0a, 0xb51c0165, 0x0c020216, 0x02354a06, 0x6a130202, 0xfe7fd1fe, 0x0287fed7, 0x1a01987f, 0x3d5a6467, 0x0411010c, 0xb0b10204, 0x01100212, 
	0x82aafe56, 0xee24081b, 0x0a3facfe, 0x4e5c0e3a, 0x04335217, 0x02232302, 0x06150303, 0x02170c08, 0x374e3d02, 0x082f3d76, 0x7f014a37, 0x3a05df44, 
	0x3a052906, 0x97006e00, 0x006db200, 0x4fb02b00, 0x0506b133, 0x5548b2e9, 0x4a323266, 0xb12c0544, 0x33333932, 0xe9030db1, 0x3e2b1ab2, 0x34081482, 
	0x6d5f21b4, 0xb12b0d11, 0x01e90721, 0xb02f6fb0, 0x63b1d609, 0x1db0e908, 0x6309b232, 0x40b32b0a, 0x2b090209, 0xb11063b0, 0xb02b0159, 0x45b13227, 
	0x45b2e908, 0x08188359, 0x094c452f, 0x0170b12b, 0x6359b12b, 0x13b61211, 0x53342e17, 0x17246c6a, 0x5fb10039, 0xb0121106, 0x21b03945, 0x3943b011, 
	0xb0120db0, 0x11b03942, 0x051e5511, 0x34352624, 0xc8443637, 0x2e272d06, 0x16333601, 0x17323732, 0x07060716, 0x2305b944, 0x37201633, 0x8507d548, 
	0x3336272b, 0x32330432, 0x23823637, 0x010e2338, 0x12100607, 0x33161415, 0x14161716, 0x21230607, 0x36262722, 0x3183013b, 0x06232624, 0x44852720, 
	0x023b7708, 0x07061636, 0x05352221, 0x482a0a0f, 0x08503c35, 0x830a0806, 0x0c0874f7, 0x1702070a, 0x12134458, 0xb63d0186, 0x5a432d10, 0x08051429, 
	0x4d1f161d, 0x1c450f01, 0x0a111410, 0x394c1904, 0x44040402, 0x04062758, 0xfd130703, 0x060219bb, 0x5431110e, 0x90220449, 0x0ab7b7fe, 0x0a563c1b, 
	0x0c110e0a, 0x1bf8fd13, 0x140c0f08, 0x3904020b, 0x5099034a, 0x2104043a, 0x6582061c, 0x0a234f08, 0xfe4c4202, 0x03150a8a, 0x010d1403, 0x04424c74, 
	0x12100b16, 0x02010801, 0x060a102b, 0xfe8b4a3c, 0x3589fe9e, 0x10013d4a, 0x140a1209, 0x3d241212, 0x257f014c, 0x171d0606, 0x375090fe, 0x02272302, 
	0x6a000100, 0x9002faff, 0x35003505, 0x0f596300, 0x02b12505, 0x27b0e903, 0x2006c041, 0x3d0b820b, 0xb001321d, 0x06b02f36, 0x0824b1d6, 0x0624b2e9, 
	0x40b32b0a, 0x2b092d24, 0xb2321bb0, 0x0d832406, 0x82000621, 0x0d30080d, 0x0137b132, 0x0624b12b, 0x13b21211, 0x39393315, 0x02b10039, 0xb1121134, 
	0x39392d00, 0xb0110bb0, 0x31303901, 0x3e173437, 0x11013f01, 0x27012e27, 0x27057241, 0x33161732, 0x33323732, 0x232a0782, 0x0e230622, 0x14111501, 
	0x0d821716, 0x16177908, 0x06071415, 0x07232623, 0x5e136a22, 0x0202042d, 0x1a522d02, 0x08160604, 0x673342c5, 0x1d02012e, 0x04100601, 0x2f5e0613, 
	0x08175439, 0x0401020c, 0x7f7f0805, 0x271919fe, 0x54300801, 0x470b0347, 0x03083652, 0x0e0e0a18, 0x16070205, 0x4402042b, 0x50aefc8d, 0x08020235, 
	0x0d040512, 0x04040e0a, 0x01000000, 0xb0fd48ff, 0x33056602, 0x4f003600, 0x021eb200, 0x17b12b00, 0x2408f382, 0x34b03229, 0x070bb42f, 0x2b042100, 
	0x0a340bb2, 0x0b00b32b, 0x012b0903, 0xb02f37b0, 0x2eb1d612, 0x2eb2e908, 0x26158212, 0x09252e40, 0x8238b12b, 0x122e22f7, 0x05a84e11, 0x820b1721, 
	0x822e2008, 0x340328eb, 0x1e323336, 0x84161701, 0x373625e1, 0x1035013e, 0x232af782, 0x012e2306, 0x16333637, 0xe5823720, 0x15141524, 0xf5850706, 
	0x0806b34e, 0x2535b85c, 0x022b1d0e, 0x1513082b, 0x18281312, 0x02021521, 0x11085a42, 0x06080610, 0xff005919, 0x040616a6, 0x56160a02, 0x46251c38, 
	0x6e58aa77, 0x39272ffe, 0x2102250e, 0x0e070804, 0xd9a23120, 0x54560004, 0x2902023c, 0x05050a0c, 0x040d090c, 0x06021205, 0x32fc503a, 0x6bb48091, 
	0xf28248b6, 0x00010031, 0x05f8ff28, 0x003705b8, 0x0066007b, 0x430076b2, 0x022605bb, 0x47b2e906, 0xbb436d58, 0x2f2c2b08, 0x0cb13333, 0x19b2e905, 
	0x14823328, 0x7cb00130, 0xd607b02f, 0xe9086ab1, 0xb2321cb0, 0xfd836a07, 0x827a0721, 0x827d20fd, 0x076a21fd, 0x1336f482, 0x0cb10039, 0xb5121102, 
	0x4339241e, 0x1724675b, 0x1111b039, 0x76462db0, 0x09404c05, 0x2108fd85, 0x32373233, 0x22271407, 0x16111506, 0x36373637, 0x26343512, 0x3726012f, 
	0x20161736, 0x06073637, 0x0d650627, 0x07062905, 0x021e1716, 0x33011e17, 0x32056148, 0x23260706, 0x27260522, 0x32373626, 0x27343536, 0x8227052e, 
	0x2a45820c, 0x32331614, 0x06071617, 0x4e202623, 0xdb080559, 0x0c170429, 0x41445a1a, 0x0b0e285d, 0xd1190408, 0x1d4f7196, 0x425c2401, 0x22272102, 
	0x4b29f25e, 0x04131915, 0x02019414, 0x04051d6d, 0x123e9314, 0x042f162a, 0x0a19a046, 0x733b4e27, 0x62441e94, 0x08061760, 0x25140301, 0xe1fe9771, 
	0x06060417, 0x1b33500f, 0x4c25540e, 0x23254a37, 0x430d1424, 0x0c05215b, 0x7f18040c, 0x2190f0fe, 0x1a260906, 0x3d040408, 0x52990346, 0x0c2b023a, 
	0x2103050e, 0x523a0125, 0x0b1952fe, 0x0154210e, 0x101b4f44, 0x23120209, 0x0404040e, 0x011d2302, 0x300c2d02, 0x6d064721, 0x10081dcd, 0xbf83394c, 
	0x012f5024, 0x050f0b0c, 0x03041604, 0x0c080405, 0x16190229, 0x6b122319, 0x44375a2f, 0x0205191b, 0x8cfe150e, 0x1b0f3f4a, 0x05050818, 0x06110908, 
	0x3b05c741, 0x04f8ff2b, 0x00370596, 0x005d003f, 0x00003ab2, 0x0506b12b, 0x0727b1e9, 0x0214b2e9, 0x0f2d0c82, 0x1eb1e903, 0x01323220, 0xb02f40b0, 
	0x06be430a, 0x0a0a2208, 0x2440b32b, 0xb12b091c, 0xb12b0141, 0x12110a24, 0x393816b1, 0x06b10039, 0xb012113a, 0x0fb1393c, 0x29128227, 0x3939302d, 
	0xb11114b0, 0xd14f1c10, 0x32362507, 0x36373233, 0x2505694b, 0x3637012e, 0x0f821617, 0xa4433220, 0x43072005, 0x3b2505b5, 0x3f363201, 0x08198201, 
	0x07141541, 0x23060706, 0x07222324, 0x35262706, 0x0c042d34, 0x06040d02, 0x42040e96, 0x050e185c, 0x57170808, 0x19dda76f, 0x291f0404, 0x352c7519, 
	0x5e79c13f, 0x0e1d4748, 0x3350030b, 0x9bfe241b, 0x8272bfef, 0x2a59081b, 0x43040414, 0x4903652d, 0x2d023c52, 0x0206100a, 0x0b0d1204, 0x0104011e, 
	0xfc501c04, 0x29303f56, 0x0a0a5f60, 0x05050906, 0x062752be, 0x06160404, 0x00000709, 0xff310001, 0x054e07f4, 0x00740036, 0x5cb200ec, 0xb12b0000, 
	0x33336e47, 0xe90302b1, 0x684d3eb2, 0xb2323232, 0x06764b2e, 0xe9033335, 0x013213b0, 0xb12f75b0, 0xb02b0176, 0x3fba1a36, 0x5b1dfbd0, 0x0a30059d, 
	0xc00fb010, 0xf90763b1, 0xbac062b0, 0xabfb26c0, 0x55301685, 0xc053b010, 0xf9123ab1, 0xbac03bb0, 0x8efbd83f, 0x0b2b1682, 0xb3100ab0, 0x130f0a0c, 
	0x840db32b, 0x830e2005, 0x0cb22305, 0x0b530f0a, 0x390d330a, 0x00390eb0, 0x0c0a0b40, 0x55533b3a, 0x0e0d6362, 0x00892e0f, 0x18970120, 0x40b02408, 
	0xb100011a, 0x12115c02, 0x735d5ab2, 0xb0393939, 0x22b51133, 0x5e592523, 0x3917245f, 0xb2122eb0, 0x82262115, 0x31303316, 0x32173637, 0x3e373633, 
	0x35363702, 0x35011a36, 0x5f452634, 0x172a080d, 0x37361601, 0x16173601, 0x023a3732, 0x1617011e, 0x010e010f, 0x15161415, 0x33011e13, 0x06151732, 
	0x22230623, 0x26272227, 0x60513437, 0x03022b06, 0x07060734, 0x27220601, 0x08822601, 0x82060321, 0x3217232d, 0x0b821617, 0x96081382, 0x39343526, 
	0x090a1108, 0x1e201a28, 0x06020409, 0x442d101f, 0x1905021c, 0x53470504, 0x0a273b37, 0x1b06b601, 0x0ea40106, 0x3f864825, 0x08020e02, 0x10060202, 
	0x06274a16, 0x60320a37, 0x1d020421, 0xd6946246, 0x0404050e, 0x141c6f23, 0x11141d03, 0x3dfe0206, 0xfe043b02, 0x060c0631, 0x3c042f01, 0x08031754, 
	0x5116020c, 0x311384d5, 0x06010210, 0x3e2f3d08, 0x01600a10, 0x85290173, 0x0306212f, 0x1b09081e, 0x14020401, 0x190c1afc, 0x19c9030c, 0x04020201, 
	0x82310606, 0x25350866, 0x063e122b, 0x4093d5fc, 0x02102317, 0x15120e04, 0x202b0110, 0x011f1a46, 0x102d01ee, 0xfb080612, 0x040a0ae7, 0x02010e16, 
	0x5204fd06, 0x09333b15, 0x020c1d12, 0x303e8206, 0x00000d12, 0xff450001, 0x057106e8, 0x00560037, 0x05534394, 0x08053b6a, 0xe9064d35, 0xb23206b0, 
	0x2b000210, 0xb13328b0, 0xb1e9030b, 0x32323022, 0x2f57b001, 0xb1d608b0, 0xb2e90946, 0x2b0a4608, 0x020840b3, 0x46b02b09, 0x011ab110, 0x8236b12b, 
	0x1a362115, 0x36251583, 0xb12b092c, 0x3f128258, 0x12110846, 0x395312b1, 0x111ab039, 0x282413b5, 0x24514f41, 0x36b03917, 0x393cb012, 0x514db100, 
	0x02211d82, 0x281d8236, 0x09b5110b, 0x41351716, 0x251d8342, 0x0eb21210, 0xe7412c15, 0x35262b05, 0x37363734, 0x26113532, 0x0b820627, 0x2105d348, 
	0x9a431601, 0x26272105, 0x222d0182, 0x16333626, 0x32373233, 0x06151415, 0x06524707, 0x22310782, 0x02012e27, 0x0e260127, 0x14111501, 0x16171617, 
	0x08038236, 0x262306ad, 0x06072223, 0x0a070146, 0x6f379e14, 0x55210808, 0x141d3e92, 0x130c4503, 0x12120804, 0x0c4f2128, 0x400f0a0d, 0x0dca8766, 
	0x12060401, 0x08243377, 0x04051706, 0xfe64f889, 0x060b0625, 0x0e4f140c, 0x0a042d29, 0x6e8f190a, 0x12105692, 0x07100608, 0x0476010e, 0x0202290b, 
	0x02210e16, 0x41fc1802, 0x09081e12, 0x4758a402, 0x04061211, 0x03212405, 0x04052705, 0x0405030d, 0xc6fb7636, 0x0c01041b, 0x19019b04, 0x041c0273, 
	0xfd111608, 0x4224680d, 0x08040205, 0x032f1209, 0x00000205, 0xff6d0002, 0x052706d9, 0x000b0056, 0x5b440019, 0x0f2106b3, 0x06615005, 0x64051721, 
	0x002f056d, 0x0c0cb1d6, 0x100cb0e9, 0x2b0114b1, 0x640c06b1, 0x142c056a, 0xb112110c, 0x39390903, 0x0f17b100, 0x8f5b0a82, 0x00102506, 0x11002021, 
	0x4a080584, 0x33001013, 0x35023e32, 0x22230010, 0x9f016d02, 0x3f014601, 0x60fe9601, 0xc1fec7fe, 0x01dd5efe, 0xbc83f037, 0xcafe2f6b, 0x02fcd3fb, 
	0x0139017f, 0xfe83fe9e, 0xfec9fedd, 0x0185015a, 0xfee7fe56, 0xcdac608a, 0x0121017b, 0x83b2fe72, 0xff333cab, 0x054c04f6, 0x00390046, 0x007a0049, 
	0x000022b2, 0x0617b12b, 0x322cb0e9, 0x820204b2, 0x0445240b, 0x8302b2e9, 0x04362c08, 0x3e0cb4e9, 0x2b0d0422, 0x82030cb1, 0x2f4a3bc2, 0xb1d62fb0, 
	0xb0e90813, 0x2fb2323a, 0xb32b0a13, 0x09002f40, 0x1013b02b, 0xd08241b1, 0xd0820920, 0x07824b20, 0x112f1335, 0x3924b012, 0xb31141b0, 0x221d170c, 
	0x00391724, 0x82170cb1, 0x39112413, 0x823e36b1, 0x410921e1, 0x3f05604c, 0x32253633, 0x15011e17, 0x22230414, 0x010e2227, 0x17061107, 0x3b323316, 
	0x16171601, 0x22230607, 0x28087e55, 0x36323336, 0x27341135, 0x27138226, 0x01260607, 0x17161714, 0x10841182, 0x06078b08, 0x93113315, 0x68a84401, 
	0xf1fe9c85, 0x064225ef, 0x01020408, 0x07531d20, 0x06104708, 0x0d060705, 0x9f970201, 0x081d847f, 0x4c3b0206, 0x36121431, 0x06660303, 0x1d9e0109, 
	0x9a9a242b, 0x25674b8c, 0x10051429, 0x1b011223, 0xc17fc223, 0x150e0adf, 0x51c7fe0a, 0x16041618, 0x06121416, 0x0f0c0c04, 0x03381c2d, 0x202264b0, 
	0xfd120202, 0x08071b8f, 0xcba6bf01, 0x02052849, 0x0002002d, 0x0650fe5c, 0x0056057b, 0x002e0021, 0x7453005d, 0x2c2c0805, 0x19b0e905, 0x0611b12f, 
	0x2fb001e9, 0xd600b02f, 0xe90c22b1, 0xb11022b0, 0xb12b0129, 0xb2e90c06, 0x2b0a2906, 0x130640b3, 0x30b12b09, 0x292a1282, 0xb5121122, 0x1b0e0309, 
	0x814d0b1f, 0x190f2e06, 0xb1003939, 0x1211112c, 0x1b0006b3, 0x2d158225, 0x10133130, 0x00202100, 0x07001411, 0xfe82010e, 0x2c054b6a, 0x06070607, 
	0x26252223, 0x24272627, 0x08218200, 0x3632336e, 0x00103512, 0x5c002223, 0x4601aa01, 0x87013f01, 0x06e5eafe, 0xa6730805, 0x08608660, 0x3b0c1019, 
	0xf8fedd2e, 0x47210d83, 0x8dfecffe, 0xf33c01dd, 0xfe62da91, 0xfed5fad7, 0x018302fc, 0xfe9e0135, 0xf0dbfe85, 0x024c86fe, 0x8e2d060a, 0x02043d52, 
	0x101a0c07, 0x6de10c05, 0x1b1a190a, 0x45017901, 0x88fee7fe, 0x8f0b01bc, 0x6e012501, 0x3b054f42, 0x05e1ff25, 0x00460576, 0x00650056, 0x53b2009f, 
	0xb12b0000, 0xb0e90546, 0x2cb23205, 0x27210b83, 0x06e94704, 0xe9036325, 0x820211b2, 0x0d21081d, 0x3cb4e903, 0x0d142c5b, 0x043cb12b, 0x323eb0e9, 
	0x2f66b001, 0xb1d609b0, 0xb0e90841, 0x09b23257, 0x08674d41, 0xb110412c, 0xb12b0160, 0xb2e90c19, 0x15836019, 0x09291925, 0x8267b12b, 0x602f0812, 
	0xb3121141, 0x534d1d36, 0xb0391724, 0x1cb01119, 0x46b10039, 0xb1121153, 0x39392901, 0xb0113cb0, 0x5bb03936, 0x391db012, 0xb2110db0, 0x44601c19, 
	0x342e0698, 0x32373637, 0x11013d36, 0x22272634, 0x25563626, 0x051c5606, 0x011e1729, 0x011e011f, 0x82171617, 0x010f230f, 0xd26e0622, 0x2e272906, 
	0x23062304, 0x14152227, 0x33232182, 0x83323632, 0x07c50823, 0x2223010e, 0x26052223, 0x16331401, 0x3e373233, 0x26343501, 0x29152223, 0x37060404, 
	0x9035405c, 0x0e060c08, 0x62018515, 0x7151abb2, 0x0e125c71, 0x7319520e, 0x2f332d21, 0x0d07143f, 0x790a290a, 0x6a443383, 0x0d022b27, 0x09100c0a, 
	0x29414241, 0x5c3b0202, 0x110e1504, 0x0406020c, 0x12051602, 0x7bfe892d, 0x149b0114, 0x244b2733, 0xc0966f64, 0x16080a5a, 0x3301100d, 0x0d034752, 
	0x1a023b96, 0x0e020623, 0x66493801, 0x30be719a, 0x89191406, 0x2f31ac23, 0x0e0c2529, 0x090a0a11, 0x503b4204, 0x04503fa6, 0x08130e17, 0xd3190208, 
	0x0433526a, 0x1b080902, 0x040a0612, 0x29930206, 0xb3230c03, 0x27aea271, 0x053f5600, 0x05ac0327, 0x00430056, 0x054b468c, 0x0609b128, 0x0041b2e9, 
	0x694c2b00, 0x2d320805, 0x24b2e905, 0x012b0002, 0xb02f44b0, 0x00b0d61b, 0x0a30b432, 0x2b042e00, 0x000904b4, 0xb02b041e, 0x0cb11030, 0x37b12b01, 
	0x2bb3e908, 0x2b080c37, 0x178428b4, 0x8245b121, 0x04303e14, 0x3cb11211, 0xb1393940, 0x12111b2b, 0x3a3424b2, 0xb0393939, 0x26b01128, 0x09b10039, 
	0x211c823a, 0x1082423e, 0x112d2908, 0x291b02b4, 0x1724372a, 0x121eb039, 0x303922b0, 0x36341331, 0x011e1716, 0x32331617, 0x2e343536, 0x032e2707, 
	0x33363435, 0x3405894d, 0x17161736, 0x2627010e, 0x15062223, 0x031e1714, 0x23061415, 0x080e8322, 0x27060785, 0x1f187326, 0x3a411f04, 0x8d755656, 
	0x37171f0a, 0x4e134719, 0x6b574a04, 0x42a3c931, 0x0c133968, 0x0c141b15, 0x0431021b, 0x6b60c162, 0x8dd33175, 0x44bde975, 0x100a3391, 0x191e170f, 
	0x080a4801, 0x675e0602, 0x64833b27, 0x2436331d, 0x0f311834, 0x44310233, 0x8d467768, 0x121223b2, 0xf71f0808, 0xfa0a0114, 0x67645466, 0xb0698f2d, 
	0x2bd3a462, 0x0a0a160e, 0x00010054, 0x05f8ff46, 0x00620537, 0x68680056, 0xb13f05fb, 0xb0e90642, 0x0ab23231, 0xb12b0002, 0xb0e90750, 0x50b23225, 
	0xb32b0a0a, 0x09555040, 0x451db02b, 0xb03d056f, 0xb0013314, 0x00b02f57, 0x0953b4d6, 0x2b041e00, 0xb11053b0, 0xb12b0146, 0xb1e9082e, 0x2e078258, 
	0x12110053, 0xb03902b0, 0x04b31146, 0x493f3c0b, 0xb0370552, 0x3000393a, 0x37361331, 0x33323336, 0x33161716, 0x16052036, 0x82373233, 0x17163d10, 
	0x030e1413, 0x022e2223, 0x23012e27, 0x15062221, 0x1d011814, 0x3b161401, 0x16173201, 0x8209d55a, 0x33af082b, 0x013d3632, 0x35011834, 0x022b2634, 
	0x0e070622, 0x08462601, 0x03120e18, 0x10041502, 0xa6019463, 0x0f121101, 0x09120e2d, 0x200b2d06, 0x08060602, 0x080f0c04, 0x3b190202, 0x0ad5fe38, 
	0x3c5c3f12, 0x06060b12, 0x87661b06, 0x0514dda9, 0x11080808, 0x21375050, 0x392bec0e, 0x1d0a1b3d, 0xa8f60316, 0x0a020cb8, 0x01030323, 0x0a190605, 
	0x9efe0604, 0x02040904, 0x060d0202, 0x1b547f0a, 0xaafe660a, 0x474466fe, 0x121b2f50, 0x06041015, 0x0c18190e, 0x474e3505, 0x0194014e, 0x130a7050, 
	0x02068c5c, 0x0001000b, 0x06d9ff2f, 0x00370558, 0x4f600042, 0xb42405fb, 0x1f000714, 0x0806855f, 0x3322b030, 0xe9033db1, 0x281e09b2, 0x01323232, 
	0xb02f43b0, 0x11b1d639, 0x11b0e908, 0x0118b110, 0x092cb12b, 0x182cb2e9, 0x40b32b0a, 0x2b09272c, 0x128244b1, 0x11111833, 0x0704b412, 0x24342321, 
	0xb1003917, 0x1211143d, 0x05b748b1, 0x3736133b, 0x32172036, 0x23270616, 0x14070622, 0x14111506, 0x37203312, 0x35343536, 0x05eb5211, 0x32363322, 
	0x8205196a, 0x020e291a, 0x23010e07, 0x012e0320, 0x964a1d83, 0x30810805, 0x012b0f03, 0x090c7e7f, 0x5a140b0a, 0xc102043e, 0x5b3101ed, 0x0e774120, 
	0x72170710, 0x12128cfc, 0x1f064677, 0xb85c3e49, 0x8d77fe92, 0x743c101f, 0x0104060a, 0x01102205, 0x20230404, 0x0e543a02, 0x71fe0f3d, 0xf4dffefa, 
	0x0506bd53, 0x61ac7201, 0x023f0402, 0x04023d02, 0x88fea661, 0x6e906964, 0x01465235, 0x95754633, 0x2b521702, 0x0b0a1002, 0x00000005, 0xff2e0001, 
	0x05ee05cc, 0x00430033, 0x05c34334, 0x0226b23e, 0x06b02b00, 0x0321b133, 0x310fb2e9, 0x32323242, 0x2f44b001, 0x2b0145b1, 0x3a21b100, 0x182ff182, 
	0xb0393932, 0x02b01126, 0x13313039, 0x4f343526, 0x072108ec, 0x28d68206, 0x01171415, 0x3736021e, 0x22fb8201, 0x4f012b26, 0x3220050d, 0x84050b50, 
	0x01072120, 0x0622fb82, 0xf6822223, 0x66081d82, 0x03312627, 0x8a1f0405, 0x29830c01, 0x020c1004, 0x22586a17, 0x0a023e01, 0x01061011, 0x60461d2b, 
	0x06080c11, 0xee781904, 0x07040e77, 0x580e0401, 0x64fe3354, 0x0e091a04, 0x12161510, 0x2f48fe0d, 0x04126040, 0x0c0809fa, 0x0404100c, 0x0a191406, 
	0x211d040a, 0xecfc5b14, 0x080f0c04, 0x4c080311, 0x0427292f, 0x82080c27, 0x0978081c, 0x1406060c, 0x83520202, 0x1d0ad7fb, 0x04210503, 0x0233774b, 
	0x02000004, 0xd7ff1d00, 0x3b058908, 0x78006400, 0xb2004800, 0x2b000058, 0xb2334cb0, 0x2b000220, 0x3a0602b4, 0x1724403e, 0x0377b133, 0x1b36b6e9, 
	0x5f440924, 0x32172474, 0x2f79b001, 0x2b017ab1, 0x5877b100, 0x12b51211, 0x6b51472d, 0x39172475, 0xb11120b0, 0x39396335, 0x36133130, 0x32333633, 
	0x07063217, 0x31056a44, 0x36011e01, 0x27361337, 0x27012e03, 0x3633012e, 0x1a820520, 0x0f010e26, 0x13170601, 0x01251a83, 0x27363536, 0x4e1a8226, 
	0x3020057a, 0x14203b82, 0x07263982, 0x22230601, 0x36832207, 0x03070622, 0x232d0b82, 0x2e012726, 0x27222702, 0x05343526, 0x077d5114, 0x3e823f20, 
	0x2334e308, 0x22272206, 0x84250223, 0x107e788c, 0x44130a06, 0x44012722, 0x0b140e02, 0x920a08b6, 0x0e734327, 0x01531404, 0x175f01b3, 0x4a710c07, 
	0x0a0a6627, 0x120e04ec, 0x20390107, 0x6d0e0401, 0x0a0f050c, 0x9a72553f, 0x18041101, 0xfe2d4e5a, 0x023c065a, 0xf4083702, 0x080f0a02, 0x063207e9, 
	0xfe093c06, 0x4538275f, 0x0e0b1458, 0x040e1004, 0x0302024a, 0x35040806, 0x2c18381b, 0x25053712, 0x3f06080e, 0x21231704, 0x08d3fc60, 0x0118080e, 
	0x011d12c1, 0x042e605e, 0x02023d04, 0x2f02043f, 0x1821fa61, 0x0408cdfd, 0x3a031012, 0x060d255a, 0x21020418, 0x0503021c, 0x77422120, 0x0110affb, 
	0x0848020c, 0xfd120808, 0x150210c2, 0x4e663104, 0x07060316, 0x0c3f0c11, 0x04aa082b, 0x810a0a06, 0x031d1040, 0x00820003, 0x3500013f, 0x2506faff, 
	0x70003705, 0xb2004700, 0x2b000059, 0xb1333fb0, 0xb2e90354, 0x32604639, 0x05364532, 0x2606b329, 0x17242a28, 0x820fb133, 0x2e202217, 0x5f17826f, 
	0x0f2d09e5, 0xb1121154, 0x39394d19, 0xb0110ab0, 0x05c64208, 0xf34f3620, 0x23063509, 0x1415010e, 0x1317021e, 0x37123716, 0x27343536, 0x37262223, 
	0x2105754c, 0x1d83011e, 0x06030725, 0x47160117, 0x6c4a05ee, 0x3b362e07, 0x26273201, 0x06260127, 0x15060107, 0x200d8214, 0x057d4c16, 0x2622de08, 
	0x37013e33, 0x0137023e, 0x0127013e, 0x2227012e, 0x04010237, 0x85891808, 0x051d979b, 0x56161208, 0x1b121136, 0x1910d304, 0x46171ecf, 0x0c0e1f31, 
	0x6a701b08, 0x0d107c85, 0x997b0f0c, 0x0806c75e, 0x1c586901, 0x15137d35, 0xdc936e45, 0x0606061d, 0x016d150c, 0xfbfe3f02, 0xfe091a06, 0x127d31e2, 
	0x0e090d0e, 0x2e5682dd, 0x58150112, 0x1d062d66, 0x2901101f, 0xfe040404, 0x795c60d5, 0x08fa041b, 0x140c0b09, 0x10080601, 0x11022312, 0x191f0a14, 
	0xe6fe0423, 0x12012317, 0x2616222d, 0x0c0c2901, 0x23020604, 0x7d7b061e, 0x130af8fe, 0x147329fe, 0x21010f27, 0x0a05031d, 0x1b2b290e, 0x04620156, 
	0x9afe0a08, 0x202b1d42, 0x46020421, 0x083b2b06, 0x01152727, 0x04170478, 0x377d8101, 0x05934102, 0xff1f2a08, 0x05d705f8, 0x00560033, 0x3fb20080, 
	0xb12b0000, 0xb1e90639, 0x32324b48, 0x000224b2, 0x3308b02b, 0xe90320b1, 0x552d11b2, 0x06564e32, 0xb1d64f33, 0xb2e90836, 0x2b0a4f36, 0x3e3640b3, 
	0x4fb22b09, 0x300a8336, 0x2b09024f, 0xb11036b0, 0xb42b011c, 0x0c000c2b, 0x05594e04, 0x11361c36, 0x2721b212, 0x3939393f, 0xb1112bb0, 0x39392d28, 
	0x3920b100, 0x13221482, 0x14834917, 0xb1112425, 0x44392b02, 0x37340893, 0x33323336, 0x32372016, 0x22230616, 0x01171415, 0x13373616, 0x20059344, 
	0x351b8526, 0x15323732, 0x07062714, 0x1c010706, 0x16141502, 0x17363217, 0xce411416, 0x25228205, 0x33163637, 0x31823736, 0x3f05b341, 0x02020120, 
	0x01060506, 0x1401c502, 0x0a13084e, 0x01407f17, 0x0a250812, 0x462f42db, 0x01021214, 0x61080282, 0x128be559, 0x1f426812, 0x33d1fe4c, 0x0a310840, 
	0x9df41919, 0x0d104369, 0x0a230806, 0x056d042a, 0x8afe0406, 0x195f6048, 0x0607fe04, 0x070c0808, 0x21030305, 0x621d291e, 0x120a5afe, 0x6d720113, 
	0x08171f1c, 0x03031b1e, 0x0601231f, 0xfd7f2144, 0x837d2dfe, 0x08423b0e, 0x46060402, 0x102b0204, 0x09820114, 0x50567d3a, 0x49023d40, 0x00044471, 
	0x00010000, 0x05faff4a, 0x00330517, 0x00400035, 0x3f05aa5b, 0xb0e90707, 0x1cb12f2a, 0xb001e907, 0x0eb02f36, 0x090ab4d6, 0x2b041e00, 0x2b0137b1, 
	0x2a1cb100, 0x08051348, 0xb41107a8, 0x170e0c03, 0x39172422, 0xb01212b0, 0x31303916, 0x01373437, 0x21232636, 0x14070622, 0x34272606, 0x21373637, 
	0x01071632, 0x3316010e, 0x3f363221, 0x16013e01, 0x06070615, 0x22232223, 0x27202304, 0x26272622, 0x0a4a3435, 0x1d0a6d03, 0x9c4afe0c, 0x1d191252, 
	0x29040a04, 0x1b21cf03, 0x089cfc11, 0x02251a06, 0x10719c08, 0x1b210402, 0x36041308, 0xfe3f0202, 0x4afe7f33, 0x07130a0a, 0x100e1f05, 0x0f0e7704, 
	0x04069744, 0x56c90a0a, 0x201f060e, 0x12089dfb, 0x14a07515, 0x06050906, 0x0218a8d3, 0x07090402, 0xe3820309, 0x2bfed53a, 0x85052d02, 0x4d001f00, 
	0x020cb200, 0x07b12b00, 0x1cb0e904, 0x0316b12f, 0x203ae382, 0xd600b02f, 0xb43202b0, 0x0c000c19, 0x0ab02b04, 0x0a12b132, 0x3210b0e9, 0x10850ab4, 
	0xb1321a28, 0xb12b0121, 0xf9820012, 0xb0391139, 0x0cb11119, 0x0039391c, 0x02133130, 0x37363413, 0x1d321736, 0x82231401, 0x021728d8, 0x1f161413, 
	0x84011e01, 0x273c080f, 0x0c0cd526, 0xc73f1b12, 0x117b1025, 0x08080119, 0x0e324b21, 0xac562708, 0x0354fe2f, 0x1d7d037f, 0x06060216, 0x0a101f0e, 
	0xfc2f0e09, 0x29fefcbe, 0x02050616, 0x12170e06, 0x00040606, 0x3e080082, 0xff520001, 0x057d03d9, 0x00130064, 0x17261300, 0x1e023a33, 0x16011703, 
	0x2706010f, 0x10522726, 0x11042b4b, 0x06040a04, 0x8d020407, 0x1b562414, 0x0503020e, 0x02011f46, 0x080a0802, 0x822bccfa, 0x041f221a, 0x2d478402, 
	0x012bfe42, 0x0085059a, 0x004e0020, 0xff830eb2, 0xff821320, 0xb12f1e23, 0x24ff8303, 0x20b02f21, 0x20ee83d6, 0x2eee851a, 0x1ab03218, 0x0a07b110, 
	0x2f07b0e9, 0x823309b0, 0x10b4210c, 0x10301985, 0x0122b12f, 0x071ab12b, 0x08b01211, 0x31300039, 0x4508fe82, 0x013e3317, 0x34031235, 0x012f2627, 
	0x34013d22, 0x1e21013b, 0x03121501, 0x27060714, 0x14423722, 0x234a1a19, 0x0c190808, 0x18103748, 0x1b07010c, 0x300e0e12, 0x012756ac, 0x0d1054fe, 
	0x2b160602, 0x42030403, 0xc4820c2f, 0x1f102508, 0x1f14020e, 0x02fd02fc, 0x06060425, 0x01000012, 0xac022e00, 0xb005be03, 0x00001700, 0x12373612, 
	0x13003313, 0x4c08fd84, 0x07260302, 0x23060306, 0x2d012e22, 0xc9e30a02, 0xac00012d, 0x23292b17, 0x17a29814, 0x0ed07112, 0x0d230427, 0x1015bc02, 
	0x37019801, 0xcbfe5efe, 0x04040425, 0x010e0127, 0xae1f2502, 0x021b90fe, 0xff010004, 0x0425feec, 0x0092fe4a, 0x05a77614, 0x070bb128, 0x3203b0e9, 
	0x068206b1, 0x01320229, 0xb12f15b0, 0x822b0116, 0x032c08e2, 0x1e013e34, 0x32213301, 0x32333236, 0x0714011d, 0x37222123, 0x1e1f0c14, 0x25031533, 
	0x112d3d04, 0xfc2b1529, 0xfe014e2f, 0x02080881, 0x18240082, 0x2504143c, 0x2008bb82, 0x01cf038f, 0x004405d5, 0x002a000c, 0x000204b2, 0x0709b42b, 
	0x2b040b00, 0x2f0db001, 0xb4d60bb0, 0x05534308, 0x64820e20, 0x04b13008, 0xb0121109, 0x3130390b, 0x33362613, 0x16173237, 0x27061617, 0x150a8f26, 
	0x0a1d9e12, 0x2902293b, 0x1b056d0c, 0x11021d0a, 0x0812b29c, 0x51008d0c, 0xe73f054b, 0x73033303, 0x48003800, 0xb2008c00, 0x2b000118, 0xe90609b1, 
	0x000036b2, 0x332db02b, 0x85073bb1, 0x22b4300b, 0x04210007, 0x363bb22b, 0x40b32b0a, 0x8209273b, 0x2f493b81, 0xb0d600b0, 0x48b13214, 0x0cb1e90a, 
	0x48b0e90a, 0x013eb110, 0x3206b02b, 0x11821fb1, 0x2b014a3c, 0x110c3eb1, 0x0203b612, 0x3b363018, 0x39172446, 0xb0111fb0, 0xb100392d, 0xa982363b, 
	0xb0393329, 0x2bb31122, 0x8332302f, 0x12092a19, 0x141200b7, 0x423e291e, 0x340e8248, 0x34373130, 0x36373637, 0x2726012f, 0x14150622, 0x07010e17, 
	0x05e34906, 0x17163229, 0x1115011e, 0x83321614, 0x339a0820, 0x07141516, 0x27222306, 0x010f2226, 0x2223010e, 0x33163626, 0x35373632, 0x2226013c, 
	0x06070607, 0x52d93315, 0x02011771, 0x52238704, 0x10600a06, 0x6882151b, 0x22814258, 0x31150a19, 0x0a18190c, 0x87061409, 0x06135852, 0x420a0a04, 
	0x6f583956, 0x2130419e, 0x08040c74, 0x6e632f06, 0x173998a0, 0x83170e34, 0x203c01b8, 0x2f0a0f23, 0x1d0c0a04, 0x4254624c, 0x633b2133, 0x283d8cfe, 
	0x06160807, 0x100b1404, 0x08066b77, 0x67283908, 0x214b413d, 0x0c0904aa, 0x2d291702, 0x0082004f, 0x1000022e, 0xa403e1ff, 0x2c00cf05, 0x7c003b00, 
	0x08055f41, 0x0737b430, 0x2b042400, 0x0a3718b2, 0x1840b32b, 0xb22b0905, 0x2b000124, 0x00001eb2, 0x0632b12b, 0x3cb001e9, 0xd622b02f, 0xe90a2db1, 
	0xb23208b0, 0x26832d22, 0x09012230, 0x102db02b, 0x2b0135b1, 0xe90a1bb1, 0x07823db1, 0x11222d34, 0x0405b112, 0x35b03939, 0x1e18b111, 0xb1003939, 
	0x37681e32, 0x37390805, 0x1b0fb311, 0x17240d23, 0x1218b039, 0x303910b0, 0x3f341231, 0x17323601, 0x10060716, 0x37011e17, 0x3233083e, 0x00141516, 
	0x26272223, 0x03103627, 0x26352634, 0x01012e27, 0x05205014, 0x26102608, 0x14072223, 0xfa0f1006, 0x0804110c, 0x02030303, 0x27040a09, 0x25172710, 
	0x0e1f211c, 0xfcfebf89, 0x10b168cd, 0x08178204, 0x0e2b0295, 0x1110013c, 0x73476310, 0x426d8f8f, 0x4405028d, 0x0454042f, 0x6e1b0804, 0x10e8aafe, 
	0x1b04060d, 0x150c1b0c, 0xf1060a0c, 0xe7fed5a8, 0xfe1f0627, 0x4a014902, 0x21043214, 0xfc0a0206, 0x3f43b481, 0x3701c14f, 0x950467c5, 0x00010000, 
	0x03e7ff33, 0x0075031e, 0x003f0023, 0x000103b2, 0x060db12b, 0x030db2e9, 0x00b32b0a, 0x2b09090d, 0x000021b2, 0x0713b42b, 0x2b042500, 0x2f24b001, 
	0xb1d600b0, 0xb1e90a10, 0x002b0125, 0x11130db1, 0x1600b212, 0x8239391d, 0x341322f0, 0x21e28400, 0xe2822306, 0x0622232c, 0x33161415, 0x17363732, 
	0x4d59021e, 0x234e0805, 0x01332622, 0x9064cf21, 0x4a351f2b, 0x9c663c39, 0x5e937ba0, 0x0406190a, 0x0a070205, 0xd5a2e189, 0x01cd8b01, 0x21394a1d, 
	0xd939482b, 0x89c69e94, 0x0402061f, 0x09050409, 0xeed70f0a, 0x02000000, 0xe1ff2f00, 0xe2050104, 0x4b003e00, 0xad869f00, 0xe9064922, 0x34053678, 
	0x23000742, 0x2fb32b04, 0x2b083c42, 0xe90329b1, 0x000032b2, 0x053d522b, 0xe9041725, 0x821117b2, 0x174023d1, 0xc582091b, 0xc5844c20, 0xe90a3f24, 
	0x384f3fb0, 0x36082a05, 0x20b13232, 0x20b2e90a, 0x34258346, 0x2b092d20, 0x2b014db1, 0x113f46b1, 0x1006b612, 0x3a141703, 0x05e44b3c, 0x3918b026, 
	0x2f29b100, 0x2322f682, 0xf6823a39, 0x1149b027, 0x3f0020b3, 0x291d8347, 0x06b01203, 0x1111b039, 0x0d4109b0, 0x16172a07, 0x34363536, 0x2e272627, 
	0x22048202, 0x83363726, 0x32332f01, 0x11151617, 0x32331614, 0x013e3237, 0x1d411632, 0x06072e05, 0x3734012e, 0x07263435, 0x26222306, 0x081e8437, 
	0x11373698, 0x06222326, 0xc508012f, 0x0e086248, 0x060a0303, 0x0b33250c, 0x02040214, 0x738f1004, 0x06080508, 0x08231508, 0x0a120225, 0x05020a0f, 
	0x0e8c890b, 0x0c020712, 0x8f69b80a, 0x6d91a4c7, 0x04107d58, 0x8b717e6d, 0x01cd8701, 0x12022016, 0x8fd54615, 0x0508031d, 0x0a040202, 0x02100914, 
	0x06032b2d, 0x36fb170b, 0x060c2352, 0x10080802, 0x4405100a, 0x1a0d0623, 0x0e110e19, 0xf87f0616, 0x54d39eee, 0xa4012708, 0x0200bb9c, 0xe1ff3100, 
	0x6f033803, 0x32002500, 0x7b415600, 0x314a0806, 0x23b2e903, 0xb42b0000, 0x20000718, 0x2ab42b04, 0x0d032311, 0x032ab12b, 0x33b001e9, 0xd600b02f, 
	0xe90a15b1, 0x0a0015b2, 0x1500b32b, 0xb12b090a, 0x002b0134, 0x111811b1, 0x1b00b112, 0x2ab03939, 0x3908b011, 0xb11231b0, 0x40420507, 0x33122405, 
	0x41011f32, 0x20230810, 0x42072227, 0x01200945, 0x0805ba54, 0x06130279, 0x21331617, 0x2e273632, 0x31222301, 0x54d3b4f0, 0x03151410, 0x4f1a0201, 
	0x25c4eefe, 0x83b00402, 0x150a6f8f, 0x44060e0c, 0xa27f734d, 0x0c01b0d9, 0x3301080e, 0x17022310, 0x01c74166, 0x0801c99e, 0x1b2722b5, 0x06050c09, 
	0x03030112, 0x9e261715, 0x030e83cf, 0x500a1d04, 0x0201583e, 0x04059001, 0x540c0d06, 0x0100005e, 0xfaff2300, 0xd1058303, 0x7b004800, 0x8238b200, 
	0x31b131e8, 0x41b0e905, 0x0218b232, 0x0bb42b00, 0x04230007, 0x29056142, 0x382922b4, 0xb02b0d18, 0xb6453347, 0xb1220806, 0x01e90402, 0xb02f49b0, 
	0x04b0d644, 0x0a2db132, 0x321db0e9, 0x0a442db2, 0x2d40b32b, 0xb22b0936, 0x0a832d44, 0x093d443d, 0x014ab12b, 0x442db12b, 0x07b01211, 0x22b10039, 
	0xb1121129, 0x39392604, 0x820218b1, 0x39142f12, 0x34123130, 0x34373637, 0x37013e37, 0x2d423336, 0x010e3b06, 0x23262726, 0x06070622, 0x17151415, 
	0x32013b14, 0x2306011f, 0x15062227, 0x10571411, 0x5e142007, 0x3c820530, 0x3233a008, 0x26113536, 0x0a232327, 0x06043c5e, 0xac96503b, 0x061d8939, 
	0x121f0e29, 0x3f626215, 0x021d1569, 0x0319981f, 0xae15040f, 0x1214110a, 0x45070859, 0x9c120417, 0x1066fefe, 0x1f060401, 0x13062548, 0x37d90281, 
	0x08231407, 0x569e7d66, 0x092b31a4, 0x1442140e, 0x50100a04, 0x6e4f3d4a, 0x298d0707, 0x02105c13, 0x4cfe0912, 0x0218198f, 0x05052129, 0x0e061021, 
	0xaa01834c, 0x0000041d, 0x37000300, 0x9c0300fe, 0x42006f03, 0x5e005200, 0xb200e200, 0x2b000117, 0xe9035cb1, 0x00004fb2, 0x5139b42b, 0x0a20059c, 
	0xb0340b82, 0x46b12f40, 0x2fb4e907, 0x0d174f56, 0x052fb12b, 0x271ab4e9, 0xb43b0a83, 0x2300071a, 0xb0012b04, 0x14b02f5f, 0x320cb0d6, 0xe90a53b1, 
	0xd62000b0, 0x8243b111, 0x10142308, 0x068235b1, 0xb1105327, 0xb12b0159, 0x230a822c, 0x49b1102c, 0x3d270a82, 0x21b0e909, 0x8260b132, 0x14352e0a, 
	0x05b11211, 0xb039390a, 0x10b11153, 0x36078209, 0x0a401259, 0x2f171211, 0x46403933, 0x1724514d, 0x112cb039, 0x432919b2, 0x122e05d7, 0x003927b0, 
	0x11464fb1, 0x3d05b212, 0x2e823900, 0xb0113931, 0x2fb0390b, 0x3933b012, 0xb21156b0, 0x83311210, 0x12272815, 0x2a2514b5, 0x8359532c, 0x111a213f, 
	0x2805b76f, 0x3e373634, 0x013e3702, 0x054e4b27, 0x07294518, 0x32331730, 0x17163637, 0x15141516, 0x27222306, 0x3c760626, 0x06272706, 0x14150607, 
	0x0b60011e, 0x23042f05, 0x06372622, 0x36323316, 0x27263435, 0x1d832226, 0x77141321, 0xe50808e5, 0x3f3e3706, 0x06121108, 0x8f08090a, 0x232b5601, 
	0xc6a10d17, 0x10508992, 0x0e179129, 0x11040702, 0x1204641b, 0x95c51202, 0x35042b29, 0x75791027, 0xfe695ee5, 0xd773ddc2, 0x75b20296, 0x7f65cb66, 
	0x04279531, 0x69376a17, 0x6c5e4e4f, 0xfe604850, 0x295a46e1, 0x040b0a06, 0x33051608, 0x192f2964, 0x51090a14, 0x56c593ab, 0x170a0416, 0x0404203c, 
	0x0e020f1b, 0x89392d05, 0x2f060cae, 0x150e1421, 0x2f2b0417, 0x7fd59c8d, 0x85634e9a, 0x0a44484c, 0x17080204, 0x7bfa026a, 0x756a7a90, 0x00008397, 
	0xff220001, 0x052004f9, 0x006500d5, 0x1eb200a4, 0xb12b0001, 0xb2e90746, 0x2b0a461e, 0x131e40b3, 0x5ab22b09, 0xb02b0000, 0x50b13331, 0x00b2e903, 
	0x32323b2a, 0x66b00132, 0xd605b02f, 0xe90a4db1, 0xb23217b0, 0x2b83054d, 0x82544d21, 0x4d05212b, 0x05250a83, 0xb02b0964, 0x05365a4d, 0xe90a222a, 
	0x322725b1, 0x4122b232, 0x22211a83, 0x06df572f, 0x054d2c08, 0x13b11211, 0xb039395c, 0x1eb31141, 0x245b3a37, 0x22b03917, 0x3533b112, 0xb1003939, 
	0x12115a50, 0xb0392fb0, 0x03b31146, 0x5602271a, 0x18200637, 0x2805c561, 0x1135013e, 0x2e273427, 0x45028201, 0x37200ba3, 0x2206d066, 0x44150614, 
	0x162f0589, 0x14151617, 0x22230623, 0x22232623, 0x7f172635, 0x262106ce, 0x220e8227, 0x6107010e, 0x142307af, 0x84071417, 0x22650824, 0x22272206, 
	0x35262223, 0x29022934, 0x33022446, 0x0c0f370e, 0xaa5c1004, 0x060a0506, 0x520a0f0a, 0x2dac527b, 0x04080317, 0x0914522f, 0x4b0e0102, 0x8d2f2c58, 
	0x15042129, 0x0631480c, 0x311f160e, 0x224e274e, 0x442b0a32, 0x0802021d, 0x02020706, 0x6a99671a, 0x0701011e, 0x0902390a, 0x03814504, 0x082d4ea8, 
	0x08178202, 0x2506315e, 0x0a060231, 0x0e89fd1f, 0x2f33061f, 0x319f4491, 0x2d5a06b5, 0x19101627, 0x01160506, 0x01212301, 0x9d7b3a27, 0x35236b87, 
	0x061f121b, 0x4e16fe10, 0x09121029, 0x0106080c, 0x0e140102, 0x02000013, 0xfaff2800, 0x5205fa01, 0x34002900, 0xb2006b00, 0x2b000115, 0x000028b2, 
	0x0304b12b, 0x3a05bf44, 0xb42b0002, 0x14000733, 0xb0012b04, 0x08b02f35, 0x0a18b1d6, 0x3230b0e9, 0x5e1808b2, 0x39080823, 0x2bb11018, 0x2bb0e90c, 
	0x0136b12f, 0x2b08b12b, 0x06b11211, 0xb039390c, 0x15b31118, 0x24332d26, 0xb1003917, 0x12112804, 0xb03923b0, 0x1eb01115, 0x37313039, 0x3f343526, 
	0x14553e01, 0x41262005, 0x11300982, 0x011e1714, 0x17163633, 0x14150614, 0x07222623, 0x080bbb74, 0x1101296a, 0x1121581b, 0x0a252f26, 0x1fd90a03, 
	0x0121090b, 0x42220202, 0x0202190a, 0x46d08a1d, 0x2f40660e, 0x2f464231, 0x05061b31, 0x06030118, 0x6f018335, 0x0a081c4c, 0x062b020d, 0x35040650, 
	0x1c4eb2fd, 0x11041937, 0x040e020a, 0x04030321, 0x3c3e5ac0, 0x003b2d2f, 0xff020000, 0x010cfe25, 0x003b055e, 0x00320028, 0x2cb2005b, 0x3120f683, 
	0xb029f684, 0x07b12f26, 0x07b2e907, 0x35ef8226, 0x09030700, 0x33b0012b, 0xd60cb02f, 0xe90a1fb1, 0xb2322eb0, 0x18821f0c, 0x180c403b, 0x1fb02b09, 
	0x0c2ab110, 0x2f2ab0e9, 0x2b0134b1, 0x110c1fb1, 0x312cb112, 0x21fd8239, 0xfd820731, 0xf7821c20, 0x9d580320, 0x5a332007, 0xfc83075f, 0x3426272c, 
	0x36373637, 0x14111516, 0x01830706, 0x00262222, 0x8b082883, 0x23061416, 0x1f2bdb22, 0x3e383321, 0x3f440101, 0x27120e06, 0x08062e0c, 0x178b7308, 
	0x1f1b0e16, 0x58975a35, 0x425a0171, 0x3f3d312f, 0x83fe312f, 0x413e422b, 0x027f8372, 0x081e4292, 0x0804070a, 0x042b0402, 0x1c082d31, 0x87cdfc15, 
	0x39483f7d, 0x06440162, 0x3b3b5a56, 0x00003e5a, 0xff1f0001, 0x050604fa, 0x006800c9, 0x16b2007a, 0xb12b0001, 0xb0e90311, 0x50b2321e, 0xb02b0000, 
	0x47b13332, 0x29b2e903, 0x3232583a, 0x0268b232, 0x023e1e82, 0x02b2e904, 0xb32b0a68, 0x09070240, 0x69b0012b, 0xd65bb02f, 0xe90a44b1, 0xb23209b0, 
	0x18835b44, 0x094a4426, 0x445bb22b, 0x002c0a82, 0x2b09015b, 0x2b016ab1, 0x5047b100, 0x4a33fd82, 0x1111b039, 0x1d0b0ab5, 0x24403c23, 0x16b03917, 
	0x461cb012, 0xe64605ea, 0x13152205, 0x05d95414, 0x3e372626, 0x33163301, 0x2609b251, 0x17161706, 0x483b011e, 0x23310725, 0x22072226, 0x33363435, 
	0x27343532, 0x06072601, 0x05b6581d, 0x07141525, 0x85222706, 0x8226201d, 0x369b081d, 0x27341135, 0x052e2726, 0x0c1f012b, 0x0925903b, 0x29021d07, 
	0x195c35d9, 0x100b0202, 0x92793c36, 0x77850c14, 0x160e4a8f, 0x33297df6, 0x030a1531, 0x08040201, 0x1083de5c, 0x2f47150a, 0x020cf8fe, 0x19521c02, 
	0x07030410, 0xd16e0101, 0x0a020e63, 0x021f4a16, 0x0a064402, 0x06060b0a, 0x3f050202, 0x3b0e0430, 0xfc25020b, 0x9e191f97, 0x0c190a27, 0x010c1019, 
	0x01232103, 0x336a5d02, 0x7dfe170e, 0x10041d29, 0x080a0607, 0x2305050e, 0x0d1c0a14, 0x08180134, 0x910d0814, 0x6b22328f, 0x212b05e7, 0x8f400d17, 
	0x26468803, 0x84020e1f, 0x055f5300, 0xf8ff2132, 0xc305fa01, 0x50002f00, 0x0027b200, 0x05b12b00, 0x21058c43, 0x0b82020e, 0xe904113b, 0x2f30b001, 
	0xb1d608b0, 0xb2e90a1a, 0x2b0a081a, 0x221a40b3, 0x08b22b09, 0x0791431a, 0x0131b135, 0x081ab12b, 0x12b11211, 0x00393929, 0x11050eb1, 0x431ab012, 
	0x37210676, 0x05285f33, 0x2207f944, 0x4a363332, 0x1722079d, 0xea44021c, 0x274f0805, 0x07222326, 0x04252622, 0x2d501710, 0x11441221, 0x8910040c, 
	0x0a020186, 0x4a210807, 0x38190225, 0x513c3c3b, 0x04151c37, 0x0a0d0c12, 0x54340814, 0x061f3504, 0x04020c04, 0x3323072f, 0x0e100e01, 0x2e5c31fb, 
	0x0a0a020c, 0x02022102, 0x820a0103, 0x00013ed8, 0x06faff20, 0x0084036b, 0x00d70082, 0x00011fb2, 0x3328b02b, 0xe9076eb1, 0xb23252b0, 0x220e8216, 
	0x82007eb2, 0x3f2208df, 0xb1333360, 0xb5e90374, 0x58493406, 0x17246765, 0x83b00132, 0xd609b02f, 0xe90a71b1, 0xb2321ab0, 0xe6830971, 0x82787121, 
	0x710921f1, 0x2308035e, 0x6ab11071, 0x5525f482, 0x55b2e90a, 0x2815836a, 0x2b095b55, 0xb11055b0, 0x2015824f, 0x2115822e, 0x15834f2e, 0x09392e25, 
	0x8284b12b, 0x71240812, 0xb0121109, 0x6ab03916, 0x621eb311, 0x17247f64, 0x1255b039, 0x602223b2, 0xb0393939, 0x24b4114f, 0x5e474428, 0x2d05465b, 
	0x394331b1, 0x74b10039, 0xb112117e, 0x1e820239, 0x40116e2d, 0x1c1b100a, 0x2423221d, 0x8337352c, 0x121f2324, 0x5e4125b0, 0x6b362007, 0x272405a7, 
	0x26012f26, 0x3a08fd4b, 0x3716011d, 0x16323736, 0x3e371617, 0x17323302, 0x15141516, 0x14150614, 0x70363316, 0xbc42096e, 0x069a6b05, 0x34252e82, 
	0x07222326, 0x82238211, 0x56142037, 0x37200760, 0x8706da42, 0x8236201b, 0x4206204b, 0x5f0808f9, 0x06050323, 0x06284427, 0x0c2f4a0a, 0xb5580804, 
	0x050a0405, 0xc7190206, 0x1768467a, 0x43481304, 0x36873785, 0x5831081e, 0x09061b06, 0x06050601, 0xe33a0201, 0x060614aa, 0x42151004, 0x010a062c, 
	0xae4c543e, 0x0b10442d, 0x9a080d02, 0x1244527a, 0x17041204, 0x404a2b50, 0x4e2db052, 0x020e050e, 0x5d083283, 0x75d96401, 0x0808080e, 0x040e0d0c, 
	0x25018348, 0x0a170991, 0x04310206, 0x07012f29, 0x1479150a, 0x50018b12, 0x330e0e46, 0x467b382b, 0x370607cc, 0x1c3138d5, 0x04050202, 0x0d090613, 
	0x0201090a, 0x2b0a0c02, 0x948b4229, 0xfe7783be, 0x0c2f4c27, 0x04170c12, 0x02083702, 0x4e018b46, 0x13825a50, 0x042d4e26, 0x0b200404, 0x042f2b82, 
	0x00010004, 0x04f9ff1f, 0x00890304, 0x48b6005a, 0x4208055b, 0x000744b4, 0xb02b0425, 0x44b0320c, 0x040fb110, 0x0114b2e9, 0x37b02b00, 0x334eb02f, 
	0xe9033cb1, 0x4a2602b2, 0x01323232, 0xb02f5bb0, 0x47b1d606, 0x16b0e90a, 0x0647b232, 0x40b32b0a, 0x2b094c47, 0x834706b2, 0x59062a0a, 0x47b02b09, 
	0x0142b110, 0x05094e2b, 0x15834220, 0x822a2021, 0x20422120, 0x42250a83, 0xb12b093a, 0x311d825c, 0x12110647, 0x515011b2, 0xb0393939, 0x1eb21142, 
	0x09834f35, 0x12202b08, 0x393323b1, 0x3cb10039, 0xb0121137, 0x44b0392a, 0x0b094011, 0x201a1917, 0x46423b27, 0xb0391724, 0x1bb0120f, 0x37313039, 
	0x73431736, 0x2f262306, 0xd74b2601, 0x011d2307, 0x78481614, 0x42112005, 0x172b0609, 0x07141516, 0x2223010e, 0x82272223, 0x22072c03, 0x17342726, 
	0x37013e33, 0x42343536, 0x17260709, 0x22260714, 0x21830607, 0x2627a108, 0x04213435, 0x2d480c0e, 0x29480808, 0xac210a0a, 0x1e070a25, 0x4a60080e, 
	0x10e33a56, 0x0f124521, 0x08020206, 0x2b02040f, 0x4d273296, 0x020b141e, 0x33440e11, 0x60950c06, 0x0e502d9c, 0x61181c04, 0x4d26314a, 0x04031921, 
	0x4e011428, 0x96190187, 0x080f1210, 0x06043102, 0x2502084a, 0x06190670, 0xfe292544, 0x40f63d8f, 0x120c1b2f, 0x0a080e0b, 0x0101060c, 0x0123150c, 
	0x773f2e06, 0xfe79e3f2, 0x22294e31, 0x01010221, 0x080a0301, 0x0000070b, 0xff2f0002, 0x03cf03e1, 0x000e0071, 0x0046001a, 0x08055d50, 0xe9051823, 
	0x00000cb2, 0x0512b12b, 0x1bb001e9, 0xd600b02f, 0xe90a0fb1, 0xb1100fb0, 0xb12b0115, 0xb1e90809, 0x3207821c, 0x12110f15, 0x39030cb1, 0x18b10039, 
	0xb2121112, 0x50000907, 0x30430964, 0x23002d05, 0x14130022, 0x36323312, 0x23023435, 0x0805264f, 0x8587c72c, 0xc7c3f6fe, 0xb9b2f4fe, 0xbb916d81, 
	0x01916d7f, 0x0401c5a8, 0x03bf8284, 0xf9febe03, 0x04010401, 0xb9fefeba, 0x0001b28f, 0x008200b4, 0x0c00022e, 0xcd03c6fd, 0x4000a403, 0x72004d00, 
	0x25065142, 0x22000749, 0xff482b04, 0x83242005, 0x06433eab, 0x2f3cb0e9, 0xe90302b1, 0x01322db0, 0xb02f4eb0, 0x2ab1d606, 0x17b1e90a, 0xb0323241, 
	0x0544502a, 0x0f822120, 0xba824f20, 0x82062a21, 0x38152dba, 0x46b03939, 0x241eb311, 0x17243631, 0x4929c582, 0xb412113c, 0x211c190e, 0x2a0e8227, 
	0xb1111eb0, 0x39391810, 0x6f133130, 0x35320679, 0x2e272634, 0x3f363703, 0x32333601, 0x3714011d, 0x08823732, 0x30521620, 0x07d54606, 0x28088c5f, 
	0x27222306, 0x34352622, 0x08154c01, 0x06078c08, 0x11030d15, 0x122d5612, 0x192f0c23, 0x0a020602, 0x140d16e2, 0xb8020210, 0xfebf816b, 0x5c3db6f1, 
	0x562f0d0c, 0x08061f1d, 0x2e15060a, 0x674a394b, 0x1b0f2437, 0x754a010c, 0x97856677, 0x0c6f566f, 0x5016f6fd, 0x31500396, 0x040a1427, 0x06230411, 
	0x0e8e0a04, 0x02297f1f, 0xa2f58302, 0x1ddffec3, 0xf31b0a04, 0x1d104d93, 0x01020c12, 0x0f140102, 0x6fbf0205, 0xd09c89b5, 0x00180c58, 0xfd3f0002, 
	0x03f803c9, 0x0037006e, 0x41970047, 0x430805eb, 0xb1330db0, 0xb2e90345, 0x2b000035, 0x00073bb4, 0xb02b0426, 0x16b12f20, 0x27b0e903, 0x48b00132, 
	0xd600b02f, 0xe90a38b1, 0xb11038b0, 0xb02b012c, 0x13b1323f, 0x13b2e90a, 0xb32b0a2c, 0x091b1340, 0x132cb22b, 0x39080a83, 0x2b09252c, 0x2b0149b1, 
	0x11382cb1, 0x0322b312, 0x17243533, 0x1113b039, 0x210d05b2, 0x00393939, 0x112016b1, 0x3925b012, 0x11353bb1, 0x2d2eb112, 0x45b03939, 0x3200b311, 
	0x95510633, 0x05b22305, 0x3c420807, 0x3637210b, 0x32250182, 0x06173233, 0x06e87507, 0x15161726, 0x07060714, 0x4f052e48, 0x33230731, 0x51022e34, 
	0x9a080c8c, 0x2e272627, 0x06222301, 0xbc03013f, 0x08177475, 0x110a1a1d, 0x080e0201, 0x442b010e, 0x02030e14, 0x12070406, 0x2771e573, 0x54420e11, 
	0x0402022d, 0x8b930409, 0xa09ec396, 0x096c5c75, 0x11020206, 0x7b467017, 0xc78f018f, 0x0c3b1201, 0x06142110, 0x62370a02, 0x8f85fc5a, 0x0507145b, 
	0x020a0a0d, 0x211e0404, 0x964e0208, 0x0b024701, 0x7b040812, 0xd5a0eef4, 0xeb1d085c, 0x503d34a6, 0x010000bb, 0xfaff2900, 0x7f03b702, 0x62004b00, 
	0x0127b200, 0x36b42b00, 0x041c0007, 0x8219b22b, 0xb264080b, 0x2b000043, 0xe9033db1, 0x013205b0, 0xb02f4cb0, 0x3ab1d608, 0x1cb0e90a, 0x3a08b232, 
	0x40b32b0a, 0x2b091108, 0xb13200b0, 0xb12b014d, 0x1211083a, 0x394416b1, 0x36b10039, 0xb312113d, 0x3221230b, 0xb0391724, 0x0cb21127, 0x39392e1e, 
	0x37313039, 0x3236013c, 0x35363233, 0x012f2611, 0x3d342726, 0x36373401, 0x322a0183, 0x1c151617, 0x16141701, 0x0f823336, 0x17323324, 0x3f41011e, 
	0x27262606, 0x07222326, 0x08108210, 0x32013b98, 0x23060716, 0x22072226, 0x26272223, 0x0b0a0629, 0x0e062e4a, 0x10041f56, 0x314a6019, 0x0a040e09, 
	0x02040602, 0x221a203d, 0x19064c36, 0x10011304, 0x2d311b2b, 0x0245441d, 0x2d4e2b02, 0x020f0d0e, 0x36daa41a, 0x040b0203, 0x060e1d04, 0x01854c0c, 
	0x21031b8a, 0x04020d0c, 0x0c051210, 0x04181921, 0x19130703, 0x08081660, 0x0e108502, 0x01080222, 0x04030e03, 0x18025031, 0x9cfe8317, 0x37294e36, 
	0x0303020c, 0x00000907, 0x46000100, 0x4802e7ff, 0x45007b03, 0x99428200, 0x11b13805, 0x11b2e905, 0xb32b0a03, 0x090b1100, 0x002ab22b, 0x26b02b00, 
	0x821fb233, 0xb12e0807, 0x01e90437, 0xb02f46b0, 0x2eb0d600, 0x0914b132, 0x0935b4e9, 0x2b041e00, 0xb11014b0, 0xb42b013a, 0x1a000a1c, 0x0eb32b04, 
	0x2b083a1c, 0x1a8409b4, 0x47b12e08, 0x0eb12b01, 0xb2121100, 0x391f1803, 0x09b03939, 0x390bb011, 0x1f37b100, 0x24b01211, 0x1111b039, 0x2e1c00b3, 
	0x39172432, 0x34133130, 0x05f24736, 0x2314072c, 0x2e372622, 0x06222301, 0x25551415, 0x05d74306, 0x0722272e, 0x23302306, 0x35262726, 0x36263534, 
	0x0805eb5f, 0x343536a2, 0x2e27052e, 0x799b4602, 0x02065e4e, 0x02110c1c, 0x313a520e, 0x54147b3f, 0x9e46193d, 0x0231356f, 0x0b10081f, 0x12010718, 
	0x18021203, 0x2b040a13, 0x0a4e3789, 0x1131121d, 0x46390439, 0x6f81023d, 0x3d52278b, 0x060a1d25, 0x3d5a5204, 0x0e5a482f, 0x4c1b2f38, 0x0e916a5e, 
	0x071a020c, 0x4b901302, 0x070c0608, 0xb8110402, 0x2714354e, 0x0e251927, 0x39270227, 0x00010065, 0x02e9ff28, 0x0042045e, 0x00680039, 0x000113b2, 
	0x0719b42b, 0x2b042400, 0xb23233b0, 0x2b0a1913, 0x081340b3, 0x03b22b09, 0xb2221982, 0x1e82002c, 0xac512120, 0x2f3a2e06, 0xb1d62fb0, 0xb0e90a1e, 
	0x1eb0320c, 0x07fe6510, 0xb12f043d, 0xb12b013b, 0x12112f04, 0x003903b0, 0x112119b1, 0x2824b212, 0x3939392f, 0x621113b0, 0x3624055f, 0x34373637, 
	0x32200382, 0x0621fd82, 0x05524214, 0x07060727, 0x22272306, 0x05064906, 0x2c493720, 0x067f0806, 0x3d262207, 0x27341101, 0x26272223, 0x042b3435, 
	0x0d48750c, 0x04050808, 0x0303010c, 0xe3071002, 0x0e040b23, 0x08c2170a, 0x4a390215, 0x25023942, 0x54040608, 0x0c7b609c, 0x09191029, 0x06081f03, 
	0x0607c93b, 0x04020103, 0x1d5b3c0b, 0x21201308, 0x11041023, 0x9e96fe08, 0x020a6d71, 0x090b070a, 0x9001ba0c, 0x9a015470, 0x0f060512, 0x0100080d, 
	0xecff2800, 0x8d032d04, 0x80005000, 0x8223b200, 0x07b024f5, 0x8346b233, 0x460e20f8, 0x3c200539, 0x21080b82, 0x2f51b001, 0xb1d648b0, 0xb2e90a0b, 
	0x2b0a0b48, 0x004840b3, 0x0bb02b09, 0x0114b110, 0x323eb02b, 0x188228b1, 0x83142821, 0x28290818, 0xb12b0935, 0xb12b0152, 0x1211480b, 0xb03906b0, 
	0x1fb21114, 0x39394620, 0x1228b039, 0x003925b0, 0x11460eb1, 0x3f35b212, 0x26128343, 0x2bb41123, 0x59424132, 0x132205b5, 0x42483534, 0x15162605, 
	0x33161411, 0x06464f32, 0x27262728, 0x2227012e, 0xea442627, 0x11152a06, 0x32331415, 0x37023e37, 0x06ab4336, 0x0607062f, 0x34012f26, 0x020e0726, 
	0x11032223, 0x08308434, 0x0d28266b, 0x1029c314, 0x64684c11, 0x04020282, 0x0e300e06, 0x41020619, 0xd10d030c, 0x21040454, 0x04161131, 0x0c070e12, 
	0x04020305, 0x1779710c, 0x08040220, 0x81494407, 0x1001e73b, 0x0f350e1d, 0x0434030a, 0x04041002, 0x18020831, 0xa415fe11, 0x06066771, 0x62010912, 
	0x08391d5c, 0x0a030204, 0x2f042908, 0x74fd2008, 0x0206333f, 0x3c108204, 0x08090910, 0x31011208, 0x1a0a0818, 0x061d0850, 0x01333131, 0x23b2011a, 
	0x0f040821, 0x06f36104, 0xe9ff082d, 0x5b03f603, 0x32004700, 0x4c02b200, 0x26080627, 0xb2e90344, 0x3233250e, 0x3bb23232, 0x012b0000, 0xb12f48b0, 
	0x002b0149, 0x113b44b1, 0x391bb012, 0xb01102b0, 0x6630390c, 0xd27106ed, 0x14153105, 0x0e222327, 0x16141501, 0x031e1512, 0x37123736, 0x6e077863, 
	0x162a056b, 0x06071415, 0x07010e23, 0x07820603, 0x26272225, 0x82260127, 0x26460804, 0x02083435, 0x2e200712, 0x4a384662, 0x13100c30, 0x5608332f, 
	0x0608027b, 0x85040808, 0x24010940, 0x01084136, 0x63b65311, 0x01020409, 0x3d420603, 0x100cfa3a, 0x10100c0c, 0xf6fe0a0a, 0x5a1b112d, 0x1e3a030c, 
	0x01820102, 0x1f213808, 0x0c0e0f01, 0xe2fed60e, 0x06110202, 0x010a0806, 0x10138744, 0x021a111f, 0x02023906, 0x07080810, 0x4c080f07, 0x17befd83, 
	0x04050301, 0x6a65021a, 0x020e1d15, 0x82000217, 0x00012f00, 0x05e4ff03, 0x005603f8, 0x003d0075, 0xf4826bb2, 0x5db03608, 0x2f74b033, 0x302011b4, 
	0x17245240, 0x0406b133, 0x4529b1e9, 0xb0013232, 0x77b12f76, 0xb1002b01, 0x12116b74, 0x643619b2, 0xb0393939, 0x04b11106, 0x3039394e, 0x05b86531, 
	0x16321736, 0x33323732, 0x06161736, 0x14150623, 0x1e171617, 0x15133701, 0x2222f083, 0xfc822326, 0xbb593320, 0x06162205, 0x211e8307, 0x2f411613, 
	0x231f8405, 0x33012e27, 0x32203d84, 0x24094a42, 0x0e030607, 0x05364101, 0x03012f25, 0x82030726, 0x012b2137, 0x0d824782, 0x012e4808, 0x01042627, 
	0x14190403, 0x045f8f71, 0x06041406, 0x58680c06, 0x1304412d, 0x142db808, 0x19063921, 0x04010e08, 0x506bc60f, 0x0406211e, 0x1e6c0404, 0x041506ac, 
	0x01030ca6, 0x27321810, 0x13050a14, 0x0267b24b, 0x82040c01, 0x52083444, 0x2d210a17, 0x150806d9, 0x02030919, 0xde04060e, 0x82db0e06, 0x1708322d, 
	0x060c040e, 0x382df905, 0x2e030a4e, 0x050b0507, 0x3949820e, 0x1f0c1202, 0xde192c04, 0x100a9c73, 0x02b0010a, 0x0321155a, 0x05211e03, 0x18830403, 
	0x33023408, 0x60fe491c, 0x010b100a, 0x0d0f4383, 0x04140e1e, 0x023b0403, 0x0a0a0e02, 0x02100506, 0x4f102108, 0x10e4fd6f, 0x01050308, 0x020a0f02, 
	0xfd1b0c17, 0x820219fc, 0x0a0d2600, 0x35736802, 0x069f4205, 0xfaff0e2e, 0x57031704, 0x45007600, 0x010eb200, 0x2c052b51, 0xb2e9040a, 0x323f2919, 
	0x71b23232, 0x23128200, 0x69b13351, 0x02221282, 0x1282564a, 0x77b0013a, 0x0178b12f, 0x69b1002b, 0xb0121171, 0x0ab0394c, 0x1c01b311, 0x17245f21, 
	0x34094978, 0x27012e27, 0x17363726, 0x32163332, 0x1e173237, 0x012b0601, 0x06a74122, 0x36373629, 0x27263435, 0x8326022a, 0x32332222, 0x078d4117, 
	0x23060728, 0x020f010e, 0x9247011e, 0x27063a06, 0x07222326, 0x013b3422, 0x2e343532, 0x26012f01, 0x15040e07, 0x33171614, 0x0a2e6f32, 0x110e2808, 
	0xb754514a, 0x56504aaa, 0x1101010c, 0xc7360201, 0x06021491, 0x12040602, 0x19374a46, 0x2d11100c, 0x35253723, 0x83040904, 0x02600813, 0x9a04040f, 
	0x020229c2, 0x0608070d, 0x525a1a04, 0x75604e42, 0x4c2b2360, 0x080b1141, 0x7481555c, 0x47131212, 0x75041f12, 0x3504101f, 0x2f1f332d, 0x080a1040, 
	0x01080404, 0x50786701, 0x1f190c58, 0x60340201, 0x3464e3cf, 0x1b1c0504, 0x04030301, 0x31141908, 0x10184a61, 0x2d2d1202, 0x16172742, 0x31087782, 
	0x010d1510, 0x140a0202, 0x2c060c11, 0x966f5649, 0x2a372b7c, 0x0a1b0a04, 0x04020210, 0x1f0b203b, 0x279c0425, 0x34370613, 0x1b0a2f3d, 0x0e21061b, 
	0x2343040c, 0x115c0806, 0xd003e3fd, 0x4a005e03, 0xb2004e00, 0x2b000121, 0xb13304b0, 0xb2e9041e, 0x32452e0b, 0x38b03232, 0x073db42f, 0x2b041700, 
	0x2f4bb001, 0xb1d61bb0, 0xb1e90c2a, 0xb12b014c, 0x12111b2a, 0x312e24b2, 0x00393939, 0x113d1eb1, 0x3313b112, 0x21b03939, 0x492ab111, 0x31303939, 
	0x32173613, 0x2d051676, 0x010e0706, 0x16171415, 0x36371613, 0x89411335, 0x012e2206, 0x05f36737, 0x44051043, 0x072e0744, 0x26222306, 0x3e373435, 
	0x01013f01, 0x4c44012e, 0x06122705, 0x4e1a0923, 0xf98223ec, 0x42087b08, 0x922b1628, 0x7b041606, 0x31120b14, 0x13020a4c, 0x40506210, 0x01042335, 
	0x3f060403, 0x48fe3d4d, 0x212b1f0e, 0x6639273d, 0x1d24553f, 0x3637fcfe, 0x03050649, 0x05174803, 0x210e1004, 0x19190202, 0xfe5e3017, 0x04230e93, 
	0x33390102, 0x291d3721, 0x3306021f, 0x12040602, 0x0b090404, 0xa261080f, 0x23b854fd, 0x382b334a, 0x101a3f24, 0x025f7871, 0x0638856a, 0x090a0e02, 
	0x00820004, 0x1e00012c, 0x2a03f8ff, 0x42008f03, 0x2f415e00, 0xb1280805, 0xb2e90706, 0x2b000118, 0x00003eb2, 0x072cb12b, 0x43b001e9, 0xd614b02f, 
	0x00090fb4, 0xb02b041e, 0x16b1100f, 0x19b42b0b, 0xb12f0d84, 0xb12b0144, 0x1211140f, 0x003910b0, 0x823e2cb1, 0x02370808, 0x1106b039, 0x281104b5, 
	0x24373429, 0x21b03917, 0x3927b012, 0x3e373130, 0x36013701, 0x22232627, 0x22230607, 0x010e0706, 0x12372627, 0x15323637, 0x33161714, 0x82243332, 
	0x17322a03, 0x03000716, 0x16371606, 0x202e8232, 0x056f773f, 0x010fb308, 0x20060706, 0x34352227, 0x020c021f, 0x1304f201, 0x412c1611, 0x2d2b2961, 
	0x0a21041f, 0x0a330410, 0x0c0e3504, 0x0109092c, 0x1c2b810b, 0x0c080823, 0x02d7e1fe, 0x9a440813, 0x24303357, 0x0f210809, 0x11065401, 0xa3b7fea7, 
	0x0e06230d, 0x0ca60204, 0x04030107, 0x040a7d42, 0x01170606, 0x08062c19, 0x04080a23, 0xfe0e2108, 0x06c7fe89, 0x0606020b, 0x0a563402, 0x09030814, 
	0x0ce60202, 0x19040404, 0x00010006, 0x0302fed7, 0x00b00533, 0x0051003f, 0xb12f34b0, 0x01e9042d, 0xb02f40b0, 0x0bb0d637, 0x0a2bb132, 0x321bb0e9, 
	0xb0102bb0, 0x11d62027, 0x0e823bb1, 0xb02f3b26, 0x27b13307, 0x1f300982, 0x0141b132, 0x373bb12b, 0x09b01211, 0x2b27b139, 0x1d250782, 0x2db10039, 
	0x27088234, 0x31303930, 0x34372613, 0x352fef82, 0x35262734, 0x32373634, 0x14071617, 0x42150623, 0x07250767, 0x07060714, 0x82148306, 0x17142c07, 
	0x16011f32, 0x2e270607, 0x44343501, 0x42080504, 0x0606d726, 0x1976660e, 0x0caee017, 0x02040802, 0x6d0e0402, 0x01171371, 0x21403f70, 0x1401f21f, 
	0x0ae20112, 0x08080206, 0xdcb00e06, 0x6d751917, 0x0ecb010a, 0x14050e0c, 0x68314a73, 0xec9e505a, 0x821d0a1a, 0x02270834, 0x7b19040a, 0x755c3b5a, 
	0x3b6b8d40, 0x79100c1d, 0x5a5e52d9, 0x0a40b43e, 0x0a121502, 0x9ee91b02, 0x2e6d653f, 0x4216714e, 0x21080537, 0xd3ffe301, 0xe1066a02, 0x22001500, 
	0x0013b200, 0xb0012b00, 0x01b02f16, 0x090cb1d6, 0x320fb0e9, 0x06820db1, 0xb1320837, 0x002b0117, 0x11253130, 0x16333634, 0x011e3237, 0x11150614, 
	0x2bdd8210, 0x26220726, 0x1a15e301, 0x0c0c1725, 0x2d297c82, 0x0c171c17, 0x1da4060a, 0x08bf8216, 0x17080a4c, 0xfcb6fc08, 0x042d47e7, 0x00001b04, 
	0xfed90001, 0x05310306, 0x003600b0, 0x19b0003d, 0x031eb12f, 0x37b001e9, 0xd608b02f, 0xb13217b0, 0xb0e90a31, 0x31b23221, 0xb32b0a08, 0x09293140, 
	0x1008b02b, 0xd6200bb0, 0x3314b011, 0x1c822eb1, 0xb1322423, 0x34868438, 0x35363413, 0x013e3736, 0x35263435, 0x37363734, 0x26272636, 0x28138237, 
	0x012e2734, 0x1e173437, 0x05815301, 0x75511720, 0x14152105, 0x5f080782, 0x26060706, 0x0a0402d9, 0x722b756d, 0x010c443b, 0x2901f00d, 0x021308d7, 
	0x31deb010, 0x181d646a, 0xd3316f62, 0xfe1b0ea6, 0x0410021b, 0x7c17030e, 0x3ad93958, 0x1d3b6f8b, 0x79061206, 0x37dc35d5, 0x14023eb4, 0x1b021f0c, 
	0xd1379ee9, 0x196e4a37, 0x04231908, 0x37486e17, 0xe79a37d5, 0x000c041f, 0x2d080082, 0x01310001, 0x036004e7, 0x0029005a, 0x1ab00060, 0x070fb42f, 
	0x2b041900, 0xb42f21b0, 0x1a000703, 0xb0012b04, 0x00b02f2a, 0x0924b4d6, 0x17821e00, 0xb1102438, 0xb42b0111, 0x2f000917, 0x2bb12b04, 0x11b12b01, 
	0xb1121124, 0x43181a03, 0x0f210928, 0x2110821a, 0x1082241d, 0xb011213c, 0x03b0390b, 0x110ab112, 0x31303939, 0x33013e13, 0x1e321732, 0x37323307, 
	0xf2823336, 0x010e0729, 0x2e272223, 0x82222303, 0x274d08ea, 0x0631022e, 0xad6a79a8, 0x2b082d02, 0x1e172510, 0x20910e1d, 0x0c171404, 0xa20a0210, 
	0x06b37375, 0x1c4a2d5d, 0x040a6044, 0x0c0f0a1b, 0xbd8f0602, 0x17041b5e, 0x0a061006, 0x021ba902, 0x93060e02, 0x310460c1, 0x52601815, 0x0502041b, 
	0x2edb820e, 0xfea20002, 0x038f0102, 0x00090079, 0x4d480015, 0xb4240579, 0x12000708, 0x1620d583, 0x0bf76018, 0x050fb332, 0xb12b0800, 0xb0e9080a, 
	0x0fb12f0a, 0x17b1e908, 0x0a31d982, 0xb0121100, 0x0fb03915, 0x0702b411, 0x240b0308, 0x06bb6617, 0x15163236, 0x26220614, 0x3236011b, 0x06161317, 
	0x2622012b, 0x436743a2, 0x0e3f0282, 0x042f044c, 0x34180452, 0x031b3541, 0x40422f08, 0x42423331, 0xb40381fb, 0x4afc0a0a, 0x8223232f, 0x02002f96, 
	0x8dfe6200, 0x85044e03, 0x42003800, 0x97856300, 0x0640b132, 0x0110b2e9, 0x15b42b00, 0x04160007, 0x0027b22b, 0x1d230b82, 0x82250007, 0x8234200b, 
	0xb001220b, 0x24b18443, 0xb1e90a39, 0x209c8244, 0x249c8239, 0x32312cb3, 0x22958337, 0x82271db1, 0x393729aa, 0xb31115b0, 0x3c392100, 0xb0281382, 
	0x12b21240, 0x39393e18, 0x2a080b62, 0x32173613, 0x011e3216, 0x83030714, 0x22232fbf, 0x03072627, 0x32331606, 0x1f363736, 0x3d491601, 0x07c80805, 
	0x2f060702, 0x013f2601, 0x2e273613, 0x17143701, 0x26133716, 0x62062223, 0x0acf2301, 0x12086531, 0x0a061102, 0x7f640204, 0x2725232d, 0x0ce30a19, 
	0x6c4c295c, 0x150e0c3c, 0xdc8f1410, 0x0a172d29, 0x150c165e, 0x04060c1f, 0x54140a7b, 0x0c5aa467, 0x3325ed0d, 0x85019e6a, 0x042301cf, 0x020e0601, 
	0x0a060402, 0x2600ff09, 0x212b2150, 0xc6fd1b19, 0x48451a23, 0x0a0c0810, 0x060ad11f, 0x2b00ff1a, 0x0206021b, 0x35010811, 0xcb370c1f, 0x106aa2a4, 
	0x1d58021a, 0x000100d9, 0x061ffe1f, 0x00980535, 0x00820066, 0x000229b2, 0x071db12b, 0x1d29b2e9, 0x00b32b0a, 0x2b092329, 0xb02f55b0, 0x45b43364, 
	0x04210007, 0x5545b22b, 0x45211783, 0x0817824f, 0xb12f5e20, 0xb0e9073e, 0x39b02f0a, 0x0515b133, 0x3231b0e9, 0x2f67b001, 0xb1d648b0, 0xb2e90952, 
	0x29835248, 0x4c482708, 0x68b12b09, 0x52b12b01, 0xb0121148, 0xb1003923, 0x1211455e, 0x615941b2, 0xb0393939, 0x03b1113e, 0xb139393c, 0x1c821529, 
	0x39182008, 0x34133130, 0x3f363736, 0x2b263601, 0x26272201, 0x3e373437, 0x36213303, 0x37363712, 0x41322112, 0x2739075c, 0x07220726, 0x07020706, 
	0x25331706, 0x010f3233, 0x06252306, 0x32333607, 0x08504f16, 0x64182720, 0x062108c0, 0x09488223, 0x012e2717, 0x22232627, 0x010e010f, 0x1f262223, 
	0x313d6399, 0x0c0d040d, 0x0c011dee, 0x02020206, 0x010d1008, 0x1f691222, 0x01f25c5e, 0x2fa0682b, 0x0e2f2b23, 0x5e4c480c, 0xc358504a, 0x081a1053, 
	0x191a0f01, 0x2b040706, 0x4d4caefe, 0x985c7058, 0x4a375056, 0x21684a44, 0x2f22321b, 0x779efc3e, 0x063d1f62, 0x56791248, 0x37065d3f, 0x281d3a8b, 
	0x903960fe, 0x20836d29, 0x04021508, 0x0c060415, 0x31040d0a, 0xf44d2101, 0x609e019c, 0x2f2d2146, 0x01480f0c, 0xfee06864, 0x0225b61f, 0x1d1a1b02, 
	0x29649a04, 0x1f3d3f46, 0x213d562b, 0x251b2d39, 0x8f425831, 0x32143fe1, 0x5a0f3906, 0x8b71042b, 0x02000025, 0xb200cf00, 0xba04cd04, 0x2c002200, 
	0xb0007b00, 0x26b42f1f, 0x041f0007, 0x2f2bb02b, 0x00070db4, 0x012b041e, 0xb02f2db0, 0x24b1d604, 0x24b0e909, 0x0129b110, 0x0916b42b, 0x2b042e00, 
	0x2b012eb1, 0x110424b1, 0x0701b312, 0x17242209, 0x1129b039, 0x1c100ab3, 0x260a8321, 0x11b31216, 0x821b1913, 0xb100230a, 0x23821f26, 0x85001a21, 
	0x112b2118, 0x13212e82, 0x27188219, 0xb3120db0, 0x12100a08, 0x6a080a82, 0x37133130, 0x3435012e, 0x37273736, 0x33013e17, 0x37171632, 0x011e0717, 
	0x07061415, 0x0e270717, 0x27262201, 0x16101207, 0x10363233, 0xcf222326, 0x25253985, 0x875c8539, 0x605e734a, 0x5e815071, 0x27273983, 0x815e8339, 
	0x6ec17152, 0xc450874a, 0xc7c98f8c, 0x10018d8b, 0x5c725886, 0x854e715a, 0x283b8760, 0x60873c27, 0x82755285, 0x86493230, 0x273b855e, 0x02853b27, 
	0xcbe1fe94, 0xca1f01c9, 0x2e008200, 0xfffaff02, 0x053904f8, 0x008900a4, 0x70a20093, 0x33080631, 0x52b1335b, 0x61b0e905, 0x020eb232, 0x1db22b00, 
	0x3333862e, 0x0507b133, 0x2205b2e9, 0x32323225, 0x596a71b4, 0xb02b0d07, 0x71b13348, 0x42b0e907, 0x787eb432, 0xb1221083, 0x2782913b, 0x077e2208, 
	0x3515b1e9, 0xb0013232, 0x65b02f94, 0x084fb1d6, 0x654fb2e9, 0x40b32b0a, 0x2b09464f, 0x323829b1, 0x250a8232, 0xb22b0956, 0x15834f65, 0x6d655e08, 
	0x7ab02b09, 0x0195b132, 0x654fb12b, 0x07b51211, 0x935a0e0a, 0x3917248d, 0x526ab100, 0x66b01211, 0x1171b039, 0x398d8cb1, 0x03313039, 0x26353734, 
	0x32371637, 0x14071607, 0x15062307, 0x16011f14, 0x3f32013b, 0x34353601, 0x013d2627, 0x16333734, 0x031d3637, 0x23061506, 0x010f0622, 0x251d8306, 
	0x27141507, 0x0c832223, 0x16253322, 0x25220c83, 0x0e820722, 0x83141121, 0x011d281c, 0x24270614, 0x82262207, 0x33172b43, 0x11353632, 0x23272627, 
	0x4b822221, 0x32011f28, 0x26012f36, 0x0c83012b, 0x66823620, 0x33500d82, 0x17012205, 0x82738316, 0x06950819, 0xee140202, 0x060117cf, 0x71060a06, 
	0x2d083513, 0x2d0a1de8, 0x112b4c14, 0x1495c108, 0x390c0402, 0x04252942, 0x1f9a0e17, 0x1bd31e01, 0x17064008, 0x1b190110, 0xd1fe2901, 0x060e0c1d, 
	0x164e2f25, 0xfe170a1f, 0x110cf1fe, 0x19020202, 0x2d2d5a12, 0xfe0f1408, 0xfc2925c5, 0x38061914, 0x1fd5140c, 0x0a9d0f0a, 0x21270417, 0x020e3a41, 
	0x54eb0104, 0x50081304, 0x1ba61408, 0x04048105, 0x08011206, 0x08101d0a, 0x2d080312, 0x14842d0a, 0x15356e19, 0x1308062b, 0x23178316, 0x09181b02, 
	0x81085482, 0x575e3b04, 0x291d0c08, 0x8b150121, 0x0804130c, 0x011d3412, 0x540d0202, 0x447f98fe, 0x0610191a, 0x0c0e0e02, 0x01171b08, 0x52018540, 
	0x21011464, 0x04011731, 0x1d83130c, 0x09122f1c, 0x525c0910, 0x04150439, 0x0ccd66fe, 0x0019c710, 0xffe30102, 0x066802d3, 0x000300e1, 0x00220007, 
	0x000000b2, 0x08b0012b, 0xd600b02f, 0xb13204b0, 0xb0e90903, 0x07b13206, 0x09b1e909, 0x30002b01, 0x33110531, 0x03820311, 0x85e3012f, 0x032d8585, 
	0x04f6fc0a, 0xfc0c0302, 0x2e3782f4, 0xfe6d0002, 0x0587031b, 0x003c0098, 0x6f710057, 0x033306a1, 0x25b0e907, 0x0634b12f, 0x2534b2e9, 0x00b32b0a, 
	0x82092b34, 0x83582061, 0xb1310861, 0xb0e90c15, 0x4ab11015, 0x22b42b01, 0x04730009, 0x0159b12b, 0x0015b12b, 0x28b41211, 0x543e3a32, 0xb0391724, 
	0x0940114a, 0x251c030a, 0x41393733, 0x3210834f, 0x07b01222, 0x12b10039, 0xb6121134, 0x220a0f07, 0x4355453a, 0x3425057d, 0x1e323300, 0x05e47801, 
	0x27022e2b, 0x06220726, 0x051e1415, 0x05ab5517, 0x22230022, 0x2905f944, 0x1617041e, 0x35363237, 0x23822734, 0x13061326, 0x16170016, 0x36211182, 
	0x21128337, 0x01862726, 0x0607c508, 0xc722016d, 0x38717d2d, 0x04322922, 0x4a020a0a, 0x0f6b4c41, 0x1b2f1d1e, 0x81aa042f, 0xd9fe161f, 0x31a968c6, 
	0x10150c21, 0x03160815, 0x7146534a, 0x796bcf77, 0x398b588a, 0x35340801, 0x0c0b060e, 0x274a1906, 0x4c332f2b, 0x0a1b6046, 0x71030606, 0x1f4601e1, 
	0x37232f4a, 0x0d080431, 0x60014e02, 0x3b341243, 0x40274534, 0x70e3f206, 0xfed37158, 0x213d56c7, 0x13080839, 0x5005180a, 0x583b6001, 0xbc1f01a4, 
	0xe78c01d5, 0xfe6febfe, 0x29605c7b, 0x11060510, 0x9eac5a3f, 0x4d46444c, 0x55936c6f, 0x00040319, 0x03350002, 0x049802d9, 0x000700cf, 0x003b000f, 
	0xb02f07b0, 0x03b4330e, 0x04110007, 0x320ab02b, 0x012b0986, 0xb02f10b0, 0x05b4d601, 0x8219000c, 0x10052717, 0x2b0109b1, 0x0d840db4, 0x0111b12f, 
	0x3130002b, 0x32363412, 0x22061416, 0x2e078624, 0x48664835, 0x23016648, 0x4a4a6747, 0x83210467, 0x830f820c, 0x82002002, 0x00033900, 0x06e5ff56, 
	0x00ac0510, 0x00120008, 0x00c1003d, 0x000008b2, 0x060cb12b, 0x3606bc7c, 0xb4e90603, 0x0308323b, 0x3bb12b0d, 0x25b3e906, 0x2b080308, 0x842c16b4, 
	0x03162810, 0x321db0e9, 0x843eb001, 0x09093793, 0x2b042f00, 0xb11009b0, 0xb12b0113, 0xb0e9082f, 0x29b1102f, 0x22822b01, 0x0922b428, 0x2b041e00, 
	0x074a20b4, 0x10222305, 0x58180eb1, 0xb1210823, 0x082d833f, 0x12111336, 0x390208b1, 0x1129b039, 0x0b0307b7, 0x160c1110, 0x39172432, 0xb21220b0, 
	0x39353427, 0x0eb13939, 0xb0121122, 0xb1003938, 0x12113225, 0x0e0900b6, 0x352f1305, 0x2c242283, 0x2901b111, 0x16203982, 0x25051860, 0x20001012, 
	0x04821100, 0x08870120, 0x34130023, 0x05487b00, 0x3337362d, 0x15011f32, 0x22012b14, 0x42012e27, 0x16220658, 0xc3483233, 0x27830806, 0x01560022, 
	0x015e02ae, 0xfd52feae, 0x01a8fea2, 0x0118027b, 0xfd85fe7b, 0xa885fee8, 0x4cdd2b01, 0x0e091973, 0x12290c0f, 0x210e1203, 0x0402040c, 0x8fd14c04, 
	0xb89caaad, 0x1f0d1073, 0xf2981010, 0x01eafecd, 0x01620298, 0xfe50feb2, 0xfecffecd, 0xfee4024d, 0x0180fef2, 0x010e0180, 0xfe7d0110, 0xd1eafe83, 
	0x08271601, 0xef171f10, 0x020c0e23, 0x01c90615, 0xd4c7b5ce, 0x10081495, 0x01cb1409, 0x82000c01, 0x00023d00, 0x0237032f, 0x0064052d, 0x00340028, 
	0x2cb2007f, 0xb12b0001, 0xb0e90326, 0x1ab2321f, 0x1f240b83, 0x1db2e906, 0xb2210882, 0x20048321, 0x25048228, 0xb12f07b0, 0x52180413, 0x292c08fe, 
	0x0bb0e909, 0x200fb032, 0x0cb111d6, 0x35080b82, 0x2fb11029, 0x04b02b01, 0x0918b132, 0x0136b1e9, 0x0c2fb12b, 0x02b61211, 0x24231307, 0x1724332c, 
	0x1118b039, 0x39211fb1, 0x07b10039, 0xb512111a, 0x1c160d00, 0x8d433029, 0x37240806, 0x34353736, 0x06072223, 0x26071715, 0x36373427, 0x1d163233, 
	0x32171402, 0x23061737, 0x010e2722, 0x22070607, 0x0805f56b, 0x013d366e, 0x010e0706, 0x3f4c922f, 0x101b1d5a, 0x010a7008, 0x5e3d4258, 0x32141b52, 
	0x3d33600e, 0x0508040d, 0x4c3b3f4a, 0x1b1c2771, 0x481b274e, 0x5eae0322, 0x61211221, 0x0a121568, 0x061d3321, 0x58313f2d, 0x3739aa64, 0x50272101, 
	0x02080246, 0x43420139, 0x1737241d, 0x1d0b1064, 0x0002001e, 0x0244003f, 0x007103a6, 0x000c0006, 0x01b20029, 0x012ff882, 0xb02f0db0, 0x0bb4d600, 
	0x0407000c, 0x820eb12b, 0x000b29da, 0x02b41211, 0x0c0a0907, 0x2606744b, 0x35033301, 0x82032313, 0x13210806, 0x40013f23, 0x3fcece3f, 0x3a000115, 
	0x013c8b89, 0xfe9a01d7, 0x6bfe0266, 0x77019301, 0x91fe89fe, 0x2f008200, 0x01910001, 0x030a0575, 0x000500fa, 0x00b20038, 0xb4266582, 0x1e000701, 
	0x0b822b04, 0xb32b0a33, 0x09040040, 0x06b0012b, 0xd604b02f, 0x000903b4, 0x2118822e, 0x18830304, 0x0900043c, 0x0107b12b, 0x3130002b, 0x11213513, 
	0x04911123, 0x71038779, 0x017bfd89, 0x478200fc, 0x09a76818, 0x3513002c, 0x16333634, 0x16321724, 0x68180715, 0x0033298a, 0xff3f0004, 0x051706d7, 
	0x000900bc, 0x004f0011, 0x43f6005b, 0xb42505b1, 0x4600060d, 0x05d16b04, 0x0703b13b, 0x154eb4e9, 0x2b0d0308, 0x334532b1, 0x044eb133, 0x4b39b1e9, 
	0x3fb43232, 0x25148453, 0xb4e9033f, 0x0a831c23, 0x3359b029, 0xe90423b1, 0x415cb001, 0x09360545, 0x2b044000, 0xb1100bb0, 0xb12b0118, 0xb0e90a43, 
	0x43b23250, 0xf4820a18, 0x09484326, 0x4318b22b, 0x18280a83, 0xb02b0912, 0x56b11043, 0x2a272382, 0x2ab0e908, 0x430fb110, 0x5d2009cf, 0x18341582, 
	0xb412110b, 0x241e0208, 0x3917244e, 0xb31143b0, 0x4d25110c, 0x56260a83, 0x3e2cb312, 0x0a834c2d, 0xb5112a28, 0x0d100307, 0x5f603b3a, 0x32b22305, 
	0x00823934, 0x15b10038, 0xb012114e, 0x3fb0394d, 0x0b0eb111, 0x53b03939, 0x2c05b312, 0x2583002d, 0xb2111c25, 0x4c2a0a0f, 0xdd430596, 0x83122008, 
	0x23038209, 0x33343503, 0x08068667, 0x013d222c, 0x33363734, 0x33363216, 0x14151636, 0x13170607, 0x3217011e, 0x2314031d, 0x27220726, 0x1d222301, 
	0x32171402, 0x14011d17, 0x1182012b, 0x5e140121, 0x9308098a, 0x02b7013f, 0xfeb7016a, 0xfe96fd49, 0x81015949, 0x84012402, 0xdcfd7cfe, 0x1d371990, 
	0x02143319, 0x8b291604, 0xb38d1dae, 0xc20e14cb, 0x0c232d23, 0x124a5c18, 0x27d7fe0b, 0x010e6c14, 0x9fc31009, 0x06190119, 0x6e83790e, 0x02272556, 
	0x013901c9, 0xfe46feba, 0xfec9fec7, 0x02ba0145, 0xfed7fd4c, 0x0285017b, 0xfb850129, 0x02101da8, 0x2502562b, 0x13042956, 0x04031012, 0x89020202, 
	0x0446a66f, 0x31e9fe14, 0x08040223, 0x0412150a, 0x9c010e04, 0x314ec725, 0x2b08ac82, 0x0a0a060c, 0x090c0202, 0x6a525461, 0x0100000c, 0x00041200, 
	0x9a04ba02, 0x2b000d00, 0x2f0cb000, 0x000703b4, 0xb02b041b, 0x04b43205, 0x01290984, 0xb12f0eb0, 0xb42b0100, 0x05194309, 0x96420f20, 0x3b342506, 
	0x16322101, 0x3008f982, 0x12222123, 0x3f02152b, 0xfd2f1217, 0x270423aa, 0x140d175c, 0x00001f5a, 0x62000200, 0xf402d102, 0x09006a05, 0x49001300, 
	0x2f08b000, 0x00070db4, 0x205d8225, 0x82678412, 0xb0012e09, 0x00b02f14, 0x090ab1d6, 0x100ab0e9, 0x3c5c82b1, 0xe90905b1, 0x2b0115b1, 0x110a0fb1, 
	0x0702b312, 0x17240308, 0x12b10039, 0xb112110d, 0x74611805, 0x20310807, 0x06141516, 0x14372620, 0x35363216, 0x06222634, 0x1201bf62, 0xeefec1c1, 
	0xb47f6fbf, 0x7fb48181, 0xc28b1d04, 0xc3898bc2, 0x815a8ac2, 0x815c5a81, 0x378f8481, 0x05cbff91, 0x00a2050a, 0x004f0015, 0x1cb20071, 0xb02b0001, 
	0x4db4332d, 0x34051c4c, 0x1cb23235, 0xb32b0a4d, 0x09261c40, 0x0011b22b, 0x04b42b00, 0x052c4c07, 0xb02f502c, 0x20b0d648, 0x093cb432, 0xbf822e00, 
	0xb2322a24, 0x2a83483c, 0x09323c29, 0x320ab02b, 0x833c48b2, 0x1648210d, 0x00230d82, 0x8251b132, 0x483c2abe, 0x41b01211, 0x4db10039, 0x3a088204, 
	0x31303940, 0x36343517, 0x25201617, 0x011d1632, 0x23060714, 0x27222106, 0x42112726, 0x21200563, 0x112cc882, 0x34352634, 0x1632013b, 0x37061115, 
	0x29055c41, 0x23212306, 0x07060722, 0x2f821411, 0x2f222727, 0x36013c01, 0x08278235, 0x22212372, 0x1a0d9126, 0x01e80235, 0x1410190c, 0xfce9250c, 
	0x020a27ed, 0x1b060205, 0x0b14b601, 0x12501d02, 0x0119040a, 0x120e1dba, 0x1056fe1f, 0x01060206, 0x1a231f0c, 0x02020619, 0x4ffe100c, 0x2d02101b, 
	0x0402121b, 0x35191004, 0x0206061f, 0x030c040a, 0x0814375f, 0x130a0805, 0x11069701, 0x1e0f2f04, 0x011745fe, 0x1b3f150e, 0x1104020a, 0x0a1f46fe, 
	0x062a0082, 0x040d0404, 0x0b10b601, 0x0082000c, 0x00014108, 0x02680212, 0x002b053d, 0x00890040, 0xb42f3fb0, 0x2500072c, 0x3bb42b04, 0x042e0004, 
	0x3f3bb22b, 0x40b32b0a, 0x2b09363b, 0xb12f10b0, 0x01e90718, 0xb02f41b0, 0x1bb1d60d, 0x3bb0e90a, 0x1b0db232, 0x0d211f83, 0x2b1f8215, 0x1bb03200, 
	0x2039b010, 0x31b411d6, 0x2605fe47, 0x34b02f31, 0x8439b433, 0xb127080c, 0xb12b0142, 0x12110d31, 0x392421b1, 0x111bb039, 0x3e3c20b2, 0x00393939, 
	0x113b2cb1, 0x3901b012, 0xb21110b0, 0x431b1305, 0x353705d0, 0x083e3736, 0x22263435, 0x26060706, 0x33013e35, 0x14151632, 0x8207080e, 0x16172b0e, 
	0x3732013b, 0x36343736, 0x09823637, 0x06157608, 0x07063323, 0x35122221, 0x0c340273, 0x0f25102f, 0x6f490814, 0x43041558, 0x686d950a, 0x16090892, 
	0x2d0a250a, 0x4a023309, 0x0c0a064d, 0x0c42b00a, 0x02090606, 0x240f1602, 0x0602011b, 0x1425fe1b, 0x3f1f7902, 0x0d290262, 0x1d271629, 0x2f132425, 
	0x0a404844, 0x7f6d0c02, 0x27125a73, 0x2114211d, 0x2306210c, 0x04463102, 0x06080404, 0x0d1c040d, 0x0ea60c0a, 0x053b4101, 0x02044208, 0x051d025a, 
	0x0033002b, 0x31b00056, 0x050ab12f, 0x310ab2e9, 0x00b32b0a, 0x2b09030a, 0xb12f1cb0, 0x01e90724, 0xb02f34b0, 0x2eb1d60d, 0x19b0e90a, 0xb411d620, 
	0x2e000927, 0x35b12b04, 0x0db12b01, 0x28fb8219, 0x27b0392a, 0x2b29b211, 0x28fb822c, 0x0a1cb100, 0x1fb21211, 0x05bb6027, 0x36341327, 0x021e3233, 
	0x09924417, 0x26270622, 0x3528f882, 0x22232634, 0x37260607, 0x08986a18, 0x244b1720, 0x266c0806, 0x0c1b2704, 0x0423121f, 0x5837252d, 0x2523273d, 
	0x06041423, 0x25339c08, 0x37143a56, 0x52852706, 0x0e446a4c, 0xcb4b3f10, 0x027f4e81, 0x0d2319ba, 0x2102180a, 0x46334462, 0x0820141b, 0x4064041d, 
	0x1b672b1d, 0x5c521323, 0x33443d4c, 0x5f14060c, 0x359d6d42, 0x00010000, 0x02c503f2, 0x004a054e, 0x002a000d, 0x000203b2, 0x070cb42b, 0x20054f78, 
	0x072e460e, 0xd5821e20, 0x2b010f26, 0x0c03b100, 0x3708d682, 0x31303909, 0x3b36011b, 0x07163601, 0x01071514, 0x64f22606, 0x0cb4190e, 0xfe020213, 
	0x03310adb, 0x1b5001df, 0x020a0b02, 0xa0fe0404, 0x0000080c, 0xeeff0100, 0xd90302fe, 0x27226382, 0x63855e00, 0x17b12a08, 0x09b0e907, 0x0317b232, 
	0x40b32b0a, 0x2b091d17, 0x013210b0, 0xb02f28b0, 0x1ab4d620, 0x04840009, 0x101ab02b, 0x000c00b4, 0x21098207, 0x0c822f00, 0x0113b12d, 0x090db42b, 
	0x2b046200, 0x83130db2, 0x070d2a36, 0x29b12b09, 0x20b12b01, 0x3a968200, 0x30003903, 0x36340331, 0x1d362037, 0x23271401, 0x14111722, 0x22012b06, 
	0x82341335, 0x13172205, 0x08058214, 0x11352646, 0x012e0734, 0xfe122627, 0x49c501df, 0x011b4e23, 0x2321190a, 0x1b692402, 0x2b210201, 0xa0250b14, 
	0x032f35c2, 0x02d9c1ac, 0x19251f04, 0x58f92501, 0x061f0a17, 0xf91d21aa, 0x150c194c, 0x011fd303, 0x58646702, 0x0036d383, 0x01d1019c, 0x00ae0275, 
	0x00280008, 0xb42f08b0, 0x13000703, 0x06862b04, 0x09b0012a, 0xd601b02f, 0xe90c05b1, 0x0a200384, 0x3109b64b, 0x22061415, 0x405a3f9c, 0x12025a40, 
	0x2f40415b, 0x4e82412d, 0x01002208, 0x35fed300, 0x14000e02, 0x24002100, 0x2f0eb000, 0xe90418b1, 0x2f22b001, 0xb1d61bb0, 0xb1e9090b, 0x27e78223, 
	0x12111b0b, 0x390209b1, 0x1b28e983, 0x06073301, 0x33011e15, 0x25061f42, 0x36372627, 0x50423637, 0x233d0806, 0x26060722, 0x3939aad3, 0x02080204, 
	0x50704e3b, 0x0f17272f, 0x0e040206, 0x3c2b0e1f, 0x08641d3a, 0x01f6fe0e, 0x04086a1e, 0x5d080202, 0x0f71503f, 0x030c1608, 0x3906040c, 0x04344a27, 
	0x268f8507, 0x01640264, 0x822905fc, 0x003a398d, 0xb12f12b0, 0xb0e9050a, 0x0ab23217, 0xb32b0a12, 0x09040a40, 0x25b0012b, 0x06209d84, 0x26209d82, 
	0x06209d82, 0x02219d83, 0x229d8213, 0x53120ab1, 0x93820707, 0x11153229, 0x17161714, 0x83323732, 0x26232eaa, 0x33262207, 0x35013e37, 0x06272603, 
	0x29018207, 0x448d6426, 0x04045204, 0x36821715, 0xa60e103d, 0x110110a4, 0x020e193b, 0x28170202, 0x1514211d, 0x52547d04, 0xb6fd0c06, 0x82080617, 
	0x12153313, 0x42060621, 0x150c0406, 0x020caa01, 0x0c0c150e, 0xb0822502, 0x3f000238, 0xa6023703, 0x08006405, 0x4a001400, 0x010cb200, 0x07b12b00, 
	0xba82e904, 0x0403b425, 0x82044d00, 0x2f152aaf, 0xb1d601b0, 0xb0e90909, 0x09ce4609, 0xba821620, 0x11090f28, 0x0302b212, 0xbc833907, 0x110c1237, 
	0x0400b312, 0x17240105, 0x12313039, 0x16203634, 0x22230614, 0x093f4803, 0x3f063408, 0xb20601af, 0x34857fb2, 0x5c465277, 0x5c465079, 0x9feed703, 
	0x01a0ee9f, 0x6c976f3e, 0x68966a54, 0x56000200, 0xbc024400, 0x05007103, 0x2a000c00, 0x4a09b200, 0xb02209c7, 0xca4a3202, 0x01b2230f, 0x7c830604, 
	0x3731303f, 0x13330313, 0x15131703, 0x01093303, 0x3d898956, 0xcfa8fcfc, 0x410140cf, 0x0168bffe, 0x05c04a6f, 0x01243c08, 0x9a010295, 0x6dfe66fe, 
	0x64000400, 0x9105baff, 0x22004805, 0x5a003300, 0xca006500, 0x0051b200, 0x29b22b00, 0xb42b0002, 0x29515d58, 0x3fb02b0d, 0x0758b133, 0x324ab0e9, 
	0x84090fb4, 0x15210810, 0x050fb133, 0x0f09b2e9, 0x40b32b0a, 0x2b090409, 0x2f66b001, 0xb4d619b0, 0x2d000906, 0x06b22b04, 0x26188319, 0x2b090d06, 
	0x830619b2, 0x13193a0a, 0x06b02b09, 0x0156b110, 0x3260b02b, 0x00094db4, 0xb02b042e, 0x4db2323c, 0x211e8356, 0x2982464d, 0x834d5621, 0x3656300a, 
	0x67b12b09, 0x06b12b01, 0xb2121119, 0x82321002, 0x56b02ed7, 0x5c0fb111, 0x4db03939, 0x3827b212, 0x2311822d, 0x585db100, 0x24059156, 0x3db1110f, 
	0x251a8264, 0x0db21209, 0x1a823c17, 0x1129b024, 0x2e4638b1, 0x063d4205, 0x33171625, 0x49151636, 0x300805d7, 0x3e373336, 0x26113501, 0x06070623, 
	0x12262207, 0x37013726, 0x32023b36, 0x01070616, 0x01230706, 0x3601023d, 0x11071617, 0x32331714, 0x16141507, 0x20278214, 0x4e19822b, 0x26280510, 
	0x27263727, 0x06372223, 0x4d085182, 0x2734013d, 0x91640734, 0x0b540442, 0x181b1f14, 0x12a2aa0e, 0x3f0d0401, 0x02020c17, 0x1729201f, 0x096d1514, 
	0x04c80309, 0x54080904, 0x04020404, 0x120a35fc, 0x01830242, 0x1418236b, 0x19501702, 0x02020201, 0x124c1604, 0x21311005, 0x0b821b0a, 0xfc145908, 
	0x120a941d, 0x0802187d, 0x4e587d04, 0xb4fd0c06, 0x02020e17, 0x06211b0e, 0x04212106, 0x01170e02, 0x0d140eaa, 0xfb250a10, 0x050a1d49, 0x0904095a, 
	0xa2fa080e, 0x02010110, 0x01200405, 0x04060acf, 0x0a7bfe14, 0x04112201, 0x020b040c, 0xa80c040c, 0x0d04041b, 0x71040eac, 0x24082382, 0x0810ac0a, 
	0x0300080c, 0xbaff6400, 0x48059605, 0x37002600, 0xc1006f00, 0x006eb200, 0x5cb42b00, 0x04260007, 0x200b852b, 0x05e2476a, 0x0a6e6a2b, 0x6a40b32b, 
	0xb22b0965, 0x22228229, 0x82022cb2, 0x19143f27, 0x2b0d2c6e, 0xb1330bb0, 0xb3e90314, 0x0e4a192a, 0x0742b12b, 0x70b001e9, 0xd61bb02f, 0xfe4108b4, 
	0x081b2105, 0x25083a83, 0x2b09161b, 0xb11008b0, 0xb12b013f, 0xb0e90a4d, 0x4db0326a, 0x2068b010, 0x63b411d6, 0x042f0009, 0x2f63b02b, 0x098468b4, 
	0x8271b121, 0x08270823, 0xb212111b, 0x39341302, 0x3fb03939, 0x1211b611, 0x564a4738, 0x39172459, 0xb11263b0, 0x39396130, 0x6a5cb100, 0x6cb01211, 
	0x3b220596, 0xe4414d46, 0x013e3d07, 0x11151617, 0x33171614, 0x15011e36, 0x07262316, 0x33362722, 0x11353637, 0x07012e34, 0x3306e841, 0x36013736, 
	0x32013b37, 0x06010716, 0x22012b07, 0x37363525, 0x21083147, 0x4c48010e, 0x202e8308, 0x074c4806, 0x310a4b48, 0x64222123, 0x32044291, 0x140d1012, 
	0x0e11121f, 0xef411204, 0x503b0805, 0x0a0a0212, 0x1729210c, 0x02621514, 0x08ce0303, 0x08460c0d, 0x35fc0606, 0x370f1208, 0x379f020a, 0x2b257f73, 
	0x2d773847, 0x960a4304, 0x0c92686c, 0x2f13200d, 0x48063a10, 0x480e0a4f, 0x083f0677, 0x0f160203, 0x02021b25, 0x25fe1b06, 0x587d0417, 0x0404044e, 
	0xcbfd1f02, 0x02021017, 0x42121104, 0x5e080600, 0x08950125, 0x08040a0d, 0x250a1011, 0x020e56fb, 0x010c6405, 0xa2fa0c13, 0x1f48030e, 0x376a6042, 
	0x44313a3b, 0x0d010a87, 0x5b74806d, 0x29212c19, 0x290d2714, 0x06452f04, 0x06080405, 0x0c0a210f, 0x000ea60e, 0xff230004, 0x055a05b8, 0x00300048, 
	0x0062003e, 0x00ca006e, 0x000058b2, 0x8333b22b, 0x02363704, 0x60b42b00, 0x0d365865, 0x334ab02b, 0xe90760b1, 0xb43251b0, 0x1083072e, 0x2eb13108, 
	0x07b2e905, 0xb32b0a2e, 0x09030700, 0x3622b12b, 0x2fc02010, 0xe9071ab1, 0x2f6fb001, 0xb4d60ab0, 0x1a000a2b, 0x17b02b04, 0xb411d620, 0x2d000925, 
	0x2b2a0b82, 0x015db110, 0x3268b02b, 0xf24354b4, 0x32472405, 0x825d54b2, 0x54402743, 0xb22b094f, 0x0a83545d, 0x82415d21, 0x0170354e, 0x170ab12b, 
	0x28b01211, 0x1125b039, 0x392927b1, 0x2b5db139, 0x632b0f82, 0x1154b039, 0x003943b0, 0x826065b1, 0x3942270e, 0xb1112eb0, 0x1e826c48, 0x11071a2b, 
	0x251db512, 0x4744432b, 0x0a796824, 0x36323722, 0x24060749, 0x26272627, 0x490c8737, 0x42590b14, 0x12262705, 0x36013726, 0x13423337, 0x43272005, 
	0x17200cfb, 0x2b282282, 0x17070601, 0x22012b06, 0xac084782, 0x23272637, 0x16362622, 0x3d36013b, 0x26273401, 0x2923010f, 0x2b481d1a, 0x3b583725, 
	0x14252329, 0x0a080a0f, 0x27329c12, 0x46083558, 0x51872309, 0x12446d4c, 0x81c88714, 0x09a4814e, 0x08ca0307, 0x0b0c2b27, 0x0e3bfc08, 0x4a023719, 
	0x19216a01, 0x51150317, 0x12060710, 0x0205105c, 0x23340e06, 0x0202120c, 0x0afc1306, 0x06049114, 0x04021583, 0xb4029404, 0x1f342319, 0x35446001, 
	0x10141a45, 0x0b14100a, 0x291f4262, 0x13140a69, 0x3d4c5c52, 0x050c3a3f, 0x9e6a8b2b, 0x1d31fd35, 0x0c600504, 0xfa0a1d01, 0x020112aa, 0x02020b01, 
	0x090c441c, 0x0f103c08, 0x0c042f12, 0x02041ba8, 0x0210ac0f, 0x010d610c, 0x020cc00a, 0x00c20802, 0x00020000, 0x0202fe52, 0x0079038f, 0x002c0021, 
	0x25b20081, 0xb42b0001, 0x1200072a, 0x1fb02b04, 0x5c18b42f, 0x18280528, 0xb32b0a1f, 0x091b1800, 0x2b055859, 0x16b4d600, 0x042f0009, 0x0016b22b, 
	0x162c1883, 0xb02b091d, 0x06b11016, 0x10b42b01, 0x08051a50, 0xb0322725, 0x22b11010, 0x22b0e90c, 0x012eb12f, 0x1622b12b, 0x14b01211, 0x1106b039, 
	0x130a04b4, 0x17242a24, 0x6710b039, 0x2a2c05f8, 0xb1121118, 0x39390c00, 0x34173130, 0x2b069043, 0x36372627, 0x15161716, 0x0e070614, 0x2a05764f, 
	0x14153233, 0x13262223, 0x41323634, 0x470806ba, 0x5f359152, 0x12331d56, 0x09290e16, 0x89584c6a, 0x1f626a62, 0xc4871a67, 0x46ddd1a8, 0x33464666, 
	0xc9734435, 0x21232566, 0x3c352137, 0x08060a14, 0x4a62830c, 0x63332358, 0x580f5fa3, 0x2b04db71, 0x3140422f, 0x00424233, 0x32080082, 0xff1d0003, 
	0x078605f8, 0x004d000c, 0x0068005a, 0x4cb20056, 0xb12b0000, 0x33332422, 0xe90502b1, 0x422b1db3, 0x32172445, 0x000211b2, 0x5d37b42b, 0x820d1122, 
	0x00072806, 0x012b0424, 0x752f69b0, 0x022105f5, 0x29e2824c, 0x37b03923, 0x1b1ab311, 0xe1834433, 0xb0125d2a, 0x11b03916, 0x6609b111, 0xdc82de83, 
	0x1b5e6918, 0x23061630, 0x27220526, 0x36343526, 0x013e013b, 0x02832e27, 0x27060725, 0x18020e22, 0x390d5569, 0x26230724, 0x33362601, 0x16173237, 
	0x27061417, 0x17060326, 0x36323716, 0x33822627, 0x1d060722, 0x1f566918, 0x0a0a4508, 0xc7feec0c, 0x11020710, 0x223f5e14, 0x185a1917, 0x6d0f2704, 
	0x080d0ad2, 0x4e35020a, 0x2c0e7410, 0x0c040e12, 0x1766acfe, 0x0aee011f, 0x1f9b1316, 0x29313608, 0x048c6d0d, 0x0a77811c, 0x3944040a, 0x27041204, 
	0x19586918, 0x0a232234, 0x13061008, 0x33020d14, 0x42f34239, 0x0602110c, 0x69180906, 0x06200d52, 0xe3210082, 0x34a9820a, 0x0912c38b, 0xaafc8d0d, 
	0x04040d12, 0xb9bc0c13, 0x7f0a060a, 0x078f4100, 0x4d001428, 0x69005b00, 0x8f416c00, 0x4150201d, 0x6a3d0c8f, 0xd65cb02f, 0x000967b4, 0xb12b041e, 
	0xb12b016b, 0x12115c67, 0x5b0f0bb2, 0x00393939, 0x12a541b1, 0xa5415020, 0x41592008, 0x984150a5, 0x13032d0c, 0x32371736, 0x1407011e, 0x26060107, 
	0x214ba641, 0x9a410702, 0x67192d0c, 0x08b41f06, 0x0202080e, 0x320adcfe, 0x213fa841, 0x9c41d702, 0xd5012f0b, 0x011b5001, 0x08080402, 0xa0fe0208, 
	0x3f43070c, 0xf9062c0a, 0x61004e00, 0x59006f00, 0x434db200, 0x43210e3f, 0x093f4346, 0xaf416420, 0x2f70290c, 0x2b0171b1, 0x4d02b100, 0x2a073f43, 
	0x1b1a07b4, 0x17244533, 0x4164b039, 0xb224069a, 0x396d1509, 0x08439c41, 0x32171620, 0x15161736, 0x07242306, 0x13012623, 0x013e3736, 0x13171617, 
	0x2f060716, 0x27060701, 0xb0411326, 0x021d290c, 0x121b5a12, 0x011d0219, 0x08a06c18, 0x0d5c083a, 0x0d5eaa6a, 0x351b1229, 0x0a0c0f43, 0xfeec0c0a, 
	0x020712c9, 0x3d601411, 0x08074943, 0x08d56a2b, 0x020c060f, 0x3512542d, 0x0c360841, 0xfe0a040e, 0x1f1766aa, 0x08b6a201, 0x15790c13, 0x0eb5071b, 
	0xfa0c1d10, 0x0a1912ec, 0x08b64169, 0x43140221, 0x14240551, 0x044e063a, 0x0caa6c18, 0x4a366a23, 0x1551432f, 0x91021237, 0x1b182dd2, 0x0204021a, 
	0x06232502, 0xa2050606, 0x090c3f01, 0x2d008202, 0x19c9fe13, 0xd40d0802, 0x060d10d4, 0x5c433efd, 0x09ef440c, 0x00b80629, 0x006c004d, 0x43b4007a, 
	0x6f201d5f, 0x080aaf41, 0x2f60b02d, 0x000754b4, 0xb32b041c, 0x08605464, 0x0750b42b, 0x2b041d00, 0x2f7bb001, 0xb4d64eb0, 0x1e00096a, 0x6ab02b04, 
	0x0157b110, 0x845db42b, 0x7cb13f0d, 0x6ab12b01, 0xb012114e, 0x57b0393d, 0x0b0f4011, 0x2c282414, 0x47443c32, 0x60095049, 0x2945736e, 0x2db22c05, 
	0x39392f30, 0x37b10039, 0x45121102, 0x6f390841, 0x3916b011, 0xb11211b0, 0x39397809, 0xb01160b0, 0x54b0396c, 0x3967b012, 0xac6e1830, 0x2d4d451f, 
	0x3233122c, 0x32331617, 0x33343736, 0x60460736, 0x26272a05, 0x07062227, 0x0e070614, 0x0f154201, 0x1b5c1022, 0x1bb66e18, 0x3b2b5f45, 0x52bc0c65, 
	0x23275277, 0x191b0c23, 0x59720401, 0x25547452, 0x040c211f, 0x9e2d0602, 0x430cd343, 0x053a3fc5, 0x5214019a, 0x0c503737, 0x0e0d1004, 0x3b508f6f, 
	0x04382901, 0x050e0a16, 0x1e4250fd, 0x4704200c, 0x062b050b, 0x004d0098, 0x00630055, 0x42a2006d, 0x58201d1d, 0x3a0b1d42, 0x54b02f6c, 0x0767b433, 
	0x2b041100, 0x013250b0, 0xb02f6eb0, 0x53b4d64f, 0x8219000c, 0x10532710, 0x2b0165b1, 0x0d846ab4, 0x6fb12e08, 0x53b12b01, 0x4012114f, 0x370f0b0b, 
	0x4947443c, 0x58576309, 0xb0391724, 0x36b21165, 0x3939625e, 0x126ab039, 0x2d2414b7, 0x5d5c352f, 0x42188228, 0xb1270d1b, 0x12114c11, 0x446123b1, 
	0x15444316, 0x5d00200b, 0xf4410612, 0x7e12200d, 0xb745089f, 0x9601274b, 0x4a4a6648, 0xe9412966, 0x4897270c, 0x47483533, 0xf1413336, 0x67e92740, 
	0x47674848, 0xdf4135fd, 0x1602210b, 0x00211484, 0x06e74100, 0x002b072b, 0x0057004d, 0x006f0065, 0x1de741b0, 0xe7415a20, 0x2f562a0b, 0xe90769b1, 
	0xb12f6eb0, 0x06fb4d51, 0xb4d64f23, 0x05fc4967, 0x10672e08, 0x2b016cb1, 0xb43228b0, 0x51000954, 0x71b12b04, 0x67b12b01, 0xb512114f, 0x58474937, 
	0x17245a59, 0x116cb039, 0x09140bb7, 0x65565136, 0x270e835f, 0x24b41254, 0x5e2b3532, 0x2110e441, 0x00445ab0, 0x39632c08, 0x696eb139, 0x4fb31211, 
	0x824e5453, 0x4d014428, 0xdf410020, 0x0d4c4908, 0x16140229, 0x34363233, 0x41222326, 0xe8284cf7, 0x7b54587b, 0x5c58547b, 0x270cf941, 0x2d2f4421, 
	0x2f2d4141, 0x283ff941, 0x7bb00006, 0xfd7bb07b, 0x0cf94152, 0x445eb426, 0x00445e44, 0x22080082, 0xff8dff02, 0x05fe06f4, 0x00870044, 0x00fb0094, 
	0x000138b2, 0x0066b22b, 0x83b02b00, 0x0750b133, 0x8385b2e9, 0x33812d0b, 0xe90502b1, 0x327b6cb1, 0x0215b232, 0x12231c82, 0x822ab133, 0x8313201c, 
	0x33163e0b, 0xe9040eb1, 0x0a152ab2, 0x2a40b32b, 0xb42b091f, 0x3885748b, 0x8bb12b0d, 0x2fb4e907, 0x360a844a, 0x01e9072f, 0xb02f95b0, 0x8eb0d670, 
	0x084db132, 0x322cb0e9, 0x834d70b2, 0x69703631, 0x4db02b09, 0x0146b110, 0x0940b42b, 0x2b042f00, 0xb11040b0, 0x200d8225, 0x2a0d851c, 0x57b1101c, 
	0x5ab02b01, 0x8462b432, 0xb1250810, 0xb12b0196, 0x12114d46, 0xb03936b0, 0x37b21140, 0x39394215, 0x1225b039, 0xb03926b0, 0x18b0111c, 0x50b10039, 
	0x3d1e8202, 0x74b03903, 0x4640b511, 0x79605f43, 0xb0391724, 0x47b0128b, 0x382ab139, 0x1ab21211, 0x3382920a, 0x8515b133, 0x18b11211, 0x3039396e, 
	0x37362631, 0x0137013e, 0x06234e36, 0x823f2621, 0x24163a0a, 0x1e173217, 0x14151701, 0x2e22012b, 0x012e3503, 0x2221012b, 0x33141107, 0x05be4b37, 
	0x3a17363a, 0x32013b01, 0x16171017, 0x22270623, 0x0f012e27, 0x11152201, 0x16331614, 0x36284d83, 0x37363437, 0x34333435, 0x15262382, 0x23060706, 
	0x0e822221, 0x16011f26, 0x3435013f, 0x15090c82, 0x15060307, 0x15321714, 0x23061617, 0x07222622, 0x06012722, 0x32213316, 0x27341135, 0x77060726, 
	0x58441d08, 0x35fe0141, 0x44270805, 0x02020e10, 0x03911604, 0x01334b2a, 0x0a020e02, 0x060a061f, 0x33140405, 0xbdfe3a2d, 0xed2e0133, 0x101f2925, 
	0x1106101f, 0x06060c04, 0x02020112, 0x10121013, 0x65390c03, 0x623627f8, 0x4464a82d, 0x02162f1f, 0x1a110202, 0x02190215, 0x21ddfb39, 0xa03f3002, 
	0xfe1d0202, 0xa60e1b75, 0x0219832f, 0x210e0d02, 0x142fa0c0, 0x08730203, 0x31011712, 0x09060c23, 0x0212278f, 0x036d4c08, 0x0e0a5854, 0x06141d13, 
	0x01121d0a, 0x19020604, 0x131cc329, 0x080f0608, 0x46600212, 0x214efe25, 0x0c020405, 0x01175c17, 0x2ebefe1f, 0x1904061d, 0x04022f64, 0x68aafe35, 
	0x04040430, 0x583d2715, 0x05020a02, 0x2f270604, 0x151625db, 0x0602011d, 0x25cf4994, 0x4eeffe18, 0x1201391e, 0x040a0c1d, 0x7f021804, 0x0237120a, 
	0x040a2104, 0x3356db0c, 0xfe732a05, 0x05980502, 0x004f0052, 0x05434aa8, 0x2cb03508, 0x061bb133, 0x0203b2e9, 0x15b12b00, 0x38b0e905, 0x0442b12f, 
	0x50b001e9, 0xd600b02f, 0xe90c18b1, 0xb11018b0, 0xb12b0145, 0xb0e90935, 0x12b11035, 0x0fb42b01, 0x20057748, 0x36158251, 0x12111845, 0x38322fb5, 
	0x244d4b3b, 0x35b03917, 0x1b03b411, 0x8315332c, 0x1212270b, 0x130507b4, 0x0b832a26, 0xb2110f3f, 0x39200809, 0xb1003939, 0x12113842, 0xb0393eb0, 
	0x35b1114d, 0xb039393f, 0x26b1121b, 0x27078228, 0x00b41115, 0x2106110e, 0x03262e83, 0x0705b312, 0x0a820908, 0x1331302a, 0x32210010, 0x36371617, 
	0x07250482, 0x0e170614, 0xed731801, 0x1471571a, 0x3632172c, 0x22073435, 0x37260607, 0x74182413, 0x4829070e, 0x0227081d, 0x02040519, 0x0b741804, 
	0x855e2219, 0x0a9f5735, 0x03060e22, 0x350a9f57, 0xcffea606, 0x890287fe, 0x8e013b01, 0x06171b46, 0x12506808, 0x74181655, 0x20081923, 0x02050862, 
	0x3f5c0802, 0x080e7150, 0x0c020c17, 0x3a010603, 0x33014a27, 0x010b0604, 0x7f010e18, 0x2e008200, 0xff320002, 0x07a204fa, 0x005a000c, 0x52b80067, 
	0xb12e0537, 0xb1e90502, 0xb2e90746, 0x2b000216, 0x088727b1, 0x050a3508, 0x402eb4e9, 0x2b0d1658, 0xe9072eb1, 0x2f68b001, 0xb1d606b0, 0xb0e90843, 
	0x43b0322a, 0x0166b110, 0x0963b42b, 0x2b041e00, 0xb11063b0, 0xb02b013c, 0x38b43232, 0x38231085, 0x8222b110, 0x851e201e, 0x101e230d, 0x0d824cb1, 
	0x0d845020, 0x0169b130, 0x4366b12b, 0x40b11211, 0xb1393967, 0x564a633c, 0x38210805, 0x3923b011, 0x11221eb1, 0x1a19b212, 0x39393956, 0x4640b100, 
	0x3ab31211, 0x24504f3b, 0x27b13917, 0x2219822e, 0x82331f1d, 0x31302319, 0x0260023e, 0x2a233606, 0x27022e03, 0x33363726, 0x07321724, 0x0617021e, 
	0x2e272627, 0x05f26301, 0x16141130, 0x3632013b, 0x16173637, 0x14031617, 0x19820607, 0x06012b23, 0x20178815, 0x291b8337, 0x07010e14, 0x05202306, 
	0x914f2726, 0x0a2d210c, 0x11287318, 0xf49e0224, 0x73180127, 0xc5330a26, 0x121b0c4d, 0x3579f10b, 0x0a29040f, 0x19060406, 0x18100123, 0x3f1a2473, 
	0x14087301, 0x0a1d9d13, 0x0b292342, 0x042e1673, 0x03834304, 0x024c830b, 0x0c040804, 0x04040a1f, 0x0b307318, 0x21040622, 0x0a307318, 0xf8fe642d, 
	0x0e04021b, 0x1b042e6a, 0x1877a8fe, 0x2d102d73, 0x1d0adb06, 0x96b81002, 0x980d0912, 0xe3410000, 0x00142607, 0x0069005a, 0x2ce341b9, 0xe3416a20, 
	0x015b230e, 0x884fb42b, 0x67b22c05, 0xb32b0a5b, 0x09636700, 0x4167b02b, 0x6b252bee, 0x3cb12b01, 0x89e44167, 0x2606c24f, 0x07061415, 0x41260601, 
	0xd72d53e6, 0xb71e0665, 0x02080c08, 0x0adbfe02, 0x4be8412f, 0x01a00522, 0x2106ba4f, 0xbb4f0602, 0x06ef4108, 0x00f90627, 0x006d005a, 0x2cef41a4, 
	0xef416e20, 0x29c5430e, 0x2b016f2f, 0x11433cb1, 0x655eb212, 0x39393969, 0x83bf43b0, 0x41110d50, 0x292153de, 0x0f0550b4, 0xe3410820, 0x509a204c, 
	0x00231302, 0x45030000, 0x062905bb, 0x005a0091, 0x006f0065, 0x2ae941cc, 0x2f6eb032, 0xb43363b0, 0x12000769, 0x5eb02b04, 0x70b00132, 0x300bf941, 
	0x11d6205b, 0xe90c61b1, 0xb11043b0, 0xb12b0167, 0x200a826c, 0x2be4436c, 0x34827120, 0x115b6129, 0x3940b012, 0x436c3cb1, 0x342389ec, 0x73323336, 
	0x24200588, 0x42081e4c, 0x442e5413, 0x44462f31, 0x58014462, 0x44332f46, 0xf5433344, 0x15062d4c, 0x2f45452f, 0x02444431, 0x6243455e, 0x3f05ff4b, 
	0xfaff6a00, 0x0c078f02, 0x36002900, 0xb2006f00, 0x2b000028, 0xb13326b0, 0xb0e90302, 0x0fb23220, 0x2006ec4b, 0x080e820b, 0x0132163c, 0xb02f37b0, 
	0x1db1d606, 0x32b0e908, 0x1d06b232, 0x40b32b0a, 0x2b090006, 0xb0320db0, 0x35b4101d, 0x041e0009, 0x2f35b02b, 0x2b0138b1, 0x110635b1, 0x3627b112, 
	0xb1003939, 0x0a822802, 0x3927002e, 0x110bb039, 0xb03901b0, 0x11b0120f, 0x2109ff7b, 0x007c2711, 0x32333a05, 0x17363704, 0x06220716, 0x15010e23, 
	0x17161411, 0x011e1732, 0x07262306, 0x745a1822, 0x4a74180c, 0x0f252d09, 0x01081606, 0x021f458a, 0x13041006, 0x07467418, 0x080a0426, 0x2519fefe, 
	0x0b9a5a18, 0x01271936, 0x47543008, 0x52470b03, 0x2f040836, 0x010a0a0e, 0x02022b17, 0x094f7418, 0x081d2333, 0x0ae90608, 0x9c10021d, 0x0d0912b2, 
	0x0000008d, 0x061b4102, 0x29001426, 0x6c003800, 0x20201b41, 0x071b4139, 0x380e1841, 0x2ab01006, 0xb411d620, 0x1e000936, 0x3ab12b04, 0x1db12b01, 
	0xb0121136, 0x43184127, 0x56011b21, 0x15240749, 0x26060107, 0x220d1a41, 0x4188010a, 0x8826141a, 0xb4190e64, 0x58460f08, 0x41312005, 0x0521241b, 
	0x083146ae, 0x55040421, 0x210805ed, 0xff440002, 0x068e02fa, 0x001200f9, 0x005b003d, 0x00003cb2, 0x333ab02b, 0xe90316b1, 0xb23234b0, 0x4a420223, 
	0x821f2005, 0x2a36080e, 0x3eb00132, 0xd61ab02f, 0xe90831b1, 0x0a311ab2, 0x1a40b32b, 0xb02b0913, 0x3fb13221, 0x31b12b01, 0xb212111a, 0x393b0e03, 
	0xb1003939, 0x12113c16, 0xb1393bb0, 0x07821f23, 0x30392523, 0x55e48231, 0x3422109e, 0x76183336, 0x37210985, 0x173b4236, 0x07242008, 0x08b44422, 
	0x147a0c12, 0x0eb4081b, 0xfa0c1d10, 0x081912eb, 0x60060d28, 0x0202042d, 0x42542d02, 0x47350642, 0x1006021f, 0x5e041306, 0x17523b31, 0x0a060c08, 
	0xfc00ff08, 0x1546551b, 0x0c80fa23, 0x104d421a, 0x4e822920, 0x8b463108, 0x3550aefc, 0x23080202, 0x0008081d, 0xff370003, 0x069a02fa, 0x00070098, 
	0x003b0031, 0x30b200ad, 0xb02b0000, 0x0ab1332e, 0x28b0e903, 0x0217b232, 0x1a230e82, 0x8213b133, 0x321e290e, 0xb02f3ab0, 0x35b43306, 0x08053253, 
	0x0132022c, 0xb02f3cb0, 0x25b1d60e, 0x0eb2e908, 0xb32b0a25, 0x09080e40, 0x3215b02b, 0x0e2505b3, 0x01b42b08, 0x0419000c, 0x2f01b02b, 0x098405b4, 
	0x8433b321, 0x84382016, 0xb124080c, 0xb12b013d, 0x1211010e, 0x170603b3, 0x39172430, 0x110533b1, 0x392fb012, 0x112538b1, 0x1d19b512, 0x3a352e2c, 
	0x00351682, 0x11300ab1, 0x2f08b112, 0x13b03939, 0x3909b011, 0xb01217b0, 0x05ac6219, 0x14163227, 0x34032206, 0x23674117, 0x22072622, 0x28093851, 
	0x48664837, 0x13156648, 0x0563415e, 0xa6435220, 0x3801291b, 0x48353447, 0x05333548, 0x2105a452, 0xaa4377fa, 0xef052123, 0x3a05bc52, 0xff000002, 
	0x05f205f4, 0x00370056, 0x00880058, 0x00001eb2, 0x033bb12b, 0x8320b2e9, 0x06272508, 0x0213b2e9, 0x48201182, 0x10201182, 0x35080883, 0xb4e9060c, 
	0x13200435, 0x4fb02b0d, 0x0735b433, 0x2b041f00, 0x013255b0, 0xb02f59b0, 0x08b0d632, 0x0838b132, 0x324cb0e9, 0x0a3238b2, 0x3840b32b, 0xb22b0953, 
	0x0a833832, 0x09003230, 0x1038b02b, 0x2b0141b1, 0xe90c18b1, 0x07825ab1, 0x38413c08, 0x13b11211, 0x0039391e, 0x113504b1, 0x4118b212, 0x39393953, 
	0x35113130, 0x32331734, 0x11373637, 0x22232634, 0x013f3437, 0x04322136, 0x14111617, 0x010e0700, 0x06072023, 0x82343526, 0x013b311e, 0x32331632, 
	0x34363736, 0x23341135, 0x14012607, 0x12260e85, 0x27023435, 0x3b822726, 0x0607c708, 0x33141115, 0x011d3225, 0x22052306, 0x10a22715, 0x38010e06, 
	0x1e011f7d, 0x35019aa8, 0x6d1201cb, 0xdfe1fef8, 0xfecf8268, 0x1008493f, 0x06080804, 0x040f0206, 0x02033f5c, 0x011bae25, 0x8f7b2db4, 0xb3984a92, 
	0xdc776370, 0x1b3b546f, 0x2501271f, 0xfe210a2d, 0x7b0225d7, 0x06011f48, 0x23011b06, 0x23253b96, 0x44060606, 0xbefeb64f, 0x3f7efee9, 0x02020c1f, 
	0x0629080c, 0x33020110, 0x132f1452, 0x021f1c01, 0x6465fe04, 0x46231728, 0x9cbc3701, 0x5c4e0401, 0x0c020c16, 0x2321fe23, 0x253d2502, 0x00002702, 
	0x46000200, 0x7106e9ff, 0x4900b806, 0xcd006800, 0x0049b200, 0x47b02b00, 0x0604b133, 0x3241b0e9, 0x0e8232b2, 0x020eb222, 0x242f1382, 0x0309b133, 
	0x2d20b1e9, 0x5cb03232, 0x5850b42f, 0x60260541, 0x2b085c50, 0x41584cb4, 0x69260806, 0xd606b02f, 0xe9093cb1, 0x0a3c06b2, 0x0640b32b, 0xb02b090c, 
	0x4ab1103c, 0x66b42b01, 0x041e0009, 0x1066b02b, 0x0d8253b1, 0x0d855920, 0xb110592b, 0xb12b0117, 0xb1e90931, 0x3b07826a, 0x12113c4a, 0x123710b3, 
	0x39172442, 0xb01166b0, 0x53b03947, 0x2420b512, 0x5c224c45, 0xb1351282, 0x12115917, 0x392513b1, 0x09b10039, 0xb4121104, 0x37301413, 0x3b188238, 
	0xb1110eb0, 0x3939120c, 0xb0125cb0, 0x50b03968, 0x3963b011, 0x26163130, 0x32373637, 0x09ac7318, 0x17323725, 0x62371601, 0x27210551, 0x2a018226, 
	0x33362622, 0x1e322516, 0x46161501, 0x062406b9, 0x01092627, 0x0fa47318, 0x01072422, 0x221d5c58, 0x180a084a, 0x0807c073, 0x1d7baa24, 0x0c450314, 
	0x0c020413, 0x2128120c, 0x0a0d0c4f, 0x6101960f, 0x02020704, 0x3377120d, 0xfe0e0648, 0x7318fe25, 0xfe280dbc, 0xcf0197b2, 0x7652bd0c, 0x2e094358, 
	0x54755258, 0x0d201f25, 0x2d060204, 0x180a370a, 0x210ad473, 0x73180404, 0x220808d4, 0x0c32353d, 0x05040612, 0x08062124, 0x14021510, 0x7636040a, 
	0x081bc6fb, 0x1d020e0f, 0x08041c02, 0x18fd1116, 0x230ad173, 0xa2050806, 0x20163e58, 0x30008200, 0xff6d0003, 0x072706d9, 0x000b000c, 0x00260019, 
	0xed731847, 0x2f272314, 0x731800b0, 0x283110ed, 0x14b12b01, 0xb312110c, 0x221b0903, 0x00391724, 0xf07318b1, 0x0c6b4f23, 0x73186d20, 0x012c1cfd, 
	0x12160a50, 0x35081f9c, 0x6d0c2931, 0x1f0a7418, 0x5e250321, 0xd78a0993, 0xd7841420, 0x55002722, 0x2820d794, 0x1a24d78b, 0x25b42b01, 0x21059e42, 
	0x74181025, 0x292008d3, 0x2527e583, 0x09b31211, 0xa9210f03, 0x0c2f5ee5, 0xb423e69e, 0x471f0664, 0x2f2008dd, 0x0121e89f, 0x0fc55dea, 0x2106c341, 
	0xeb84f906, 0xc3412c20, 0x412d2016, 0x2e2013c3, 0x2109c341, 0xddab242c, 0x830fde47, 0x014431e2, 0xfe98013f, 0xfec5fe60, 0xdd60fec1, 0x83f03701, 
	0x07c77518, 0xb6040133, 0x790c1308, 0xb20c1714, 0x08210e0e, 0x1912ebfa, 0x20e7a00a, 0x160e4de4, 0xef870020, 0xef84b820, 0x8a003822, 0x2412db41, 
	0xb42f2cb0, 0x05aa4420, 0x2c203026, 0x1cb42b08, 0x2006aa44, 0x0ff24139, 0x2805e549, 0xb11036b0, 0xb42b0123, 0x05004229, 0x00422920, 0x013a2e09, 
	0x3623b12b, 0x03b51211, 0x091c170f, 0x0d24412c, 0x032cb12d, 0x38b01211, 0x1120b039, 0x543933b0, 0x20350551, 0x00101100, 0x13002021, 0x32330010, 
	0x1035023e, 0x02222300, 0x1d494413, 0x201d2142, 0x19695cac, 0x20204541, 0x19fc43dc, 0xfb430420, 0x98062b05, 0x19000b00, 0x29002100, 0x49417300, 
	0x2f212613, 0xb43328b0, 0x05e5481d, 0x01322424, 0x42412ab0, 0x011b2b0b, 0x0c1fb42b, 0x2b041900, 0x42411fb0, 0x85272005, 0x4127200d, 0x2b2c0942, 
	0x23b12b01, 0xb312111f, 0x03170f09, 0x410d4041, 0x12201a32, 0x410ee878, 0xd52c1d23, 0x48486749, 0x48230167, 0x664a4a66, 0x211f1541, 0x2c832b02, 
	0x84474721, 0x00300805, 0x00df0001, 0x04cb04bc, 0x002a00b0, 0x37263700, 0x01273601, 0x36013f26, 0x16171617, 0x37363736, 0x011f013e, 0x00060716, 
	0x01170607, 0x06010f16, 0x64081d82, 0x06070607, 0x2121df27, 0x1d1f7301, 0x1e2b98fe, 0x9e1a1b2b, 0x1b1a17d5, 0x310acd89, 0x1d1b3507, 0x2fd5fe21, 
	0x74011d21, 0x232d1e27, 0x2ba0fe19, 0x25f26431, 0x1f1de325, 0x1f1f7201, 0x1d2b6c01, 0x981b1b2b, 0x160214e3, 0x0c0ee67f, 0x1e1b2f06, 0x2bcffe1f, 
	0x8dfe1c19, 0x1d241927, 0x2f670118, 0x25e96f35, 0x059f4523, 0xff6c3708, 0x05770675, 0x00280098, 0x00440035, 0x15b20074, 0xb12b0000, 0xb0e9053a, 
	0x03b12f33, 0xb001e905, 0x01b02f45, 0x0c29b1d6, 0x1029b0e9, 0x2b013eb1, 0xe90c12b1, 0x078246b1, 0x1101293b, 0x221ab212, 0x39393924, 0x40113eb0, 
	0x030e070c, 0x25191510, 0x3026280f, 0x05465737, 0x0d08b223, 0x331d820c, 0x3a33b100, 0x0c401211, 0x120e0705, 0x25191817, 0x41062c28, 0x033f2083, 
	0x390db011, 0x011a3130, 0x17322100, 0x36013f16, 0x0f16011f, 0x16170601, 0x21001011, 0x82262722, 0x012f260b, 0x2634022e, 0x2f1b8236, 0x14032734, 
	0x00371617, 0x26273601, 0x13002223, 0x9a082682, 0x36373233, 0x26273435, 0x6c000607, 0x01c20101, 0x14c0f64c, 0x15107d17, 0x791c1410, 0xfee11910, 
	0xe3bbfe43, 0x991923c7, 0x08061017, 0x04020a03, 0x060aa004, 0x1a1b7b12, 0x29019e01, 0xe6a21b1f, 0xdde6fed9, 0xc9a21d17, 0x7b778bfc, 0xfd621910, 
	0x025201e5, 0x74a5016f, 0x1098180c, 0x210e0d0e, 0xc3171289, 0xc5fed5fe, 0x126d54fe, 0x0f1bb61d, 0x08040604, 0x040a0906, 0x061d0cb2, 0xaff03302, 
	0xfa011f25, 0x171a4501, 0xfdaafe96, 0x891c1d1a, 0xfae9a9ca, 0x711d17b2, 0x82008bfd, 0x02420800, 0xd9ff3000, 0x0c075806, 0x48003b00, 0xb2007600, 
	0x2b000031, 0x000714b4, 0xb22b041f, 0x2b000202, 0xb13320b0, 0xb2e9033a, 0x32251c09, 0xb0013232, 0x36b02f49, 0x0811b1d6, 0x1011b0e9, 0x2b0147b1, 
	0x2d4444b4, 0x77442005, 0x3808054e, 0xb2e90929, 0x2b0a1829, 0x242940b3, 0x4ab12b09, 0x47b12b01, 0xb4121111, 0x31140704, 0x3917243d, 0x114418b1, 
	0x391fb012, 0x143ab100, 0x29b11211, 0x30393936, 0x33361231, 0xa3731836, 0x11273413, 0x012f2634, 0x36332622, 0x07143205, 0x1115010e, 0x82020e14, 
	0xa0731807, 0x0c4a470a, 0x18062d21, 0x2a12a973, 0x77410121, 0x1707100e, 0x181701e3, 0x2112aa73, 0x96564102, 0x293c2805, 0x05730b29, 0x18042112, 
	0x2c0eb373, 0x7201c556, 0x040261ac, 0x3d04043f, 0xb1731802, 0x54152511, 0xf101022b, 0x2108814f, 0x4f410098, 0x00142607, 0x004a003b, 0x214f4177, 
	0x4f414b20, 0x013c240b, 0x4148b42b, 0x4820054f, 0x38144f41, 0xb12b014c, 0x1211113c, 0x390704b1, 0x4818b139, 0x14b31211, 0x2444311f, 0x48504117, 
	0x22562520, 0x07152408, 0x41260601, 0xa5203352, 0x23070256, 0x2f0ad9fe, 0x20355341, 0x0fb84fb6, 0x27065741, 0x3b00f906, 0x62004e00, 0x20215741, 
	0x0b57414f, 0x2b011823, 0x0e9942b1, 0x12825020, 0x1111182b, 0x0704b612, 0x4e311f14, 0x4d424146, 0x410f1a48, 0x01283246, 0x1308b4f7, 0x1917790c, 
	0x22077065, 0x410a1910, 0xb020354c, 0x20164448, 0x05fb4303, 0x00980629, 0x0043003b, 0x419e004b, 0xb0271f55, 0x4ab02f43, 0x473fb433, 0x46240506, 
	0x4cb00132, 0x240b6541, 0xb42b013d, 0x05f84641, 0xb1104123, 0x200d8245, 0x200d8549, 0x14cb4249, 0x2b014d38, 0x11113db1, 0x3904b012, 0xb11141b0, 
	0x3939070a, 0xb11245b0, 0x07821431, 0xb1114925, 0x42391f1c, 0x242048d4, 0x410e4647, 0xe720338e, 0x25055c47, 0x48664a21, 0x88416648, 0x47f72035, 
	0x3b080b71, 0x00020000, 0x05f8ff21, 0x001407d7, 0x00560047, 0x34b2008c, 0xb12b0000, 0xb1e9062e, 0x32323e3b, 0x00021cb2, 0x3304b02b, 0xe90319b1, 
	0x46220ab2, 0x01323232, 0xb02f57b0, 0x54b4d648, 0x08052244, 0xb1105464, 0xb02b0b40, 0x2bb13242, 0x2bb2e908, 0xb32b0a40, 0x09332b40, 0x102bb02b, 
	0x2b0115b1, 0x000c20b4, 0xb12b040c, 0xb12b0158, 0x1211542b, 0xb03941b0, 0x1ab41115, 0x5250341c, 0xb0391724, 0x1db11220, 0x00393922, 0x112e19b1, 
	0x100cb212, 0x3939393c, 0xb0111cb0, 0x31303920, 0x36372613, 0x32370417, 0x73180616, 0x362310a2, 0x18251633, 0x22149e73, 0x82220724, 0x36372c35, 
	0x37363316, 0x2e012736, 0x44222701, 0x212d0e4c, 0x12040404, 0x089c8b01, 0x81170a13, 0xa4731842, 0x1503260a, 0x121701b2, 0xa1731812, 0x6afe220c, 
	0xa07318a7, 0x0a340809, 0x488afe08, 0x02195f60, 0x170e645f, 0x080c08b7, 0x0ad9fe02, 0x0cfe042f, 0x06011911, 0x291e2106, 0x5afe6619, 0x0113120a, 
	0x1f1c6d72, 0x06390817, 0x01231f06, 0x10aa7318, 0x2b040631, 0x02011410, 0x9a7d0604, 0x71490289, 0x44b80444, 0x22080f66, 0x27000200, 0x6f04f6ff, 
	0x4a004605, 0x90005b00, 0x002eb200, 0x30b02b00, 0x0329b133, 0x3237b0e9, 0x820203b2, 0x3305230e, 0x0e8247b1, 0xb4320a2f, 0x03304f20, 0x20b12b0d, 
	0x16b4e903, 0x210a8457, 0x687e0416, 0xd63b3805, 0xe90826b1, 0x324b12b1, 0x3b26b232, 0x40b32b0a, 0x2b090826, 0x83263bb2, 0x003b300a, 0x26b02b09, 
	0x0152b110, 0x0c1db12b, 0x825db1e9, 0x3b263707, 0x2fb01211, 0x1152b039, 0x170604b5, 0x242e2d20, 0xb1003917, 0x566a204f, 0x11573805, 0x30391db0, 
	0x34351331, 0x32370437, 0x23141507, 0x0e012b06, 0x82060701, 0x3716390a, 0x16173233, 0x14151617, 0x27222304, 0x011d0626, 0x013b1614, 0x23161516, 
	0x30079241, 0x36373233, 0x34113537, 0x26272627, 0x2b272623, 0x18268201, 0x510a3095, 0x830805b2, 0x91011d27, 0x08011f75, 0x42150a02, 0x010e082a, 
	0xa4421019, 0x83485a7f, 0x54f2e7fe, 0x44090c3f, 0x042b2b5e, 0xfed1fe25, 0x04021012, 0x601d0606, 0x0f010e14, 0x1206230a, 0x1c0d0c23, 0x0110050e, 
	0x2d271b95, 0x4249c6a0, 0x23278152, 0x121f052d, 0x06080114, 0x02171613, 0x170f0c04, 0x1b0e2d30, 0x39171f02, 0xe3c3ae68, 0x0b10020a, 0x043a5445, 
	0x0a082f10, 0x08171008, 0x2f17210a, 0x735a0364, 0x02051218, 0x2e080082, 0x2b8efc04, 0xa2c70607, 0x2b239362, 0x00190c04, 0x00010000, 0x04ddff27, 
	0x00b00504, 0x00cc0050, 0x00004eb2, 0x334cb02b, 0xe90303b1, 0x533246b0, 0x2c08053c, 0xb0e90728, 0x28b23245, 0xb32b0a1e, 0x09242800, 0x2f2fb02b, 
	0xe90436b1, 0xb12f3cb0, 0x01e9050d, 0xb02f51b0, 0x42b1d606, 0x42b2e90a, 0x27238206, 0x09484240, 0x4206b22b, 0x2c080b58, 0x2bb11042, 0x1bb12b01, 
	0x2bb2e908, 0x2215821b, 0x82212b00, 0x7b2b2044, 0xb12605f7, 0xb2e90a10, 0x16821039, 0x33394026, 0x52b12b09, 0x24082982, 0x12110642, 0xb0394db0, 
	0x13b51139, 0x2f15170d, 0x3917244c, 0xb0122bb0, 0xb1003918, 0x12114e03, 0x4a4800b3, 0x2f13834d, 0x06b2112f, 0x39391b18, 0x1236b039, 0x170813b2, 
	0x3c2f0983, 0x3910b011, 0x34373130, 0x013e3736, 0x8211013d, 0x06ab5907, 0x010e0723, 0x05cb4116, 0x22230625, 0x82343526, 0x16172b16, 0x35363233, 
	0x27262710, 0x11832722, 0xac083282, 0x23263435, 0x011d0622, 0x16141511, 0x15011e33, 0x27060714, 0x26060726, 0x50120627, 0x75422921, 0x87d49cbe, 
	0x06040a79, 0x735b750b, 0x3d2f96db, 0x2f171a23, 0x40290a2f, 0x143833d3, 0x10060408, 0x677f9087, 0x4823726d, 0x06020c14, 0x0eb5d90c, 0x0917170a, 
	0x58290402, 0xee090250, 0xbe9356c2, 0x35aa688c, 0x02040704, 0xa6715721, 0x252bfaa8, 0x141d2b1d, 0x56017d9f, 0x08010a2d, 0x090e1206, 0x7f9c1202, 
	0xb8b4977d, 0x5c97fd85, 0x0c04254e, 0x0a071018, 0x02080802, 0x0003000e, 0x03e7ff33, 0x0044052d, 0x00430036, 0x00b40050, 0x417318b2, 0x00342b08, 
	0x2bb02b00, 0x073ab133, 0x0b83b2e9, 0x22b43e08, 0x04210007, 0x343ab22b, 0x40b32b0a, 0x2b09273a, 0x000248b2, 0x51b0012b, 0xd614b02f, 0xb13200b0, 
	0xb1e90a0c, 0xb0e90a37, 0x3db1100c, 0x06b12b01, 0xb132324f, 0xb4e90a1f, 0x1e00094c, 0x05874104, 0x14372b08, 0x45b01211, 0x110cb039, 0xb03944b0, 
	0x03b7123d, 0x342e1802, 0x2450423a, 0x4cb03917, 0x392db011, 0xb0121fb0, 0xb100392b, 0x2982343a, 0xb0393129, 0x29b31122, 0x83302e2d, 0x1209291f, 
	0x141200b6, 0x423f3d1e, 0xb1220d82, 0x20821848, 0x30394e23, 0x69731831, 0x67731828, 0x5537200d, 0x35250508, 0x07060734, 0x08fc5906, 0x27061424, 
	0x73183326, 0x1e211e71, 0x71731810, 0x2f123112, 0x08036f63, 0x1d9d1314, 0x29274008, 0x98a0730b, 0x217b7318, 0x182d0621, 0x36077973, 0x4b412f6c, 
	0x081faa21, 0x042d2917, 0x021d0a11, 0x12a4aa11, 0x4d980c08, 0xa341054f, 0x004a2805, 0x00430036, 0x41ae0052, 0x47262da3, 0x012b0002, 0xa34153b0, 
	0x62442012, 0x260808e7, 0xb11050b0, 0xb02b013d, 0x1fb13206, 0x54b1e90a, 0x50b12b01, 0xb3121114, 0x423a3403, 0xb0391724, 0x2eb3113d, 0x83413218, 
	0x279d410a, 0x11184725, 0x4151b012, 0x1b27469d, 0x013b3601, 0x61011e32, 0x9f410608, 0x65672438, 0x60b61f06, 0xa14108ed, 0xd5022738, 0x021b5001, 
	0xd8600809, 0x00082205, 0x08474300, 0x36003028, 0x56004900, 0xa3419400, 0x434d2012, 0x4d2c0e47, 0xb32b0a34, 0x09274d40, 0x57b0012b, 0x200b9e41, 
	0x0542434a, 0x90415020, 0x01582e09, 0x144ab12b, 0x49b01211, 0x0c50b139, 0x06354311, 0x554d452e, 0xb0391724, 0x2bb0111f, 0x4db10039, 0x21182f43, 
	0x27835250, 0x5b382743, 0x3a431319, 0x2e8d410b, 0x08b7352b, 0x15790c12, 0x0ab40c17, 0x052a5b0c, 0x416c0a2a, 0x0c742130, 0x6f632f12, 0x262d9241, 
	0x40018b03, 0x8202080c, 0xfe122d00, 0x080119c8, 0x10d5d50c, 0xe9fc060e, 0x43094b43, 0x04290a3f, 0x003600e5, 0x00620055, 0x129b41cc, 0x9b415920, 
	0x34593b0e, 0x40b32b0a, 0x2b092759, 0xb42f49b0, 0x1d00073d, 0x4db32b04, 0x2b08493d, 0x0c8439b4, 0x63b0012a, 0xd614b02f, 0x323700b1, 0x2e05f744, 
	0xb4e90a56, 0x1e000953, 0x0cb02b04, 0x415cb110, 0xb02808bb, 0x40b1101f, 0x46b42b01, 0xb1261b84, 0xb12b0164, 0xc141535c, 0x3b392207, 0x05c1414b, 
	0x3d2bb232, 0x39393949, 0xb01240b0, 0xb1003921, 0x12115922, 0x2809f544, 0x1200b611, 0x5e5c1e14, 0x2c2b8261, 0x111849b1, 0x3955b012, 0xb0113db0, 
	0x395d4350, 0x201edb53, 0x3adf4113, 0xf9531720, 0x5873210c, 0x200a6370, 0x37e74183, 0x11547920, 0x4f8e2c0b, 0x3729013b, 0x0e0a1704, 0x4106fd05, 
	0x04200aea, 0x2905cb46, 0x3600c904, 0x4e004100, 0x29455900, 0x41452014, 0x45310ee9, 0xb32b0a34, 0x09274540, 0x2f57b02b, 0xb4333fb0, 0x05776252, 
	0x323a2108, 0x2f5ab001, 0xb1d637b0, 0xb0e90c3d, 0x11d62014, 0xb13300b0, 0xb1e90a0c, 0xb0e90a42, 0x48b1103d, 0x250ae146, 0xe90c55b1, 0x10825bb1, 
	0x11373d35, 0x0203b412, 0x244d4534, 0x48b03917, 0x182fb411, 0x824c4b32, 0x55b12d0b, 0xb1121114, 0x39392b21, 0x4522b100, 0x2209dd41, 0x823418b1, 
	0x4a122217, 0x3acb4139, 0x38623420, 0x0cb74108, 0x45620120, 0x2fd04608, 0x31465428, 0x6244462f, 0xaf414a46, 0x11012508, 0x46312f46, 0xa1431683, 
	0x0604232d, 0x3982462f, 0xfc444423, 0x09a94197, 0x824a0321, 0x465e2514, 0x00000044, 0x2b06b341, 0x36007105, 0x4d004000, 0xd5005700, 0x20129d43, 
	0x0eb34144, 0x34443208, 0x40b32b0a, 0x2b092744, 0xb12f3fb0, 0xb0e90751, 0x3ab12f56, 0xb001e907, 0x38b02f58, 0x094fb4d6, 0x2b045100, 0x384f0cb3, 
	0x14b12b08, 0x14b0e90a, 0x07bc412f, 0x0d824120, 0xb1104f23, 0x089f4347, 0x54b33308, 0x2b08471f, 0x00093db4, 0xb12b0440, 0xb12b0159, 0x1211384f, 
	0x393402b1, 0x1147b039, 0x2e030a40, 0x443f3a32, 0x56514c18, 0xb1391724, 0x12111454, 0x73452db0, 0x44222108, 0x2211a743, 0x834c4947, 0x51562129, 
	0x38231a82, 0x82373d3c, 0x387a450c, 0x20090772, 0x0b914303, 0x26701220, 0x2e7b4508, 0x08708b20, 0x41682006, 0x4f2708d8, 0x422d2f43, 0x412f2d42, 
	0x03282dd6, 0x7b7bb0f8, 0xeffc7bb0, 0x390ad441, 0x44445ec3, 0x0000435e, 0x4c000300, 0x0405ddff, 0x46007703, 0x5f005300, 0xd141ac00, 0x07083a06, 
	0x011eb2e9, 0x5eb12b00, 0x3db2e903, 0xb02b0000, 0x30b43344, 0x041f0007, 0x380e842b, 0xe9074ab1, 0x3d2956b4, 0xb12b0d1e, 0x01e90356, 0xb02f60b0, 
	0x47b1d600, 0x057e430a, 0x820bb121, 0x47310808, 0x014cb110, 0x3205b02b, 0xe90a2bb1, 0x0a4c2bb2, 0x2b40b32b, 0xb12b0926, 0xb12b0161, 0x12110b4c, 
	0x421803b4, 0x17245244, 0x112bb039, 0x3f1c1ab3, 0x300a8241, 0x3029b100, 0x09401211, 0x3f350500, 0x4c474140, 0x3213824e, 0xb11156b0, 0x39391225, 
	0xb61208b0, 0x1b1a140e, 0x4122211c, 0x362f06a8, 0x35373637, 0x06222334, 0x14161415, 0x5f010f06, 0x33230546, 0x82161732, 0x16322218, 0x2b018317, 
	0x21271415, 0x17141522, 0x3233011e, 0x2f086c57, 0x22070607, 0x0e072627, 0x26222301, 0x33161437, 0x13824683, 0x01010e2a, 0x21331706, 0x2e273632, 
	0xa3081982, 0x609c6e4c, 0x4c33915c, 0x710a0604, 0x68871514, 0x0c58875b, 0x6d977313, 0x08043585, 0xfe291b08, 0x1b1b330a, 0x6442548f, 0x061b083f, 
	0x52120e0e, 0xb05e5e58, 0x42120c6d, 0x725646a6, 0x52333da2, 0x3d421462, 0xd0013b56, 0x01052d04, 0x020c0a31, 0x963d6112, 0x29585a98, 0xc58f3b17, 
	0x1406253a, 0x3304100d, 0x48171c0a, 0x0e694e68, 0x63016614, 0x14110a74, 0x01191f1b, 0x504c8b2d, 0x08433869, 0x0c100602, 0x3b375e17, 0x12149c01, 
	0x6c6b5846, 0x60014035, 0x210a1dbe, 0x01391d15, 0x11011490, 0x00625608, 0x01310082, 0x21fe3300, 0x75031703, 0x81004200, 0x0103b200, 0xc77c1800, 
	0x00402c10, 0x13b42b00, 0x04250007, 0x821fb22b, 0x28b03e0b, 0x0433b12f, 0x43b001e9, 0xd600b02f, 0xe90a10b1, 0xb11010b0, 0xb12b0136, 0xb1e90925, 
	0x35078244, 0x12111036, 0x22210db5, 0x24412c28, 0x25b03917, 0x130bb411, 0x5d59231f, 0x28332105, 0x30054e4f, 0x22b11140, 0xb1393925, 0x1211130d, 
	0x1b1600b2, 0xef591839, 0x07277708, 0x08059941, 0x37323331, 0x021e1736, 0x06071617, 0x1706010f, 0x1415011e, 0x27222306, 0x3637012e, 0x16323637, 
	0x35363233, 0x06072634, 0x36013f26, 0x012e2326, 0x18210133, 0x080e287d, 0x06170c29, 0x10020504, 0x25af7913, 0x503b0e12, 0x292f4e73, 0x02040606, 
	0x21190406, 0x73392b04, 0x07190635, 0x0b060683, 0x1801c49c, 0x0814457d, 0xb81b0c33, 0x0221441a, 0x50405c08, 0x13020e70, 0x080c020a, 0x46263806, 
	0x10062f08, 0x1408d90d, 0x0000ec08, 0xff310003, 0x053503e1, 0x00220044, 0x003b002e, 0x06474152, 0xe9032d31, 0x000020b2, 0x0715b42b, 0x2b042000, 
	0x820233b2, 0x262e080b, 0x0d03200e, 0x0326b12b, 0x3cb001e9, 0xd600b02f, 0xe90a12b1, 0x2b013db1, 0x150eb100, 0x00b11211, 0xb1393918, 0x1211202d, 
	0xb13905b0, 0x07820333, 0x2e051841, 0x1f323312, 0x16171601, 0x06231407, 0x18072225, 0x2013de7b, 0x087c4216, 0x7d260321, 0x31360ac6, 0x48dfb4f0, 
	0x04101b0e, 0xfe9e1a04, 0x04022579, 0x6f9181b0, 0x7b18110e, 0x022109e8, 0xe77b181b, 0x1d8b2108, 0x2d0a987d, 0x01c99e01, 0x2d22b508, 0x12120f15, 
	0x7b180606, 0x923210f0, 0x0c0d0b06, 0xec015e54, 0x11021d0a, 0x0812c38b, 0x0b418d0c, 0x004a2809, 0x002e0022, 0x416a003c, 0x3220160b, 0x200f0b41, 
	0x070b413d, 0x1012b028, 0x2b012fb1, 0x47493ab4, 0x013e2c05, 0x122fb12b, 0x0eb11211, 0x41393924, 0x322a1323, 0xb0121103, 0x3130393b, 0x23413413, 
	0x1337212c, 0x7d056a4c, 0x24410536, 0x65472d2c, 0x0ab41f06, 0x0202080c, 0x300adcfe, 0x20252641, 0x05494cb0, 0xfe020825, 0x41080ca0, 0x30280927, 
	0x35002200, 0x53004100, 0x20062741, 0x0d334240, 0x4239b421, 0x3925052e, 0xb001e903, 0x082e4242, 0x2b014325, 0x820012b1, 0x413520f7, 0xb0290b12, 
	0x08b01139, 0x1240b039, 0x167e18b1, 0x1834420f, 0x2013f24b, 0x09474206, 0x201f1541, 0x073a5f71, 0x2009e24b, 0x0b4d4243, 0x211d1a41, 0xd54bf602, 
	0xa4fe2113, 0x22055742, 0x43040000, 0x042b0557, 0x002200c9, 0x0039002d, 0x418e0044, 0x38200625, 0x200e2541, 0x05254131, 0xe903312a, 0xb02f42b0, 
	0x3db4332b, 0x2505db49, 0xb0013226, 0x64432f45, 0x23b33306, 0x2b080012, 0xe90c29b1, 0xb11012b0, 0xb12b013a, 0x8b5c0c40, 0x11123206, 0x260eb312, 
	0x17242f2c, 0x113ab039, 0x032015b3, 0x230a8338, 0x34b01240, 0x260c6041, 0x08b01131, 0x4138b039, 0x13202a60, 0x410ab349, 0x16850a58, 0x23061424, 
	0x63412622, 0x4983201f, 0x2d2006a3, 0x280b5841, 0x312f46f1, 0x2f314444, 0x1d614146, 0x2f710323, 0x21298446, 0x544152fe, 0x01440805, 0x44462f25, 
	0x00444462, 0xfff2ff02, 0x05f801fc, 0x000c0044, 0x0053002e, 0x000204b2, 0x2f2cb02b, 0xe9030fb1, 0x013225b0, 0xb02f2fb0, 0x20b1d613, 0x08b3e90a, 
	0x2b081320, 0x00090bb4, 0xb02b041e, 0x08b42f0b, 0x20080984, 0x2b0130b1, 0x110b08b1, 0x392bb012, 0xb01120b0, 0xb1003909, 0x12110f04, 0x1e0e0ab2, 
	0x30393939, 0x08834431, 0x06164e08, 0x26032627, 0x36323317, 0x26341135, 0x2e272627, 0x36253701, 0x17141115, 0x013b011e, 0x23140716, 0x26060726, 
	0x12140a0e, 0x3b0a1d9e, 0x0c290229, 0x12046e6d, 0x1123581b, 0x0a252f26, 0x05010a03, 0x25020229, 0x0410173f, 0x06f7ba0c, 0x1886180a, 0xfb24080b, 
	0x3c0123b7, 0x4c6f0187, 0x0d0a081c, 0x5a062b02, 0x9afd2b0e, 0x20391c4e, 0x041f1f03, 0x00140204, 0x29000200, 0xfa2be782, 0x21004a05, 0x43002f00, 
	0x8325b200, 0x2f1f23e7, 0xe78202b1, 0xe7821820, 0xb02f302f, 0x13b1d606, 0x22b0e90a, 0xb411d620, 0x20dc852d, 0x21dc8231, 0xdc822d13, 0xd6821e20, 
	0x11022528, 0x1101b312, 0x38482e2b, 0x25caa005, 0x3b36011b, 0xd8823601, 0x01150725, 0x9a292606, 0x647324cb, 0x18b41b0c, 0x2007a04e, 0x21cb9d1b, 
	0x4e18d103, 0x02340fbf, 0xfcffe9ff, 0x30052b02, 0x34001200, 0xb0002700, 0x15b12f32, 0x2b20d682, 0x352ad682, 0xd619b02f, 0xe90a26b1, 0xca8236b1, 
	0x1119262c, 0x310eb112, 0x30003939, 0x90700331, 0xa0132011, 0x4f1720d2, 0x432011cb, 0x0321d79a, 0x13d943d9, 0x9d4afc21, 0x820020e1, 0xff032200, 
	0x30d382e5, 0x00cf0448, 0x00290007, 0x007e0031, 0xb12f27b0, 0x29d5820a, 0x07b03220, 0x3330b02f, 0xe65a03b4, 0x822c2005, 0x2f322be5, 0xb1d60eb0, 
	0xb3e90a1b, 0xc56a1b05, 0x842b2014, 0x0c2f2816, 0x2b041900, 0x6a0133b1, 0xb43a05c5, 0x16090603, 0x39172427, 0x11052bb1, 0x3926b012, 0x111b2fb1, 
	0x2522b312, 0x1482312c, 0x07b1002d, 0xb112110a, 0x39391909, 0x5a023130, 0xbf4206a0, 0x86002021, 0x481b2629, 0x66484866, 0x1a1c4104, 0x48250128, 
	0x664a4a66, 0x28832104, 0x42fc4822, 0x211d1441, 0x26841304, 0x00820020, 0x5e00022e, 0x0604ddff, 0x36005e05, 0x7b004200, 0x21060b45, 0xb5550540, 
	0x3ab12105, 0x20290882, 0xb12b0002, 0xb2e9061a, 0x49088224, 0x372707a1, 0x37b0e90a, 0x823db110, 0x0a3021fe, 0x2105a149, 0xf0820037, 0x14131023, 
	0x2ef0821c, 0x40113db0, 0x0715030a, 0x1726221a, 0x8229342b, 0xb1003511, 0x12113a40, 0x390030b1, 0x031ab139, 0x0eb41211, 0x2b282211, 0xb0301882, 
	0x27b01120, 0x13313039, 0x32330034, 0x27361617, 0x2805ce43, 0x27060507, 0x3e013f26, 0x200f8201, 0x069d6222, 0x17363722, 0x27058e61, 0x16171617, 
	0x06071015, 0x0e747618, 0x015eaa08, 0x3746c30a, 0x140c1714, 0x0c482b19, 0xfcfe1432, 0x1c0e0d14, 0x10040ee0, 0x18085933, 0x21121008, 0x23c06f98, 
	0x731e100c, 0x3e3b2b2f, 0x9577273f, 0xfecdbb81, 0x83bdb0f6, 0x8aba9373, 0xae01956d, 0x150a01c5, 0x2d1c1506, 0x0c3f4223, 0x048a0a09, 0x750e2117, 
	0x210a1f06, 0x1d0e151e, 0x3f290b1f, 0x19180a60, 0x1e193e10, 0x454c4a2d, 0xeefee9d4, 0x06017581, 0xfec10f01, 0xc58db4f6, 0x00b60401, 0x21000200, 
	0x0204faff, 0x4c00e504, 0xd5006b00, 0x011cb200, 0x3db42b00, 0x04250007, 0x320cb02b, 0xb1103db0, 0xb2e9040f, 0x08158211, 0x2f30b022, 0xb13347b0, 
	0xb2e90335, 0x32432402, 0x5fb03232, 0x0753b42f, 0x2b041d00, 0x5f5363b3, 0x4fb42b08, 0x013c0c84, 0xb02f6cb0, 0x40b1d606, 0x14b0e90a, 0x4006b232, 
	0x40b32b0a, 0x2b090e06, 0x06404db3, 0x69232582, 0x821e0009, 0x10402d5c, 0x2b013bb1, 0xe90a1eb1, 0x3b1e5ab3, 0x56201782, 0x56231785, 0x845ab42f, 
	0x6db12109, 0x3b351e82, 0x40121169, 0x2f1c1109, 0x4f474533, 0x17245f53, 0x561eb139, 0x05385211, 0x83353d21, 0x150b281b, 0x251e1817, 0x7a3f3b34, 
	0xb025056c, 0x5fb13919, 0x3321821c, 0x53b0396b, 0x3966b011, 0x013e3130, 0x3632013b, 0x27341135, 0x09347918, 0x13327918, 0x010e0729, 0x22232223, 
	0x18220724, 0x23162d79, 0x27222704, 0x200c4c52, 0xcf421815, 0x081d2310, 0x79180c0e, 0x2f230a45, 0x1860080e, 0x2e084379, 0x0802060a, 0x2b02040f, 
	0x142dd3fe, 0x1811020b, 0x260c4179, 0x32d9fe2f, 0x52a00319, 0x2234064e, 0x04191a0d, 0x70565873, 0x211f2356, 0x0602040c, 0x4e27142d, 0x0d567918, 
	0x182f0c21, 0x250f5679, 0x060c1912, 0x79180202, 0x02251154, 0x030a0404, 0x165452c1, 0x00820020, 0x2f000330, 0xcf03e1ff, 0x0b004405, 0x24001700, 
	0x55436900, 0x05152906, 0x0009b2e9, 0x0fb12b00, 0x1c2c0882, 0x012b0002, 0xb02f25b0, 0x0cb1d600, 0x2105b355, 0x5e180123, 0x202b0851, 0x0112b110, 
	0x0806b12b, 0x8226b1e9, 0x0c232f07, 0x09b41211, 0x19150f03, 0xb1391724, 0xb0412012, 0x0f152106, 0x00240882, 0x031cb139, 0x22200782, 0x23074343, 
	0x00140700, 0x720e1843, 0x2f2b0c9d, 0xc7c50801, 0xfe020e01, 0x18c7c3f6, 0x350a9b79, 0x13140875, 0x3c0a1d9d, 0x0b2b0229, 0xc5a80173, 0xf8fe0401, 
	0x7918bec3, 0x022c0ea6, 0x021d0aa8, 0x12b29c11, 0x00980c08, 0x4a20e787, 0x2622e784, 0xe7936000, 0xe7841b20, 0xe78b2720, 0xe7821820, 0x00092427, 
	0xb02b041e, 0x20e78924, 0x28e78228, 0x12112412, 0x0f0903b3, 0x21e6821f, 0xde87b100, 0xde831b20, 0xde9a2520, 0xe1571b20, 0x14072606, 0x06010715, 
	0x2de09626, 0x170e65d9, 0x0b0c08b6, 0xdcfe0302, 0xe197300c, 0x4b6c0121, 0x55180554, 0xe78809d2, 0xe7823020, 0x2a001e24, 0xe7865000, 0xcf412820, 
	0x05222507, 0x2bb001e9, 0x1f27e284, 0x1fb0e90a, 0x4125b110, 0x2c2006bc, 0x1f3a0782, 0xb0121100, 0x25b0391e, 0x1a09b211, 0x39393903, 0xb01206b0, 
	0xb1003916, 0x18822228, 0xd78e0020, 0x24133d4b, 0x32331214, 0x577b1836, 0x08bc410a, 0x2b4ba220, 0xecf9250c, 0x140a1912, 0x0c6b7b18, 0x2107c241, 
	0x3c47f402, 0x18fe2213, 0x7f7b18ba, 0x06cf410b, 0x82e50421, 0x002a24e7, 0x86850036, 0x873420e7, 0x052e34e7, 0x2f1eb0e9, 0x000712b4, 0xb32b041d, 
	0x081e1222, 0x840eb42b, 0xb001220c, 0x20fe8437, 0x26fe822b, 0x2bb03225, 0x410cb410, 0x0c2105e0, 0x210c822f, 0x0e4131b1, 0x15b02605, 0xb411d620, 
	0x0566741b, 0x13823820, 0x11003136, 0x0903b212, 0x3939391e, 0x2e34b100, 0x00b01211, 0x031eb139, 0x2a250782, 0x1112b039, 0x10f441b0, 0x181d556a, 
	0x4110807c, 0x7b200828, 0x2019776e, 0x15304133, 0xe043e220, 0x35fe2116, 0x200c3341, 0x05eb4304, 0x00c9042b, 0x0017000b, 0x002c0021, 0x12054371, 
	0x2f2ab027, 0xb4331fb0, 0x05414c25, 0x01321a24, 0x10432db0, 0x2b0b270c, 0xe90c1db1, 0x0d431db0, 0x28b32508, 0x2b081206, 0x07964e18, 0xe90c2824, 
	0x9e4d2eb1, 0x03b32406, 0x432a2509, 0x39470b1e, 0x12f54306, 0x3634112a, 0x14151632, 0x25262206, 0x4309cd55, 0x4621161c, 0x0cd5775e, 0x1e434620, 
	0x4be12018, 0x312006fd, 0x08088655, 0x00030024, 0x05b20098, 0x00bc040c, 0x00190010, 0x003f0024, 0xb42f18b0, 0x18000714, 0x0eb02b04, 0x0703b42f, 
	0x09821f00, 0xb42f2223, 0x3213841d, 0x2f25b001, 0xb0d61ab0, 0x1fb13211, 0x15b0e90a, 0x8226b132, 0x1a1f27dc, 0x22b01211, 0xcf820039, 0x3334352f, 
	0x17323321, 0x16011f16, 0x22212306, 0x06074926, 0x03222322, 0x3008d186, 0x98262223, 0x25d3033f, 0x011b0914, 0x1c250204, 0x2f120cfc, 0x4a33dd01, 
	0x23253131, 0x33463535, 0x35252333, 0x2533a002, 0x3b190602, 0xfe1c0e1b, 0x3e198256, 0xbb03334a, 0x23312c23, 0x00363325, 0x00030000, 0x049cff5e, 
	0x009c0308, 0x00320026, 0x4183003e, 0x312906b5, 0x09b2e905, 0xb22b0001, 0x2504830d, 0x2b000018, 0x128235b1, 0x08822220, 0x3fb0013a, 0xd600b02f, 
	0xe90828b1, 0xb11028b0, 0xb42b0138, 0x2e000a15, 0x40b12b04, 0x2108be82, 0x12110028, 0x24211cb2, 0xb0393939, 0x06b51138, 0x2e031b18, 0x3917243e, 
	0xb01215b0, 0xb1003908, 0xde821835, 0xb0391c30, 0x0a401131, 0x15130005, 0x1b23061a, 0x20833b2a, 0xb1120324, 0xa9521008, 0x16172d08, 0x36013f36, 
	0x16151617, 0x06070607, 0x14220782, 0x796a2300, 0x82262007, 0x26272319, 0x23821012, 0x0137ad08, 0x23262736, 0x33160322, 0x34353632, 0x01072627, 
	0x0c015e06, 0x048091c9, 0x0c5c0214, 0x1c0e140d, 0x0a0e3c12, 0xc3f4fe81, 0x0f107d8f, 0x1711106e, 0x106c110a, 0x35b9830a, 0x01061602, 0x580c0c79, 
	0x58236f74, 0x39956f73, 0x7ffe0d08, 0xc7a6010c, 0x02520801, 0x0c6d040a, 0x0e03100c, 0x0e48141d, 0xc3be830b, 0x0a4ef8fe, 0x10108910, 0x7d170812, 
	0x01810a14, 0x6ce5fe8c, 0x01090106, 0x6a0f0eb2, 0xbd6a68fd, 0x14727b8f, 0x0c42fe0c, 0x00020000, 0x04ecff28, 0x0044052b, 0x00500043, 0x20b200aa, 
	0xb42b0001, 0x4d00041d, 0x06b22b04, 0xb2210b82, 0x21048304, 0x1582003a, 0x00070c23, 0x20158222, 0x600b8230, 0x3c2c0904, 0x0a09b1d6, 0x1009b0e9, 
	0x2b014fb1, 0x0806f45f, 0x104cb034, 0x2b0112b1, 0xb13232b0, 0xb1e90a25, 0xb12b0152, 0x12113c09, 0x454404b2, 0xb0393939, 0x0cb5114f, 0x3a1f1e1d, 
	0x39172450, 0x114c12b1, 0x1a0eb312, 0x0c824d37, 0x0cb10023, 0x2226823a, 0x83373327, 0x111d2a26, 0x282609b7, 0x3c36352a, 0x251b8243, 0xb11220b0, 
	0x3d820203, 0xb011482e, 0x3130394e, 0x3e372612, 0x16363701, 0x10b17918, 0x22270226, 0x37362627, 0x15290182, 0x3f141511, 0x06163601, 0xa7791807, 
	0x08966a14, 0x27061627, 0x10062b26, 0xb4791814, 0x120a300d, 0x4102060b, 0xd10d030c, 0x2b582954, 0x18080a0c, 0x2510ac79, 0x01043e10, 0xaa4e080d, 
	0x0a2b2c07, 0x2d1d0373, 0x08310404, 0x18111802, 0x390cb779, 0x04020837, 0x060a0302, 0x082f042b, 0x74fd2404, 0x0c17443f, 0x02231f02, 0x79181831, 
	0xb0280cb2, 0x06082123, 0x00020211, 0x410aaa47, 0x4a26089f, 0x52004300, 0x9f41a900, 0x08006028, 0x5f099f41, 0x9f410df9, 0x4154200a, 0xb032069f, 
	0x44b03904, 0x393ab011, 0x115012b1, 0x1e0cb312, 0xb255371f, 0x4bb22605, 0x39394e4c, 0x249e4139, 0xb0114723, 0x449e4151, 0x93532520, 0x07152308, 
	0xa0410601, 0x48852038, 0xa1410c3d, 0x48c42044, 0x43430e69, 0x00302607, 0x00560043, 0x27a34186, 0x57b00124, 0x9e41b02f, 0x0a904109, 0x90415820, 
	0x04b13406, 0xb0393956, 0x1eb31112, 0x24523a1f, 0x25b03917, 0x414eb012, 0x1f432486, 0x50372043, 0x2543111c, 0x05ee4836, 0x0b17152c, 0x1d0c0ab5, 
	0x12ecfa0c, 0x88410a19, 0x49be2044, 0x0022131c, 0xd3440300, 0xc9042905, 0x4e004300, 0xb4005700, 0x27279141, 0xb02f4db0, 0x47b43355, 0x2405ee47, 
	0xb0013251, 0x08a14158, 0xd6204429, 0x0c4ab111, 0x4409b0e9, 0xb3270bdb, 0x08122554, 0x824fb12b, 0x4f250817, 0x0c54b12f, 0x0159b1e9, 0x444ab12b, 
	0x04b11211, 0xb039393a, 0x1db3114f, 0x241e1f0c, 0x54b03917, 0x1a0eb212, 0x26464337, 0x5443bf41, 0x25200a6e, 0x43069050, 0xc52f3745, 0x45313045, 
	0x01436345, 0x43624658, 0x41466243, 0x012144bd, 0x0e924839, 0x00023c08, 0x03e3fd12, 0x004a05cf, 0x004f0040, 0x1fb2005a, 0xb12b0001, 0x33332202, 
	0xe9041cb1, 0x3e2709b2, 0xb2323232, 0x2b000244, 0xb42f31b0, 0x17000736, 0xb0012b04, 0x41b02f50, 0x184db4d6, 0x2c098f49, 0x1211414d, 0x392c09b1, 
	0x1cb10039, 0x200a8236, 0x360a8211, 0xb0111fb0, 0x44b0393f, 0x394eb012, 0x36133130, 0x32251617, 0x18061617, 0x2018877a, 0x181d8317, 0x2117827a, 
	0x9b44012e, 0x07270809, 0x26060115, 0x23230612, 0x05213a01, 0x42080804, 0xa4191628, 0x7b041606, 0x33120b14, 0x13020a4a, 0x2377b010, 0x18080204, 
	0x08128a7a, 0x3239fa27, 0x01090649, 0x190c6473, 0x0a0c08b7, 0xdbfe0202, 0x48032f0c, 0x06020517, 0x02210e10, 0x17191902, 0x68fe3330, 0x313e820e, 
	0x21333901, 0x21271d37, 0x02330602, 0x0c12080a, 0x7a18081f, 0x1c211696, 0x109b44a4, 0xfcfd062c, 0xb205d703, 0x44003900, 0x09437500, 0x07423506, 
	0x2b042000, 0xb12f38b0, 0xb0e90305, 0x26b03230, 0x073cb12f, 0x3305a273, 0x2cb1d609, 0x19b1e90a, 0xb032323a, 0x3fb1102c, 0x23b12b01, 0x46200f82, 
	0x2c3f0782, 0xb0121109, 0x3fb03937, 0x2620b311, 0x17243634, 0x05b10039, 0xb1121138, 0x39392f2e, 0x82263cb1, 0x2931081d, 0x1142b039, 0x391d23b1, 
	0x1220b039, 0x391a1eb1, 0x13313039, 0x16363437, 0x35023e33, 0x26343511, 0x3726012f, 0x3f363734, 0x15163601, 0x16171411, 0xa1871837, 0x2719830f, 
	0x27061617, 0x01220724, 0x08052549, 0x2223267c, 0x0f020607, 0x2c35021e, 0x3a251014, 0x02080117, 0x1a1fe008, 0xb40d0806, 0xfec5836e, 0x564abbea, 
	0x5431080c, 0x030c121f, 0xfe1c0906, 0x011d8fba, 0x667b754c, 0x626f9b89, 0x2112fe73, 0x0204070c, 0x05695818, 0x15253537, 0x2506100a, 0x04020510, 
	0x210c0c89, 0x171bbbfd, 0xfa7d0d19, 0xdcfec5a4, 0x161b041d, 0x07578bd1, 0x120b0202, 0x06021817, 0x6fcb0206, 0xd09c8bb5, 0x00820062, 0x97420320, 
	0xcf042905, 0x48004000, 0x8b005000, 0x42159942, 0xb03b0994, 0x4fb02f48, 0x0744b433, 0x2b041100, 0x01324bb0, 0xb02f51b0, 0x46b4d642, 0x8219000c, 
	0x7c462010, 0x4e200570, 0xb13d0d84, 0xb12b0152, 0x12114246, 0x0f0409b7, 0x3736312c, 0x3917240c, 0xb4114ab0, 0x072b1110, 0x260b833a, 0x14b3124e, 
	0x82192a1e, 0x10d0420a, 0x2042ca42, 0x0e766f36, 0x253bcb42, 0x476749b7, 0xdb766747, 0x3fc94206, 0x7018e620, 0x02360c21, 0xe7ff7b00, 0x5005f207, 
	0x6c005e00, 0xb200c700, 0x2b00012c, 0x048301b2, 0x00005629, 0x0744b12b, 0x835cb2e9, 0x05622508, 0x020cb2e9, 0x1f201182, 0x05201182, 0x6a200883, 
	0x1f321182, 0xb32b0a0c, 0x09171f00, 0x3c25b42b, 0x2b0d2c5c, 0x1e8225b1, 0x82253c21, 0x3c403815, 0x012b0936, 0xb02f6db0, 0x5fb1d600, 0x5fb0e908, 
	0x0167b110, 0x8240b12b, 0x32223b0a, 0xb11040b0, 0xb02b0138, 0x33b4322a, 0x041e0009, 0x1033b02b, 0x2b014cb1, 0x0d8451b4, 0x826eb121, 0x5f673529, 
	0x07b21211, 0x39395c05, 0x1140b039, 0x395909b1, 0x3833b139, 0x2505364c, 0x0fb2114c, 0x19825611, 0x3cb10028, 0xb1121144, 0x24824f4e, 0x11253508, 
	0x395f00b1, 0x13313039, 0x36371234, 0x16173233, 0x33363233, 0x17163221, 0x23140716, 0x2e220622, 0x2e012f01, 0x22212301, 0x14111506, 0x3732013b, 
	0x17363736, 0x14282782, 0x14031615, 0x2722012b, 0x16201c88, 0x1c823682, 0x033e3722, 0x49082682, 0x0e071407, 0x24222301, 0x23042223, 0x10130020, 
	0x37323300, 0x1135013e, 0x00222134, 0x8db0cf7b, 0x68974ccf, 0x2742060d, 0x10174d02, 0x13011002, 0x09061006, 0x1b0a0206, 0x9afe5433, 0xf23b1d0a, 
	0x0c171b68, 0x0e1d1004, 0x05820402, 0x04109a08, 0xfe543808, 0x271510e6, 0x772b010e, 0x182b214e, 0x09020202, 0x0213160a, 0x211d041d, 0x7a25fe7d, 
	0x43ebfe46, 0x75fee3fe, 0xd72901d1, 0x1f354d73, 0xfee9dbfe, 0xcd9102fa, 0x46565601, 0x0d020608, 0x1954a818, 0x0b0a0202, 0x12316629, 0x193ffe0c, 
	0x175e1919, 0x02041001, 0x2dfefe6d, 0x1631581f, 0x0a1ffe0d, 0x37271519, 0x070e065c, 0xcf3b2104, 0x13020c1b, 0x45018e01, 0x8bfeeefe, 0xba7d293c, 
	0xfef24502, 0x000000c9, 0xff620003, 0x03fa05dd, 0x002d0073, 0x00450039, 0x05f34d98, 0x3309b035, 0xe90537b1, 0xb23244b0, 0x2b00002b, 0xb13325b0, 
	0x84e90531, 0xb438080b, 0x23000716, 0x31b22b04, 0xb32b0a2b, 0x091b3140, 0x113eb42b, 0x2b0d032b, 0xe9033eb1, 0x2f46b001, 0xb1d600b0, 0xb0e9082e, 
	0x34b1102e, 0x13b12b01, 0x3ab0e90a, 0x3413b232, 0x13252e83, 0xb12b090e, 0x3f158247, 0x12112e34, 0x39032bb1, 0x1113b039, 0x270705b3, 0x39172429, 
	0x2b3eb100, 0x0db41211, 0x342e2800, 0xb0280e82, 0x05b41137, 0x060c0b07, 0xd04f0b82, 0x05d24406, 0x17161730, 0x21231415, 0x16140722, 0x3e373233, 
	0xb6603201, 0x062e6205, 0x22230624, 0x1d523700, 0x269a0806, 0x25062223, 0x33011e14, 0x2e273221, 0x62222301, 0xb8c20d01, 0x79171069, 0x194cdda6, 
	0x13fe1b20, 0x71a40139, 0x0b04935a, 0x08040806, 0x4a120e02, 0x8f626264, 0x770a0c5d, 0xf4fec7c1, 0x6477bab5, 0x66779c73, 0x0eae028f, 0x0e010b16, 
	0x5d08041f, 0xac018f41, 0x7f0901be, 0xc77b1612, 0x141f1f3b, 0x93fab41f, 0x04070504, 0x150e020a, 0x013f4552, 0x850c0c85, 0xb0f80a01, 0x9eacfafe, 
	0x06bcf3c5, 0x1d040b06, 0x00006852, 0x21000300, 0xd705f8ff, 0x47009806, 0x57004f00, 0xed72c300, 0x4fb02721, 0x3356b02f, 0xe9444bb4, 0x49522005, 
	0x40210531, 0x11ef72d6, 0x2b4db326, 0xb42b0840, 0x29076c74, 0x0c4db42f, 0x2b041900, 0x168451b3, 0x0c845520, 0x3c0e1373, 0xb12b0159, 0x1211492b, 
	0x0c0806b7, 0x52413835, 0x39172457, 0xb41155b0, 0x531a1c19, 0x05a14f56, 0x3430b127, 0x20b03939, 0x60247311, 0x25452420, 0x4125730e, 0x45a10121, 
	0x4822082c, 0x25736648, 0x74f92040, 0x38080db6, 0x44000100, 0x8502c903, 0x12003005, 0xb0002e00, 0x11b02f0b, 0x0706b433, 0x2b040c00, 0x2f13b001, 
	0xb4d600b0, 0x08000c09, 0x0bb02b04, 0x0114b132, 0x06b1002b, 0xb012110b, 0x1447180e, 0xb6442615, 0x7a0c1208, 0x0bbe6b14, 0x8215d65b, 0x031d2e77, 
	0x04b002b6, 0x001e00e5, 0x12b00059, 0x2a74832f, 0xb32b041d, 0x08120616, 0x5402b42b, 0x1f200675, 0x1c238184, 0x821e0009, 0x101c2781, 0x2b0109b1, 
	0x0d840db4, 0x0120b131, 0x1c09b12b, 0x02b11211, 0x00393912, 0x821216b1, 0x39192c96, 0x110602b1, 0x0d09b212, 0x8239390f, 0x1f7c58a2, 0x24063e58, 
	0x191a0c23, 0x0c8c6a04, 0x54c70321, 0x0020161e, 0x012b0082, 0x98015a00, 0x26022b03, 0x18001100, 0x40371773, 0x4e388943, 0x9804b201, 0x0f002b02, 
	0xb0002000, 0x03b42f0d, 0x04220007, 0x3205b02b, 0x4b080986, 0x2f10b001, 0x2b0111b1, 0x13313000, 0x24373637, 0x1d163205, 0x24070601, 0x4e262205, 
	0x01140402, 0x0c9a0279, 0xfd1f0211, 0x0628fec3, 0x47cd010e, 0x0c0c0512, 0x124b0912, 0x13060601, 0x00010000, 0x069c01aa, 0x0017021d, 0x002d0013, 
	0x8c062d54, 0x06b0285f, 0x14b00132, 0x8215b12f, 0x03b12462, 0x1812110e, 0x08074081, 0x3336343b, 0x17160524, 0x06150616, 0x06052427, 0x26343726, 
	0x021617aa, 0x217902a8, 0x0c0c0802, 0xfd17fd11, 0x02170cbe, 0x0cf00106, 0x0b0c0c1b, 0x0646020c, 0x0a0a0319, 0x080e0e02, 0x3b778221, 0x019e038d, 
	0x008f05a4, 0x003c0019, 0x000117b2, 0x0711b42b, 0x2b041300, 0x320e0bb1, 0x1a337182, 0xd600b02f, 0xe90909b1, 0x0a0009b2, 0x0940b32b, 0x822b0914, 
	0x1bb121f4, 0x11218683, 0x23868217, 0x39390a00, 0x342df382, 0x16363736, 0x17060714, 0x36323714, 0x06864a33, 0x23063508, 0x858d2622, 0x11170c6f, 
	0x02140198, 0x100c0205, 0x44382b08, 0x045a4431, 0x29aa6458, 0x0e1d1404, 0x011f6f56, 0x3e040202, 0x6c41312b, 0x01000000, 0xa4039100, 0x8d258f82, 
	0x32001600, 0x21ef8200, 0x8d8403b4, 0x17b00128, 0xd60fb02f, 0x888206b1, 0x82060f21, 0x0f002688, 0xb12b0900, 0x21858318, 0x85821403, 0x86110621, 
	0x32332f85, 0x06141516, 0x26270607, 0x34273637, 0x82830726, 0x46912608, 0x79584431, 0x1d0c2160, 0x08019a1d, 0x2b101d0e, 0x311b0538, 0x5c4e6641, 
	0x0e102fa8, 0x695a1221, 0x08021210, 0x337f843c, 0x01d3fe89, 0x00a60087, 0x00380018, 0x000016b2, 0x3311b02b, 0x14248483, 0x06b22b04, 0x01220e82, 
	0x898319b0, 0x0906b424, 0x12825100, 0xb0248c89, 0x1ab1320b, 0x30218f82, 0x1cde1831, 0x25858508, 0x23073435, 0x03820622, 0x89262708, 0x503d2f42, 
	0x090e647b, 0x0e8f0904, 0x04140407, 0x3b35270f, 0x4a623e2d, 0x0627a25e, 0x58021f1a, 0x04011d63, 0x87823902, 0xa400022e, 0x85039e03, 0x19008905, 
	0x60003000, 0x26059941, 0xb4332eb0, 0x8300070c, 0x25112889, 0x32323228, 0x4131b001, 0x00270d9e, 0x2b091409, 0x831009b0, 0xb1260888, 0xb2e90923, 
	0x2b0a1a23, 0x2b2300b3, 0x32b12b09, 0x1ab12b01, 0xb0121109, 0xb1003906, 0x1211170c, 0x1a1400b4, 0x69472b24, 0x37362b06, 0x07161736, 0x3f141506, 
	0xbd413201, 0x3425210b, 0x37221988, 0x5c413632, 0x23350805, 0x7fa42622, 0x140a1b66, 0x04159a16, 0x100a0204, 0x45372b0b, 0x015a4431, 0x1d667fcd, 
	0x9a18120c, 0x08210615, 0x3146372b, 0x50045944, 0x0a2dac60, 0x5a0a2312, 0x08e7416b, 0x834c6621, 0x10280813, 0x6f560e21, 0x3e08011f, 0x6641312b, 
	0x9e000200, 0x8103a403, 0x17008d05, 0x61003200, 0x2f15b000, 0x211f11b3, 0x33172424, 0x21060142, 0xee822ab0, 0x04423320, 0x06b02412, 0x821cb110, 
	0x822d20db, 0x2d1c21ee, 0x1c28ee83, 0xb02b0927, 0x34b13218, 0x1c211582, 0x20f18206, 0x28f1821a, 0x12111503, 0x1e1006b3, 0x7668182d, 0x09284209, 
	0x07343525, 0x82060722, 0x420020d7, 0x22220635, 0x8c762207, 0x08268608, 0x34459e29, 0x647d5944, 0x19170c21, 0x1206119e, 0x39290914, 0x0d01cb01, 
	0x0a0a019e, 0x1b040208, 0x463a2908, 0x7b5a4433, 0x420a2564, 0xaa39065b, 0x1f0e0a2f, 0x236f5410, 0x3c040601, 0x081fc2fe, 0x0e146f54, 0x3c060202, 
	0x25f1822d, 0x2dac5c4e, 0xf7821010, 0xd3fe9326, 0xa6004a03, 0x302cf782, 0xb2005b00, 0x2b000015, 0x332e29b1, 0x1427f684, 0x1bb02b04, 0x8206b232, 
	0x1eb22113, 0x01260482, 0xb02f31b0, 0x7b42d60e, 0x060e2107, 0x0e21ed83, 0x27ed8200, 0x27b11006, 0x1eb42b01, 0x21059442, 0x18831e27, 0x82182721, 
	0x32232318, 0x944232b1, 0x20e3820f, 0x21f08235, 0xe2832306, 0x28051359, 0x07061415, 0x37342606, 0x22188236, 0x8307012b, 0x44933518, 0x7d533f2f, 
	0x13190e67, 0x0f041093, 0x270a1004, 0x43b30138, 0x08271384, 0x0e930410, 0x82110602, 0x42372013, 0xa02c05bf, 0x08310429, 0x011d6358, 0x29390402, 
	0x2506d142, 0x061b1804, 0x12846556, 0x00010038, 0x028f0171, 0x00b0038d, 0x002e0008, 0xb42f07b0, 0x08000703, 0x06862b04, 0x09b00129, 0xd600b02f, 
	0x840c05b4, 0x21068514, 0xb8840ab1, 0x2b481320, 0x262a0806, 0x9fe29b71, 0x029be29f, 0xa09f71a0, 0x009ea0e1, 0xff020103, 0x007f07dd, 0x000a00c3, 
	0x001f0015, 0x09b2004e, 0xb12b0000, 0x3d411d13, 0x04122705, 0x190eb12b, 0x15843232, 0x10826883, 0x20b00122, 0x06206884, 0x2e052149, 0x0bb11006, 
	0x11b12b01, 0x11b0e90c, 0x8216b110, 0x0c1c240a, 0x8421b1e9, 0x08184177, 0x850c375a, 0x06143915, 0x02012622, 0x44353746, 0x02486a44, 0x353843c9, 
	0x37354143, 0x44c00246, 0x28081282, 0x56486a42, 0x33403c31, 0x2b464231, 0x66404033, 0x3339403e, 0x4066403a, 0x00000048, 0xff280002, 0x05e206f6, 
	0x008400c4, 0x21668298, 0xb18281b2, 0x46b32308, 0x24836348, 0x7db13317, 0x02b5e905, 0x5d4e4341, 0x32172469, 0x000294b2, 0x071fb42b, 0x2b042600, 
	0x0b822fb2, 0x0725b130, 0x252fb2e9, 0x00b32b0a, 0x2b092a2f, 0x138220b2, 0x5438b429, 0x2b0d2f81, 0x827256b1, 0x073823f3, 0xf3822500, 0x89872008, 
	0x0bb03232, 0xb111d620, 0x01e90514, 0xb02f99b0, 0x18b0d606, 0x0a78b132, 0x3297b0e9, 0x827806b2, 0x06403041, 0xb02b090f, 0x6fb11078, 0x8eb02b01, 
	0x825ab132, 0x3234241b, 0x836f5ab2, 0x615a261b, 0x6fb22b09, 0x210a835a, 0x2682676f, 0xb1105a27, 0xb12b0151, 0x2423823e, 0x51b23227, 0x2518833e, 
	0x2b094a51, 0x15829ab1, 0x11067831, 0x8216b212, 0x39393985, 0xb2116fb0, 0x83817f65, 0x125a3209, 0x8b6420b3, 0x39172491, 0xb41151b0, 0x482d2321, 
	0x2f0b8363, 0x2cb1123e, 0x0039393a, 0x117d0bb1, 0x423eb112, 0x14253382, 0x7355b211, 0x29338274, 0x115438b1, 0x160eb312, 0x2983883d, 0xb2119425, 
	0x82913b36, 0x1fb03c16, 0x3923b012, 0x013e3130, 0x36323337, 0x26341135, 0x2722012b, 0x36373426, 0x82333637, 0x25078303, 0x16013e37, 0x05851617, 
	0x2a06c26c, 0x07062223, 0x17140706, 0x58362516, 0x362c07d5, 0x07061617, 0x27220726, 0x17013e34, 0x272f4a84, 0x010e0726, 0x16140307, 0x1632013b, 
	0x82231415, 0x3435211c, 0x3e276682, 0x26113502, 0x82202627, 0x1e112d41, 0x17323301, 0x2306011e, 0x01220724, 0x37244f82, 0x3534023e, 0x3b825382, 
	0x0b096283, 0x17120a23, 0x081b3350, 0x04042558, 0x020f0604, 0x062f5e02, 0x1f0b0c06, 0xe3c6487b, 0x4c2b294c, 0x1f46c0b2, 0x1d141750, 0x543d5231, 
	0x010e1494, 0x1f015a19, 0x15106052, 0x0d103f29, 0xc10a020c, 0x05010ef5, 0x25580e0e, 0x0e58c77d, 0x25030218, 0x0a17295a, 0x10f6f60c, 0x252f1110, 
	0x150c051e, 0x2dfafe48, 0x3102041d, 0x0c0a334a, 0xfe090a07, 0x010ad9d3, 0xa0e51b56, 0x06020f10, 0x522b0a31, 0x1395547b, 0x0423140e, 0xf0014f32, 
	0x0a0e190c, 0x0704061f, 0x521f1202, 0x581d503b, 0x0256426e, 0x371d2d40, 0x1b390b40, 0x2b1c4b2d, 0x46567d1f, 0x0c0231b2, 0x0621020c, 0x68fd1225, 
	0x0404274e, 0x06044102, 0x0e102106, 0x933c030b, 0x019a3c01, 0x1a020406, 0x834dfe0a, 0x2116104c, 0x211e0604, 0x4b2e0406, 0x339c0152, 0x04060402, 
	0x4404fe29, 0x2704032a, 0x030a0a1e, 0x0a022985, 0x1b18020a, 0x589a062d, 0x014a2b17, 0x003b567b, 0x35080082, 0xff300003, 0x05ae06f6, 0x007c00d7, 
	0x009d0090, 0x54b200eb, 0xb22b0000, 0x337c7a37, 0x4fb13333, 0x03b4e903, 0x745b412e, 0xb2321724, 0x2b00029a, 0xe90723b1, 0x08828cb2, 0x071eb429, 
	0x2b042600, 0x423226b0, 0x7f2905d7, 0x0d1e7a6a, 0x4947b22b, 0x08378266, 0x077fb42b, 0x2b042400, 0x329481b1, 0x200db032, 0x13b111d6, 0xb001e905, 
	0x09b02f9e, 0x0a6eb1d6, 0x327db0e9, 0xb1106eb0, 0xb12b0162, 0x310d824c, 0x4cb03291, 0x0144b110, 0x3297b02b, 0xe90a2bb1, 0x18829fb1, 0x11096e3e, 
	0x1615b212, 0x3939397b, 0xb51162b0, 0x7858561d, 0x1724837a, 0x124cb039, 0x871f1eb2, 0x44271683, 0x2320b411, 0x8355533c, 0x122b2f15, 0x003926b0, 
	0x114f0db1, 0x4b2bb312, 0x13835e5c, 0xb2111325, 0x82686548, 0x7fb12729, 0xb112116a, 0x4a828015, 0xb2118c25, 0x82989387, 0x31303313, 0x37362616, 
	0x3e331636, 0x34113501, 0x2722012b, 0x9e423726, 0x37362507, 0x1732013e, 0x36059b53, 0x36373233, 0x16141117, 0x1e363217, 0x07161701, 0x23222706, 
	0x82262221, 0x263a8421, 0x24233413, 0x82070607, 0x36332720, 0x23011e17, 0x1b850526, 0x58844b82, 0x2a272625, 0x84222302, 0x841e8220, 0x82062023, 
	0x14012131, 0x32205e82, 0x27216f84, 0x069a4226, 0x64820520, 0x3221c408, 0x23261135, 0x35060722, 0x06130a0a, 0x233b062f, 0x0625611a, 0x15020806, 
	0x0706315c, 0x7b1f1006, 0x4cdbc04a, 0x8f6f1225, 0x37145617, 0x1a013d27, 0x0d18023a, 0x08080210, 0x03060e04, 0x080c54fe, 0x2f230406, 0x02173106, 
	0x64fafe25, 0x4c310f0a, 0x01100c0a, 0xcbfe8111, 0x04040a0a, 0x35081312, 0x0e060e13, 0x997b291b, 0x040f101d, 0x290c0d06, 0x0c1f1d37, 0xfe080a06, 
	0x4c01fff8, 0x1ded6f17, 0x390b0216, 0x15061610, 0x9654724e, 0x4b020e12, 0x46011e15, 0x4c5c732d, 0x1c0a5039, 0x02040421, 0x014d3402, 0x250e21f4, 
	0x100b020a, 0x353b5221, 0x426e5838, 0x11234054, 0x17310a60, 0x4ce9fa25, 0x82020229, 0x1413368d, 0x0c29020e, 0x0602040a, 0xa2018748, 0x020a0a33, 
	0x4c00fe2f, 0x083f822f, 0x04043d6d, 0x080a0c25, 0x19040204, 0x016c3a12, 0x0214278e, 0x5afe190e, 0x1412356d, 0x0406060d, 0x0a0a1c21, 0x02257d03, 
	0x1b0c0404, 0x19257ba3, 0x014a1508, 0xaa3b567b, 0x29021017, 0x4e4e8501, 0x0100006d, 0xdbff0800, 0x1f059603, 0xa3004c00, 0x0047b200, 0x38b12b00, 
	0x4bb0e905, 0x3334b02f, 0xe90703b1, 0xb0322eb0, 0x2ab02f08, 0x820db133, 0x3224360c, 0xb12f22b0, 0x01e90511, 0xb02f4db0, 0x0eb1d605, 0xb432324a, 
	0x05025f2c, 0x32352434, 0x052cb232, 0x40b32b0a, 0x2b09282c, 0xb23231b0, 0x0d832c05, 0x820a0521, 0x0029080d, 0x102cb032, 0x2b011fb1, 0x00091bb4, 
	0xb12b042f, 0xb12b014e, 0x12112c1f, 0x381115b4, 0x17244744, 0x111bb039, 0x3d3c16b3, 0x080a8242, 0x4bb10024, 0xb1121138, 0x39393e3d, 0x110d22b1, 
	0x1b14b212, 0x3939391d, 0x35133130, 0x35013b34, 0x22233734, 0x0982013d, 0x33123623, 0x05fc4432, 0x1516153f, 0x27260614, 0x2223012e, 0x07322103, 
	0x21271415, 0x21171415, 0x14011d32, 0x011e2123, 0x05f75233, 0x07328508, 0x23260706, 0x22230622, 0x22232702, 0x02791708, 0x7b17196f, 0x5a98e723, 
	0x0c102360, 0x23081721, 0x7c1b0223, 0x011fdd54, 0x18011775, 0x010289fe, 0xfe19176a, 0x6a88149e, 0x28144c66, 0x02212d02, 0x13102d1d, 0x9a3d7f27, 
	0x197f1cf0, 0x142ffa01, 0x181e4432, 0x01ee1432, 0x10143a02, 0x0a0b070c, 0x0e0c8d9c, 0x9e910802, 0x32145afe, 0x3f370119, 0x192f141e, 0x257be1d9, 
	0x11011078, 0x2b048dae, 0x00f11501, 0x24080082, 0x02220002, 0x05190835, 0x0041009c, 0x002501a7, 0x00023db2, 0x3317b02b, 0xe90606b1, 0x5f5508b2, 
	0xb2323232, 0x0812834c, 0xb2336732, 0x2b0a063d, 0x403d40b3, 0x13b02b09, 0x2f2cb032, 0xa18e79b2, 0xb1333333, 0xb4e90432, 0x83724520, 0x32172496, 
	0x2fa8b001, 0xb4d601b0, 0x1e000940, 0x29050868, 0xb12b0137, 0xb2e9081d, 0x3d831d37, 0x822f3721, 0x101d273d, 0x2b0114b1, 0x23850fb4, 0xb1100f23, 
	0x280d8248, 0x40000993, 0x93b22b04, 0x26268348, 0x2b099b93, 0x829e59b1, 0x9348217c, 0x48210f83, 0x26368243, 0x93b0324f, 0x8288b110, 0x826d204f, 
	0x886d214f, 0x6d211883, 0x24188264, 0x88b23276, 0x210d836d, 0x36828088, 0x2082a920, 0x1140372e, 0x2c06b112, 0x1db03939, 0x2b07b111, 0x14260782, 
	0x2508b212, 0x0982392a, 0xb0110f3d, 0x48b03909, 0xa555b112, 0x88b13939, 0xb3121193, 0xa17c5b56, 0x00391724, 0x822c32b1, 0x9e232137, 0x3d292582, 
	0x5a0cb611, 0x908b6f5d, 0x28188291, 0x114c06b1, 0x0b07b212, 0x083f8259, 0x12313034, 0x3e013f26, 0x25043301, 0x011f1636, 0x14151614, 0x012b0607, 
	0x012b012e, 0x15060722, 0x17161411, 0x16153233, 0x1506011d, 0x07262706, 0x013d2622, 0xb3543736, 0x26272106, 0x06252482, 0x35012307, 0x05a24434, 
	0x2227263d, 0x3d34012f, 0x33363401, 0x17323716, 0x16171613, 0x32210137, 0x14171617, 0x18062306, 0x2107d959, 0x11823316, 0x11821520, 0x82262221, 
	0x2f508262, 0x3e023b34, 0x26113501, 0x01070627, 0x07260123, 0x3b217482, 0x82238501, 0x234d088d, 0x07262326, 0x06252206, 0x11021204, 0x01440118, 
	0x02151f6c, 0x02020210, 0x500c1e17, 0x04102163, 0x0c3a1c0c, 0x04040606, 0x1fbc8f1f, 0x0808020c, 0x0c193706, 0x5c231104, 0x03230e50, 0x1d3b1d52, 
	0x06173b1b, 0xc9110a02, 0xfa081743, 0x0828820a, 0x0102012e, 0x0a07170b, 0x04060901, 0x1b1d350e, 0x060a0839, 0x140d0502, 0x26839e1b, 0x08091121, 
	0x021f3716, 0xfe020404, 0xe3fe31df, 0x371f020c, 0x52085382, 0x0e080204, 0x46ba0b0c, 0xb2041d0a, 0x1798200f, 0x0208080c, 0x04981e0f, 0x030a020e, 
	0x043e5606, 0xd7fd2104, 0x02042d4c, 0x080e1f02, 0x06020601, 0x10160906, 0x0802030a, 0x2d024c27, 0x3e020421, 0x1692fd56, 0x4e2d021b, 0x2b56e701, 
	0x04040802, 0x82121203, 0xfd13357c, 0x040312f4, 0x042f020b, 0x08171506, 0x502f0202, 0x2b4e19fe, 0x04234582, 0x820b101b, 0x160b3fdf, 0x2f040a15, 
	0x0eb40148, 0xfd060402, 0x0669028d, 0x5469fe1d, 0x0504022b, 0x21040c02, 0xa4820402, 0x00820020, 0x03820120, 0x52030033, 0x03005203, 0xb0002e00, 
	0x01b42f00, 0x04070007, 0x2906862b, 0x2f04b001, 0xb4d600b0, 0x14840c03, 0xb12a0685, 0x002b0105, 0x11313130, 0x39831121, 0x84aefc21, 0x52550847, 
	0x3a04f8ff, 0x5d00b805, 0xb2008a00, 0x2b00005c, 0xb13338b0, 0xb2e90402, 0x32554234, 0x4db03232, 0x0728b12f, 0x2f22b0e9, 0xe90617b1, 0x0a1722b2, 
	0x2200b32b, 0x012b091d, 0xb02f5eb0, 0x12b0d606, 0x0a51b132, 0x3224b0e9, 0xb11051b0, 0xb12b0147, 0xb1e90a31, 0x3b07825f, 0x12110651, 0xb0395ab0, 
	0x1fb51147, 0x56413d17, 0x39172458, 0xb31231b0, 0x1a2d2c1d, 0x00230a82, 0x82024db1, 0x09290820, 0x1128b039, 0x390a0fb1, 0x1222b039, 0x2e2d12b2, 
	0x30393939, 0x3f263731, 0x35013e01, 0x012f3411, 0x3e37012e, 0x35363701, 0x18068234, 0x080882b3, 0x23012e23, 0x1e141122, 0x37163301, 0x17363736, 
	0x14111506, 0x16011f16, 0x2b260706, 0x2e062201, 0x37262701, 0x079d4236, 0x0e072623, 0x081f8901, 0x0722238c, 0x180c5222, 0x2915352f, 0x0c060c46, 
	0x1d124006, 0x9ac82b40, 0x1c3a9868, 0x67291225, 0x1802e52d, 0xb06d851b, 0x080a273f, 0x102b3517, 0x863d1002, 0x041002ac, 0x350c0208, 0x17350406, 
	0x8b894421, 0x33161219, 0x10061242, 0x565c5a7f, 0x0c1f0819, 0x70360806, 0x0335aa01, 0x08210606, 0x0e0a1506, 0x6695c31b, 0x2b4160ae, 0x41461e2b, 
	0x142117fe, 0x0404041b, 0x93100c0e, 0x71acfe6d, 0x02060934, 0x02040831, 0x29080602, 0x38830204, 0x5a632c08, 0x04040225, 0xfe251702, 0x0439715a, 
	0x04350206, 0x00000606, 0xff310002, 0x053804fa, 0x005400df, 0x009d0066, 0x00015ab2, 0x4842b42b, 0x0c2c05be, 0xb0323240, 0x13b11042, 0x16b2e904, 
	0xb2371782, 0x2b000053, 0x332f2cb1, 0x0304b133, 0x3525b2e9, 0x32323248, 0x820263b2, 0x1a4e0814, 0xb001e907, 0x09b02f67, 0x3216b0d6, 0xe90a45b1, 
	0xb03255b0, 0x3db11045, 0x60b02b01, 0x0a22b132, 0x0168b1e9, 0x0945b12b, 0x17b11211, 0xb0393951, 0x2fb3113d, 0x244d4c33, 0x22b03917, 0x2e1db112, 
	0xb1003939, 0x12110442, 0xb1394ab0, 0x2582535a, 0x82412e21, 0x11632225, 0x362082b0, 0x1db0121a, 0x37313039, 0x33363726, 0x013e3736, 0x27341135, 
	0x82272223, 0x013f290e, 0x37123536, 0x16321736, 0x2a07a648, 0x1e173633, 0x2b060701, 0x83072601, 0x37362522, 0x043e3233, 0x07233082, 0x48220724, 
	0x072f08a5, 0x2622012b, 0x01060722, 0x33021e14, 0x82363216, 0x0575483c, 0x0a0a312c, 0x12481904, 0x5f20060e, 0x00820406, 0x6a0d5708, 0x898e120e, 
	0x145617a8, 0x06372837, 0x110a491f, 0x02040608, 0xdbc9080c, 0x06050e08, 0x27100d08, 0x0c0a2721, 0xe9fe2702, 0x31051251, 0x0e090c4c, 0x06060e04, 
	0x359eb01b, 0x08280114, 0x39021407, 0x23168584, 0x4c5c7306, 0x14045239, 0x19060a17, 0x016a3c12, 0xe88221ae, 0x100a2f08, 0x0e0a2d01, 0x9a9a1f01, 
	0x14310a01, 0x52d7fa16, 0x02040429, 0x080c0e23, 0x230e0c08, 0x140f0202, 0x013b3d3a, 0x060123b5, 0xe5fd1608, 0x1c822f4c, 0x82023b21, 0x77032492, 
	0x82020908, 0x012d2600, 0x734e4e81, 0xa30d1000, 0x00309805, 0x41000100, 0xc8d428bf, 0xf53c0f5f, 0x00081f00, 0xcf230083, 0x87822c44, 0x25ff2707, 
	0x8908b0fd, 0x0f822b07, 0x02000822, 0x02830582, 0x00000131, 0x88fd2b07, 0xb0080000, 0x0eff25ff, 0x82008908, 0x88188311, 0x02e92503, 0x084400ec, 
	0x3f080e82, 0x0000a902, 0x0000f501, 0xa8002d02, 0x87006603, 0x5e009705, 0x4a00d403, 0x5a009105, 0x56001a06, 0x4e007a01, 0xa2009b02, 0x19008702, 
	0x9e004504, 0x91009505, 0x8f000202, 0x5a007a03, 0x8500a301, 0x4c242b82, 0x4600e903, 0xb2200382, 0x4e200382, 0x54200382, 0x4c200382, 0x71200382, 
	0x64200382, 0x44240382, 0x5200b603, 0x50280782, 0x9c000e02, 0x8100d701, 0x8f204382, 0x8b200382, 0x8d360382, 0x5600e502, 0xf600ae07, 0x1900b005, 
	0x2b003f05, 0x73001806, 0x6b822f06, 0x3000f326, 0x51005804, 0x28088382, 0x004d0675, 0x00e70230, 0xff97026a, 0x00eb0548, 0x00c20428, 0x0089072b, 
	0x00ac0631, 0x009d0645, 0x009d046d, 0x00930633, 0x08b3825c, 0x1a042524, 0x72057300, 0x85064600, 0x16062f00, 0xb0082e00, 0x47061d00, 0xd2053500, 
	0xa3051f00, 0xb2024a00, 0xb382d500, 0xbe02522e, 0xed034200, 0x2f042e00, 0xc802ecff, 0x4f22cf82, 0x0f823300, 0x60031024, 0x43823300, 0x032f3e08, 
	0x02310064, 0x03230091, 0x043700dd, 0x02220035, 0x01280020, 0x0425fff9, 0x021f0024, 0x06210018, 0x0420007e, 0x031f0020, 0x042f00f5, 0x040c0006, 
	0x023f0008, 0x022900cc, 0x02460083, 0x3ea3828d, 0x03280045, 0x060800fb, 0x04030006, 0x030e002d, 0x031100e7, 0x041e0047, 0x04d70002, 0x82e30145, 
	0x04d92107, 0x7b41c382, 0x03a22606, 0x06620093, 0x22a3825e, 0x82cf0095, 0x83fa2093, 0x208f8223, 0x209b826d, 0x30178235, 0x002d0256, 0x00f7022f, 
	0x0095053f, 0x007a0391, 0x2813825a, 0x00ca023f, 0x00510312, 0x23138362, 0x12006602, 0x04200382, 0xf2281382, 0xeeffc003, 0x9c000e02, 0xd3200b82, 
	0x64221382, 0x9b82e102, 0x5600f726, 0x6400b805, 0x23200386, 0x52244b82, 0x1d00b005, 0x072b0393, 0x068dff51, 0x04730018, 0x8b3200f3, 0xe7022303, 
	0x03846a00, 0x4400e522, 0x372c0782, 0x00005c06, 0x4600ac06, 0x6d009d06, 0x052b038f, 0x06df0097, 0x066c00eb, 0x8b300085, 0xd2052f03, 0xb6042100, 
	0x5c042700, 0x4f032700, 0x03933300, 0x003b0525, 0x8260034c, 0x0064231b, 0x038a0331, 0xff180227, 0x001802f2, 0x20078229, 0x200382e9, 0x284382e5, 
	0x0020045e, 0x00f50321, 0x82038f2f, 0x8498207f, 0x4145201f, 0x0420058b, 0x03270786, 0x041200e7, 0x8306002f, 0x49082707, 0x33067b00, 0x93836200, 
	0x82ca0221, 0x00ca2ad3, 0x0095031d, 0x002b0700, 0x25078700, 0x00006302, 0x0382ca01, 0x03853120, 0x82e50021, 0x006f2407, 0x82650000, 0x007a2323, 
	0x0386035a, 0x00e1042b, 0x00d7064e, 0x002d02aa, 0x3903828d, 0x000e0291, 0x00040489, 0x000204a4, 0x00c8039e, 0x00f70293, 0x01720871, 0x3b820102, 
	0x000a0727, 0x00e10628, 0x33578330, 0x0800e903, 0x22003308, 0x00005103, 0x52007204, 0x31004f04, 0x65821f87, 0x85002c21, 0x6aba0801, 0xd402d400, 
	0xb6041c04, 0xe405a605, 0x50061a06, 0xb0073807, 0x2608f607, 0x78085208, 0x3209cc08, 0x5a0ad609, 0x8e0bf00a, 0x500c000c, 0x4a0dd40c, 0xe00d840d, 
	0x5e0e120e, 0x160f980e, 0x22115610, 0x7612ec11, 0xee130a13, 0x7a15c614, 0xde165e16, 0x3c185817, 0xe619c618, 0x041bae1a, 0x2c1caa1b, 0xb01d0c1d, 
	0xee1e5c1e, 0x4820701f, 0xce211221, 0x9c224022, 0x1c23c022, 0x7a234a23, 0x5a24aa23, 0x4825f224, 0x80260626, 0x1c282427, 0x7c29f828, 0xc22af629, 
	0x4a2c2e2b, 0x722d202d, 0xc82e162e, 0x0430642f, 0x42318c30, 0x9232c631, 0xf0335833, 0x0c358434, 0xb2354235, 0x01822036, 0x376cc408, 0x38da3706, 
	0x39783960, 0x3a583a9e, 0x3b5e3b94, 0x3c1e3cea, 0x3d6c3c4a, 0x3d9e3d70, 0x3f8e3ee6, 0x3fa23f2c, 0x403e40d4, 0x41ae4066, 0x414e4106, 0x437a4282, 
	0x4580447a, 0x46cc4504, 0x487c47a4, 0x4a7e498a, 0x4cc84b7c, 0x4e8a4d98, 0x50764f82, 0x510a517c, 0x522a529a, 0x54a053dc, 0x551055a4, 0x56fe5586, 
	0x572657a2, 0x58225874, 0x5a7659ca, 0x5be05a20, 0x5d745caa, 0x5e1c5e4a, 0x60bc5fee, 0x628a61b0, 0x63566374, 0x657e64f8, 0x66a46512, 0x67c66652, 
	0x689e6734, 0x69d4682c, 0x6a4a6ad6, 0x6b326bbe, 0x6c4e6ccc, 0x6e506da8, 0x6ff26e20, 0x719670ba, 0x72e27140, 0x74a273a4, 0x753c7556, 0x96d67578, 
	0x76f83e01, 0x763c761a, 0x76a8766c, 0x773077f0, 0x78ec7774, 0x79dc7868, 0x79607906, 0x7cd07a60, 0x3601822a, 0x7e607ee6, 0x80507f84, 0x82a28132, 
	0x000100fc, 0x00e90000, 0x820500ae, 0x00002207, 0x230f8202, 0x00160002, 0x05820683, 0x09281384, 0x03007200, 0x09040100, 0xac200d82, 0x0b850382, 
	0x0e000124, 0x1786ac00, 0x0b820220, 0x0b86ba20, 0x70000324, 0x0b86c800, 0x1e000424, 0x0b863801, 0x20000524, 0x0b865601, 0x17820620, 0x0b867620, 
	0x1600c824, 0x0b869401, 0x3000c936, 0x4500aa01, 0x42005400, 0x6d006500, 0x6f006200, 0x64002000, 0x73260b82, 0x67006900, 0x09826e00, 0x11826420, 
	0x17826620, 0x07827220, 0x77004524, 0x9d826100, 0x54261383, 0x66007500, 0x21827400, 0x2f002022, 0x47201b82, 0x61201782, 0x68208b82, 0x63223982, 
	0x11827300, 0x11825020, 0x09826520, 0x28240b83, 0x29006300, 0x32221382, 0x01823000, 0x09823220, 0x6f824420, 0x3f826920, 0x79007222, 0x4b200d82, 
	0x73223d84, 0x0d846e00, 0x44204f83, 0x6b205982, 0x20216d82, 0x87098300, 0x20ab8d8f, 0x20978252, 0x2423826d, 0x004c006e, 0x20018246, 0x203f826f, 
	0x20078474, 0x20bd8272, 0x206f8465, 0x226f822e, 0x843a0020, 0x89e78dbd, 0x8220203d, 0x8269203f, 0x2003833b, 0x20298267, 0x20fd8446, 0x85bf8675, 
	0x8231203d, 0x002d2647, 0x002d0033, 0x22098232, 0x41340031, 0x8d8d1037, 0xbf825620, 0xfd827220, 0xa3826920, 0x53826e20, 0x35843020, 0xff842e20, 
	0x8d903120, 0x8d002d21, 0x8257203d, 0x0062223d, 0x203b8466, 0x212d8274, 0x39830031, 0x0f844d20, 0x4d002024, 0x9b826100, 0x83002021, 0x82202093, 
	0x8232208f, 0x003522df, 0x22058239, 0x82350031, 0x8432202d, 0x0034236b, 0x00840002, 0x82eafe21, 0x8e098449, 0xe9400804, 0x02010000, 0x03000301, 
	0x05000400, 0x07000600, 0x09000800, 0x0b000a00, 0x0d000c00, 0x0f000e00, 0x11001000, 0x13001200, 0x15001400, 0x17001600, 0x19001800, 0x1b001a00, 
	0x1d001c00, 0x1f001e00, 0x213c6b82, 0x23002200, 0x25002400, 0x27002600, 0x29002800, 0x2b002a00, 0x2d002c00, 0x2f002e00, 0x32248784, 0x34003300, 
	0x36249782, 0x38003700, 0x2208a584, 0x003c003b, 0x003e003d, 0x0040003f, 0x00420041, 0x00440043, 0x00460045, 0x00480047, 0x004a0049, 0x824c004b, 
	0x4e4309e3, 0x50004f00, 0x52005100, 0x54005300, 0x56005500, 0x58005700, 0x5a005900, 0x5c005b00, 0x5e005d00, 0x60005f00, 0x04016100, 0x8400a300, 
	0xbd008500, 0xe8009600, 0x8e008600, 0x9d008b00, 0xa400a900, 0x8a000501, 0x8300da00, 0x06019300, 0x8d000701, 0xc3008800, 0x0801de00, 0xaa009e00, 
	0xf400f500, 0xa200f600, 0xc900ad00, 0xae00c700, 0x63006200, 0x64009000, 0x6500cb00, 0xca00c800, 0xcc00cf00, 0xce00cd00, 0x6600e900, 0xd000d300, 
	0xaf00d100, 0xf0006700, 0xd6009100, 0xd500d400, 0xeb006800, 0x8900ed00, 0x69006a00, 0x6d006b00, 0x6e006c00, 0x6f00a000, 0x70007100, 0x73007200, 
	0x74007500, 0x77007600, 0x7800ea00, 0x79007a00, 0x7d007b00, 0xb8007c00, 0x7f00a100, 0x80007e00, 0xec008100, 0xba00ee00, 0xb100b000, 0xd800bb00, 
	0x0901d900, 0x0b010a01, 0x0d010c01, 0x0f010e01, 0x11011001, 0x13011201, 0x15011401, 0xb2001601, 0xb600b300, 0xc400b700, 0xb500b400, 0x8700c500, 
	0x1701ab00, 0xbf00be00, 0x19011801, 0x1a018c00, 0x1c011b01, 0x1e011d01, 0x796c6706, 0x07316870, 0x30696e75, 0x85443030, 0x30412107, 0x0f860786, 
	0x85324221, 0x3342210f, 0x39200786, 0x32220783, 0x27843030, 0x30303223, 0x840f8631, 0x840f8227, 0x20078227, 0x20178634, 0x20078635, 0x20078636, 
	0x20078637, 0x87078638, 0x8541204f, 0x3031210f, 0x312b0786, 0x6769660a, 0x64657275, 0x85687361, 0x46322112, 0x35260785, 0x75450446, 0x0c846f72, 
	0x43463522, 0x46210783, 0x82878542, 0x82878407, 0x82878407, 0x34200807, 0xff01b800, 0x8d01b085, 0x08b04b00, 0x01b15850, 0xb1598e01, 0x582b0646, 
	0x5910b021, 0x5214b04b, 0x80390882, 0x06b01d59, 0x00585c2b, 0x452003b0, 0x442b03b0, 0x452004b0, 0x028a03b2, 0x200c842b, 0x200c8305, 0x200c86a6, 
	0x210c8206, 0x0c866905, 0x0c820720, 0x852a0621, 0xb001220c, 0x203c8608, 0x2715820a, 0x2b022408, 0x764603b1, 0x09204b82, 0x0a210e82, 0x280e8810, 
	0xba45200b, 0xff7f0800, 0x20118800, 0x2120820c, 0x0e87380b, 0x14b0592c, 0x0100002b, 0x037c1e53, 0xfa050000, 0xd29c03e9, 
};

}
