#pragma once
namespace kte::Fonts::Spectral {
// File: 'Spectral-Regular.ttf' (261088 bytes)
// Exported using binary_to_compressed_c.cpp
static const unsigned int DefaultFontRegularCompressedSize = 154393;
static const unsigned int DefaultFontRegularCompressedData[154396/4] =
{
	0x0000bc57, 0x00000000, 0xe0fb0300, 0x00000400, 0x00010025, 0x82120000, 0x04310804, 0x44472000, 0x2a0e4645, 0x0200121e, 0x0000f898, 0x50471603, 
	0xd6c7534f, 0x0200f613, 0x0100109c, 0x5347ea2a, 0x021a4255, 0x0300ab8c, 0x0000fcc6, 0x291d8234, 0x2f49322f, 0x0000cf97, 0x4582a801, 0x6d636036, 
	0xed1d7061, 0x0000435c, 0x00002819, 0x76630c0a, 0x402a2074, 0x00224f82, 0x1f823032, 0x7066e434, 0x2f626d67, 0x00008107, 0x00003423, 0x61670c0e, 
	0x17827073, 0x6f821020, 0x0782f020, 0x6c670837, 0xe1f56679, 0x0000669c, 0x0200384a, 0x6568d605, 0xdb1b6461, 0x219c82fa, 0x1f822c01, 0x82683621, 
	0x8f082310, 0x6f82a40c, 0x0f826420, 0x6d68243c, 0x67c87874, 0x000067fb, 0x00000802, 0x6f6c2017, 0x0c056163, 0x0000b2d4, 0x0f821433, 0x616d2428, 
	0xe2077078, 0x2f82df0f, 0x2f828820, 0x656d202c, 0xc8136174, 0x0300c388, 0x0f824cfb, 0x6e932c08, 0x86656d61, 0x00c916de, 0x00105002, 0x70620600, 
	0xbe74736f, 0x000c3f09, 0x00745602, 0x707c4200, 0xde706572, 0x00e18651, 0x82403100, 0x00ef212f, 0x002f8982, 0xac480102, 0x5feec106, 0x00f53c0f, 
	0x82e8030f, 0xd5002417, 0x8338b716, 0x37e32b07, 0x36ff75fd, 0x330506ff, 0x0f822104, 0x02000722, 0x00203184, 0x04270583, 0x0031fe23, 0x828d0500, 
	0x0536221f, 0x82378533, 0x21028623, 0x2383c805, 0xc0250582, 0x68001000, 0x24398300, 0x00a80060, 0x243a828d, 0x000c0e11, 0x2c1d8204, 0x014a0204, 
	0x00050090, 0x028a0200, 0x20368258, 0x2507854b, 0x32005e01, 0x0f820401, 0xe0270288, 0x407f0200, 0x873be400, 0x52502910, 0xc000444f, 0x06fb0000, 
	0x04278385, 0x20cf0123, 0x83970100, 0xc201231f, 0x07829402, 0x0c002026, 0x3700f401, 0x00220982, 0x0582fa00, 0x0f820382, 0x7d200b85, 0x19200f82, 
	0x02820382, 0x00ee022d, 0x00920221, 0x00d60241, 0x82070346, 0x828c2007, 0x00662403, 0x82000341, 0x002a260f, 0x00860141, 0x22038246, 0x82cf020c, 
	0x82782017, 0x00bf2417, 0x821f033c, 0x00272403, 0x827e0246, 0x2007830f, 0x281b8295, 0x023c0013, 0x032d00a2, 0x270b8229, 0x032300e4, 0x020f00d5, 
	0x02270782, 0x022300ce, 0x845a0086, 0x82ee2067, 0x2303d66b, 0x1c00d603, 0xc7830383, 0xdb830393, 0x0220038b, 0x03d2e783, 0x00000323, 0x23039446, 
	0x0341002a, 0x0123038a, 0x41160086, 0x3020065b, 0x2b200782, 0x36200382, 0x3e200382, 0x31200382, 0x46201786, 0xff210785, 0x22138af0, 0x410c0336, 
	0x9341058f, 0x7802210b, 0x8f059b41, 0x41032007, 0x1f2007ab, 0x8f06b341, 0x82272007, 0x2403ffab, 0x024600f5, 0x96bf8295, 0x26042503, 0x13023c00, 
	0xa22303a6, 0x92022d00, 0x29032303, 0x03d44100, 0x0f00d523, 0x23038a03, 0x2300ce02, 0x862303a0, 0x8b025a00, 0x00b73003, 0x001f0346, 0x0007033c, 
	0x007e0241, 0x828d0541, 0x00fe24ab, 0x82a50441, 0x82122013, 0x00d622cf, 0x42ff8346, 0x0021050b, 0x26078236, 0x00be030c, 0x820e041e, 0x00352427, 
	0x820c032d, 0x00ee2437, 0x829c0221, 0x82922007, 0x8a522003, 0x00d42303, 0xe3420219, 0xf0032906, 0x89020f00, 0x34035a00, 0x03863782, 0x82cf0221, 
	0x2403832b, 0x031e00d0, 0x206f82bf, 0x05cf432a, 0x53830320, 0x02208b82, 0xa2207b83, 0xc6208382, 0x0386d782, 0x00470329, 0x00e4021e, 0x82100323, 
	0x00da283b, 0x00240411, 0x82280441, 0x00d8240b, 0x82b60319, 0x82882007, 0x00e02403, 0x822b045a, 0x82b82007, 0x216b8237, 0x5782d902, 0x7f82fb20, 
	0x3782dd20, 0x17822e20, 0x1100de22, 0x20082741, 0x056344e2, 0x42b70221, 0x0221058b, 0x204782d5, 0x82f38227, 0xb8022363, 0xb7840500, 0x2c08a383, 
	0x012100e0, 0x022f00e9, 0x012b0030, 0x023200df, 0x012c002f, 0x013200e4, 0x02270056, 0x025b0022, 0x01300046, 0x01360039, 0x0236003a, 0x260b822e, 
	0x032c0026, 0x8330005c, 0x1c022117, 0x37202f82, 0x17830b82, 0x34008d3a, 0x3f00b001, 0x12006201, 0x1c003102, 0xe9ffe001, 0xe9fff102, 0x1a00f001, 
	0x01230b83, 0x824500e2, 0x82272067, 0xa62f2003, 0xa11a2003, 0xf5ff2127, 0x0221238b, 0x828b82e1, 0x93c78303, 0x21db8303, 0x23823f02, 0xe788e382, 
	0xeb82e420, 0x182103b5, 0x23379601, 0x5b002202, 0x46200394, 0x86063741, 0x39012707, 0x3901e3ff, 0x03823600, 0x03820a20, 0x03820520, 0x03821020, 
	0x03821820, 0x17860b20, 0x03861b83, 0x8ad6ff21, 0x02102217, 0x05934173, 0x003a0123, 0x079b4104, 0x23079f41, 0x2c002601, 0x2a200382, 0x0b830786, 
	0x0e200383, 0x8e08b741, 0x87022087, 0x001c230f, 0x03c10232, 0x43bb1f20, 0x004d0327, 0x008d0132, 0x83038634, 0x8a17200b, 0x0116240f, 0xa33f00b0, 
	0x5b022703, 0x62013100, 0x03961200, 0x31020e24, 0x03d41c00, 0xf742f120, 0x86022005, 0xe0012307, 0x03a0e9ff, 0x4500e223, 0x28038b01, 0x023200e4, 
	0x02300046, 0x055f4321, 0x00110435, 0x0060022c, 0x0080032c, 0x00e90130, 0x001c022f, 0x82f40132, 0x88c7200b, 0x02222403, 0x4219001a, 0x0329078f, 
	0x0114000a, 0x023c00bc, 0x8743825a, 0x432e2003, 0x022905a7, 0x02150019, 0x022a00c2, 0x820f8250, 0x20678447, 0x26478237, 0x013100de, 0x8b1e00ec, 
	0xa20221ab, 0xf0246782, 0x4b021a00, 0x1f282b82, 0x22031500, 0x3b033000, 0x47240b82, 0xe1021e00, 0x83833382, 0x4600fa24, 0x1382ea02, 0x13821720, 
	0x13824520, 0x3382df20, 0x3f00b023, 0x05334401, 0x3a010e26, 0xda023600, 0x02203b82, 0x2009fb42, 0x21b78201, 0x4b822902, 0x14000c24, 0x5f820102, 
	0x1b825520, 0x15002422, 0x93837b87, 0x44260121, 0xeb830587, 0x003d0223, 0x2c078319, 0xe9ffea01, 0x3c00e301, 0x4500c401, 0x84cf8202, 0x00be22e7, 
	0x08c7411d, 0x02231382, 0x82fbff04, 0x8330202f, 0x5c032143, 0x412c5782, 0x0c021c00, 0x47031000, 0x57031c00, 0x51200b82, 0xea20e382, 0xb3830782, 
	0x8b84ff82, 0x5f821a20, 0xbb824620, 0x0229ff82, 0x02210094, 0x0241004a, 0x20d78296, 0x200782b0, 0x2003824b, 0x20038231, 0x2c0f82ad, 0x014100e4, 
	0x01460067, 0x020a0061, 0x281382a7, 0x03410047, 0x023c006a, 0x200382d4, 0x201f82c8, 0x20138238, 0x200782dc, 0x2027824c, 0x241382eb, 0x022d0066, 
	0x261382e1, 0x0323008b, 0x820f0073, 0x02232833, 0x02230085, 0x845a005d, 0x82942067, 0x2303d66b, 0x21005703, 0xc7840383, 0x038fcb83, 0x038bdb83, 
	0x03d3e783, 0x4600ad23, 0x23039302, 0x024100e4, 0x0127038a, 0x01faff67, 0x82460067, 0x82212003, 0x821c2003, 0x82272003, 0x822f2003, 0x86222003, 
	0x861b8317, 0xedff2103, 0x2722178a, 0x9341c802, 0x08974105, 0x21069b41, 0xa3414702, 0x41078f05, 0xd42008b3, 0x8f06bb41, 0x834f8207, 0x2103fb53, 
	0x47428303, 0x4c022105, 0x0392c382, 0x00d60325, 0xa5eb013c, 0x66022303, 0x03982d00, 0x5f82e120, 0x032303d2, 0x8b0f0073, 0x85022203, 0x05fb4200, 
	0x5d23079b, 0x8b025a00, 0x003f2803, 0x00d40232, 0x82b0023c, 0x00362ca3, 0x000d0541, 0x00a80341, 0x82350441, 0x00ce2a13, 0x00960230, 0x00eb0146, 
	0x061f423c, 0x61012728, 0x5d030a00, 0x23832100, 0x82ee0221, 0x82d0201f, 0x00942237, 0x22fb8221, 0x824a0241, 0x203f820b, 0x23038702, 0x02190090, 
	0x2106ef42, 0x9b82b503, 0x7b825720, 0x2382ed20, 0xa7200387, 0x03830b82, 0x4f829120, 0x6f826a20, 0x0f82e520, 0x4600c823, 0x20538302, 0x061f4438, 
	0x2d006624, 0x3b827a02, 0xf8240387, 0xa7021e00, 0xd3200f82, 0xb6241f82, 0xc0033200, 0xc820af82, 0x93240b82, 0x60031900, 0x50200782, 0x9f240382, 
	0xae035f00, 0x74200782, 0x83837f82, 0x8d205383, 0x97823382, 0x008a0325, 0x828b020f, 0x82e8201b, 0x07274103, 0x1b828a20, 0x3200ba24, 0x7b44b602, 
	0x5d022105, 0x33838b82, 0x3f828020, 0xdb928720, 0xcf905382, 0xbf83c783, 0x0383bb83, 0x92070f42, 0x820220a7, 0x2d9f83a3, 0x14000b01, 0x11003001, 
	0x1600ff00, 0x0b823401, 0x16000330, 0x1100be00, 0x22001f01, 0x14003f01, 0x0f82ac00, 0x1b82ab20, 0x0b823620, 0x1200a626, 0x0e00ca01, 0x01251783, 
	0x01150020, 0x242f8232, 0x0015002e, 0x260382d5, 0x001e00e6, 0x820700c6, 0x000a2613, 0x01f0fffc, 0x22038285, 0x820b0018, 0x01ef280b, 0x011f0005, 
	0x821b000d, 0x82292003, 0x84322003, 0x008a2303, 0x038a0132, 0x82c70021, 0x8694200f, 0x827e2003, 0x20038307, 0x8307826e, 0x82882003, 0x20038307, 
	0x83078210, 0x82542003, 0x23038207, 0x3200dc00, 0x01230383, 0x82a000f4, 0x009e2403, 0x8294ff00, 0x82a22003, 0x86ab2003, 0x826d2003, 0x20038b07, 
	0x830f8268, 0x82732003, 0x20038307, 0x8307827b, 0x826e2003, 0x20038307, 0x830782aa, 0x82882003, 0x20038307, 0x830782c4, 0x82bd2003, 0x87038307, 
	0x82752027, 0x826a200f, 0x82a32003, 0x869c2003, 0x87278323, 0x82972057, 0x20038313, 0x200782cc, 0x200382d3, 0x200386a6, 0x830782a4, 0x85478703, 
	0x00fa237f, 0x03890040, 0xc2015024, 0x0f825a00, 0x03831920, 0xa120d782, 0xf7200382, 0xe7200382, 0x75200382, 0x32200382, 0x1b200382, 0x6d200f86, 
	0x03830782, 0x07826220, 0x0f870383, 0x0f826720, 0x0e200383, 0x03830782, 0x27870f87, 0x17826820, 0x0f970383, 0x03836783, 0x27824e20, 0x27870383, 
	0x6f8f1787, 0x27824f20, 0x73864d20, 0xe3826720, 0x03825820, 0x07845620, 0x2400fa22, 0x0920c782, 0x0227df87, 0x0140008a, 0x87320077, 0x24f78a03, 
	0x00df0140, 0x20038229, 0x20038238, 0x23ff8829, 0x011900c2, 0x0f830382, 0x50200786, 0x50200782, 0x27410f82, 0x82142007, 0x2303880b, 0x1400ae01, 
	0x0023038b, 0x833700e8, 0x94012303, 0x03831e00, 0x3b833786, 0x6b865788, 0x5108e751, 0x642006ef, 0x64200782, 0x20066f41, 0x24078632, 0x00e80319, 
	0x20038632, 0x20138200, 0x8b038380, 0x200b82c3, 0x20038237, 0x20078a05, 0x870f8641, 0x881b8307, 0x5e012303, 0x03820700, 0x03842820, 0x2000f42e, 
	0x2300f001, 0x46002d03, 0x3c00d002, 0x03210783, 0x220b8226, 0x843a001c, 0x00b62a07, 0x007b022d, 0x00900132, 0x20038252, 0x207b824b, 0x20038201, 
	0x2003820a, 0x2003822f, 0x2403823a, 0xfff40121, 0x200782b0, 0x20038202, 0x2003823e, 0x2113853b, 0x07821a00, 0x1b820020, 0x0f86fb20, 0x07820f20, 
	0x2d200383, 0x58203786, 0x38200f86, 0x28200782, 0x1e200386, 0x08200782, 0x57822f86, 0x82440021, 0x8627200b, 0x8317830f, 0x8225202b, 0x8234200f, 
	0x82292003, 0x021e3003, 0x0215001c, 0x02140007, 0x01360002, 0x823700ee, 0x02282807, 0x02b5ff01, 0x823c0018, 0x023c261b, 0x043c0030, 0x200b822b, 
	0x20238218, 0x8207822a, 0xa9012103, 0x0e2e0b82, 0x07023000, 0xf8012800, 0xfd010500, 0x37823d00, 0x32229783, 0x43841002, 0x5b822320, 0x03820420, 
	0x03821f20, 0xd7864820, 0x2c20e787, 0x32200f82, 0x12209386, 0x1420af86, 0x03830782, 0x3820d383, 0x2a200b82, 0xaf901786, 0xdf285784, 0xd0011400, 
	0xd5012d00, 0xe42c0382, 0xa7011900, 0xc701a8ff, 0xcc011e00, 0xf52a0382, 0x90032100, 0xda013200, 0xbb82fbff, 0x03833220, 0x3a22af82, 0x1382ed01, 
	0x1600e322, 0x0a20af82, 0x2e20e782, 0x2820af82, 0xaf862f83, 0x59012822, 0x0d243b82, 0x3c010f00, 0x40205b82, 0x33240382, 0x3201f6ff, 0x56201382, 
	0x06200382, 0x3520e382, 0x0b831382, 0x239e2740, 0x36ff6100, 0x02230383, 0x823100ee, 0x822f2003, 0x821c2003, 0x54352003, 0x3420068b, 0x20200782, 
	0x2e201b86, 0x0c240782, 0x0c002e04, 0x200a3f42, 0x200b8228, 0x420f8e42, 0x079b075b, 0x33820e20, 0x82022d28, 0x26032300, 0x0b823200, 0xf401182a, 
	0xe001fbff, 0x8c02eeff, 0x83050354, 0x286f821b, 0x004d0243, 0x0031022d, 0x8603835b, 0x0278342b, 0x0328002a, 0x023c0020, 0x021400b7, 0x03140074, 
	0xd4460084, 0x00862c03, 0x00dc0427, 0x00ac0227, 0x829c0327, 0x82f2200b, 0x828f200b, 0x82e5200b, 0x82902007, 0x82e62007, 0x82842003, 0x82da2017, 
	0x827c200f, 0x82d2200b, 0x82b82007, 0x000e240f, 0x82560127, 0x00252407, 0x82410332, 0x00122c03, 0x00e7033f, 0x0045043f, 0x82e9042d, 0x00b224df, 
	0x82590441, 0x009323bf, 0x0385021f, 0x07826420, 0x66200383, 0x03880782, 0x82e80421, 0x0033261f, 0x0033027b, 0x2003823a, 0x20038278, 0x8d03828d, 
	0x00e0260f, 0x00e0021d, 0x2003826e, 0x8d038630, 0x0033220f, 0x8337863b, 0x8c038343, 0x2003230f, 0x03833700, 0x005c022b, 0x00f9013b, 0x00420322, 
	0x2c038346, 0x0000fa00, 0x15002f03, 0x02000000, 0x820a8200, 0x00142403, 0x84010003, 0x09042607, 0x010000f8, 0x220c8230, 0x82300007, 0x0d2d0911, 
	0x39002f00, 0x5a004000, 0x7a006000, 0xac007e00, 0x7f014801, 0x92018f01, 0xb001a101, 0xe701cc01, 0x1b02eb01, 0x33022d02, 0x59023702, 0xbf02bc02, 
	0xcc02c702, 0x0403dd02, 0x0f030c03, 0x1b031203, 0x28032403, 0x31032e03, 0xbc039403, 0x0c04c003, 0x23041a04, 0x3a042f04, 0x4f044304, 0x5f045c04, 
	0x75046304, 0x97049304, 0xa3049b04, 0xb704b304, 0xc004bb04, 0xd904cf04, 0xe904e304, 0x091eef04, 0x171e0f1e, 0x211e1d1e, 0x2b1e251e, 0x371e2f1e, 
	0x491e3b1e, 0x5b1e531e, 0x6f1e691e, 0x851e7b1e, 0x931e8f1e, 0x9e1e971e, 0x0b20f91e, 0x15201020, 0x1e201a20, 0x26202220, 0x33203020, 0x44203a20, 
	0x79207120, 0x89207f20, 0xa420a120, 0xa920a720, 0xb220ad20, 0xba20b520, 0x1321bd20, 0x20211721, 0x26212221, 0x54212e21, 0x93215e21, 0x02229921, 
	0x0f220622, 0x15221222, 0x1e221a22, 0x48222b22, 0x65226022, 0xff24ea24, 0xb925a125, 0xc725c325, 0xcf25cc25, 0x61261126, 0x6a266526, 0x89271327, 
	0xf7279327, 0x04fbb6a7, 0xffff06fb, 0x08008300, 0x20000d44, 0x3a003000, 0x5b004100, 0x7b006100, 0xae00a000, 0x8f014a01, 0xa0019201, 0xc401af01, 
	0xea01e601, 0x2a02fa01, 0x37023002, 0xb9025902, 0xc602be02, 0xd802c802, 0x06030003, 0x11030f03, 0x23031b03, 0x31412603, 0x018e080a, 0x1b040e04, 
	0x30042404, 0x44043b04, 0x5e045104, 0x72046204, 0x96049004, 0xa2049a04, 0xb604ae04, 0xc004ba04, 0xd804cf04, 0xe804e204, 0x081eee04, 0x141e0c1e, 
	0x201e1c1e, 0x2a1e241e, 0x361e2e1e, 0x421e3a1e, 0x5a1e4c1e, 0x6c1e5e1e, 0x801e781e, 0x921e8e1e, 0x9e1e971e, 0x0720a01e, 0x12201020, 0x1c201820, 
	0x26202020, 0x32203020, 0x44203920, 0x74207020, 0x80207f20, 0xa320a120, 0xa920a620, 0xb120ab20, 0xb820b420, 0x1321bc20, 0x31411621, 0x21533208, 
	0x2190215b, 0x22022296, 0x220f2205, 0x22152211, 0x08314119, 0xea246432, 0xa025ff24, 0xbc25b225, 0xca25c625, 0x1026cf25, 0x3c083141, 0x278a2780, 
	0xfbb6a7f7, 0xff06fb00, 0xff0100ff, 0x040000f5, 0xff000092, 0x000000c8, 0x840382d3, 0x5aff2302, 0x08841b03, 0xff23048a, 0x85bfff6d, 0x5b01210e, 
	0x00210785, 0x200782f7, 0x2a0382ed, 0x00e80000, 0x01cb01e7, 0x83a801ad, 0xeffc290d, 0x0000f1fc, 0xf6fdf4fd, 0x03910d83, 0xfd6afc23, 0x9b15918a, 
	0x59e32911, 0x000013e2, 0x47e4fddf, 0xe4392587, 0xe41ce52f, 0xe430e435, 0xe40000fc, 0xe447e39e, 0xe40ee498, 0xe40ce40d, 0x200f820b, 0x31258306, 
	0x5ae400e4, 0x85e30000, 0x45e482e3, 0xf0e340e4, 0x1583ece3, 0x005fe325, 0x8256e300, 0x822c2003, 0xe33f2c03, 0xe20de337, 0xe0f5e2f3, 0x837de087, 
	0x3903851d, 0xb0dfdbdf, 0x5fdf64df, 0xafde59df, 0xf3ddf2dd, 0xaa5db0dd, 0x930a0000, 0x1f830100, 0x39820120, 0x00480125, 0x82520100, 0x015a2603, 
	0x02780160, 0x2f1783ac, 0x14031203, 0x26031603, 0x2a032803, 0x72036c03, 0x742c1384, 0x7c037a03, 0x7c030000, 0x8e038603, 0x98200782, 0x03210383, 
	0x851b839a, 0x94032203, 0x825b8203, 0x83be2015, 0xce03340f, 0xe603e403, 0xee03e803, 0xf603f403, 0xfa03f803, 0x84040404, 0x080783cd, 0x04080429, 
	0x040c040a, 0x0414040e, 0x041c041a, 0x0420041e, 0x04240422, 0x04280426, 0x04440436, 0x045c0446, 0x04680462, 0x83740472, 0x8404204b, 0x20052781, 
	0x2a052605, 0x11832e05, 0x05210385, 0x87078528, 0x1c052705, 0x1e050000, 0x0f832005, 0x09830585, 0x05210383, 0x821b8416, 0x8d178319, 0x0000231b, 
	0x1f821405, 0x32052424, 0x2b833405, 0x0521038f, 0x08118424, 0x59040328, 0xa8046604, 0x4b05aa04, 0x65046f05, 0x8e048d04, 0x4d059904, 0x56045104, 
	0x7b045404, 0x52045304, 0x52055705, 0xbb825805, 0x049e7e0a, 0x047c0491, 0x04560592, 0x04d30384, 0x047f0495, 0x05540596, 0x045a04c6, 0x05ac04ab, 
	0x04ae045c, 0x039c0480, 0x04a104de, 0x056d04a6, 0x03a2045b, 0x056c05e0, 0x0510054f, 0x05d50311, 0x049d046a, 0x05ea038a, 0x04a7040f, 0x0545056e, 
	0x04460542, 0x0023005d, 0x00250024, 0x00270026, 0x003b002a, 0x00470041, 0x00490048, 0x0067004c, 0x00690068, 0x00eb006b, 0x00880083, 0x008a0089, 
	0x058c008b, 0x00a10050, 0x00c300c2, 0x00c600c4, 0x01ec00dd, 0x014e01e9, 0x0150014f, 0x01520151, 0x01660155, 0x0172016c, 0x01740173, 0x01920177, 
	0x01940193, 0x011a0296, 0x01b601b1, 0x01b801b7, 0x05ba01b9, 0x01cf0151, 0x01f201f1, 0x02f501f3, 0x021b020c, 0x0128000e, 0x01290053, 0x012d0054, 
	0x013d0058, 0x013e0068, 0x01400069, 0x013f006b, 0x0143006a, 0x0144006e, 0x014d006f, 0x014e0078, 0x014f0079, 0x0150007a, 0x014a007b, 0x015d0075, 
	0x015e0088, 0x015f0089, 0x0160008a, 0x0163008b, 0x0164008e, 0x016a008f, 0x016c0095, 0x016d0097, 0x016f0098, 0x016e009a, 0x0175009c, 0x017700a1, 
	0x017800a3, 0x00a601a5, 0x00a70179, 0x00a9017b, 0x00a8017a, 0x00ab017d, 0x00aa017c, 0x00af0181, 0x00b20184, 0x00b00182, 0x001902ea, 0x00bb018d, 
	0x00bc018e, 0x00bd018f, 0x00d701a9, 0x00d801aa, 0x00da01ac, 0x00d901ab, 0x00df01b2, 0x00e001b3, 0x00e201b5, 0x00e101b4, 0x00ed01bf, 0x00ea01bc, 
	0x00ec01be, 0x00f401c5, 0x00f601c7, 0x00f701c8, 0x00f801c9, 0x00f901ca, 0x00fa01cb, 0x000902da, 0x000d02de, 0x02e500df, 0x02e70014, 0x02e60016, 
	0x00960515, 0x00d101a3, 0x000102d2, 0x029c05ed, 0x05ee001c, 0x001d029d, 0x029e05ef, 0x0161001e, 0x0191008c, 0x012b00bf, 0x013c0056, 0x01a20067, 
	0x012e00d0, 0x012f0059, 0x0152005a, 0x0153007d, 0x0171007e, 0x0172009d, 0x0192009e, 0x019300c0, 0x01ad00c1, 0x01ae00db, 0x01cd00dc, 0x01ce00fc, 
	0x01b600fd, 0x01bd00e3, 0x019400eb, 0x019500c2, 0x019600c3, 0x02e100c4, 0x041d0410, 0x0420041e, 0x0422041f, 0x03d70321, 0x03e203d9, 0x03e403e8, 
	0x03dc03eb, 0x03ec03e6, 0x03f003ee, 0x03f803f4, 0x030004fa, 0x030204f6, 0x03fe03fc, 0x040404f2, 0x065b4310, 0x0412ec0a, 0x00020114, 0x00fe00f0, 
	0x00f200f1, 0x00f400f3, 0x00f600f5, 0x01f800f7, 0x00130109, 0x00fa00f9, 0x00fc00fb, 0x010001fd, 0x01030101, 0x01050104, 0x02080106, 0x0220021f, 
	0x02220221, 0x02260225, 0x02290228, 0x022b022a, 0x0227022d, 0x02230246, 0x02480247, 0x024a0249, 0x024c024b, 0x024e024d, 0x0238022e, 0x022d014f, 
	0x022e015c, 0x022f015d, 0x0221015e, 0x02ff0050, 0x02230124, 0x02220152, 0x02250151, 0x02270154, 0x02280156, 0x02240157, 0x02260153, 0x02290155, 
	0x022b0158, 0x0207015a, 0x022c012c, 0x0214015b, 0x01420039, 0x0145006d, 0x01460070, 0x015a0071, 0x015b0085, 0x015c0086, 0x01620087, 0x0165008d, 
	0x01660090, 0x01740091, 0x017e00a0, 0x017f00ac, 0x018000ad, 0x018500ae, 0x018600b3, 0x018700b4, 0x019d00b5, 0x019e00cb, 0x019f00cc, 0x01a000cd, 
	0x01af00ce, 0x01b000dd, 0x01b700de, 0x01b800e4, 0x01b900e5, 0x01ba00e6, 0x01bb00e7, 0x01c000e8, 0x01c100ee, 0x01d000ef, 0x02d100ff, 0x02d80000, 
	0x02d90007, 0x02db0008, 0x02e4000a, 0x02e80013, 0x012c0017, 0x013a0057, 0x01350065, 0x01370060, 0x01380062, 0x01390063, 0x01360064, 0x01300061, 
	0x0132005b, 0x0133005d, 0x0134005e, 0x0131005f, 0x0151005c, 0x0159007c, 0x014b0084, 0x01540076, 0x0156007f, 0x01570081, 0x01580082, 0x01550083, 
	0x01730080, 0x0170009f, 0x0190009b, 0x019c00be, 0x019700ca, 0x019900c5, 0x019a00c7, 0x019b00c8, 0x019800c9, 0x01a400c6, 0x01a600d2, 0x01a700d4, 
	0x01a800d5, 0x01a500d6, 0x01cc00d3, 0x01cf00fb, 0x02d300fe, 0x02d50002, 0x02d60004, 0x02d70005, 0x02d40006, 0x02dc0003, 0x02e2000b, 0x02e30011, 
	0x02e00012, 0x0483040f, 0x04850481, 0x045f0487, 0x04630460, 0x04620461, 0x049a0464, 0x0588049b, 0x04c1030e, 0x04a904b5, 0x04be04b6, 0x04bf04b9, 
	0x04bb04ba, 0x05a304c0, 0x05a1059f, 0x05a205a0, 0x05a405a3, 0x05a505a6, 0x05660567, 0x044e0564, 0x05630589, 0x05ac05a8, 0x05b605b2, 0x05be05ba, 
	0x05b505b1, 0x05bd05b9, 0x05b705b3, 0x05bf05bb, 0x05b405b0, 0x05bc05b8, 0x05ad05a9, 0x05ae055e, 0x058905c7, 0x0592058c, 0xb093058d, 0xb0202c00, 
	0x45585500, 0x4b202059, 0x510e00b8, 0x5306b04b, 0x34b0585a, 0x5928b01b, 0x8a206660, 0x02b05855, 0x08b96125, 0x63000800, 0x1b622363, 0x00b02121, 
	0x4300b059, 0x00b24423, 0x60430001, 0x01b02d42, 0x6020b02c, 0x02b02d66, 0x2321232c, 0x03b02d21, 0xb364202c, 0x00151403, 0x13b04342, 0x60602043, 
	0x1402b142, 0x25b14243, 0x02b04303, 0x20785443, 0x82230cb0, 0x61432a08, 0x5004b064, 0x0202b278, 0x24468202, 0x1c6521b0, 0x26158321, 0x01150eb2, 
	0x82201c42, 0x4223250a, 0x130113b2, 0x23291b82, 0x585000b0, 0x16b25965, 0x2a298301, 0x2c04b02d, 0xb02b03b0, 0x83584315, 0x16b0236f, 0x20864343, 
	0x64201b3e, 0x50c0b020, 0x5a2604b0, 0x0d0128b2, 0x45634543, 0x584506b0, 0x2503b021, 0x585b5259, 0x1b269c82, 0xb020588a, 0x12825050, 0x1b594025, 
	0x8338b020, 0x59382409, 0x85b12059, 0x2091822d, 0x86128228, 0xb020220d, 0x210c8230, 0x298330b0, 0x5850c02e, 0x8a206620, 0xb020618a, 0x6058500a, 
	0x20203b82, 0x0a201b83, 0x36200983, 0x36350983, 0x59601b60, 0xb01b5959, 0x0cb02502, 0x00b06343, 0x00b05852, 0x202c834b, 0x230f8221, 0x1eb04b1b, 
	0x1e262583, 0x10b8614b, 0x11826300, 0x05b8632f, 0x59596200, 0xb0596164, 0x59592b01, 0x22e28523, 0x82642059, 0x42232dcf, 0x05b02d59, 0x2045202c, 
	0x612504b0, 0x072ed382, 0xb0585043, 0xb0422307, 0x1b422308, 0x32822121, 0xb02d6024, 0xfe842c06, 0x202b0328, 0x6207b164, 0x1c832042, 0x1b20ee83, 
	0x0583be85, 0x6007b028, 0x05b06345, 0x1c82212a, 0x8a204324, 0x6b828a20, 0x0530b138, 0x2604b025, 0x50605851, 0x5952611b, 0x21592358, 0x40b02059, 
	0x1b825853, 0xb0211b23, 0x2a8a8740, 0x2c07b02d, 0x2b4309b0, 0x410200b2, 0x082005e6, 0x233a0e82, 0xb0202342, 0x61422300, 0x666202b0, 0xb06301b0, 
	0x07b06001, 0x09b02d2a, 0xad83202c, 0x63430e26, 0x620004b8, 0xaf822282, 0x59604022, 0x60212283, 0x2c248244, 0x2c0ab02d, 0x000e09b2, 0x2a424543, 
	0x08384221, 0x422c0b21, 0x0c200d48, 0x01224585, 0x1782232b, 0x6032fa82, 0x238a4520, 0x20642061, 0x585020b0, 0x1b00b021, 0x578230b0, 0x821b2021, 
	0x25a587a4, 0x232503b0, 0x62854461, 0x3e960d20, 0x8224b021, 0x883c8235, 0x21348bda, 0xd0842c0e, 0x0c0db325, 0x82450300, 0x231b3565, 0x212a5921, 
	0x2c0fb02d, 0x450202b1, 0x446164b0, 0x2c10b02d, 0x2029c282, 0x430fb020, 0x5000b04a, 0x24088258, 0xb0594223, 0x200d8310, 0x200d8252, 0x220d8210, 
	0x8211b02d, 0x62102148, 0x2024f183, 0x630004b8, 0x2708b882, 0x604311b0, 0x20608a20, 0x422311b0, 0x12b02d23, 0x58544b2c, 0x446404b1, 0x0db02459, 
	0x2d782365, 0x4b2c13b0, 0x534b5851, 0x1b211485, 0x20178221, 0x3c178413, 0x00b12c14, 0x58554312, 0x431212b1, 0x426101b0, 0x592b11b0, 0xb04300b0, 
	0xb1422502, 0x2004830f, 0x24048210, 0x231601b0, 0x2dc98220, 0x01b15850, 0xb0604300, 0x8a422504, 0x7683208a, 0x212a1023, 0x87368223, 0x851b200b, 
	0x2332831f, 0xb0612502, 0x59201d82, 0x4720c982, 0x4723bf82, 0x4102b060, 0x20210dac, 0x14c241b0, 0x00b14108, 0x44231300, 0xb04301b0, 0x01b23e00, 
	0x60430101, 0x15b02d42, 0x00b1002c, 0x58544502, 0x422312b0, 0x0eb04520, 0x0db04223, 0x6007b023, 0xb7602042, 0x00011818, 0x00130011, 0x8a424242, 
	0x14b02060, 0x012e1b82, 0x0814b161, 0x2b8bb02b, 0x2d59221b, 0xe38216b0, 0x2d2b1527, 0xb12c17b0, 0x23078301, 0x02b12c18, 0x19230783, 0x8303b12c, 
	0x2c1a2307, 0x078304b1, 0xb12c1b23, 0x23078305, 0x06b12c1c, 0x1d230783, 0x8307b12c, 0x2c1e2307, 0x078308b1, 0xb12c1f23, 0x24078309, 0x20232c2b, 
	0x057f41b0, 0x6006b02e, 0x2358544b, 0x01b02e20, 0x21211b5d, 0x2c206c82, 0x16201c8a, 0x71201c88, 0x2d201c85, 0x26201c8a, 0x72201c88, 0x20251c85, 
	0x0fb0002c, 0x23e7982b, 0xb56101b0, 0xe783ea85, 0x2120df8b, 0x2020df82, 0x2220df82, 0x0783df82, 0xdf822320, 0x24200783, 0x0783df82, 0xdf822520, 
	0x26200783, 0x0783df82, 0xdf822720, 0x28200783, 0x0783df82, 0xdf822920, 0x2a200783, 0x0783df82, 0x202c2e32, 0x6001b03c, 0x2c2fb02d, 0x18b06020, 
	0x23432060, 0x43240e82, 0x612502b0, 0xb0350782, 0x2d212a2e, 0xb02c30b0, 0x2fb02b2f, 0x31b02d2a, 0x4720202c, 0x16cd4120, 0x38612327, 0x558a2023, 
	0x25219c58, 0x2d59211b, 0xe24132b0, 0x0eb13407, 0xb0424506, 0x31b01601, 0x0105b12a, 0x30584515, 0x82221b59, 0x41332020, 0x23970a1e, 0x202c3423, 
	0x20b98435, 0x854d8235, 0x44452047, 0xb0221126, 0x7b422b01, 0x23178314, 0x00b41600, 0x44270083, 0xb138233e, 0x83150134, 0x2c3623eb, 0xc0823c20, 
	0x602f3394, 0x614300b0, 0x37b02d38, 0x3c172e2c, 0x9f38b02d, 0x01b0232a, 0x2e826343, 0x2c393308, 0x160002b1, 0x202e2025, 0x2300b047, 0x2502b042, 
	0x478a8a49, 0x61234723, 0x1b625820, 0x01b05921, 0x38b24223, 0x14150101, 0x3ab02d2a, 0x1600b02c, 0x268217b0, 0xb0250424, 0x26842504, 0x000cb12f, 
	0x430bb042, 0x2e8a652b, 0x3c202023, 0x2053828a, 0x21268d3b, 0x28842e20, 0x06b02024, 0x2d874223, 0x60b0203e, 0xb0205850, 0xb3585140, 0x20052004, 
	0x2604b31b, 0x42591a05, 0xb0202342, 0x8a20430a, 0x81827f82, 0x60462325, 0x434306b0, 0x60240fae, 0x2b01b020, 0x30059546, 0x64604304, 0x4305b023, 
	0x58506461, 0x614304b0, 0x240b821b, 0x03b05960, 0x20338f25, 0x289a8261, 0x232604b0, 0x1b386146, 0x20618223, 0x82e78246, 0x82978406, 0x8264924f, 
	0x2b012288, 0x207e8223, 0x236d8260, 0x612505b0, 0x558f0382, 0x61245182, 0x2504b020, 0x03208483, 0x49450582, 0x236b8906, 0x3cb02d59, 0x25070b41, 
	0xb0202020, 0x0b412605, 0x3c232506, 0x3db02d38, 0xb0231a88, 0x8242230a, 0x2346221f, 0x216c8247, 0x1b826123, 0x42413e20, 0x41cc8308, 0xb0290569, 
	0x2e585400, 0x21233c20, 0x20bd831b, 0x82148502, 0x088a4154, 0x2506b022, 0x4920a582, 0x410bbb48, 0x794205c4, 0x23602111, 0x2106ad41, 0xa4822123, 
	0x898a3f20, 0xa2864320, 0xb0602025, 0x8f666020, 0x07e241f2, 0x232c4025, 0x82462e20, 0xb0463569, 0x50584317, 0x5859521b, 0x2e593c20, 0x140130b1, 
	0x41b02d2b, 0x52221d8c, 0x1d8c501b, 0x1d8c4220, 0x4f8b3b87, 0x4324318f, 0x2b3ab02c, 0x442e709b, 0x2b3bb02c, 0x3c20208a, 0x422306b0, 0x2a99388a, 
	0x4306b025, 0x8230b02e, 0x844520a2, 0x250424f2, 0x412604b0, 0x61240579, 0x42230cb0, 0x2205a942, 0x82430bb0, 0x203c246d, 0x8638232e, 0x2c462ad0, 
	0x25040ab1, 0x1600b042, 0x203283b0, 0x2dd24225, 0xc5424720, 0x02b02447, 0x82614625, 0x233c26dd, 0x20211b38, 0x082f4220, 0x86592121, 0x2c4725a7, 
	0x2b3a00b1, 0x20078641, 0x230d8248, 0x23212b3b, 0x86061741, 0x080241cd, 0xb02c4924, 0xf6431500, 0x00b22d05, 0x14150101, 0x36b02e13, 0x4ab02d2a, 
	0x4b281796, 0x0100b12c, 0x37b01314, 0x4c232382, 0x8239b02c, 0x824d2006, 0x4516292a, 0x202e2023, 0x61238a46, 0x30072d41, 0x0ab02c4e, 0x4db04223, 
	0x4fb02d2b, 0x0000b22c, 0x20088246, 0x20088250, 0x23088301, 0x01b22c51, 0x52201184, 0x11840882, 0x1a825320, 0x82470021, 0x82542023, 0x83012008, 
	0x82552008, 0x2011841a, 0x84088256, 0x2c572611, 0x000000b3, 0x20248243, 0x20098258, 0x23098401, 0x01b32c59, 0x5a201385, 0x13850982, 0x1d825b20, 
	0x43010022, 0x5c202782, 0x01200982, 0x5d200984, 0x13851d82, 0x09825e20, 0x5f201385, 0x00216a82, 0x20268245, 0x20088260, 0x20088301, 0x846a8261, 
	0x82622011, 0x20118408, 0x211a8263, 0x23824800, 0x08826420, 0x08830120, 0x1a826520, 0x66201184, 0x11840882, 0x97846720, 0x24824420, 0x97846820, 
	0x69200983, 0x09839784, 0x97846a20, 0x6b200983, 0x09839784, 0x97846c20, 0x6d200983, 0x09839784, 0x97846e20, 0x6f240983, 0x3c00b12c, 0x2008c041, 
	0x210d8470, 0x5e8240b0, 0x0a857120, 0x0a824120, 0xb02c7224, 0x26831600, 0x8242b021, 0x2c73250d, 0x2b3c01b1, 0x74202384, 0x23830a85, 0x23847520, 
	0x23831883, 0x3c827620, 0x55883d20, 0x0d847720, 0x78203184, 0x41200a85, 0x79204782, 0x2e830a85, 0x47827a20, 0x52853d20, 0x0a857b20, 0x7c202083, 
	0x20830a85, 0x2b827d20, 0x4f883e20, 0x0d847e20, 0x7f204f84, 0x2e830a85, 0x0a858020, 0x5a824220, 0x39828120, 0x4f853e20, 0x0a858220, 0x83202083, 
	0x20830a85, 0x2b828420, 0x4f883f20, 0x0d848520, 0x86204f84, 0x41200a85, 0x87204482, 0x2e830a85, 0x39828820, 0x4f853f20, 0x0a858920, 0x8a202083, 
	0x20830a85, 0x2c8b2108, 0x03000bb2, 0xb0585045, 0x04b21b06, 0x58450302, 0x211b2123, 0x2b425959, 0xb06508b0, 0x78502403, 0x2e07d047, 0xb84b002d, 
	0x5852c800, 0x8e0101b1, 0x4d01b059, 0x703005f2, 0x420700b1, 0x00000940, 0x35414d5d, 0x2a000727, 0x10300f84, 0x0462056a, 0x06460852, 0x072c063a, 
	0x0a07071e, 0x6f2d1686, 0x5a026603, 0x40044c06, 0x25053304, 0x35168405, 0x0941420e, 0xc018c01a, 0xc011c014, 0x400bc00e, 0x0700c007, 0x2f820b00, 
	0x18821520, 0x8c400021, 0x2f188301, 0x000300b9, 0x24b14400, 0x58518801, 0x588840b0, 0x64230f83, 0x8328b144, 0x08b8220f, 0x25108500, 0x1b594400, 
	0x128327b1, 0x8008ba29, 0x40040100, 0x84546388, 0x20188229, 0x08008259, 0x6c104025, 0x54026403, 0x3c044806, 0x20052e04, 0x2a0e0705, 0x85ff01b8, 
	0xb18d04b0, 0xb3440002, 0x00066405, 0xb8004444, 0x00562b00, 0x00320056, 0x00300232, 0x03820200, 0x3b230582, 0x8202f6ff, 0xf8ff2303, 0x01825a00, 
	0x2a002a38, 0x00009402, 0x0000c201, 0x9e021aff, 0xcc01f6ff, 0x10fff6ff, 0x01861800, 0x0f821982, 0x21831a20, 0x422e0784, 0x16004200, 0x74031600, 
	0xf901e402, 0x07828101, 0xf401e924, 0x4b8b7c01, 0x89d50221, 0x850b824d, 0x0050244f, 0x821a0050, 0xff9b2401, 0x82a5001a, 0x2b0f865f, 0xf9017a03, 
	0x84036703, 0x6703ef01, 0x8820e386, 0x039e0782, 0x00040125, 0x82c80100, 0x007c38cb, 0x000c0300, 0x00f80300, 0x00c40400, 0x00840500, 0x00180600, 
	0x826c0600, 0x00dc2403, 0x82640700, 0x00d02303, 0x27820800, 0x00280939, 0x00c00900, 0x00540a00, 0x002c0b00, 0x00d40b00, 0x00a80c00, 0x82140d00, 
	0x00a42403, 0x820c0e00, 0x00b02403, 0x82440f00, 0x00bc2403, 0x82601000, 0x82782003, 0x82902003, 0x20278203, 0x213b8210, 0x0b82d810, 0x0000f024, 
	0x03820811, 0x03822020, 0x03824c20, 0x12256382, 0x12000024, 0x8203823c, 0x8212205b, 0x8c12217b, 0x53820b82, 0x47821220, 0x67821220, 0x00ec1224, 
	0x5f821300, 0x27821320, 0x27821320, 0x27821320, 0x27821320, 0x00801425, 0x82981400, 0x20778203, 0x21cf8214, 0x0b82e014, 0x1625cb82, 0x17000000, 
	0x20038230, 0x82038248, 0x1018250f, 0x28180000, 0x40200382, 0x58200382, 0x70200382, 0x88200382, 0xa0200382, 0xb8200382, 0xe3820382, 0x00e81824, 
	0x37821900, 0x004c1a25, 0x82641a00, 0x21f38203, 0x0782941a, 0x0382ac20, 0x0382cc20, 0x0382e420, 0x0000fc24, 0x0382141b, 0x03822c20, 0x03824420, 
	0x00005c23, 0x20cb821d, 0x21cb821d, 0x0b82381d, 0x03825020, 0x03826820, 0x1d209782, 0x1d209782, 0x1e259782, 0x1e000078, 0x20038290, 0x200382a8, 
	0x200382c0, 0x230382d8, 0x1f0000f0, 0x1f203782, 0x1f203782, 0x1f203782, 0x1f203782, 0x20203782, 0x20201382, 0x20201382, 0x20201382, 0x20201382, 
	0x4b821383, 0x4b822020, 0x4b822020, 0xe3822020, 0xe3822020, 0xd3822020, 0x001c2125, 0x82342100, 0x82bc2003, 0x20138203, 0x20138221, 0x20e78222, 
	0x20e78222, 0x20e78222, 0x20e78222, 0x20e78222, 0x20e78222, 0x20e78222, 0x20e78222, 0x20e78222, 0x20e78222, 0x25e78223, 0x00001823, 0x03823023, 
	0x03824820, 0x03826020, 0x03827820, 0x2320a782, 0x2420a782, 0x24200782, 0xaf820783, 0xaf822420, 0xaf822420, 0x9b822520, 0x9b822520, 0x5b822520, 
	0x5b822520, 0x5b822520, 0x5b822520, 0x5b822520, 0x5b822520, 0x5b822520, 0x5b822520, 0x5b822620, 0x00dc2628, 0x00f42600, 0x8b822800, 0x2f822820, 
	0x2f822820, 0x2f822820, 0x2f822820, 0x00a02825, 0x82b42900, 0x82cc2003, 0x82e42003, 0x00fc2403, 0x82142a00, 0x822c2003, 0x82442003, 0x825c2003, 
	0x82742003, 0x828c2003, 0x82a42003, 0x20df8203, 0x204f822b, 0x254f822b, 0x00000c2c, 0x0382242c, 0x03823c20, 0x03825420, 0x2c202782, 0x2c202782, 
	0x2d202782, 0x2d203f82, 0x2e207f82, 0x2e207f82, 0x2e20db82, 0x2e20db82, 0x2e20db82, 0x2e20db82, 0x2e20db82, 0x2e24d382, 0x2e0000a8, 0x2e20d382, 
	0x2e20d382, 0x2f20d382, 0x2f208382, 0x2f208382, 0x30208382, 0x30248382, 0x3000002c, 0x30208382, 0x31208382, 0x31206782, 0x31206782, 0x31256782, 
	0x3100006c, 0x20038284, 0x8203829c, 0x823120bb, 0x82312037, 0x82312037, 0x82322037, 0x82322037, 0x82322037, 0x82322037, 0x82322037, 0x82322093, 
	0x82322093, 0x82322093, 0xd43229bb, 0xec320000, 0x04330000, 0x1c200382, 0x34200382, 0xcf820382, 0x27823420, 0x53823420, 0x67823520, 0x3b823520, 
	0x3b823520, 0x13823520, 0x00883625, 0x82683700, 0x20b38203, 0x200b8337, 0x230b82a0, 0x380000b0, 0x3925bf82, 0x3a000064, 0x2003824c, 0x240382d0, 
	0x3b0000e0, 0x82038294, 0x823c2067, 0x823c2053, 0x823d2017, 0x823d2063, 0xac3d2ca3, 0xc43d0000, 0x803e0000, 0x823f0000, 0xec3f2457, 0x82400000, 
	0x8240201b, 0x8240207f, 0x824020ab, 0xdc40216f, 0x17831382, 0x0000fc24, 0x03820c41, 0x41208b82, 0x41204f82, 0x41204f82, 0x4220e382, 0x42205382, 
	0x42205382, 0x43207382, 0x43201382, 0x44241382, 0x44000030, 0x45207b82, 0x46209f82, 0x46283382, 0x460000c0, 0x470000d8, 0x4825b782, 0x49000054, 
	0x82038238, 0x404a240f, 0x824a0000, 0x824b2007, 0x484c2437, 0x824c0000, 0x984d2867, 0xa84d0000, 0x824e0000, 0xd44e2123, 0xe4200782, 0xf4230382, 
	0x824f0000, 0xb85028ab, 0x8c510000, 0x82520000, 0x6c5221a3, 0x7c200782, 0x0f830382, 0x0000f823, 0x20478253, 0x240b8254, 0x00001855, 0x28378255, 
	0x00007856, 0x00007057, 0x20538258, 0x20b38259, 0x2077825a, 0x201b825b, 0x20f7825b, 0x2053825b, 0x2093825c, 0x20f3825d, 0x201f825d, 0x20b3825e, 
	0x202f825f, 0x2067825f, 0x20638260, 0x247b8261, 0x0000c861, 0x20c78262, 0x241b8262, 0x00004463, 0x200f8263, 0x24238264, 0x00009064, 0x209f8264, 
	0x203f8264, 0x25738264, 0x0000f064, 0x03820865, 0x03822020, 0x65213782, 0x82078264, 0x82662097, 0x82662023, 0x82662023, 0x82662023, 0x10672523, 
	0x28670000, 0xf3820382, 0x82586721, 0x209b8207, 0x204b8267, 0x20278267, 0x20278267, 0x20278267, 0x20278267, 0x20238269, 0x20238269, 0x20238269, 
	0x28238269, 0x00008869, 0x0000a069, 0x2853826a, 0x0000bc6b, 0x0000d46b, 0x2193826c, 0x0782cc6c, 0x6c25c782, 0x6d0000fc, 0x20038214, 0x8203822c, 
	0x826d20a7, 0x746d21d3, 0x8c200b82, 0xa4200382, 0x33820382, 0x00b06e24, 0xbf826e00, 0x82e06e21, 0x00f82307, 0x8b826f00, 0xdb826f20, 0x82486f21, 
	0x8260200b, 0x20d78203, 0x208b826f, 0x208b826f, 0x208b826f, 0x207f8271, 0x207f8271, 0x207f8271, 0x207f8271, 0x257f8271, 0x0000b871, 0x0382d071, 
	0x0000f424, 0x0382ac72, 0x0382c420, 0x0382dc20, 0x73250f82, 0x7300000c, 0x20038224, 0x2003823c, 0x20038254, 0x2003826c, 0x23038284, 0x7400009c, 
	0x74202382, 0x75202382, 0x75201b82, 0x75201b82, 0x75201b82, 0x75201b82, 0x75201b82, 0x7520c782, 0x7520c782, 0x7625c782, 0x7600001c, 0x82038234, 
	0xd8762113, 0xf0240782, 0x08770000, 0xcb820382, 0x82987721, 0x20c38207, 0x20c38277, 0x20c38277, 0x20c38277, 0x24c38278, 0x00002878, 0x20ab8278, 
	0x21ab8278, 0x0b827078, 0x7820ab82, 0x7820ab82, 0x7820ab82, 0x7825ab82, 0x790000e8, 0x20038200, 0x82038218, 0x827920ef, 0x827920ef, 0x827a20ef, 
	0x827a2033, 0x827a2033, 0x827a2033, 0x827a2033, 0x827a2033, 0x827a2033, 0x827a2033, 0x827b2077, 0x207b2577, 0x387b0000, 0x50200382, 0x68200382, 
	0x80200382, 0x87820382, 0x87827b20, 0x33827c20, 0x33827c20, 0x03837d20, 0x7d203782, 0x7d203782, 0x7e206b82, 0x7e206b82, 0x7f256b82, 0x7f00002c, 
	0x20038244, 0x8203825c, 0x8c7f21bf, 0xa4200782, 0xbc200382, 0xd4200382, 0xec240382, 0x04800000, 0xf3820382, 0xf3828120, 0x004c8125, 0x82648100, 
	0x827c2003, 0x82942003, 0x82ac2003, 0x00cc2403, 0x82c48200, 0x82dc2003, 0x00f42303, 0x17828300, 0x87828420, 0x87828420, 0x87828420, 0x4b828420, 
	0x4b828420, 0x4b828420, 0x4b828520, 0x4b828520, 0x4b828520, 0x4b828520, 0x4b828520, 0x4b828520, 0x33828520, 0x00708624, 0xaf828600, 0xab828620, 
	0xab828620, 0xab828620, 0xab828620, 0xab828720, 0x3b828720, 0x3b828820, 0x3b828820, 0x3b828820, 0x3b828820, 0x3b828820, 0x3b828820, 0x00948824, 
	0x87828800, 0x83828820, 0x83828820, 0x83828820, 0x000c8925, 0x82248900, 0x823c2003, 0x82542003, 0x82782003, 0x82902003, 0x82a82003, 0x82c02003, 
	0x82d82003, 0x00f02403, 0x82088a00, 0x28138203, 0x0000508b, 0x0000588c, 0x2133828d, 0x0782448d, 0x03825c20, 0x03827420, 0x00008423, 0x2503828e, 
	0x0000408f, 0x0382c88f, 0x90248782, 0x910000a4, 0x91200f82, 0x91203382, 0x9224e782, 0x92000014, 0x93201782, 0x93282f82, 0x9300008c, 0x940000b0, 
	0x9420a382, 0x94204f82, 0x95201782, 0x9620a382, 0x96246782, 0x96000018, 0x96211f82, 0x8207829c, 0x829720af, 0x82972043, 0x82972043, 0x82972037, 
	0x82982017, 0x829820cf, 0x8298200b, 0x88992497, 0x829a0000, 0x829a2057, 0x829b2027, 0x829c201b, 0xe89c2827, 0xa09d0000, 0x829e0000, 0x289f284f, 
	0xe09f0000, 0x82a00000, 0x82a0209b, 0x82a020ff, 0x4ca12493, 0x82a10000, 0x38a229b7, 0xfca20000, 0x0ca30000, 0xb4230382, 0x82a40000, 0xcca4240f, 
	0x82a50000, 0x82a62053, 0xc4a62437, 0x82a70000, 0xe4a724b7, 0x82a80000, 0x82a8204b, 0xdca8215f, 0xab820b82, 0x9b82a920, 0x0f82aa20, 0x0060ab24, 
	0x5f82ab00, 0x5782ac20, 0x006cad25, 0x8248ae00, 0x00f42303, 0x4782af00, 0x2b82af20, 0x0026e282, 0x000010b0, 0x038270b0, 0xb1241782, 0xb1000004, 
	0xb120af82, 0xb2201882, 0xb3286f82, 0xb3000000, 0xb40000d0, 0xb5204b82, 0xb5208782, 0xb6204b82, 0xb720d782, 0xb7201782, 0xb7253782, 0xb7000020, 
	0x23038230, 0xb80000a8, 0xb920f782, 0xb9201382, 0xba20c782, 0xbb253f82, 0xbc000074, 0x24038234, 0xbd0000c8, 0x8203821c, 0x82be2043, 0x82be205b, 
	0x08bf24ab, 0x82bf0000, 0x82c02007, 0x98c02407, 0x82c10000, 0x82c220a7, 0xd4c2247b, 0x82c30000, 0x82c320d3, 0x5cc4248b, 0x82c40000, 0x82c520a3, 
	0x82c520b7, 0x84c62477, 0x82c60000, 0x82c62067, 0x82c620bb, 0x82c72083, 0x82c7204b, 0x82c720a3, 0x80c72427, 0x82c70000, 0xd8c721e3, 0x1b820782, 
	0x7f82c820, 0x4b82c820, 0x00f8c825, 0x8218c900, 0x82442003, 0x209f8203, 0x204382c9, 0x212782c9, 0x0f82c4c9, 0xca202782, 0xca20af82, 0xca24bf82, 
	0xca000050, 0xcb20af82, 0xcb205b82, 0xcc201782, 0xcc205b82, 0xcc205b82, 0xcc205b82, 0xcd205b82, 0xce24ab82, 0xce0000a0, 0xcf203782, 0xcf204782, 
	0xcf200f82, 0xcf24e782, 0xcf0000b8, 0xd025a382, 0xd0000000, 0x20038224, 0x82038248, 0x90d021af, 0xb4200782, 0x8f820382, 0x5b82d220, 0xd382d220, 
	0xff82d220, 0x9782d220, 0x2c82d220, 0x00fcd225, 0x821cd300, 0x823c2003, 0x20638203, 0x206382d3, 0x245f82d3, 0x0000c0d3, 0x212382d5, 0x0782d4d5, 
	0x0000f823, 0x212382d6, 0x078234d6, 0x03825820, 0xd6207382, 0xd7202382, 0xd7207f82, 0xd7200b82, 0xd7207f82, 0xd7206382, 0xd7206382, 0xd8244f82, 
	0xd8000020, 0xd820e782, 0xd8206b82, 0xd8206b82, 0xd9244782, 0xd900004c, 0xd9202f82, 0xd920db82, 0xd9202f82, 0xd920af82, 0xd920af82, 0xda202f82, 
	0xda20e382, 0xda20e382, 0xda207f82, 0xda251f82, 0xda000084, 0x200382a8, 0x230382cc, 0xdb0000e4, 0xdb204782, 0xdb214782, 0x200b82a4, 0x820382bc, 
	0x82db2093, 0x82dc2093, 0x40dc2493, 0x82dc0000, 0x82dc2093, 0x82dc2087, 0xacdc2157, 0xd7820f82, 0x00f4dc25, 0x8218dd00, 0x21d78203, 0x078260dd, 
	0xdd205382, 0xdd205382, 0xdd205382, 0xde205382, 0xde254782, 0xdf0000e0, 0x20038204, 0x82038224, 0x82df20af, 0x82df209f, 0x82df2027, 0x82df20af, 
	0xf0df2543, 0x10e00000, 0xf7820382, 0x8254e021, 0x209b8207, 0x206382e0, 0x20eb82e0, 0x202782e1, 0x204f82e1, 0x208b82e2, 0x208b82e2, 0x202782e3, 
	0x202782e3, 0x208b82e3, 0x288b82e3, 0x0000c8e4, 0x0000ece4, 0x211782e5, 0x078228e5, 0xe521ff82, 0x20078270, 0x20038288, 0x820382a0, 0x82e520ff, 
	0x00e624ff, 0x82e60000, 0x82e7207f, 0x82e720a7, 0x78e72563, 0x90e70000, 0x83820382, 0x8382e720, 0x00fce725, 0x8220e800, 0x82382003, 0x248f8203, 
	0x0000d8e9, 0x250782e9, 0x000008ea, 0x03822cea, 0x03825020, 0xea219782, 0x82078298, 0x82ea20d3, 0x82eb20d3, 0x82eb20d3, 0x82eb2073, 0x82eb2073, 
	0x82ec2073, 0x5cec25db, 0x80ec0000, 0xa4200382, 0x9b820382, 0x9b82ec20, 0x9b82ed20, 0x6782ed20, 0xc382ed20, 0x0f82ed20, 0x0f82ee20, 0xc382ee20, 
	0xc382ee20, 0xc382ee20, 0xa782ee20, 0x00c4ee29, 0x00e8ee00, 0x820cef00, 0x82302003, 0x20a38203, 0x21a382ef, 0x0b829cef, 0x0382c020, 0xef208f82, 
	0xf020a382, 0xf020a382, 0xf0256782, 0xf0000068, 0x8203828c, 0x82f12067, 0x82f1202b, 0x82f2203b, 0x82f320f3, 0x82f3208f, 0x6cf3280f, 0x84f30000, 
	0x82f40000, 0x82f520e3, 0x82f5202b, 0x82f5204b, 0xacf5241f, 0x82f50000, 0x82f620bf, 0x82f7208b, 0x82f8205b, 0xf8f824d3, 0x82f90000, 0xe4f921e7, 
	0xf4230782, 0x82fa0000, 0x82fa20bf, 0x82fb2057, 0x82fb209f, 0x82fb20af, 0x82fc2077, 0x82fc2077, 0x82fd2033, 0x3cfe253f, 0x60fe0000, 0x5f820382, 
	0x8294fe21, 0x00b82307, 0x5b82ff00, 0x8298ff21, 0x82a82007, 0x00b82403, 0x82300001, 0x82402003, 0x82502003, 0x82602003, 0x00ec2403, 0x82100101, 
	0x00342403, 0x826c0201, 0x827c2003, 0x00f82703, 0x00980301, 0x2b820401, 0x00d00425, 0x82ac0501, 0x00c42b03, 0x00580601, 0x002c0701, 0x07820801, 
	0x00f40824, 0x27820901, 0x1f820a20, 0x00680b24, 0x0f820b01, 0x00b40c24, 0x57820d01, 0x53820d20, 0x00fc0d28, 0x008c0e01, 0x2f820f01, 0x23820f20, 
	0x23821020, 0x00781028, 0x00881001, 0x57821101, 0x5f821120, 0x00001224, 0x7b821201, 0x82201221, 0x20138207, 0x20978212, 0x203f8212, 0x21978212, 
	0x13827012, 0x03828020, 0x0382a420, 0x12205782, 0x12217f82, 0x200b82d4, 0x820382e4, 0x0413256b, 0x14130100, 0x24200382, 0xbb820382, 0x82441321, 
	0x82542007, 0x82642003, 0x00742403, 0x82481401, 0x00e82303, 0x47821501, 0x27821620, 0xc3821620, 0x005c1728, 0x00841801, 0x0f821901, 0x0f821920, 
	0x00381a24, 0x07821a01, 0x0f821b20, 0x57821b20, 0x9f821c20, 0xd3821c20, 0x00b01d24, 0xaf821e01, 0x3f821e20, 0x00941f24, 0x1f822001, 0x82902021, 
	0x24778207, 0x01006c21, 0x25078221, 0x01007c22, 0x03822c23, 0x2320b382, 0x23207782, 0x23202f82, 0x27821383, 0xb3822320, 0x82b82321, 0x00cc231b, 
	0xdb822401, 0x9f822420, 0x8f822420, 0x7f822420, 0x8f822420, 0x83822420, 0xff822420, 0x7b822420, 0x82c02421, 0x20d78223, 0x256b8224, 0x0100fc24, 
	0x03821025, 0x25213382, 0x82078230, 0x582521d3, 0x83820782, 0x00c82525, 0x820c2601, 0x20478203, 0x240f8226, 0x0100d826, 0x20fb8227, 0x24778227, 
	0x0100ec27, 0x20f78228, 0x20c38228, 0x24638229, 0x01009c29, 0x20538229, 0x209b822a, 0x208b822a, 0x294f822b, 0x01008c2b, 0x0100f02b, 0x03824c2c, 
	0x0382a020, 0x2d243382, 0x2d010028, 0x2d203782, 0x2e20a782, 0x2e20cb82, 0x2e209782, 0x2f293782, 0x2f010050, 0x300100c4, 0x82038218, 0x82302023, 
	0xb4302143, 0xf4240b82, 0x04310100, 0x83820382, 0x2b823120, 0x00083224, 0x23823201, 0x8f823220, 0x23823220, 0x9f823320, 0x001c3324, 0x83823301, 
	0x826c3321, 0x827c2007, 0x21e78203, 0x0782a833, 0x0382b820, 0x0382d020, 0x0382e020, 0x34208782, 0x34208782, 0x3420ff82, 0x35258782, 0x35010000, 
	0x82038214, 0x8235206b, 0x8235205b, 0x82362023, 0x8237203b, 0x82382063, 0xe838244b, 0x82390100, 0x103a240f, 0x823a0100, 0x823b2007, 0x823b2083, 
	0x823b20b7, 0x823c203b, 0x343d241f, 0x823d0100, 0x823e20fb, 0x243f246b, 0x823f0100, 0x54402467, 0x82410100, 0x82412027, 0x88422413, 0x82430100, 
	0x824320d3, 0x824420db, 0xb044242b, 0x82450100, 0x824520bb, 0x82462027, 0x824620a7, 0x38472407, 0x82480100, 0x824820bf, 0x8249201b, 0xf849245b, 
	0x824a0100, 0x2c4b28f3, 0xcc4b0100, 0x824c0100, 0x9c4c21af, 0xf4240782, 0x444d0100, 0x80200382, 0xf3820382, 0x00c84d24, 0x97824e01, 0x82304e21, 
	0x82682007, 0x82782003, 0x00942303, 0xd3824f01, 0x5b824f20, 0x7b824f20, 0xd3825020, 0x003c5125, 0x82585101, 0x20f38203, 0x241b8252, 0x01001852, 
	0x20338252, 0x20978252, 0x204b8252, 0x20838252, 0x20e78252, 0x20878253, 0x20138253, 0x24438253, 0x0100d853, 0x206f8253, 0x255f8254, 0x01002854, 
	0x03824054, 0x54205382, 0x5520d382, 0x55204382, 0x56200b82, 0x56204382, 0x5724ab82, 0x57010014, 0x57201f82, 0x57201382, 0x57201f82, 0x5720bb82, 
	0x58245382, 0x58010004, 0x58215382, 0x20078254, 0x23038270, 0x590100b8, 0x59203382, 0x5921ab82, 0x820b8284, 0xd4592467, 0x825a0100, 0x825a20fb, 
	0x605a2163, 0xa3820b82, 0x00bc5a25, 0x82085b01, 0x82242003, 0x82342003, 0x828c2003, 0x82dc2003, 0x206b8203, 0x286b825c, 0x01007c5c, 0x0100e45c, 
	0x2487825d, 0x01001c5d, 0x2467825e, 0x0100ec5e, 0x2033825f, 0x2033825f, 0x2057825f, 0x240b8260, 0x0100a460, 0x204f8261, 0x20238262, 0x208f8263, 
	0x24278265, 0x01002065, 0x20e38266, 0x20978268, 0x24278269, 0x01005c6a, 0x2017826c, 0x20bf826d, 0x24f3826d, 0x0100806e, 0x24c3826f, 0x01004471, 
	0x20978272, 0x20378272, 0x24ab8273, 0x01006474, 0x20178275, 0x20db8276, 0x20278277, 0x24ab8279, 0x0100f47a, 0x2007827c, 0x24df827d, 0x0100fc7d, 
	0x208f827f, 0x20c78280, 0x205b8280, 0x20238280, 0x20b78281, 0x240f8282, 0x0100e482, 0x24778284, 0x0100e084, 0x205f8286, 0x255b8287, 0x0100c887, 
	0x03821888, 0x89204382, 0x8a202b82, 0x8a209382, 0x8b24c382, 0x8b010090, 0x8c200782, 0x8d201f82, 0x8d247382, 0x8d010074, 0x8d207f82, 0x8d20ab82, 
	0x8d20cf82, 0x8d217f82, 0x201382c4, 0x820382d4, 0x828d2057, 0x588f253f, 0x688f0100, 0x78200382, 0x88200382, 0xa7820382, 0x82a88f21, 0x82b82007, 
	0x20478203, 0x215f828f, 0x0b82e88f, 0x0100f824, 0x03820890, 0x90247782, 0x910100bc, 0x93201b82, 0x94253782, 0x9501005c, 0x8203821c, 0x82962027, 
	0x8297207f, 0x82982017, 0x829a2073, 0x829b2057, 0xf09b242f, 0x829c0100, 0x829c207f, 0x829d2043, 0x829e201b, 0x249f2483, 0x829f0100, 0x82a02087, 
	0xcca0243f, 0x82a10100, 0x82a2209b, 0x82a220af, 0x82a220af, 0x82a2203b, 0x83a2202f, 0x202b8213, 0x202782a2, 0x20af82a2, 0x20af82a2, 0x20af82a2, 
	0x25df82a4, 0x0100fca4, 0x03820ca5, 0xa5207782, 0xa5202f82, 0xa5202f82, 0xa5202f82, 0xa5202f82, 0xa5202f82, 0xa5202f82, 0xa5202f82, 0xa6242f82, 
	0xa6010004, 0xa6216f82, 0x82078244, 0x82a62063, 0x82a6202f, 0x82a6202b, 0x82a62027, 0x82a72023, 0x82a7201f, 0x82a7201f, 0x82a7201f, 0x82a7201f, 
	0x82a7201f, 0x82a7201f, 0x82a7201f, 0x82a8201f, 0x82a8201f, 0x82a8201f, 0x82a8201f, 0x82a8201f, 0x82a8201f, 0x82a8201f, 0x82a8201f, 0x82a9201f, 
	0x82a9201f, 0x82a9201f, 0x82a9201f, 0x82a9201f, 0x82a9201f, 0x82a9201f, 0x4caa281f, 0x9caa0100, 0x82ab0100, 0x40ac24e7, 0x82ac0100, 0x82ad209f, 
	0xdcad2527, 0x2cae0100, 0x9f820382, 0x0088af25, 0x8298af01, 0x82a82003, 0x82b82003, 0x82c82003, 0x82d82003, 0x82e82003, 0x00f82403, 0x8208b001, 
	0x82182003, 0x82282003, 0x214f8203, 0x07825cb0, 0x03828c20, 0x0382bc20, 0x0100ec24, 0x03821cb1, 0xb1211782, 0x2007827c, 0x820382ac, 0x0cb2255b, 
	0x3cb20100, 0x74200382, 0x4f820382, 0x0000b325, 0x8270b301, 0x20638203, 0x204b82b4, 0x280b82b4, 0x010054b5, 0x0100ccb5, 0x207b82b6, 0x24c782b6, 
	0x010010b7, 0x203382b7, 0x2d0f82b7, 0x0100f0b7, 0x010034b8, 0x010030b9, 0x038280ba, 0xbb208f82, 0xbc200b82, 0xbc203b82, 0xbd245f82, 0xbd010060, 
	0xbe206b82, 0xbf202b82, 0xbf201382, 0xbf249b82, 0xc00100fc, 0xc1250f82, 0xc1010048, 0x82038258, 0x82c120f3, 0x82c220bf, 0x84c324d3, 0x82c40100, 
	0x82c6206b, 0x82c720f3, 0x82c82063, 0x82c9206b, 0x82ca20af, 0x20cc2c4b, 0x40cd0100, 0x64ce0100, 0x82cf0100, 0x94d02d07, 0xb4d10100, 0x38d30100, 
	0x04d40100, 0x53820382, 0x0078d528, 0x0090d601, 0x8b82d701, 0xff82d820, 0x4382d920, 0x3b82d920, 0xff82da20, 0xdf82db20, 0xef82dd20, 0x2f82de20, 
	0x3782df20, 0x00e8e024, 0x8b82e101, 0x4f82e320, 0xc782e420, 0x2782e620, 0x1782e720, 0xe382e820, 0x0b82e920, 0x0024eb28, 0x0014ec01, 0x4782ed01, 
	0x3382ee20, 0x00a0ef30, 0x0088f001, 0x00bcf101, 0x00e0f201, 0xbf82f401, 0x5782f520, 0x3382f620, 0x00d4f624, 0x0b82f601, 0x8782f720, 0xd382f720, 
	0x00a4f724, 0x4782f701, 0xb382f820, 0x0074f828, 0x00c4f801, 0xff82f901, 0x826cf921, 0x00d02307, 0x0b82fa01, 0x9b82fa20, 0xa782fa20, 0x5782fa20, 
	0x7f82fa20, 0x2b82fb20, 0xc382fb20, 0x2b82fb20, 0x9b82fb20, 0xab82fc20, 0x0034fc24, 0x4f82fc01, 0x7782fc20, 0x7782fc20, 0x0008fd24, 0x7782fd01, 
	0x8268fd21, 0x21138207, 0x0782b0fd, 0xfe257b82, 0xfe010000, 0x8203822c, 0x82fe20ff, 0x82ff208f, 0x83ff2027, 0x00f82807, 0x00900002, 0x82000102, 
	0x85cc2003, 0xd6052503, 0x37000500, 0xbd3d3082, 0x0300ee02, 0x09000600, 0x0f000c00, 0x33403600, 0x0a0b0c0f, 0x07070809, 0x4c010203, 0x2f318200, 
	0x67020003, 0x01010300, 0x03005703, 0x045f0103, 0x49080982, 0x00004f01, 0x05060d0e, 0x03000300, 0x17060511, 0x2111332b, 0x21130311, 0x01031303, 
	0x21030311, 0x86013703, 0xd4fe96c3, 0x0196960f, 0x01a5964a, 0xee02962c, 0x960112fd, 0x70fd3801, 0x39013901, 0x72028efd, 0xa9fec7fe, 0x60823801, 
	0x21269b82, 0xcd020000, 0x7f829902, 0x35001227, 0x01123240, 0x2a5e8204, 0x0106090a, 0x02020106, 0x8204004c, 0x020422b2, 0x222b8268, 0x82054d54, 
	0x55012796, 0x00004e01, 0x2f821011, 0x130f3b08, 0x0b061313, 0x35332b19, 0x13330137, 0x35231517, 0x07232737, 0x33131517, 0x01402127, 0x43fc2d00, 
	0xf34b58f8, 0xc60d544a, 0x02211063, 0x249bfd68, 0xb9221010, 0x011022b9, 0x4f82f622, 0x4120c082, 0x5e377b82, 0x14009402, 0x25001c00, 0x50405300, 
	0x00020104, 0x02030103, 0x8204010d, 0x8205206b, 0x05012def, 0x03004c05, 0x05040108, 0x07670403, 0x00219282, 0x278b845f, 0x01050500, 0x0101065f, 
	0x1e318f83, 0x0015161d, 0x1d1f2100, 0x19251e25, 0x161c1517, 0x2451821c, 0x0b092513, 0x2a9b8317, 0x33352711, 0x15161632, 0x84070614, 0x23062c05, 
	0x33152303, 0x34353632, 0x84112303, 0x26940807, 0xfd505041, 0x443c6843, 0x45645940, 0x3c2e4c78, 0x77504742, 0x5a4f6962, 0x0228105b, 0x21102824, 
	0x55333241, 0x43570c12, 0x02325737, 0x373ded5d, 0xfedcfe79, 0x443948fe, 0x0001003d, 0x02f6ff46, 0x009e027a, 0x40450024, 0x03010d42, 0x00012101, 
	0x004c0204, 0x03050302, 0x00800502, 0x05030405, 0x03007e04, 0x00610103, 0x4d5a0101, 0x00040400, 0x00010661, 0x4e005b00, 0x1f200001, 0x12141a1c, 
	0x080a0e0f, 0x24012400, 0x2b160b07, 0x26262205, 0x023e3435, 0x172db383, 0x26272317, 0x06222326, 0x16141506, 0x08ab8216, 0x33373765, 0x01020e07, 
	0x50946690, 0x467d5f37, 0x1b384632, 0x263d1205, 0x71482439, 0x416b3f41, 0x3c1d4b37, 0x3d1d0b11, 0x91540a4e, 0x6481475d, 0x0d160d3a, 0x181b7aaf, 
	0x5f517e47, 0x131f4787, 0x170e9f6b, 0x0002000c, 0x02000041, 0x009402c1, 0x001a000f, 0x0438403b, 0x03000201, 0x02030202, 0x03010101, 0x41054c03, 
	0x75420a65, 0x55012d06, 0x10114e01, 0x12140000, 0x1a111a10, 0x0e223782, 0x5d410625, 0x32212808, 0x14151616, 0x4123020e, 0x3638054f, 0x26263435, 
	0x01505041, 0x519b6f25, 0x4c816035, 0x51736410, 0x7b403f74, 0x32054c41, 0x4e56884e, 0x02366183, 0x43dafd5d, 0x7c54547b, 0x84010044, 0x8246208f, 
	0x0017248f, 0x841240a2, 0x8201208d, 0x01280883, 0x01010807, 0x4c040709, 0x500ab04b, 0x00364058, 0x02040201, 0x08007201, 0x08070705, 0x00030072, 
	0x06030506, 0x02020067, 0x35091242, 0x04005f04, 0x004d5704, 0x60090707, 0x0909010a, 0x1b4e0955, 0x38853840, 0x83800421, 0x08052339, 0x3aa78007, 
	0x12405929, 0x17000000, 0x86111700, 0x0b153300, 0x332b1f0b, 0x27113735, 0x23152135, 0x33152327, 0x07833337, 0x82211121, 0x2df28307, 0xf13e10e9, 
	0x101032aa, 0x0d01aa32, 0xf085103e, 0xed75ac29, 0xfe51db53, 0x82b67ffe, 0x20eb854c, 0x29eb8220, 0x40860015, 0x02010411, 0xeb820300, 0x02131427, 
	0x05070401, 0x20ea8603, 0x9cb1852a, 0x010825e3, 0x07550707, 0x2b20de82, 0x1141de88, 0x222d861a, 0x82104059, 0x00152284, 0x23d08515, 0x1d0b0915, 
	0x1721cf94, 0x24cd8315, 0xe73e10df, 0x21cd83a0, 0xca8c5aa0, 0x8328ff21, 0x06fb4245, 0x9e02ce35, 0x4a002700, 0x010d4740, 0x24250103, 0x1e1f2023, 
	0x43050406, 0x22212800, 0x08004321, 0x27012722, 0x08210043, 0x35273549, 0x15071533, 0x93010606, 0x37579660, 0x35498163, 0x051c3b49, 0x3b2a4110, 
	0x44784d26, 0x214c7c49, 0xf859213d, 0x0a872e45, 0x4d5d9154, 0x0c366182, 0x70a50e16, 0x7543161d, 0x4a8d634a, 0x28a50d08, 0x9d2b1010, 0x42002e26, 
	0x20080677, 0x009402e9, 0x403f001b, 0x0c0f103c, 0x0407080b, 0x00010803, 0x1516191a, 0x01021112, 0x02040308, 0x0827824c, 0x01030420, 0x01026804, 
	0x4d540000, 0x03020506, 0x4e035503, 0x1b000000, 0x15131b00, 0x07151313, 0x44411b0b, 0x20998306, 0x27a18521, 0x23151711, 0x21113735, 0x41260782, 
	0x50fa5050, 0x04825401, 0xfe220282, 0x4b4150ac, 0x28102305, 0x8a82ecec, 0xdcfd2822, 0x01250583, 0x28fffe01, 0x20938310, 0x20048246, 0x26938240, 
	0x4026000b, 0x83090a23, 0x23888291, 0x4c010001, 0x54227282, 0xf244024d, 0x240b8205, 0x150b000b, 0x08844303, 0x6a827a82, 0x6a834620, 0x5a836088, 
	0x01252882, 0x52ff0c00, 0x20538301, 0x2c538315, 0x0a0b0e0f, 0x07030607, 0x4c010100, 0x21578202, 0x09828600, 0x4e015429, 0x0c0d0001, 0x82011500, 
	0x2b162e53, 0x35262217, 0x17373734, 0x27113536, 0x2b5a8335, 0x06070614, 0x17133606, 0x29560704, 0x2b2ec582, 0xae2c2626, 0x11050e12, 0x6e2d0f1f, 
	0xc1832902, 0x8294fe26, 0x1e2b2ca7, 0x5f446f82, 0x84c02005, 0x001729c3, 0x152e4031, 0x0d0e1113, 0x0d20ca87, 0x77837282, 0x4d540026, 0x01020403, 
	0x25054f46, 0x0f101617, 0xd0820b00, 0xd08e0520, 0x84010321, 0x0101257f, 0x41231517, 0x4f2bdc84, 0xd2471501, 0x01f9fe3e, 0x41903d3c, 0xe8830749, 
	0x0152012d, 0x10102210, 0xfefefe18, 0x82101ac0, 0x01002786, 0x00004100, 0x87823202, 0x39000d27, 0x07083640, 0x20708204, 0x82728200, 0x01032502, 
	0x02004c03, 0x022e2282, 0x00008001, 0x004d5400, 0x60030101, 0xdb410104, 0x000d2607, 0x1513110d, 0x05dd4605, 0x35271127, 0x11071521, 0x06e44333, 
	0xf35a0423, 0x06db4344, 0xfd281025, 0x82dea7db, 0x00012640, 0x03fbff3c, 0x2e6b8283, 0x40530018, 0x15161714, 0x0d101112, 0x820a0b0c, 0x01022274, 
	0x2969820f, 0x2db04b4c, 0x0f405850, 0x6e830101, 0x0304052b, 0x55020203, 0x401b4e02, 0x20118713, 0x21108202, 0x8184004d, 0x0d405922, 0x18365482, 
	0x15141800, 0x0b061512, 0x35332b1a, 0x35271337, 0x33131333, 0x6a470715, 0x03230805, 0x03032303, 0x4f3c1517, 0xe7b95615, 0x1154b0e6, 0x0a4ae646, 
	0x0deb2def, 0x02281051, 0xfd102923, 0x821402ec, 0x28dc2d9e, 0x01271010, 0x02d7fded, 0x271afe22, 0x82061741, 0xe30221ab, 0x1322ab82, 0x95856700, 
	0xad841120, 0x26066c42, 0x0100020c, 0x8d401b4c, 0x82032013, 0x85592013, 0x850e202c, 0x820420b0, 0x20c185c0, 0x20108612, 0x21bb8201, 0xd684004d, 
	0x0c405922, 0x1324c082, 0x14131300, 0x210a4541, 0x4e420133, 0x01232206, 0x2bba8211, 0x01934f50, 0x4ff9647e, 0x6463fe25, 0x2227b482, 0x20fe102a, 
	0x8226aa01, 0x9efd25b0, 0x33fe0902, 0x0230ae82, 0xf6ff4600, 0x9e02e102, 0x23001300, 0x2a402d00, 0x26094847, 0x02020105, 0x47046100, 0x15370549, 
	0x1d000114, 0x1523141b, 0x00090b23, 0x06130113, 0x052b160b, 0x47022e22, 0x1e2b0549, 0x0e141502, 0x36322702, 0x47343536, 0x012b094f, 0x5a794893, 
	0x795a3232, 0x837a4848, 0x7a2a0807, 0x37614033, 0x40477344, 0x75453863, 0x7d5b330a, 0x5b7c4a49, 0x7c5b3333, 0x5b7d494a, 0x74403233, 0x5090624f, 
	0x614f743f, 0x43475092, 0x4a270806, 0x11009402, 0x41001a00, 0x01043e40, 0x01030003, 0x0f100304, 0x02040102, 0x004c0301, 0x02010004, 0x06690104, 
	0x46030301, 0xb18306a0, 0x4e02552c, 0x00001213, 0x1a121416, 0x3c821a13, 0x25251125, 0x44180b07, 0x212b063f, 0x14151632, 0x23230606, 0x48151715, 
	0x012b0b9c, 0x4b8f7604, 0x5a425280, 0x48554e0c, 0x562f0895, 0x3256365d, 0x021028eb, 0x47fdfe5d, 0x823e4638, 0xff463a93, 0x0227036b, 0x0020009e, 
	0x40460030, 0x01011643, 0x03011d04, 0x00011e01, 0x21908203, 0x07820603, 0x65002d08, 0x02050500, 0x02020061, 0x01074d5a, 0x61010404, 0x5b010100, 
	0x21224e01, 0x282a0001, 0x30223021, 0x0c0e191b, 0x20000405, 0x0b082001, 0x20058e48, 0x0b474127, 0x0706062c, 0x3233021e, 0x06153736, 0x51412506, 
	0xaa02280e, 0x4a6c5427, 0x41508a59, 0x3c2d0754, 0x5439476b, 0x20152146, 0xfe40170b, 0x0a5e41d8, 0x3c149527, 0x945b063c, 0x0761415e, 0x5d85512c, 
	0x16342c14, 0x0c100405, 0x6941bd0f, 0x8200200c, 0x824120d7, 0x9a230804, 0x15009402, 0x48001e00, 0x01044540, 0x01030004, 0x010c0405, 0x13140502, 
	0x0501020e, 0x4c040201, 0x82000500, 0x67022209, 0x41d58207, 0x06200670, 0x2906b04a, 0x00001617, 0x1e16181a, 0x42821e17, 0x18111524, 0xd8430825, 
	0x16322a09, 0x07061415, 0x23151713, 0x05764103, 0x35051b4a, 0x50504126, 0x79690201, 0x42be3f4c, 0x4b5dc290, 0x3f47410a, 0x70445153, 0x4c573305, 
	0xfe175938, 0x011024eb, 0x1029f62f, 0x47f75d02, 0xa2823837, 0x3c00013b, 0xdc01f6ff, 0x30009e02, 0x42404500, 0x0305011c, 0x02000103, 0x04004c02, 
	0x22ad8205, 0x82008001, 0x02012caf, 0x0505007e, 0x03006103, 0x824d5a03, 0x0a0b4a1c, 0x1e21232e, 0x0a181a1d, 0x00040508, 0x07300130, 0x2c057c41, 
	0x17332727, 0x32331616, 0x26343536, 0x08884126, 0x194a1620, 0x14152308, 0xde421716, 0x01670805, 0x2f563d08, 0x2431100a, 0x433b2344, 0x2f324927, 
	0x39212242, 0x4e2f2647, 0x2e100a28, 0x2c223423, 0x3d423e39, 0x3f28264e, 0x17170a4a, 0x1b1e6aa4, 0x322c353e, 0x2e181927, 0x41222e3d, 0x14161f35, 
	0x171a69a0, 0x39332c3c, 0x42341d20, 0x30472f33, 0x00000018, 0x002d0001, 0x02750200, 0x000f0094, 0x0e324035, 0x8201020d, 0x4c012ccc, 0x00010103, 
	0x05010005, 0x82010480, 0x825f201f, 0x4d5428c8, 0x05050106, 0x824e0555, 0x000f2335, 0x0082110f, 0x19471320, 0x07232207, 0x05304923, 0x15171139, 
	0x44a364c0, 0x10480210, 0x1064a344, 0x93250228, 0xfd93caca, 0x821028db, 0x00012635, 0x02f6ff41, 0x2f6b82e8, 0x4031001d, 0x1518192e, 0x06090a14, 
	0x01020805, 0x01216f84, 0x052f4154, 0x2c06f143, 0x16170001, 0x07080e10, 0x1d011d00, 0x052b4105, 0xad462620, 0x16162408, 0x46363233, 0x30080abc, 
	0x4a950106, 0xfa504476, 0x37593450, 0x642d4b2c, 0x75444ff9, 0x5d75380a, 0x10285c01, 0xb3fe2810, 0x262a6253, 0x72014353, 0x27101026, 0x755da3fe, 
	0x278e8238, 0x23000100, 0xc102fbff, 0x11308f82, 0x24402700, 0x080a0c0f, 0x07020506, 0x4c010002, 0x2505f044, 0x02020103, 0xf0830255, 0x11001133, 
	0x0b041319, 0x03052b18, 0x15333527, 0x33131507, 0x05074813, 0x01012108, 0xfa45fc64, 0xba05bb56, 0xfe39d252, 0x660205ff, 0x25101023, 0x0136fe05, 
	0x102204ce, 0x95fd1e10, 0x0f326782, 0xc603fbff, 0x17009902, 0x0e404d00, 0x0d0e1115, 0x6982070b, 0x82030921, 0x05724569, 0x01020f23, 0x05364602, 
	0x27057d48, 0x0013401b, 0x4d540101, 0x21059348, 0x15850405, 0x29053546, 0x13170017, 0x06131515, 0x8d871a0b, 0x33208c82, 0x99840382, 0x82230321, 
	0x12013801, 0x55fe4bb8, 0x25ad057d, 0x557b06b1, 0x23ba43dd, 0x05b605b6, 0x82246502, 0x4ffe289a, 0x15feeb01, 0x8226b001, 0x9cfd260b, 0x16feea01, 
	0x23008200, 0x00230001, 0x3505334c, 0x4032001f, 0x1b1c1e2f, 0x13151819, 0x0b0c0e11, 0x03050809, 0x14411001, 0x46042009, 0x34820616, 0x1f001f25, 
	0x47161816, 0x13200644, 0x21061941, 0x18413717, 0x46032005, 0x200805c6, 0x15072735, 0x49231517, 0xfa3fcfd4, 0x4ca6a050, 0xddcb3fd2, 0xaa49ff46, 
	0x251051ae, 0x18011401, 0x24868223, 0x04d4d305, 0x2e078225, 0xddfefbfe, 0x24101027, 0x04e5e504, 0x85001024, 0x02ab2a93, 0x00160094, 0x152a402d, 
	0x228f8814, 0x410d0102, 0x162113a5, 0x208e8200, 0x056d4504, 0x8e8f3520, 0xe4388582, 0xf23dde5a, 0x49a1b349, 0x5ad340d4, 0x01fc2810, 0x1010212f, 
	0xf2f30423, 0x10266d82, 0xfdd2fe21, 0xd5821028, 0x5a247782, 0x2c020000, 0x0d2d7782, 0x0a407000, 0x02000108, 0x03050101, 0x06bc4b02, 0x20822320, 
	0x01000429, 0x03040072, 0x82700403, 0x43022030, 0x0024051e, 0x60050303, 0x22062343, 0x8525401b, 0x80042125, 0x02822682, 0x27957e20, 0x0e405922, 
	0x0d271882, 0x12110d00, 0x43121111, 0x0120054e, 0x08054d43, 0x3721012a, 0x015a1533, 0x103efb55, 0xaafebb01, 0x103e1301, 0x7f440219, 0xbcfd19b6, 
	0xffffc089, 0x00002100, 0x5e03cd02, 0x09002602, 0x07264282, 0x2901ed03, 0x17920000, 0xc801ef22, 0xf1221794, 0x178a7801, 0x47884820, 0x178cf520, 
	0x17884320, 0x178cf720, 0x17882e20, 0x178cf920, 0xfb208f89, 0x6c20178c, 0xfd202f88, 0x0421178b, 0x21178621, 0x17840327, 0x03070122, 0xc32aaf83, 
	0x04b10800, 0xb0c3b001, 0xa3852b35, 0x022cff25, 0x869902cd, 0x0407222b, 0x2543830a, 0x21000200, 0x178310ff, 0x24002e08, 0x45002700, 0x01274240, 
	0x1b200507, 0x13141718, 0x06030206, 0x03020001, 0x0001084c, 0x07004b01, 0x07020300, 0x05006803, 0x064d5405, 0x05874904, 0x0100002a, 0x01010061, 
	0x134e015f, 0x15380083, 0x0b082226, 0x14052b1e, 0x36323316, 0x06153337, 0x26222306, 0x37363435, 0x8207f550, 0x05055107, 0x0106063a, 0x3b022733, 
	0x1a0b1f22, 0x2b0d030d, 0x30382b1d, 0x4b587a26, 0xd8544af3, 0x33051551, 0xfe161864, 0x8263c6cb, 0x07051f22, 0x3018150c, 0x2c482428, 0x51051851, 
	0x26240726, 0xf687013f, 0x2311ab41, 0x3b010704, 0x2113ab41, 0x4b410504, 0x41ce200c, 0x06240607, 0x007e3704, 0x42091f41, 0x2722080b, 0x2f83fb03, 
	0x27410020, 0x89678806, 0x87392037, 0x00002537, 0xe603cd02, 0x3b204f88, 0xf320178c, 0x3d201788, 0xb420178c, 0x2f201788, 0xf1207f96, 0x37897f94, 
	0x4f8b3120, 0x881b0421, 0x8c33204f, 0x88f92067, 0x8c352017, 0x426b2017, 0x03230807, 0x82008301, 0x1c003ec2, 0x90030000, 0x1d009402, 0xb1002000, 
	0x01201140, 0x01150201, 0x191c0807, 0x09041418, 0x07754f07, 0x60503d20, 0x030c2911, 0x0c006706, 0x570c0505, 0x23096650, 0x0505010a, 0x200b6750, 
	0x0767500b, 0x67503f20, 0x2a41aa13, 0x1f144059, 0x171a1b1e, 0x4f121316, 0x1127059e, 0x0b0d1011, 0x50012b1f, 0x2131116b, 0x23353735, 0x23151707, 
	0x33373735, 0x01d00111, 0x0c7850a4, 0x50fbfd2b, 0xd7506dcb, 0x02aad540, 0x097e5094, 0xb328102c, 0x101022b9, 0x2001f121, 0x1341ffff, 0x5e033705, 
	0x3b002602, 0x07000000, 0x6702ef03, 0xffff0000, 0xf6ff4600, 0x17847a02, 0x17850b20, 0x94d50121, 0x01f12217, 0x20179485, 0x20178cf3, 0x845f824e, 
	0x01042147, 0x00211783, 0x085f8201, 0x7a021031, 0x39009e02, 0x5e406100, 0x02040114, 0x05010128, 0x03062d36, 0x4c030100, 0x01000135, 0x0403004b, 
	0x06030406, 0x05060080, 0x7e050604, 0x4a040400, 0x380806af, 0x01050500, 0x01010761, 0x094d5b01, 0x08000001, 0x08080061, 0x014e085f, 0x2c323400, 
	0x2326272b, 0x16191b21, 0x080f1115, 0x01390007, 0x160b0a39, 0x3632052b, 0x27263435, 0x07bf4a37, 0x37491620, 0x0d515309, 0x1a540720, 0x22233005, 
	0x16333527, 0x1e7f0116, 0x2b3b2a18, 0x534a8b60, 0x1c3f1964, 0x1433483a, 0x2f322e39, 0x0e031a39, 0x1017d21d, 0x5d131b16, 0x5a8e5505, 0x3a648147, 
	0x530e150d, 0x15300e76, 0x122d010d, 0x3124282a, 0x06060c1e, 0x02000000, 0x08050741, 0x005e0375, 0x003e0004, 0x03744077, 0x20000101, 0x34050701, 
	0x39080401, 0x03030812, 0x074c0404, 0x4b010301, 0x00010000, 0x01010b85, 0x00850105, 0x07090706, 0x00800906, 0x09070809, 0x07007e08, 0x00610507, 
	0x4d5a0505, 0x04080800, 0x04010a61, 0x004d5b04, 0x61020303, 0x0202010c, 0x064e025f, 0x38000005, 0x2f323337, 0x2225272d, 0x141b1d21, 0x050b0d13, 
	0x823e063e, 0x11042b73, 0x2b170b0d, 0x15333701, 0xf4851307, 0x2b413320, 0x8001252e, 0x02a4654d, 0x1420fd84, 0x2a292e41, 0x0e98c602, 0x1e4afc8a, 
	0x4106060c, 0x00302832, 0xffff0000, 0x00004100, 0x5e03c102, 0x0c002602, 0x07241082, 0x8401f303, 0x30086b50, 0x009402c1, 0x00220013, 0x08464049, 
	0x07020601, 0x28048201, 0x01000501, 0x04050301, 0x290d824c, 0x05000104, 0x00670001, 0x8b470606, 0x05052407, 0x4f085f03, 0x222707ed, 0x181e2021, 
	0x82141516, 0x23122443, 0x4c091311, 0x2325061c, 0x27353335, 0x08dd5435, 0x11231324, 0x414e3233, 0x15232406, 0x82504133, 0x08e35400, 0x54af3b21, 
	0x582a05e3, 0x2810af64, 0xed320501, 0xe8541028, 0x3d012a06, 0x7b43fafe, 0x447c5454, 0x22c785ee, 0x82022cff, 0x21c787af, 0xc7830a04, 0xdf82ff20, 
	0x8c52ff21, 0x87182017, 0x20f78217, 0x20f78446, 0x21f7840d, 0x0f4101ed, 0x22178b09, 0x419f01ef, 0x178b0827, 0x4f01f122, 0xf3201794, 0x4820178c, 
	0x5f858f82, 0x178cf520, 0x17884320, 0x178cf720, 0x17882e20, 0x178cf920, 0x17885e20, 0x178cfb20, 0x17874e20, 0x83010421, 0x01002f17, 0x10ff4100, 
	0x94024602, 0xd0002c00, 0xf3551b40, 0x01212a0f, 0x4c05090a, 0x010a0123, 0x05fc554b, 0x11554620, 0x08002e22, 0x0d5f0908, 0x0909020c, 0x07004d55, 
	0x2c0b8907, 0x610b0a0a, 0x5f0b0b00, 0x401b4e0b, 0x232d5547, 0x592d49a2, 0x00001840, 0x2c002c00, 0x1d1f2527, 0x09215618, 0x21560e20, 0x0623231a, 
	0x3f481506, 0x11365610, 0x16184a22, 0x550c3c48, 0xfe250c7b, 0x3f26b67f, 0x0b3a481d, 0x00ffff29, 0x022cff41, 0x41940246, 0x0a220863, 0xf3415e01, 
	0x07042313, 0x17941201, 0xab410520, 0x86b4200c, 0x04062347, 0x6b42552f, 0x425f8306, 0x27220883, 0x2f83f103, 0x04070022, 0x3789678d, 0x37873120, 
	0x02000025, 0x881b0446, 0x8b33204f, 0xf9032117, 0x35201788, 0x6b20178c, 0x0322c788, 0xaf8a5a01, 0x2f88f620, 0x2f8c4120, 0x3f201789, 0x00211783, 
	0x055b4202, 0x5e032408, 0x3d000f00, 0x1d40fc00, 0x04060114, 0x06050113, 0x0c0b0112, 0x0b0d0111, 0x0329323c, 0x4c050d0f, 0x420f0131, 0x5308075f, 
	0x01010350, 0x00850102, 0x06080605, 0x0c007205, 0x0c0b0b09, 0x11020072, 0x02040001, 0x07006900, 0x07090a00, 0x0600670a, 0x005f0406, 0x4d540404, 
	0x08090900, 0x0808005f, 0x0b004d57, 0x12600d0b, 0x0d0d0210, 0x0f004d55, 0x00610e0f, 0x0e5f0e0e, 0x52401b4e, 0x0821528b, 0x23538380, 0x800b0c09, 
	0x410854bb, 0x102d4059, 0x10000110, 0x373d103d, 0x282e3035, 0x24252627, 0x20212223, 0x1c1d1e1f, 0x18191a1b, 0x0d151617, 0x0407090c, 0x010f0003, 
	0x160b130f, 0x2622012b, 0x021e3327, 0x36363233, 0x06063337, 0xba583501, 0x46232015, 0x2d820cfe, 0x2634353a, 0x4f013727, 0x0b114140, 0x222f2313, 
	0x13242d23, 0xfe3f120b, 0x015050b1, 0x210de258, 0x034719d5, 0x1e143308, 0x303b2a18, 0x4652c602, 0x0d0d2523, 0x52462325, 0xba423afd, 0x4737200f, 
	0x17250803, 0x131b1610, 0x066f4867, 0x5e03ce2e, 0x0f002602, 0x07000000, 0x9001f103, 0x8b085748, 0x8cfb2017, 0x874e2017, 0x0104212f, 0x15241788, 
	0x9e02ce02, 0x0e201788, 0x23060f45, 0x02f6ff46, 0xf320478b, 0x2e20478c, 0xf9207788, 0x41241786, 0xe9020000, 0x10208f84, 0x95208f86, 0x2c086746, 
	0x009402e9, 0x00270023, 0x14504053, 0x052f5813, 0x01083708, 0x1e212202, 0x02191a1d, 0x08070801, 0x03054c02, 0x060b0102, 0x010a0002, 0x0a006800, 
	0x0a070800, 0x01046708, 0x4d540202, 0x0702090c, 0x4e075507, 0x26270000, 0x47822425, 0x13132324, 0x00821311, 0x0d131122, 0x46063444, 0x45580571, 
	0x3315230a, 0x49582315, 0x2103250a, 0x50412135, 0x4f580082, 0x58502007, 0x502f0551, 0xacfe5401, 0x9e012810, 0x10285432, 0x85542810, 0xfe322205, 
	0x095a5862, 0x66700122, 0x8209cb43, 0x84f782c7, 0x0a0422df, 0x26df8201, 0x4100ffff, 0x8b0210ff, 0x86162017, 0x00162617, 0x03400100, 0x202f825e, 
	0x23408211, 0x74ed0306, 0x46204785, 0x70201782, 0x072a1788, 0x1301ef03, 0xffff0000, 0x17823000, 0x178a5620, 0xc300f122, 0x2b201784, 0x5b221782, 
	0x47864803, 0xf5030722, 0x36201786, 0x50221782, 0x17884303, 0x1786f720, 0x17823e20, 0x2e034822, 0xf9201788, 0x31201786, 0x55201782, 0xfb205f8a, 
	0x8f831786, 0x4e034022, 0x04212f87, 0x31178301, 0x46000100, 0x400110ff, 0x20009402, 0x3a403d00, 0x4f59090a, 0x01152608, 0x4c020102, 0x20058217, 
	0x33d0824b, 0x04054d54, 0x55010102, 0x0202004d, 0x03006103, 0x4e035f03, 0x20251682, 0x25262000, 0x07815715, 0x2106bc56, 0xc8451517, 0x057b5914, 
	0xbc456920, 0x05885714, 0x820eb845, 0xffff215f, 0x2c209f82, 0xb7889f83, 0xcf850a20, 0x41f0ff21, 0x07290c77, 0x86000704, 0xffff0000, 0x21ff8e00, 
	0xff8c0504, 0x47886b20, 0xce000322, 0x36202f84, 0x6e224782, 0x17860704, 0x29040623, 0x287787c9, 0x02c60252, 0x00260094, 0x23108211, 0x01120007, 
	0x0c235f85, 0x410152ff, 0x122005d7, 0xd7411783, 0x41178308, 0x178505d7, 0x2a07d741, 0x0215ff41, 0x029402c0, 0x83130026, 0x0e04232f, 0xb3458101, 
	0x03322208, 0x2017825e, 0x20478614, 0x8417890e, 0x3617822f, 0xdb030701, 0xb0ff6f01, 0x01b10900, 0xb0ffb801, 0x002b35b0, 0x8300ffff, 0x87322053, 
	0x07002123, 0x62205382, 0x82083b5d, 0x15003717, 0x3e404100, 0x0d0e0f10, 0x07080b0c, 0x0b030506, 0x02040002, 0xd7590102, 0x00152522, 0x19171115, 
	0x21069252, 0x0f450735, 0x15072506, 0x15071537, 0x3305df59, 0x01504f4f, 0x94945a04, 0x101044f3, 0x3b37c328, 0x28260137, 0xf4260982, 0xf6643b64, 
	0x7b49dea7, 0x279f8809, 0x00040701, 0xf1feea01, 0xfe21c385, 0x21c388f1, 0x2388022c, 0x0a21c382, 0x84c38201, 0x8c5220db, 0x86182017, 0xff3c2417, 
	0x8483032c, 0x821520f3, 0x04073464, 0x00d8010a, 0x00ffff00, 0x02fbff3c, 0x025e03e3, 0x41160026, 0xea200647, 0xf3221794, 0x178a9a01, 0x2f884820, 
	0x1788f520, 0xe3021522, 0x47845f84, 0x010e0423, 0x202f8aa4, 0x212f874e, 0x2f880104, 0x2f8c2c20, 0x2f880a20, 0x178c5220, 0x17861820, 0xf6ff4624, 
	0xa784e102, 0xa7841720, 0x3801ed22, 0x178f5f84, 0xd701ef22, 0xf1221794, 0x178a8701, 0x4785bf83, 0x178cf520, 0xa7824320, 0xf7201785, 0x2e20178c, 
	0xf9201788, 0x5e20178c, 0xfb201788, 0xff221796, 0x7786c001, 0xe1022c24, 0x2f879e02, 0x010a0423, 0x08a74da1, 0x002e1782, 0x00360026, 0x22464049, 
	0x01010401, 0x0582244c, 0x06004b23, 0x06984e06, 0x01082e08, 0x61010505, 0x01010103, 0x04004d5b, 0x07610004, 0x5f000001, 0x27284e00, 0x2e300001, 
	0x36283627, 0x18191e20, 0x06070f11, 0x26012600, 0x05ad5609, 0x36343525, 0x5a032e37, 0x062209a0, 0x1f4a0706, 0x5903200c, 0x01290e5c, 0x2b382ba5, 
	0x59794723, 0x075d5931, 0x598b5024, 0x2a4a1316, 0x591a2007, 0xf0290a5d, 0x44222830, 0x5b330128, 0x08c25a7c, 0x5b945e26, 0x1b3b2306, 0x2106384a, 
	0x63591801, 0x4fff200d, 0xbf4105f7, 0x0704230a, 0xa7414a01, 0x05042113, 0x200c4741, 0x082f41d3, 0x8d002d22, 0x17892f8a, 0x17964320, 0x178c4520, 
	0x4788b420, 0x17882f20, 0x4f422c20, 0x0327220a, 0x217783f1, 0x97410700, 0x89af8805, 0x88312037, 0x02f62437, 0x881b04e1, 0x8c33204f, 0x88f92067, 
	0x8c352017, 0x886b2017, 0x01032217, 0x20c78a92, 0x201788f6, 0x202f8c47, 0x201788e8, 0x89178c2b, 0x9641202f, 0x833f2017, 0x03002117, 0x0808d75c, 
	0x26001b45, 0x3d003100, 0x2e2f3a40, 0x0f1a1f20, 0x0508010c, 0x004c0104, 0x61000404, 0x00000101, 0x01074d5a, 0x61020505, 0x02020306, 0x4e025b02, 
	0x00002728, 0x31283127, 0x1b002224, 0x13281b00, 0x190b0828, 0x6437172b, 0x17230833, 0x63073337, 0x2228068e, 0x13072726, 0x01171614, 0x2005f25c, 
	0x054f4201, 0x16012730, 0x2b5a4616, 0x795a322f, 0x2a693b48, 0x0b84453b, 0x487a2708, 0x3b2a683b, 0x01181c1c, 0x32572252, 0x01386340, 0x37614001, 
	0xaefe181b, 0x660a5922, 0x4a477a2d, 0x23335b7c, 0x0a834320, 0x847d4921, 0x7501370a, 0x0128673c, 0x3f282580, 0x406efe74, 0x663c4f74, 0x2681fe28, 
	0x4b420028, 0x00a1280c, 0x03070000, 0x43d701ef, 0xf63f064b, 0xeb02e102, 0x2f001f00, 0x0fb5ad00, 0x01010201, 0x17b04b4c, 0x28405850, 0x56030300, 
	0x5c01064d, 0x5a200690, 0x022a0a84, 0x02020061, 0x01084d54, 0x52430505, 0x005b2605, 0xb04b1b4e, 0x222f8526, 0xa3850301, 0x2640232f, 0x2a820300, 
	0x2a074552, 0x06004d54, 0x00610106, 0x8d5a0101, 0x59593958, 0x20211940, 0x27290001, 0x2f212f20, 0x10121618, 0x090b0c0e, 0x1f011f00, 0x5205af43, 
	0x172c0743, 0x35373233, 0x15163233, 0x23230614, 0x5e056941, 0x2c2e1958, 0x15223a29, 0x3111182e, 0x594c0d36, 0x615e5a32, 0x050a2915, 0x24171652, 
	0x639b2b27, 0x4110675e, 0xa3200c4b, 0x84094b41, 0x022c2717, 0x02eb02e1, 0x17840026, 0x200e1743, 0x2017875e, 0x0d874503, 0x2f886b20, 0x200de742, 
	0x222f8848, 0x418701f5, 0x4e0805ab, 0xaf030000, 0x1a009402, 0xa5002500, 0x500ab04b, 0x00394058, 0x03050302, 0x09007202, 0x09080806, 0x00040072, 
	0x07040607, 0x03010b67, 0x005f0103, 0x4d540101, 0x05060600, 0x0505005f, 0x0a0d4d57, 0x00080802, 0x00010c60, 0x4e005500, 0x673b401b, 0x3c820810, 
	0x08090623, 0x353daa80, 0x1c234059, 0x1f00011b, 0x1c251b1d, 0x17181925, 0x13141516, 0xff471112, 0x090a3205, 0x011a0007, 0x160b0e1a, 0x022e212b, 
	0x36363435, 0x112e5533, 0x11332522, 0x29074467, 0x9c6ca101, 0x65a15c53, 0x3155eb01, 0x09fe2f0c, 0x75505142, 0x017b403f, 0x62629251, 0x35555597, 
	0x02372809, 0x557b4326, 0x52447c53, 0x9a260683, 0x26025e03, 0x8b411a00, 0x05f34406, 0x00004123, 0x23178b02, 0x003d01f3, 0x2207c748, 0x8794029a, 
	0x0e04232f, 0x03496f01, 0x212f8a08, 0xd3510704, 0x20178b0a, 0x21478805, 0x478b022c, 0x47870a20, 0x8c52ff21, 0x86182017, 0xff3c2a17, 0x02ef03f6, 
	0x0026009e, 0x23a7831b, 0x13021b00, 0x17827784, 0x84dc0121, 0x231784bf, 0x6001ef03, 0xf1221794, 0x17941001, 0x1783f320, 0x00010027, 0x0110ff3c, 
	0x085f82dc, 0x5e004427, 0x012a5b40, 0x01110507, 0x0d3f0402, 0x02010303, 0x01024c03, 0x004b0101, 0x07030706, 0x00800306, 0x03070403, 0x0baa5404, 
	0x2706cd55, 0x01004d5b, 0x08610001, 0x5f36f982, 0x00014e00, 0x2b2c2f31, 0x16182628, 0x0e0f1213, 0x44000608, 0x76434401, 0x35272405, 0x4e161633, 
	0x26210791, 0x270e5f26, 0x55060621, 0x012106d2, 0x0aa25410, 0x2c513822, 0x2117205f, 0x205f3522, 0x573a2707, 0x2e39152c, 0xa354f032, 0x17012209, 
	0x202f5f16, 0x2e513934, 0x2a122e05, 0xff312428, 0xff3c00ff, 0x02dc0115, 0x7f41029e, 0x0e042106, 0x200c4f41, 0x2017884e, 0x20178801, 0x202f8c2c, 
	0x202f8c0a, 0x242f869a, 0x654b0406, 0x0a974100, 0x1788f920, 0x87164d21, 0x20478217, 0x215f8703, 0x5f840427, 0x04070022, 0x2d264f87, 0x75020000, 
	0x37825e03, 0x30821c20, 0xf3030724, 0x4f845101, 0x15ff2d26, 0x94027502, 0xaf821787, 0x00201782, 0x0809fb5f, 0x43001724, 0x15164040, 0x09040102, 
	0x054c0100, 0x01020301, 0x80010302, 0x08010107, 0x01090001, 0x01066700, 0x19510202, 0x590a2006, 0x3869050e, 0x6913200d, 0x23230738, 0x5c353335, 
	0x232305bf, 0x4e152327, 0xc02305dd, 0x607c7c64, 0x7c320713, 0x2810647c, 0xee320501, 0x93caca93, 0xfbfe32ee, 0x87831028, 0x8310ff21, 0x2500269f, 
	0x4b404e00, 0x0583600e, 0x111a242d, 0x02050703, 0x0701194c, 0x60034b01, 0x0931128e, 0x05050208, 0x07004d55, 0x00610607, 0x065f0606, 0x2693824e, 
	0x25250025, 0x82111326, 0x0a132800, 0x332b1e0b, 0x88113735, 0x1711228e, 0x15085115, 0x200ab260, 0x0fef507e, 0x500bc360, 0x5b410fdd, 0x412c2006, 
	0x0a200c5b, 0x20087341, 0x20178c52, 0x2a178618, 0x02f6ff41, 0x025e03e8, 0x821d0026, 0x030724af, 0x845001ed, 0x22178f47, 0x94ef01ef, 0x01f12117, 
	0x84060756, 0x88482047, 0x8cf52047, 0x88432017, 0x8cf72017, 0x882e2017, 0x8cf92017, 0x208f8917, 0x20178cfb, 0x202f886c, 0x89178cfd, 0x01ff222f, 
	0x55c782d8, 0xe83a05ef, 0x31009402, 0x48404b00, 0x1a1b1e1f, 0x0b0c0f10, 0x2d020308, 0x02010601, 0x05822f4c, 0x01044b2c, 0x4d540202, 0x01030300, 
	0x4b4b0561, 0x06062105, 0x32084b4b, 0x292b0001, 0x1c1d2324, 0x0d0e1416, 0x31000607, 0x4b083101, 0x02200a47, 0x4b19fa61, 0x454b0d55, 0x74492205, 
	0x0b0c6242, 0x446b3d22, 0x4b09484b, 0x3822063c, 0x1d625c75, 0x73582515, 0x3a24043a, 0x5707494b, 0xdb8208d3, 0x21070b41, 0x434a0a04, 0x0eb34106, 
	0x4e070421, 0xe3410803, 0x0504210c, 0x200c3b41, 0x2247886b, 0x41aa0103, 0xf6200ae3, 0x47221788, 0x178aa500, 0x1788e820, 0x17834920, 0x00010022, 
	0x032d7782, 0x00eb0269, 0x40530026, 0x01011f10, 0x056d4104, 0x02070124, 0x70490201, 0x00162806, 0x4d560404, 0x63010103, 0x00270756, 0x005b0000, 
	0x82401b4e, 0x04012218, 0x31189085, 0x2622b759, 0x05251626, 0x012b1b0b, 0x06141107, 0x0f822306, 0x49137441, 0x0325081d, 0x75446902, 0x0c76634b, 
	0x1522ec2e, 0x2611182e, 0xfe137002, 0x38755da3, 0x25148063, 0x17165205, 0xcf44251d, 0x25c78405, 0x26025e03, 0x1082d200, 0x42030721, 0x2c2009f3, 
	0x1787df83, 0x210b6f41, 0x2f8a6903, 0x820a3b43, 0x886b2017, 0x0a57412f, 0x48201782, 0xf5205f88, 0x24068741, 0x03fbff0f, 0x204784c6, 0x2777841f, 
	0x00ab01ed, 0x00ffff00, 0xef21178f, 0x05234d02, 0xf122178f, 0x2f8afa01, 0x5f824320, 0xf7204785, 0x23241786, 0xab020000, 0x21205f84, 0x27205f86, 
	0x178f2f84, 0xc601ef22, 0xf1221794, 0x178a7601, 0x47855f83, 0x178cf720, 0x1785d783, 0x178cf520, 0x8f822e20, 0xf9201785, 0xff251787, 0x02ab022c, 
	0x23178794, 0x6b010a04, 0x6b205f8a, 0x03201788, 0x8506db51, 0x884e20a7, 0x86012017, 0x825a2047, 0x842c20d7, 0x842220d7, 0x01ef22d7, 0x8f47849d, 
	0x01f32217, 0x83178a4d, 0x212f8447, 0x17870104, 0x2c208f82, 0x17858f84, 0x17830a20, 0x02002308, 0xf6ff4600, 0x9e027102, 0x20001900, 0x40404300, 
	0x0201010d, 0x01050103, 0x01004c02, 0x01040500, 0xbd536705, 0x4d5a2407, 0x71040107, 0x1b330967, 0x1d00011a, 0x1b201a1c, 0x0b111320, 0x00040509, 
	0x44190119, 0x5008073d, 0x35342137, 0x22232634, 0x35230706, 0x32333636, 0x14151616, 0x32270606, 0x021e2137, 0x88724101, 0x71c40108, 0x3465417e, 
	0x58832204, 0x4e49875e, 0x16ae4e89, 0x2d078efe, 0x909e0a49, 0x80060507, 0x0c212993, 0x8c4d543f, 0x5fa66c5e, 0x5d3acd36, 0x051f4936, 0x02e3022e, 
	0x001f0094, 0x1f304033, 0x191a1b1e, 0x13255482, 0x0d0e0f10, 0x26b0820d, 0x0301044c, 0x824d5403, 0x4d5536ab, 0x00010100, 0x00000061, 0x144e005f, 
	0x23131815, 0x2b1b0b05, 0x055d4305, 0x33353527, 0x35353636, 0x06ff5501, 0x6b352721, 0x022e073d, 0x36502b94, 0x10841422, 0x6484fe0d, 0x446b50fa, 
	0x3b0e3d06, 0x13143f68, 0x20341433, 0xfeda0152, 0x10102739, 0x2a220228, 0x0121fe10, 0x101026a9, 0x2a055f42, 0x02000041, 0x029402c1, 0x56440006, 
	0x4a2008d3, 0x2708a782, 0x001e0015, 0x08414044, 0x04030407, 0x13140001, 0x03040102, 0x004c0202, 0x04010701, 0x68040105, 0x02000500, 0x69020503, 
	0x54223482, 0x365d064d, 0x0d536905, 0x15232522, 0x23095369, 0x15071533, 0x6a05214d, 0xfa2211ca, 0xcb6a5a50, 0x02502205, 0x09cb6a4e, 0x4028102c, 
	0x56365d56, 0x10287332, 0xce6ae501, 0xffff2206, 0x24af8200, 0x5e033305, 0x05f35d00, 0x22002724, 0x82820703, 0xf3030725, 0x4b005404, 0x5222055f, 
	0xbf82b803, 0x14002622, 0x00231783, 0x84780212, 0xff3c2417, 0x845f0452, 0x85162017, 0x1f032117, 0x01260782, 0x52ff2d00, 0x1782cc02, 0x90002e38, 
	0x010d1440, 0x2c2d0507, 0x0501022b, 0x21220708, 0x0806031e, 0xe74c4c03, 0x002d2a05, 0x00010003, 0x01007203, 0x2d028205, 0x0806007e, 0x05008606, 
	0x05080700, 0xef686907, 0x4d2e2b08, 0x08080109, 0x1b4e082f, 0x2f852e40, 0xa5800121, 0x40592b30, 0x00000011, 0x2b2e002e, 0x89482329, 0x48082005, 
	0x88420f89, 0x0e072508, 0x26222302, 0x42068b6f, 0x153806a7, 0x64ac1517, 0x0210448f, 0xad44103e, 0x2f366122, 0x28262e4c, 0x121d231a, 0x24059e6f, 
	0x43224a3f, 0x065b691a, 0xfe89c02e, 0x202521e3, 0x94664f54, 0x0c201e2d, 0x2807b16f, 0x15435373, 0x1028db14, 0x0abf7400, 0x60002b37, 0x010d5d40, 
	0x01280103, 0x4c020800, 0x04050200, 0x80040205, 0x0eae4d00, 0x74030021, 0x332005c8, 0x3308eb4d, 0x08004d30, 0x0a610008, 0x34000001, 0x00014e00, 
	0x21232627, 0x74078f5a, 0x2b2406da, 0x080b2b01, 0x2917da74, 0x33373307, 0x23272315, 0xe074021e, 0x6d442d1b, 0x32e20543, 0xe2321010, 0x3e664105, 
	0x6111e874, 0x40290571, 0xdb534a72, 0x407a5651, 0x05eb741f, 0x00ffff23, 0x05936b3c, 0x00060229, 0xff00001b, 0x824600ff, 0x024022f4, 0x200f8294, 
	0x081f5711, 0x71137f58, 0x27820633, 0x00128608, 0x00020000, 0x03f6ff1e, 0x0094029e, 0x002d0024, 0x1a58405b, 0x04010217, 0x0502161b, 0x07010301, 
	0x00010203, 0x004c0407, 0x06010905, 0x67060503, 0x04010100, 0x0404005f, 0x07004d2e, 0x085f0007, 0x2f000001, 0x0303004d, 0x02006102, 0x4e023402, 
	0x00012526, 0x2d252729, 0x1c1e2d26, 0x10111819, 0x04050b0d, 0x24012400, 0x2b16080a, 0x37352121, 0x14152311, 0x06060706, 0x35262223, 0x023e3335, 
	0x35273535, 0x05544321, 0x19821620, 0x1b6e0620, 0x02450808, 0x50ecfe8b, 0x1a2018d2, 0x161a2233, 0x10201952, 0x641c0250, 0x437b546b, 0x625c7c43, 
	0x59585b69, 0x25022810, 0x4cdfa631, 0x1316283d, 0xb7732337, 0x10283089, 0x2ed82810, 0x5b3a3854, 0xfe4d0135, 0x493d4eea, 0x24df8442, 0x03000041, 
	0x26df82ee, 0x002b0022, 0x734e4051, 0x20380a0d, 0x0803021d, 0x011c2105, 0x03080403, 0x0101034c, 0x0502070a, 0x68050108, 0x0020f582, 0x2208e282, 
	0x5f040808, 0x04020609, 0x4e042f04, 0x00002324, 0x2b232527, 0x22002b24, 0x26132200, 0x15131323, 0x731c080b, 0xcb8b0e1f, 0xef832320, 0x17112124, 
	0x8d770115, 0x50fa260a, 0x01502c01, 0x20ca860e, 0x24e48254, 0x0150d4fe, 0x20d28798, 0x21c48324, 0x0584e2e2, 0x37512d35, 0x10335a38, 0xfe0b0128, 
	0x011028f5, 0x4bf4fe43, 0x823f473b, 0x010023d2, 0xd3822d00, 0xd3841c20, 0x10408431, 0x0507010d, 0x161f2021, 0x07010215, 0x43020706, 0x292006eb, 
	0x230eeb43, 0x06070005, 0x290ee643, 0x06060208, 0x1b4e062f, 0xe7432a40, 0x432c990f, 0x222405e3, 0x16232200, 0x231ee343, 0x23151715, 0x2614d843, 
	0x4f34325f, 0x43aa502c, 0x262611ce, 0x288b4855, 0xc343a610, 0xff41240a, 0x82cb0259, 0x001724e7, 0x71344037, 0x053706ca, 0x020a0304, 0x02021301, 
	0x4c020200, 0x05000500, 0x01010386, 0x824d2e01, 0x5f00310e, 0x00000104, 0x114e002f, 0x15131315, 0x1c080610, 0x26057542, 0x15333527, 0x5a211107, 
	0x212c08e6, 0x4e012307, 0x5050f3fe, 0x360150fa, 0x50230482, 0x7230f3fe, 0x02210af8, 0x07bf7425, 0x4368a720, 0x99022507, 0x09000602, 0x20085b46, 
	0x08938268, 0x1d00142a, 0x52405500, 0x01030105, 0x03020104, 0x05060103, 0x06000102, 0x02004c04, 0x02030403, 0x04008004, 0x06050108, 0x00670504, 
	0x82064652, 0x060624a3, 0x85075f00, 0x151636a3, 0x17190001, 0x1d161d15, 0x0a0b0c0e, 0x06070809, 0x14011400, 0x07294309, 0x47088977, 0x1a4306b8, 
	0x55012a08, 0x5050ecfe, 0x4410ee01, 0x0e1043f0, 0x10282425, 0x43d993ca, 0xc3821002, 0x00004126, 0x94025e02, 0x0a20c382, 0x20086f5a, 0x22c38220, 
	0x775e000d, 0x0c2609ab, 0x0401020b, 0x2c460103, 0x00182c07, 0x02030201, 0x02007201, 0x825f0002, 0x4d2e2b35, 0x03030104, 0x1b4e032f, 0x1a851940, 
	0x90800321, 0x4059221b, 0x282a820c, 0x110d000d, 0x08051511, 0x061e4319, 0x23152124, 0x30762327, 0xdf012405, 0x77e73e10, 0xfd240875, 0x001028db, 
	0x20269f86, 0x26025e03, 0x3e82fd00, 0xef030724, 0xa78c9a01, 0x76001533, 0x01081140, 0x01070204, 0x13140403, 0x07040102, 0x23a78700, 0x04030022, 
	0x722fb782, 0x06010105, 0x01070001, 0x04006700, 0x825f0204, 0x4d2e279a, 0x07070108, 0xb182072f, 0x24852320, 0x9a800121, 0x0c437825, 0x13111325, 
	0x841d0809, 0x652320bf, 0xc383052e, 0x2106d84f, 0x00825041, 0xaf21c984, 0x65cb82af, 0xac210516, 0x06d64f75, 0x02002608, 0x59ff1900, 0x94029d02, 
	0x1b001300, 0x3a403d00, 0x06020003, 0x02041300, 0x4c020601, 0x01020104, 0x06005302, 0x06544106, 0x05070835, 0x03010103, 0x0303005f, 0x144e032f, 
	0x141b1414, 0x8211171b, 0x11132100, 0x13268083, 0x07152135, 0x7c823311, 0x82072121, 0x3e390888, 0x01353502, 0x14152311, 0x5f070606, 0x5e503002, 
	0x38fe4e10, 0x1c4b104e, 0x36010e21, 0x1b1f0dfa, 0x10108402, 0xdedbfd28, 0x46dea7a7, 0x306cae95, 0x2602dbfd, 0x94ae6d31, 0x089f5346, 0x94024622, 
	0x0d208d82, 0x03200f89, 0x270e0b65, 0x0f000300, 0xe1030000, 0x0b2dbf82, 0x23001700, 0x39403c00, 0x1d1f2223, 0x0cee761b, 0x0001122e, 0x02054c01, 
	0x2e000002, 0x0603044d, 0x2f28c382, 0x00004e01, 0x191a2021, 0x2608f476, 0x2b170807, 0x43373521, 0xf4760877, 0x032f0806, 0x23151701, 0x35230101, 
	0x27010137, 0x07153335, 0x50507601, 0x4f5050fa, 0xdc470b01, 0x2a01fd49, 0x74fe903c, 0x3c86d0fe, 0xfdfe2001, 0x7747e249, 0x1a35120d, 0xc1fefffe, 
	0x5201101a, 0x1a10aefe, 0x07013901, 0x2210101a, 0x08008200, 0x5a00013f, 0x4602f6ff, 0x2d009e02, 0x53405600, 0x0006012b, 0x05040107, 0x03010111, 
	0x07004c03, 0x07060506, 0x02008005, 0x02040304, 0x05008003, 0x05020400, 0x06006704, 0x08610006, 0x33000001, 0x0706484d, 0x4e01343b, 0x292a0001, 
	0x1e202426, 0x16181b1d, 0x0d0f1213, 0x2d012d00, 0x2b160809, 0x0d747d01, 0xbb532220, 0x2323250b, 0x36323335, 0x0806f644, 0x3723074c, 0x43013636, 
	0x483b643e, 0x415d5443, 0x634f4f74, 0x3d110b2b, 0x533c431a, 0x475aae51, 0x443c5249, 0x411d3b26, 0x5c290512, 0x44239e02, 0x135c3532, 0x3740570d, 
	0x151c355b, 0x1c116c9f, 0x37843a4e, 0x473c3742, 0xaf821810, 0x0f431914, 0x02f32808, 0x001b0094, 0x63334036, 0x12220517, 0x5c7f1011, 0x03042606, 
	0x02140102, 0x05c47100, 0x824d2e21, 0x0202240e, 0x824e022f, 0x001b2438, 0x4317151b, 0x33240a8f, 0x01110715, 0x200cce79, 0x261f8201, 0xfa505041, 
	0x825e0150, 0x21028204, 0x6d79a2fe, 0x43fe2408, 0x452a9301, 0x10280711, 0xfeb40128, 0x1028216d, 0x26083f42, 0x025e03f3, 0x82050126, 0x04072466, 
	0x8a9a014f, 0x872e2017, 0xf9032117, 0xc026178a, 0x06029402, 0x27881300, 0x3f83c020, 0x2305635f, 0xd101ef03, 0x01264782, 0xf6ff1e00, 0xe7828f02, 
	0x3e001d37, 0x16193b40, 0x1a030002, 0x00020215, 0x01021b1c, 0x03020404, 0x2724824c, 0x03005f03, 0x054d2e03, 0x2f2c1082, 0x0202004d, 0x01006101, 
	0x4e013401, 0x1d2a1a82, 0x13171d00, 0x08061326, 0x73482b1a, 0x17112619, 0x50950115, 0x0c6248f0, 0x83502621, 0x125748f4, 0x44dcfd21, 0x0b7905a7, 
	0x20bf8206, 0x20bf8815, 0x41cf84e9, 0x4620050f, 0xe122b782, 0x1f829e02, 0xaf411720, 0x82cb2008, 0x001326c7, 0x07324035, 0x20c28204, 0x05317a12, 
	0x01020327, 0x0202010a, 0x0a40454c, 0x01211282, 0x24bf842f, 0x13130013, 0x0c3e4515, 0x2b630720, 0x50412a0a, 0x508a0250, 0xfe50fa50, 0x0c107bca, 
	0x02281023, 0x0b4f4525, 0x97844a20, 0xa7841820, 0x7a209783, 0x0b209784, 0x2d240f84, 0x75020000, 0x1c201f84, 0x2320a784, 0xad20b782, 0x1b32a782, 
	0x25402800, 0x1315171a, 0x0b0d1011, 0x01020108, 0xa582034c, 0xcd4d2e20, 0x00342b08, 0x1315194e, 0x1a080423, 0xc04b252b, 0x33352305, 0x1a743736, 
	0xa6300810, 0x1c37412a, 0x21631624, 0xfa47e31b, 0xaf05b256, 0xca3cd252, 0x18225c56, 0x33162a1c, 0x1025c201, 0xfe052510, 0x0467019d, 0x20101022, 
	0x00ffff00, 0x03257f84, 0x0126025e, 0x06474212, 0xa7847620, 0x2e201785, 0x03221787, 0x178201f9, 0x00030033, 0x03ecff1e, 0x00a80229, 0x0023001c, 
	0x40b8002b, 0x08af8210, 0x01040c37, 0x021a1b02, 0x00050401, 0xb04b4c02, 0x40585019, 0x01010320, 0x07060108, 0x096a0601, 0x01040701, 0x00070500, 
	0x02020069, 0x010a4d2e, 0x052f0505, 0xb04b1b4e, 0x2527822d, 0x01020028, 0x13828502, 0x89054c48, 0x00002332, 0x39825907, 0x61000722, 0x07253c82, 
	0x401b5100, 0x212a8a31, 0x29820600, 0x63825a20, 0x07080028, 0x006a0801, 0x2e820907, 0x00090028, 0x00590900, 0x33840909, 0x51000930, 0x16405959, 
	0x28290000, 0x22232627, 0xb2821d1e, 0x13151c2d, 0x0b131613, 0x052b1b08, 0x59353735, 0x372005db, 0x20058d43, 0x05a44f15, 0x15073f08, 0x22031517, 
	0x16141506, 0x26342517, 0x36321127, 0x50280136, 0x52529b6d, 0xfa506d9b, 0x4dadaa50, 0xaa507298, 0x76837c7d, 0x7c7a5001, 0x14306c5a, 0x032c2810, 
	0x46466a3d, 0x2c034774, 0x0d821028, 0x69830426, 0x04477346, 0x022e0c82, 0x624d6527, 0x62b20874, 0x70fe0873, 0x5741502f, 0x082f4f05, 0x00202908, 
	0x00010000, 0x0259ff41, 0x009402d9, 0x40350015, 0x0d101132, 0x0508090c, 0x02090304, 0x00010201, 0x004c0202, 0x53050205, 0x21056549, 0x0e480104, 
	0x002f2406, 0x4913114e, 0x33261a65, 0x7b022315, 0x6349c6fd, 0x495e2008, 0xdb211160, 0x207b83de, 0x208b8211, 0x2d7b8299, 0x403e0021, 0x1a1d1e3b, 
	0x0f101819, 0x7b820b0c, 0x7b820320, 0x021f2030, 0x00040401, 0x02004c03, 0x02040000, 0x85856a00, 0x14820520, 0x4e042f2c, 0x21000000, 0x26152100, 
	0xeb432516, 0x06352106, 0x4105be53, 0x1425064d, 0x32331616, 0x065b4136, 0x17112c08, 0x5c930115, 0x44355122, 0xfc523967, 0x3d4a2150, 0x50204822, 
	0x105050fa, 0x0f0cf728, 0x66596126, 0x2a10102a, 0x1e473e6c, 0x83f80e09, 0xdefd2b0a, 0x01001028, 0x00004100, 0x9f82e303, 0x3d001c3f, 0x1a1b3a40, 
	0x12131419, 0x090a0e0f, 0x01020506, 0x1801000e, 0x00040215, 0x05064c02, 0x2a998203, 0x01024d2e, 0x5f040000, 0x85040400, 0x001c309d, 0x2313151c, 
	0x08071313, 0x15012b1b, 0x47331107, 0x0720060a, 0x17210887, 0x051f4715, 0x823b0121, 0x50fa2389, 0x0682fd03, 0x5efc502a, 0x94025050, 0xdbfd2810, 
	0x2007894a, 0x09924a01, 0x20050c47, 0x23978200, 0xf10359ff, 0x1e279782, 0x40404300, 0x891b1c1d, 0x000d2596, 0x06011a01, 0x00269582, 0x53050005, 
	0x9a850708, 0x02020435, 0x5f060000, 0x2f060600, 0x00004e06, 0x1e001e00, 0x83131111, 0x0809229d, 0x239d951d, 0x27231533, 0x5e249f91, 0xaefc4e10, 
	0xdb22a197, 0xa186a7de, 0x02000024, 0x04821900, 0x2b4bb820, 0x010a2709, 0x010b0301, 0x2b4b0102, 0x0401220b, 0x0c2b4b01, 0x4b060b49, 0x0925192b, 
	0x05060708, 0x0c2b4b04, 0x2105e958, 0xe4521507, 0x092b4b07, 0xecfea528, 0x10447450, 0x3c4e8601, 0xca932110, 0x4a132e4e, 0x0321058b, 0x2ab38275, 
	0x001d0126, 0x00070000, 0x4b350211, 0x122c0cf7, 0x43001b00, 0x08094040, 0x02040405, 0x0433ca82, 0x00010203, 0x004c0304, 0x03010602, 0x68030204, 
	0x82010100, 0x040424bd, 0x4b055f00, 0x143205e9, 0x17000113, 0x141b1315, 0x070a0c1b, 0x01120006, 0xe54b0712, 0x20b7930b, 0x4eb78255, 0xf24e0927, 
	0x4e242008, 0xf34814e4, 0x9a3f0805, 0x2b009e02, 0x5d406000, 0x07050117, 0x00080126, 0x06004c02, 0x06030403, 0x09008004, 0x09020002, 0x04008000, 
	0x04020100, 0x05006701, 0x00610705, 0x4d330707, 0x03020200, 0x0303005f, 0x720a4d30, 0x342f0778, 0x00014e08, 0x22242728, 0x1516191b, 0x4c0d1012, 
	0xeb50079c, 0x32253d06, 0x34353636, 0x23072335, 0x33173335, 0x2223022e, 0x23070706, 0x33363637, 0x15021e32, 0x5c05e153, 0x012e05cc, 0x3c664057, 
	0x101032fd, 0x460cf832, 0xea483e69, 0x4b693c06, 0x325a7a48, 0x52659653, 0x110b2c69, 0x2a511e3c, 0x074f733f, 0x53db5107, 0x483d714e, 0x332c05ea, 
	0x624a7c5b, 0x161b589a, 0x1e146a9f, 0x23057b41, 0xe503f6ff, 0x0806ff7d, 0x55405820, 0x07020407, 0x02030800, 0x021e0701, 0x1f040602, 0x06050201, 
	0x01004c04, 0x01060400, 0x31826804, 0x824d2e21, 0x610221dd, 0x332ddd82, 0x0501084d, 0x094d2f05, 0x03060601, 0x25e98261, 0x224e0334, 0x127e0021, 
	0x20002a06, 0x28132000, 0x0a151323, 0xea421808, 0x3e33220b, 0x20cd8502, 0x26de820e, 0x23272626, 0x7e151711, 0x24080f12, 0xfa505041, 0x57087550, 
	0x7646578b, 0x58303058, 0x8f5a4676, 0x50730456, 0x5d3d7b01, 0x446f4134, 0x42365e3d, 0x050a4370, 0xec281025, 0x834e8858, 0x7d492bd5, 0x9253335b, 
	0x28fffe5e, 0xa8642810, 0x0226080d, 0x00002300, 0x94027702, 0x1e001500, 0x3f404200, 0x0105010c, 0x0504010d, 0x04030104, 0x0e0f1213, 0x03000502, 
	0xdf824c04, 0x0003002d, 0x00670304, 0x5f010505, 0x44010100, 0x2f240572, 0x16174e00, 0x3405087e, 0x10281513, 0x2b1a0807, 0x37352333, 0x35262637, 
	0x33333634, 0x063f4815, 0x37233533, 0x22231133, 0x16141506, 0xb54289ac, 0x92875550, 0x2ec683e9, 0x4047185f, 0x105b595e, 0x6113f824, 0x69615c37, 
	0x102a05d4, 0x0137e229, 0x3b3d460b, 0xcb48004d, 0x03203b08, 0x000d003b, 0x04304033, 0x0c000201, 0x0102030b, 0x02020305, 0x0001004c, 0x0b4e8501, 
	0x13084e10, 0x15333723, 0x06084e21, 0x104e8124, 0x094ecbfe, 0xdea72506, 0x1028dbfd, 0x23083082, 0x41000200, 0xd40259ff, 0x0b009402, 0x3e001900, 
	0x11133b40, 0x08090d0e, 0x02030407, 0x0a00030a, 0x03010201, 0x03256f82, 0x04030400, 0x05a65163, 0x02060523, 0x05384901, 0x21054161, 0x3a820f10, 
	0x07150b23, 0x24491808, 0x18fe8408, 0x23087043, 0x27231533, 0x0f724318, 0x105e2f24, 0x664c464e, 0xfe182612, 0xdecdfefe, 0x269882a7, 0xff0f0003, 
	0x86f60359, 0x00252897, 0x25464049, 0x891f2124, 0x030e269d, 0x010a1d00, 0x209e8a03, 0x051c4d07, 0x08050622, 0x23071c4d, 0x1b1c2223, 0x0920a48c, 
	0x8417204d, 0x1a224da4, 0x105d1e24, 0x244d474e, 0xdece2223, 0x10244da7, 0x23000126, 0xd80259ff, 0x2126cb82, 0x3a403d00, 0x5f7c1d1e, 0x020b3a08, 
	0x1a1b2000, 0x02040401, 0x02004c02, 0x03020300, 0x00010163, 0x064d2e00, 0x05065305, 0x0000002b, 0x11210021, 0x16181411, 0x05324307, 0x8411fe7c, 
	0x373521bb, 0x2612007d, 0x4e105edc, 0x7daa49b8, 0xde211702, 0x08027da7, 0x2105df46, 0xa382f702, 0x49001d24, 0xb5534640, 0x181b2d0a, 0x06030302, 
	0x0301171c, 0x4c030305, 0x06252882, 0x68060103, 0x0b124200, 0x02070826, 0x052f0505, 0x26060b4c, 0x13111113, 0x4f151313, 0x272107ce, 0x0a876e35, 
	0xac861120, 0x0ecf4618, 0xaa21a782, 0xd1461850, 0x82db2011, 0x012823a1, 0x4818fe01, 0x11240827, 0xa70259ff, 0x233da382, 0x3f404200, 0x0f101314, 
	0x0205060e, 0x00010901, 0x0106011d, 0x0603011c, 0x0305011b, 0x20a48704, 0x20a48c6a, 0x20a28400, 0x279c8225, 0x07132615, 0x132b1d08, 0x8614b548, 
	0x06d948a0, 0xb9486320, 0x47232505, 0x50fa5020, 0xb620a582, 0x2106d048, 0xbd48f401, 0x83dd2010, 0x0bf725ac, 0x00612610, 0x2608f349, 0x029402ab, 
	0x7e210006, 0x0f8208f7, 0x001c002d, 0x1439403c, 0x0c0e0f11, 0x4b07080b, 0x062d0642, 0x044c0200, 0x01050101, 0x00010600, 0x05034c68, 0x48010721, 
	0x1c290739, 0x13111c00, 0x13111318, 0x05005508, 0x35233523, 0x06034c33, 0x8208047f, 0x171527b6, 0x935ae415, 0x7a7edd92, 0x93932808, 0xcb28105a, 
	0x7e2e0132, 0x32210d7d, 0x076749cb, 0x02c90223, 0x2d9d8294, 0x1a354038, 0x04151619, 0x011b0304, 0x56410401, 0x01002e09, 0x04004c03, 0x04000100, 
	0x03006901, 0x08fa4403, 0x15152529, 0x08051326, 0x82252b1b, 0x35232a72, 0x26343537, 0x06222326, 0x260d8507, 0x21352711, 0x58150715, 0x02210579, 
	0x0cfa4977, 0x41060121, 0xa020063f, 0x230f3e41, 0x10282202, 0x5706184a, 0x4620125b, 0x2505af5b, 0xe9000602, 0xf3680000, 0x0013280a, 0x0027001c, 
	0x823b403e, 0x04052713, 0x07670503, 0x994e0201, 0x4d332205, 0x08b85b08, 0x4e00343c, 0x14151d1e, 0x23240001, 0x271e271d, 0x1c141819, 0x090b1c15, 
	0x13011300, 0x45180809, 0x033111de, 0x15060622, 0x03022e21, 0x35363632, 0x1e213534, 0xe0451802, 0x40593110, 0xd4013863, 0x1869470b, 0xfe376140, 
	0x6d480829, 0x10e64518, 0x3f770231, 0x724e4d72, 0x40bbfd3e, 0x09094f74, 0x49447d54, 0xb524069f, 0x1e009402, 0x3508b582, 0x0f11409b, 0x040a0b0e, 
	0x01030403, 0x0102090a, 0x4c030a00, 0x500cb04b, 0x062c4058, 0x08010201, 0x05720201, 0x01070301, 0x01030201, 0x0c080068, 0x080a0901, 0x0c586709, 
	0x0a0a2405, 0x480b5f00, 0x1b2205ec, 0x2e862d40, 0xa3800821, 0x40592e2f, 0x011f2021, 0x1f212300, 0x18272027, 0x05016716, 0x490c0d21, 0x1e2306e5, 
	0x580d1e01, 0x0720083b, 0x20094672, 0x058d5333, 0x20081b55, 0x05755115, 0xfea2012f, 0x447150ec, 0xfa50c510, 0x4410e350, 0x0d20558f, 0x6baf0139, 
	0x10283ea2, 0xa23e2810, 0x4b298b6b, 0x2f533432, 0x43ee2501, 0x41393e34, 0x232f0dc3, 0x36003300, 0x2a303340, 0x0304161c, 0x504c0102, 0x3321075d, 
	0x23d0824d, 0x04610003, 0x342ce982, 0x24254e00, 0x33240001, 0x1f213325, 0x2005bb41, 0x12bb4106, 0x1514012d, 0x021e3636, 0x23022e37, 0x6a060622, 
	0x352505a9, 0x022e0606, 0x12c54107, 0x36ccfe2c, 0x4f5f686d, 0x6a460a1c, 0xa96a4040, 0x64312706, 0x26576064, 0xd041470a, 0x75012c11, 0x0c20090a, 
	0x0f071710, 0x6a407751, 0x220806aa, 0x0c210a0a, 0x10081911, 0x00427852, 0x00010000, 0x02fbff23, 0x009e02e7, 0x402b0016, 0x0f121328, 0x72030103, 
	0x0022051e, 0xd54f0303, 0x4d332109, 0x2f37e182, 0x14134e02, 0x08042312, 0x3e012b1a, 0x15323302, 0x06062315, 0x43230307, 0x200806d8, 0x06023313, 
	0x25383521, 0x2213542e, 0xfc23c611, 0xbb56fa45, 0x51cb0105, 0x3228265c, 0xfe29340f, 0xff431823, 0x00002e08, 0xff050002, 0x02b30259, 0x000b0099, 
	0x2b79830f, 0x0100010e, 0x01054c01, 0x53030003, 0x2e250982, 0x0202064d, 0x08274d00, 0x2705137e, 0x1d080710, 0x1333372b, 0x28080182, 0x21272315, 
	0x21372307, 0x44052303, 0x4efb23fe, 0x0efe4e10, 0x0188104e, 0x3705bc7b, 0x9efd6202, 0xdea7a7de, 0xff00cd01, 0x265d82ff, 0x02e10300, 0x82060294, 
	0x0747565a, 0x0f83c020, 0x00130022, 0x2120ff83, 0xbf208c82, 0x44188782, 0x00200ce7, 0x2008d650, 0x05b24201, 0x11302a82, 0x13191100, 0x2b180804, 
	0x15171301, 0x35373523, 0x3e44f882, 0x01012205, 0x39ec857e, 0x39d252ba, 0x99020101, 0x10239afd, 0x01052510, 0x0432feca, 0x1e101022, 0x3f826b02, 
	0x02002308, 0xf6ff2f00, 0xcc01de01, 0x34002a00, 0x47404a00, 0x0102010e, 0x071b3031, 0x02020404, 0x0401274c, 0x77824b01, 0x0805eb4c, 0x03010136, 
	0x03030061, 0x01064d5d, 0x61000404, 0x00020705, 0x4e005b00, 0x2c2e0001, 0x1d1f2325, 0x0f111618, 0x2a000a0c, 0x0b082a01, 0x22172b16, 0x36343526, 
	0x34353737, 0x2005d344, 0x2d0f8423, 0x16323336, 0x16161115, 0x15173333, 0x13820606, 0x23275e08, 0x14270606, 0x37363233, 0x9c020e35, 0x56493e2f, 
	0x0e23335f, 0x1040171c, 0x3453300d, 0x1b074548, 0x0c032616, 0x271f222f, 0x4d1a0608, 0x2f184b49, 0x164a501e, 0x3131370a, 0x49161448, 0x0b063123, 
	0x1c130f5c, 0x323b2538, 0x0a07e4fe, 0x21160302, 0x23191b21, 0x0d0a3e7c, 0x26210f94, 0x20df8200, 0x34df822b, 0x00ee02ff, 0x00240016, 0x063c403f, 
	0x1b000201, 0x0203021a, 0x35ce8215, 0x02044c03, 0x4a000301, 0x49010116, 0x02020104, 0x00006100, 0x4c555d00, 0x015b3808, 0x1f17184e, 0x1824171d, 
	0x05292624, 0x172b180b, 0x37352711, 0x5e331133, 0xc284080e, 0x22130724, 0xd4830706, 0x36363222, 0x3c08ee82, 0x06863c67, 0x28482604, 0x3e2d4e33, 
	0x4729426a, 0x18ad191f, 0x391c1833, 0x233a2323, 0x86020a57, 0xfe370734, 0x341e20a0, 0x7352425f, 0x1a0b0f3c, 0x0f0f9101, 0x1316e6fe, 0x57435225, 
	0x237f8250, 0x32000100, 0xb22ab382, 0x1e00cc01, 0x2c402f00, 0xad820e1a, 0x8409cd43, 0x05cc439e, 0x4e005b2f, 0x17190001, 0x06081012, 0x1e011e00, 
	0x087f6505, 0x23063661, 0x26270707, 0x0806676b, 0x37323360, 0x06061533, 0x70610301, 0x2a457042, 0x2015223d, 0x31070948, 0x505d294a, 0x17034a37, 
	0x61760a5b, 0x1842734a, 0x11110f22, 0x30015b1a, 0x5b553151, 0x3e2b0a28, 0x2c000200, 0x0b02f6ff, 0x1800ee02, 0x46002600, 0x010b4340, 0x1f200104, 
	0x15040302, 0x02031112, 0x0f4c0303, 0x01030c0d, 0x286e004a, 0x2a9d8206, 0x4d550202, 0x00030300, 0x42010561, 0x242c061f, 0x141b1d22, 0x00070913, 
	0x06180118, 0x23051b42, 0x36343526, 0x1729a583, 0x37352735, 0x15171133, 0x05094223, 0x32331626, 0x26113736, 0x3e08b684, 0x2d4f32da, 0x1c416e42, 
	0x8b41112a, 0x088d4706, 0x87462607, 0x33183d58, 0x1d2f1818, 0x0a294328, 0x553f5b32, 0x04053e77, 0x370734b9, 0x101d3ffd, 0xe31d2033, 0x0f0f4c52, 
	0x15151801, 0x82005527, 0x074741bb, 0x1d00163a, 0x40404300, 0x0502010a, 0x02030112, 0x05004c02, 0x05030200, 0x01076702, 0xb283b789, 0xb2850620, 
	0x01171834, 0x171a1b00, 0x111d181d, 0x080b0c0f, 0x01160006, 0x5d410816, 0x0715240c, 0x41021e21, 0x3e080654, 0x07062203, 0x01262633, 0x3b706103, 
	0x5b4f3862, 0x01d5fe05, 0x373f4b22, 0x5b17034a, 0x073d3049, 0x0a370be2, 0x734b6176, 0x05676e41, 0x2832512e, 0x013e2b0a, 0x443d43aa, 0x0000003c, 
	0x82270001, 0x02973104, 0x001e00ed, 0x140f409f, 0x01030f13, 0x021c1d02, 0x2a070e54, 0x4058500a, 0x02020018, 0x82044d56, 0x5f012f9a, 0x01010103, 
	0x01064d57, 0x05550505, 0xe7461b4e, 0x221f8205, 0x95850201, 0x9c15201f, 0x955a833f, 0x5959243a, 0x820e4059, 0x001e269f, 0x251b111e, 0x394a1811, 
	0x33352109, 0x29052173, 0x06141516, 0x06270707, 0x5c5a1506, 0x364e0806, 0x264e4e3f, 0x1d2f5543, 0x0a020218, 0x8429207b, 0x20104784, 0x212f6301, 
	0x35535b27, 0x0d040d13, 0x131c2506, 0x2f373f62, 0x101e9bfe, 0x5b000300, 0xf00110ff, 0x3300cc01, 0x4e003f00, 0x0b409e00, 0x0002021f, 0x09011806, 
	0x4b4c0201, 0xb78231b0, 0x010b332d, 0x00010a06, 0x69000601, 0x44070700, 0x2108067b, 0x04050500, 0x0404005f, 0x01004d57, 0x005f0901, 0x4d550909, 
	0x02080800, 0x02020061, 0x1b4e025f, 0x358a3140, 0x09000126, 0x67090108, 0x33893d94, 0x40592408, 0x0134351f, 0x444a4c00, 0x34393b42, 0x2c3f353f, 
	0x27292a2b, 0x0a0f1125, 0x01330007, 0x160b0c33, 0x8322252b, 0x161422e9, 0x07466333, 0x44262221, 0x078306de, 0x2006b04e, 0x241c8236, 0x27153717, 
	0x050d5507, 0x50592720, 0x14152307, 0x3a820316, 0x3632a608, 0x26343536, 0x06232326, 0x15020106, 0x19132514, 0x4549871b, 0x39486838, 0x0406244a, 
	0x0b252341, 0x2b30284d, 0x31142e4b, 0x026a9c0d, 0x4a2b130f, 0x372b2426, 0x372b2727, 0x29354240, 0x2d10243e, 0x161a692c, 0x201004a3, 0x411a110e, 
	0x324f2b41, 0x0c244028, 0x01320a15, 0x161e2f09, 0x4612321b, 0x27432a2d, 0x3608070b, 0x2f110206, 0x27442a18, 0x322b3e29, 0x302c3e3d, 0x36e3fe3e, 
	0x1e331f49, 0x0815271a, 0x01000027, 0x00003000, 0xee022002, 0x3a001f00, 0x1d1e3740, 0x1114151c, 0x09010210, 0x4c010201, 0x27048208, 0x0304064b, 
	0x004a0003, 0x30081045, 0x01020304, 0x4e015501, 0x1f000000, 0x15251f00, 0x8851182b, 0x080e4509, 0xeb571520, 0x06ef4505, 0x33080c82, 0x863c3f30, 
	0x47260406, 0x3f4b3b2b, 0x2c3747d6, 0x4713411b, 0x4c022010, 0xfe370734, 0x3b242694, 0x20d9fe3a, 0xfb1d1010, 0x11122e2c, 0x101dcefe, 0x36000200, 
	0x04359c82, 0x0b00bd02, 0x83001600, 0x14150c40, 0x0e0f1012, 0x0002070d, 0x061d6001, 0x01031231, 0x61010000, 0x56010100, 0x0201044d, 0x43025502, 
	0x10220704, 0x1b820100, 0x00010223, 0x23178969, 0x40585015, 0x40203193, 0x593c2c90, 0x11405959, 0x00010c0c, 0x160c160c, 0x0b000507, 0x0b050b01, 
	0x22132b16, 0x36343526, 0x2205f341, 0x45373503, 0x172605fd, 0x221a9a15, 0x03821a22, 0xe1837e20, 0x45023f24, 0x0c821923, 0x23191a28, 0x2010bbfd, 
	0xdf832a01, 0x10206423, 0x23cf8300, 0xd6001aff, 0x192bcf84, 0x15b76e00, 0x0c0d1213, 0x64490005, 0x0c2005d4, 0xca86ab82, 0xc4870020, 0x83001121, 
	0x825920de, 0x61002ade, 0x01000102, 0x4b1b5100, 0x8dc583b0, 0x9140202c, 0x22c08327, 0x8500010b, 0x900320ba, 0x023e22ba, 0x21bc8535, 0xbc880614, 
	0x0c1c1726, 0x3c06863c, 0xfc28be89, 0x331610d5, 0x6401384b, 0x3423c183, 0x8200724c, 0x052b4200, 0xee021233, 0x31001900, 0x17182e40, 0x0e101216, 
	0x0208090b, 0x216d8201, 0x28424c01, 0x00002506, 0x02034d57, 0x29082342, 0x16190019, 0x180b041c, 0x3341332b, 0x06cb5607, 0x1717072b, 0x27272315, 
	0x30151715, 0x297b823f, 0x40be31a1, 0x8440caa5, 0x1842a926, 0x89112f08, 0x10102406, 0x22de7f23, 0xc3bc3410, 0x8282101d, 0x00010023, 0x2006822c, 
	0x268382fa, 0x401d000a, 0x8208091a, 0x01022b75, 0x014a0007, 0x55000001, 0x1c824e00, 0x0a000a23, 0x88f48202, 0x1517226f, 0x2060832c, 0x066f423f, 
	0x2042fd22, 0xcb844982, 0x36032b08, 0x3300cc01, 0x46404900, 0x00030104, 0x29303132, 0x23242528, 0x17181b1c, 0x0102030f, 0x02030210, 0x0301084c, 
	0x01064b01, 0x364b4a00, 0x22658305, 0x83074d5d, 0x55022274, 0x246d8302, 0x25330033, 0x23018215, 0x1c0b082b, 0x1720e388, 0x86051548, 0x100d4306, 
	0x2305df4d, 0x07062223, 0x08051a43, 0x09067c20, 0x29442605, 0x030a4430, 0x382c492a, 0x47d63f49, 0x3c222935, 0x43d84514, 0x3e192935, 0x4a424113, 
	0x264a2606, 0x2c2b2b24, 0x062d432a, 0x2cf8202a, 0xfe16162e, 0x101020da, 0x12230a83, 0x83d1fe11, 0x08d343d9, 0x1f28db82, 0x3a403d00, 0x00020104, 
	0x5b06d743, 0x082207b2, 0xd5850201, 0x9726d643, 0x3f3022c8, 0x43bb843c, 0x01240ed7, 0x3707342a, 0xa88aac82, 0x02269d87, 0xf6ff3200, 0x9b82ea01, 
	0x1f000f32, 0x2a402d00, 0x01030300, 0x01010061, 0x01054d5d, 0x0a335418, 0x01101130, 0x10171900, 0x091f111f, 0x010f0007, 0x7147060f, 0x072a4805, 
	0x14151624, 0xda750606, 0x410e3e10, 0x64373764, 0x37634241, 0x29346337, 0x3e1d1833, 0x19342933, 0x3e0a3f1e, 0x6a43436a, 0x2905853e, 0x2b4f322b, 
	0x323e6235, 0x05822c4e, 0x00020027, 0x021aff30, 0x3a8f8207, 0x00270019, 0x084b404e, 0x00030204, 0x03031d1e, 0x01160304, 0x17180401, 0x82040102, 
	0x064c2902, 0x064a0001, 0x00030301, 0x2106164a, 0xb6840404, 0xb6845b20, 0x4e025937, 0x00001a1b, 0x271a2022, 0x1900271b, 0x2b261900, 0x2b180b07, 
	0x06f24217, 0x84063e41, 0x222325b4, 0x15171527, 0x0809254a, 0x2634352c, 0x3c3f3026, 0x0708067c, 0x33284726, 0x673d2d4e, 0x472d383f, 0x1833181c, 
	0x30263e1e, 0xe6442846, 0x10022010, 0x3d370734, 0x274a1d20, 0xb60a3205, 0x6d021020, 0xe7fe0f0f, 0x5f511218, 0x00254e3e, 0x2cc78a00, 0x00280016, 
	0x11434046, 0x1d010401, 0x25c58201, 0x15030001, 0xc4820214, 0x4c040024, 0x9d490112, 0x88cd860c, 0x00002cc3, 0x191b2426, 0x16001600, 0x82062526, 
	0x350526bf, 0x06233537, 0x05df4623, 0x2a05d146, 0x15171133, 0x33161401, 0x83373632, 0x492720b9, 0x0125059d, 0x45064731, 0x05a2494f, 0x1d36223a, 
	0xfe3f062c, 0x163d5879, 0x05011835, 0x1b321506, 0xe6263f25, 0x3cec1c10, 0x3505a449, 0xfd150a0b, 0x01101f7d, 0x0f4c52bf, 0x1619e80f, 0x0c120409, 
	0xc3825527, 0x34000137, 0x76010000, 0x1800cc01, 0x2a402d00, 0x13151617, 0x04080f12, 0x075f4403, 0x4a000122, 0x5d232582, 0x4601024d, 0x18230780, 
	0x182b1800, 0x21096659, 0x68413337, 0x14152606, 0x06270707, 0x31aa8207, 0x7c3c3f34, 0x24030a06, 0x1c151c3f, 0x246b0603, 0x4a43471b, 0x305c3606, 
	0x06151529, 0x0f142511, 0x20effe27, 0x00010010, 0x01f6ff3f, 0x257b826c, 0x4045002b, 0x54181942, 0x5d211f1f, 0x1f54184d, 0x1d1f2e0d, 0x15171a1b, 
	0x04050709, 0x2b012b00, 0x05d84a07, 0x33352723, 0x1e541817, 0x4a262008, 0x152308e6, 0x56262723, 0x172005c1, 0x08056e58, 0x442fd545, 0x1f200e23, 
	0x1c2c2946, 0x37332333, 0x2523412a, 0x210e1f3f, 0x29223020, 0x381d2f31, 0x0a463025, 0x37701210, 0x1c212637, 0x17101921, 0x3c253237, 0x6d101224, 
	0x1e223335, 0x0e162322, 0x2c2f331c, 0x82001f3d, 0x821220c3, 0x024438c3, 0x00180030, 0x14324035, 0x01010401, 0x0201084c, 0x0101034a, 0x825f0201, 
	0x7d5720b0, 0x8c4b0501, 0x051a5908, 0x4b040521, 0x352b0a8c, 0x37352311, 0x33153337, 0x41112315, 0x270805e7, 0x06061533, 0x52402cd0, 0x84064755, 
	0x131f2e84, 0x0a030c21, 0x2f340a3b, 0x29063a01, 0xfe2f6e6e, 0x041919d7, 0x29160a03, 0x1c3c7f82, 0x1402f6ff, 0x1a00c201, 0x38403b00, 0x050e0f10, 
	0x01020504, 0x03131417, 0x4c020204, 0x2305ae4a, 0x55040400, 0x88053b41, 0x15162b85, 0x0a0c1112, 0x1a000607, 0x124c1a01, 0x11352406, 0x86333527, 
	0x080a847f, 0x23151726, 0x06062335, 0x3f4c3ae1, 0x1b2b388f, 0x97471341, 0x26059747, 0x3a3b0a47, 0x101f2801, 0x2e2cd8fe, 0x30011112, 0x6b260982, 
	0x263f101d, 0x00820023, 0xe9ff0129, 0xf7010000, 0x4f00c201, 0x5e620c3b, 0x4d572107, 0x12235418, 0x18070454, 0x3e082354, 0x43b7e303, 0x048052ef, 
	0x4ac44871, 0x1f9301b5, 0x061e1010, 0x1101e9fe, 0x10102406, 0x8271fe23, 0x84002066, 0x08032167, 0xb7426782, 0x10133505, 0x06080c0e, 0x03090205, 
	0x024c0100, 0x00000201, 0x04054d57, 0x089a5c18, 0x1800182a, 0x13161613, 0x2b1a0b06, 0x33206d8a, 0x23247189, 0x9dc90303, 0x68267482, 0x8e158e04, 
	0x78826504, 0x9015a723, 0x267b8794, 0xfe4901eb, 0x860c01ba, 0x4601237f, 0x8384bafe, 0x001a0025, 0x82d60100, 0x181f2083, 0x201c0354, 0x05536357, 
	0x1805bb46, 0x210c0354, 0x55562737, 0x07fe5405, 0x17170724, 0x02572315, 0x361a3e07, 0xcf2f8583, 0x39515d44, 0x927535a6, 0x6a3dc229, 0x23103e5c, 
	0x101fb4ac, 0x7e061e10, 0x218c8478, 0x0d84c69a, 0x82898f21, 0x0100270d, 0x10ffe9ff, 0x8f82f701, 0x28001c2f, 0x1a1c2540, 0x0507090c, 0x03080203, 
	0x05db6300, 0x004d5723, 0x05726b03, 0x4e025f2b, 0x10192513, 0x2b1a0b04, 0x9d551803, 0x0603210c, 0x0808636b, 0x27033721, 0x8552ef17, 0xc44b7003, 
	0x3616de4b, 0x610f192b, 0x151b170d, 0xc20143b8, 0xfe051f10, 0x821c01de, 0x10200873, 0x35e5fd22, 0x271d0e30, 0x2e3c2912, 0x001f8c01, 0x00450001, 
	0x01970100, 0x001100cc, 0x0c0e4075, 0x080b5418, 0x02010623, 0x052e4d4a, 0x24822420, 0x01000424, 0x54188004, 0x9d840d10, 0x22105418, 0x254d278d, 
	0x11520805, 0x12111100, 0x07121124, 0x332b1b0b, 0x07231335, 0x16333723, 0x15333316, 0x33373303, 0xa5e14615, 0x050b102d, 0xfb0c260d, 0x1025b4e1, 
	0x64840112, 0x1207039a, 0x976b7cfe, 0x2700ffff, 0xde01f6ff, 0x2602c302, 0x00003401, 0xec030700, 0x00009300, 0x9751ffff, 0x22178a05, 0x943601ee, 
	0x00f02217, 0x20178ae1, 0x204788a8, 0x20178cf4, 0x2017889a, 0x20178cf6, 0x20178882, 0x89178cf8, 0x8cfa208f, 0x88bd2017, 0x8bfc202f, 0xa2032117, 
	0x27211786, 0x22178403, 0x83030701, 0x00df2aaf, 0x0104b108, 0x35b0dfb0, 0x24a3862b, 0x01de012c, 0x242b86cc, 0x000a0407, 0x20f382ed, 0x20eb8202, 
	0x08178310, 0x003e0023, 0x40600048, 0x02010e5d, 0x1b444501, 0x02040407, 0x04000138, 0x0005012d, 0x013b4c04, 0x05012f04, 0x128e5202, 0x04010723, 
	0x05076704, 0x004d5b34, 0x62060505, 0x5f060600, 0x00014e06, 0x31334042, 0x9952292b, 0x013e2308, 0x9952093e, 0x0da37626, 0x2205bb52, 0x52262637, 
	0x0b2224ad, 0xbc761c27, 0x2b1d2709, 0x1a232c38, 0xbc520720, 0x1f132324, 0x42182304, 0x30270812, 0x28442328, 0x52182003, 0x00240bcd, 0x1a00ffff, 
	0x210d2f42, 0x7b760604, 0x8e2f2006, 0x41042017, 0x36200c9f, 0x24067341, 0xe7360406, 0x098b4100, 0x22085f42, 0x83fa0327, 0x4100202f, 0x7f420693, 
	0x89032007, 0x88382037, 0x01f62437, 0x884303de, 0x8c3a204f, 0x88482017, 0x8c3c2017, 0x880c2017, 0x962e2017, 0x8df0207f, 0xf5ff217f, 0x0320cf83, 
	0x30203789, 0x85204f8c, 0x32204f88, 0x7f89178c, 0x178b3420, 0xcf420220, 0x04580808, 0x00eb0002, 0x00030000, 0x02f6ff30, 0x00cc01af, 0x003a0033, 
	0x406d0046, 0x020e1a6a, 0x07200102, 0x43090502, 0x04283040, 0x4c030506, 0x09010200, 0x80090201, 0x05000900, 0x67050906, 0x0102080c, 0x04610301, 
	0x5d030301, 0x0606004d, 0x0b076100, 0x5b000002, 0x0a0a004d, 0x00350b87, 0x0134354e, 0x383c3e00, 0x353a3437, 0x272c2e3a, 0x1e212225, 0x061c551c, 
	0x33013323, 0x1c82420d, 0x36361725, 0x52163233, 0x24550b5d, 0x52012006, 0x142a0664, 0x37363233, 0x0e353526, 0x2d559d02, 0x3552270d, 0x1c0d4236, 
	0x7f52284a, 0x383d280d, 0x1c051b58, 0x521d015d, 0xfe260587, 0x3d234b5e, 0x42551b20, 0x1e232314, 0xa152221f, 0x272a2309, 0xa5522f22, 0xd2fe2d05, 
	0x3311143e, 0x210f1043, 0xffff0026, 0x2e053741, 0x2602c302, 0x00006601, 0xee030700, 0x8300ce01, 0xff322417, 0x84c801f6, 0x86362017, 0x885d2017, 
	0x8ab22017, 0x01f02217, 0x20179408, 0x20178cf2, 0x845f82a6, 0x00042147, 0x21081783, 0x32000100, 0xb20110ff, 0x3300cc01, 0x45404800, 0x04021521, 
	0x06273003, 0x02010003, 0x00012f4c, 0x5a464b01, 0x4d5d2207, 0x08a64b00, 0x01062708, 0x61050000, 0x5f050500, 0x00014e05, 0x1e202c2e, 0x0d0f1719, 
	0x33000708, 0x0b073301, 0x32172b16, 0x26343536, 0xa6493727, 0x15162208, 0x11335514, 0x2e06b87e, 0x35272223, 0xf3161633, 0x3b2a181e, 0x5565582b, 
	0x16231245, 0x18143852, 0x29087d4d, 0x161017d2, 0x065e131b, 0x57555c74, 0x3b292211, 0x059a7e04, 0x060c1e26, 0x02000006, 0x2808db84, 0x00c302c8, 
	0x00380004, 0x03164099, 0x26000101, 0x0506021a, 0x030b2c35, 0x4c030302, 0x01020134, 0x1bb04b4b, 0x2e405850, 0x461c8208, 0x002305be, 0x824d5600, 
	0x610421dc, 0xf682f182, 0x0306063c, 0x03030061, 0x01094d5b, 0x61070202, 0x5f070700, 0x401b4e07, 0x0100002b, 0x35828500, 0x85010422, 0x59342d9f, 
	0x05061a40, 0x31330000, 0x1c1e2325, 0x0c0d1214, 0x38063805, 0x042b9582, 0x170b0a11, 0x3337012b, 0x41030715, 0x01253233, 0xb56e5208, 0x26384120, 
	0xb1120226, 0x1cfda40d, 0x35293e41, 0x2c00ffff, 0x7902f6ff, 0x2602ee02, 0x00003701, 0xdb030700, 0x0782d501, 0x30000222, 0x40081782, 0x00ee020f, 
	0x002e0020, 0x0b554058, 0x28010801, 0x08070227, 0x03191a1d, 0x4c030706, 0x03101113, 0x01044a03, 0x02010503, 0x67020301, 0x01080800, 0x01010061, 
	0x06004d5d, 0x004d5506, 0x61000707, 0x05125609, 0x2c000136, 0x1c23252a, 0x1617181b, 0x0d0e0f15, 0x0007090c, 0x0a200120, 0x5b0fcd56, 0x4b4b05ea, 
	0x14d55606, 0xd556de20, 0x88882608, 0x47068b41, 0x1ad95647, 0x332f5729, 0xa5370734, 0x5613fe2f, 0x002011dd, 0x2c22f784, 0xf7890b02, 0x010a0424, 
	0x1785000f, 0x178c5220, 0x17861820, 0xf6ff3223, 0x058b4301, 0x00003828, 0xec030700, 0x8b43b600, 0x02c42508, 0x012602c3, 0xee221785, 0xa3435901, 
	0x2217850e, 0x940401f0, 0x8cf22017, 0x88a82017, 0x8cf42047, 0x889a2017, 0x8cf62017, 0x88822017, 0x8cf82017, 0x208f8917, 0x20178cfa, 0x212f87a6, 
	0x17830004, 0x3f430020, 0x01b23705, 0x002b00cc, 0x405e0032, 0x02010a5b, 0x03011207, 0x00012a02, 0x22821f03, 0x214c0432, 0x4b010401, 0x02000700, 
	0x67020703, 0x06060109, 0x2107e641, 0x39480303, 0x04042108, 0x2d072b44, 0x00012c2d, 0x322c2f30, 0x2325322d, 0x02581b1d, 0x012b2306, 0x02580a2b, 
	0x142e4817, 0x17580620, 0x1e112319, 0x4a182325, 0x1d260727, 0x2736382b, 0x27583926, 0x19212513, 0x22245132, 0x07955c18, 0x2c4f2523, 0x05914512, 
	0x21068341, 0xf382012c, 0x20080b41, 0x0c3f450a, 0x23083b41, 0xc8000604, 0x2113b341, 0x53410404, 0x03f0220a, 0x2447860c, 0x0a2e0406, 0x425f8900, 
	0x27220813, 0x2f83f003, 0x04070022, 0x18246787, 0xb201f6ff, 0x3020378a, 0x17833788, 0x4f888520, 0x178c3220, 0x17884820, 0x178b3420, 0x07246788, 
	0x0e010204, 0x0321af89, 0x202f885e, 0x89478c40, 0x833e2017, 0x00260817, 0xff320003, 0x02b20110, 0x000f00c3, 0x0042003b, 0x281540bc, 0x300b0801, 
	0x36080901, 0x0503131d, 0x124c0306, 0x44450501, 0x382b0807, 0x010c0200, 0x00020700, 0x000b0069, 0x080b0908, 0x01010367, 0x0e4d5601, 0x070a0a01, 
	0x07070061, 0x09004d5d, 0x00610609, 0x455b0606, 0x0d2f0562, 0x5f040401, 0x401b4e04, 0x01010338, 0x90850102, 0x3d3aa040, 0x3d274059, 0x0110113c, 
	0x3c3f4000, 0x2f423d42, 0x26292a2d, 0x181e1f24, 0x113b1016, 0x54180d3b, 0x0f200825, 0x11255418, 0x5a180320, 0xad460d10, 0x0b254808, 0x4206a446, 
	0x04300772, 0x0b133f40, 0x1d2e2715, 0x15282c1e, 0x3d3e130b, 0x0a744518, 0x5a675a21, 0x15270ea5, 0x39153551, 0x4240322e, 0x022d0582, 0x2d54531c, 
	0x2b0c0c2b, 0xfc53542d, 0x744518f4, 0x75052209, 0x0ac25a5d, 0x053b2822, 0x2705c246, 0x3d439002, 0xffff3c44, 0x2f05cf59, 0x2602c302, 0x00003a01, 
	0xf0030700, 0x00000701, 0xfa201792, 0xa620178c, 0x04212f87, 0x88178c00, 0x10042347, 0x4794fd00, 0x2f8cf220, 0x77888220, 0x1786f820, 0x00003026, 
	0x95032002, 0x3b211782, 0x2f5b8200, 0x2801f103, 0x08003700, 0xb00101b1, 0x2b35b037, 0x0759a382, 0x272a0809, 0x45404800, 0x1d242526, 0x0218191c, 
	0x06050901, 0x01104c01, 0x0a4b0106, 0x01030708, 0x0101024a, 0x04000103, 0x00670001, 0x6d470606, 0x07082706, 0x55050502, 0x46824e05, 0x2700272b, 
	0x11241525, 0x09131116, 0x0b79750b, 0x20050446, 0x05165615, 0x28100f56, 0x3f3f3f30, 0x9006863c, 0x10215990, 0x45ea0121, 0x982006f5, 0x20132459, 
	0x05834900, 0x20022c24, 0xdb85ee02, 0x04070023, 0x85db820a, 0x8c102017, 0x85162017, 0xe3ff2717, 0x04010000, 0x2f82c302, 0xb0829c20, 0xec030623, 
	0x2306824f, 0x3600ffff, 0x5d201782, 0x07241788, 0xf200ee03, 0x0a205f84, 0x30201782, 0xf022178a, 0x17849d00, 0x17820520, 0xa8023522, 0x07224786, 
	0x1786f403, 0x17821020, 0x9a022a22, 0xf6201788, 0x18201786, 0x22221782, 0x17888202, 0x1786f820, 0x17820b20, 0x5f8a2f20, 0x1786fa20, 0x2005ff59, 
	0x212f87a6, 0x17830004, 0x00020025, 0x8210ff36, 0x00bd28bf, 0x002b000b, 0x5a1540be, 0x202a0917, 0x02020301, 0x0301224c, 0x55594b01, 0x061d2105, 
	0x2209205a, 0x5e020507, 0x0422068b, 0xbe430061, 0x05015005, 0x01001b22, 0x02232682, 0x94690001, 0x50152322, 0x479e4058, 0x429b4020, 0x59595931, 
	0x0c0c1740, 0x2b0c0001, 0x24262b0c, 0x5a171c1e, 0x08200652, 0x5a109759, 0x54180852, 0xaa5914c1, 0x3c3f2508, 0x523f0686, 0x0ec95418, 0x1816775a, 
	0x3510d454, 0x3600ffff, 0x04012cff, 0x2602bd02, 0x00003c01, 0x0a040700, 0x07829d00, 0x36000129, 0x04010000, 0x5900cc01, 0x36202a57, 0xe75a8b84, 
	0xffff230b, 0x5f42d6ff, 0x0604210d, 0x4106bb67, 0x04210ee7, 0x0ce74104, 0x2a078f42, 0x00020407, 0xff0000a7, 0x821000ff, 0x03482247, 0x06ff415e, 
	0x28040623, 0x84a682a3, 0x021a25bf, 0x00bd020f, 0x0123bf86, 0x8439013d, 0xff36252f, 0x0257011a, 0xa4204783, 0x07242882, 0xec00ee03, 0x04201784, 
	0x2a201782, 0xf022178a, 0xef859700, 0x001aff23, 0x2eef82c5, 0xb306000d, 0x3201030c, 0x0614332b, 0x5b3e3507, 0xc522061c, 0x135b533c, 0x724c2205, 
	0x09095b28, 0x28055743, 0x02120215, 0x012602ee, 0x2447823e, 0x010e0407, 0x083f4427, 0x4f821220, 0x290d1b5b, 0x01020304, 0x0100010d, 0xbd56064c, 
	0x1d1b5b05, 0x1b5b1520, 0x2a012522, 0xcd370734, 0x290e1a5b, 0x2c00ffff, 0x40010000, 0x97829503, 0x09823f20, 0xef030724, 0xe344e300, 0x2023860d, 
	0x82bb8471, 0x07002623, 0xcd00db03, 0x24d38300, 0x0015ff2a, 0x231789fa, 0x93000e04, 0x5383d384, 0xee020432, 0x2c001200, 0x10112940, 0x0c0d0e0f, 
	0x05060708, 0x0e20d483, 0x6882d483, 0x57850021, 0x1223098e, 0x571a1200, 0x0721078e, 0x06cf4235, 0x07153738, 0x2c151711, 0x3c3f3f3f, 0x4949107c, 
	0x0120103f, 0x27382701, 0xc6821301, 0x2ea6fe28, 0xd4fe2e38, 0x9b861020, 0x83876320, 0x04070132, 0xfe270100, 0xb10900c2, 0xfeb80101, 0x2b35b0c2, 
	0x2005cb4a, 0x20a78c2c, 0x061f530a, 0x52ff0e24, 0xbf8a1801, 0x17861820, 0x2cff302a, 0xcc013603, 0x40012602, 0x0724cf82, 0xaf010a04, 0x3026ef84, 
	0x20020000, 0x1782c302, 0x17834120, 0x01ee0323, 0x2017947d, 0x053345f2, 0x2006235f, 0x202f88a8, 0x086345f4, 0x20021522, 0x47845f84, 0x8c0e0421, 
	0x87a6202f, 0x0004212f, 0x2c202f88, 0xab452f8c, 0x8c522009, 0x86182017, 0xff32242f, 0x84ea01f6, 0x844220a7, 0x00ec22a7, 0x080f49bd, 0xee22178b, 
	0x17946001, 0x7701f021, 0x4785052b, 0x4785bf83, 0x178cf420, 0xa7829a20, 0xf6201785, 0x8220178c, 0xf8201788, 0xc320178c, 0xfa201788, 0xfe221796, 
	0x374a3f01, 0x01ea2208, 0x232f87cc, 0x14010a04, 0xa34bc782, 0x35178205, 0x34002400, 0x43404600, 0x00020119, 0x011b4c01, 0x004b0102, 0x8e4b0505, 
	0x24461806, 0x004d3f0a, 0x61030202, 0x5f030300, 0x25264e03, 0x2c2e0001, 0x34263425, 0x15171d1f, 0x24000709, 0x8e632401, 0x0c1c5c06, 0x2114864b, 
	0x77613237, 0x06222706, 0x16141506, 0x315c0116, 0x532e2409, 0x4b141638, 0x2b220a87, 0x415c0923, 0x5c402009, 0x3d260941, 0x23094063, 0x894b1b3c, 
	0x44222208, 0x0d515c28, 0x4107ff50, 0x04230a9f, 0x41cf0006, 0x0421139f, 0x0b3f4104, 0x412e0321, 0x06240627, 0x00112c04, 0x178a2f89, 0x17964220, 
	0x178a4420, 0x0c03f722, 0x2e204788, 0x2c201788, 0x220a4742, 0x83f00327, 0x07002177, 0x27058f41, 0x1f00ffff, 0xea01f6ff, 0x3020378a, 0x8520678c, 
	0x32204f88, 0x4820178c, 0x34201788, 0xaf42178b, 0x02042309, 0xc78a1501, 0x2f885e20, 0x478c4620, 0x17884320, 0x178c2a20, 0x40202f89, 0x3e201796, 
	0x00211783, 0x08535e03, 0x2400193c, 0x43002f00, 0x010b4040, 0x2c2d0004, 0x010e1d1e, 0x18040506, 0x03050201, 0x5518004c, 0x5d2007b5, 0x0eb55518, 
	0x00252630, 0x262f2500, 0x0020222f, 0x27190019, 0x55182713, 0x362809b5, 0x16323336, 0x07333717, 0x2605c563, 0x27262223, 0x82141307, 0x05f65c11, 
	0x4e421320, 0x82272005, 0x39322b1e, 0x64371e1b, 0x193f2441, 0x0a83421e, 0x83426321, 0x0a182c0a, 0x2f11c10a, 0x1934291f, 0x82332990, 0x11c02d0c, 
	0x1f480a30, 0x6a433153, 0x2512133e, 0x012e0989, 0x1a3c1f00, 0x321916f2, 0x32fffe4e, 0x0c852b4f, 0x85ffff21, 0xc3022dd7, 0xcf012602, 0x07000000, 
	0x6001ee03, 0x3e063f43, 0x020f02f6, 0x001c0019, 0xb57f002c, 0x0102010d, 0xb04b4c01, 0x4058500e, 0x01030029, 0x18700302, 0x69087c55, 0x022605a0, 
	0x02020061, 0x55184d57, 0x40210dac, 0x182b8228, 0x990aa755, 0x4059392a, 0x011d1e19, 0x1d242600, 0x162c1e2c, 0x0c0e1014, 0x0007090a, 0x091c011c, 
	0x200c955f, 0x7d551817, 0x17a25f0f, 0x2442632e, 0x15222f20, 0x3111182e, 0x2e291536, 0x430cac5f, 0x0a2c076a, 0x17165205, 0x641f2724, 0x3e6a433d, 
	0x410c6143, 0xff820517, 0x2602c324, 0x1741d101, 0x20178409, 0x2017822c, 0x42178719, 0x322208df, 0x2f8cf6ff, 0x8b0a4745, 0x0baf4217, 0xa8201782, 
	0xf4225f88, 0x67820b01, 0x82000321, 0x03300847, 0x00cc011b, 0x00330023, 0x4064003a, 0x09010b61, 0x03011107, 0x02192109, 0x4c030304, 0x03000900, 
	0x67030904, 0x0702080c, 0x02610107, 0x5d010101, 0x2c06725d, 0x0000020a, 0x010b4d5b, 0x61000606, 0x270c8405, 0x34354e00, 0x00012425, 0x27051c56, 
	0x33242b2d, 0x1d1f3325, 0x2605a77f, 0x23000709, 0x410d2301, 0x16200c5e, 0x41150f56, 0x1e561264, 0x06dc4406, 0x1c5f3d25, 0x5633591e, 0x3b250e0a, 
	0x591d1b59, 0x0ae1442b, 0x4d760121, 0xe94405f2, 0x2e362306, 0x0056362e, 0x292e2309, 0x83412e29, 0x7f01350c, 0x3c443d43, 0xffff0000, 0x00003400, 
	0xc3029e01, 0x45012602, 0x20068b41, 0x20178833, 0x22178a76, 0x84de00f2, 0xff322617, 0x01760115, 0x232f87cc, 0x9b000e04, 0x17201784, 0x2f8a4782, 
	0x00060423, 0x214793a2, 0x47860404, 0x2cff3422, 0x0a20478c, 0x16224786, 0x178c52ff, 0x17861820, 0xf6ff3f24, 0x8f849701, 0xa7864620, 0x5f842c20, 
	0x6c201783, 0xf022178a, 0x1794d700, 0x1783f220, 0x00010039, 0x0110ff3f, 0x00cc016c, 0x405e0041, 0x0701275b, 0x02011105, 0x180d3c04, 0x22215f55, 
	0x18004d5d, 0x31165f55, 0x28292c2e, 0x15172325, 0x0e0f1213, 0x41000608, 0x9b5a4101, 0x5f551805, 0x194e600f, 0x500d4f60, 0xd7200600, 0x220ae84f, 
	0x60203c27, 0x10221261, 0x62601729, 0x3e292206, 0x5855181f, 0x1002290e, 0x37377010, 0x201d2126, 0x2e0b7260, 0x1e22181b, 0x0d162322, 0x292f331d, 
	0x4f03213a, 0x2f4105f7, 0x01152e06, 0x02cc016c, 0x00460126, 0x04070000, 0x0c47410e, 0x1788a620, 0x17880020, 0x2f8c2c20, 0x17880a20, 0x8401f624, 
	0x2f86e602, 0x4a040623, 0x214e822d, 0x9f61ffff, 0x4e032105, 0x4c211788, 0x821787dd, 0x87022047, 0x0427215f, 0x7f825f84, 0x2a084f84, 0x31000100, 
	0x4702f6ff, 0x3f00ee02, 0x4a404d00, 0x04050102, 0x07020123, 0x004c0205, 0x00050004, 0x00800504, 0x01060002, 0x82690602, 0x5f01374d, 0x57010100, 
	0x0701084d, 0x004d5507, 0x61030505, 0x5b030300, 0x1a824e03, 0x3f003f2c, 0x282a3a3c, 0x1f212425, 0x6a181125, 0x342e0c85, 0x3233023e, 0x0e141516, 
	0x16141503, 0x29461716, 0x18352009, 0x08091c76, 0x26262732, 0x033e3435, 0x23263435, 0x11150622, 0x4e4e3f40, 0x36563b20, 0x2619584d, 0x2b151926, 
	0x29283220, 0x432e2744, 0x0f200e23, 0x3026212e, 0x31222e3f, 0x47081983, 0x3a45363b, 0x63012010, 0x60331e2f, 0x344b2d4e, 0x2c2c321f, 0x1d141f31, 
	0x3c281a22, 0x243d2529, 0x37701210, 0x25261d1a, 0x19213628, 0x2a1c2e34, 0x2a3c2d28, 0x47573b2b, 0xffffd8fd, 0xf6ff1200, 0xe4026d01, 0x47012602, 
	0x0726bf82, 0xc900db03, 0x17840000, 0x44011524, 0x17873002, 0x000e0423, 0x201f82d4, 0x822f8401, 0x20003d17, 0x44404700, 0x0108011c, 0x010c4c01, 
	0x01064a04, 0x01010702, 0x67010208, 0x03030105, 0x21076e6b, 0x0c570808, 0x181a2f0a, 0x12131415, 0x0e0f1011, 0x06070809, 0x0c570405, 0x3535240a, 
	0x82333523, 0x06516203, 0x15331524, 0x55621523, 0x4c4c210c, 0x21055762, 0x59627a7a, 0x2f922a0a, 0x6e290679, 0x2f792f6e, 0x095b6281, 0x10ff1222, 
	0x2d08b783, 0x52002d00, 0x01224f40, 0x010e0205, 0x0d280506, 0x06010303, 0x01024c03, 0x164b0101, 0x044a0301, 0x03020201, 0x0303005f, 0x05004d57, 
	0xb5530605, 0x01210806, 0x07610001, 0x5f000001, 0x00014e00, 0x1e202627, 0x18191a1b, 0x06081213, 0x2d012d00, 0x2b160b08, 0x10565317, 0x20140663, 
	0x05084823, 0x5843c520, 0x222d2209, 0x0c18632c, 0x142d3a23, 0x9f581839, 0x0860230b, 0x28632731, 0x122d250f, 0x3124282a, 0x20058b41, 0x0c8b412c, 
	0xd4000a22, 0x2206a341, 0x41590152, 0x18200aa3, 0x0e221786, 0x2f82f6ff, 0xbb41fe20, 0x07013105, 0x9b00f603, 0x08006400, 0xb00201b1, 0x2b35b064, 
	0x1c263b84, 0x1402f6ff, 0x2382c302, 0x00004828, 0xec030700, 0x1794c000, 0x6301ee22, 0xf0201794, 0x85067355, 0x88a82047, 0x8cf42047, 0x889a2017, 
	0x8cf62017, 0x88822017, 0x8cf82017, 0x208f8917, 0x20178cfa, 0x202f88bd, 0x89178cfc, 0x01fe212f, 0x2c050774, 0x0210ff1c, 0x00c20114, 0x4055002f, 
	0x075b6452, 0x13142c38, 0x1f020403, 0x03000501, 0x0501214c, 0x01034b01, 0x4d570101, 0x65640107, 0x01082408, 0x425b0000, 0x5f2a080b, 0x00014e06, 
	0x23252a2b, 0x75641b1d, 0x012f2208, 0x056e452f, 0x75642620, 0xf6611813, 0x06fc5f0c, 0x20118a64, 0x0e8f5148, 0x9a643520, 0x0e915117, 0x23263f29, 
	0x00ffff00, 0x832cff1c, 0x070b41db, 0x410a0421, 0x0423150b, 0x41d20006, 0x042113b3, 0x222f9604, 0x89180102, 0x5e03212f, 0x06245f86, 0x00144604, 
	0x4320178a, 0x48201788, 0xc7651783, 0x02573e06, 0x00250019, 0x1417407f, 0x10040101, 0x01050205, 0x03040e0f, 0x1f220502, 0x0206031e, 0x066f4a04, 
	0x04002222, 0x70231e82, 0x70050500, 0x2d5b078f, 0x02022105, 0x25057143, 0x1b4e005b, 0x24822140, 0x9b850421, 0x40592b23, 0x21000115, 0x171b1d20, 
	0x0b661315, 0x01252205, 0x05984325, 0x18109541, 0x2208c456, 0x66112323, 0x93201116, 0x2006574a, 0x151e6623, 0x2105554a, 0x24668cfe, 0xffff3206, 
	0xf6ff1c00, 0xc3025702, 0x01022602, 0x07000000, 0x09174303, 0x17822c20, 0x17871920, 0x8b0c9341, 0x0b5f432f, 0x0420178a, 0x220b7b41, 0x88a80257, 
	0x41f4205f, 0xff2505ab, 0x030000e9, 0x21778308, 0xdb4f4a01, 0x3d012505, 0xffff0000, 0xee221790, 0x1794e001, 0x8b01f022, 0x9a22178a, 0x47862602, 
	0x1787f620, 0x0110ff23, 0x205f84f7, 0x215f854c, 0x2f85ba00, 0xee22178e, 0x17945d01, 0x435af020, 0x05c76505, 0x5f830220, 0xf6204785, 0xd782178c, 
	0x17850120, 0x178cf420, 0x8f828220, 0xf8201785, 0x0121178b, 0x271785c2, 0x0a040701, 0xe4ff2a01, 0x2105df51, 0xdf51e4ff, 0x206b8605, 0x252385c3, 
	0x02040700, 0x9b8a1201, 0x1788a620, 0x53850020, 0x00450025, 0x84b30100, 0x844d20e3, 0x01ee22e3, 0x842f8348, 0x05eb4917, 0xf2221785, 0x178af300, 
	0x17844783, 0x87000421, 0x2cff2517, 0xcc019701, 0x17855f82, 0x17830a20, 0x00020022, 0x200e3374, 0xd356180b, 0x185d2018, 0x740dd356, 0x0a230b33, 
	0x74040508, 0x17310733, 0x37352622, 0x23022e21, 0x35230722, 0x32333636, 0x06c76c16, 0x16233729, 0x5b4fdd16, 0x742b0105, 0x3d25082d, 0x613b7061, 
	0x06944b29, 0x08078a4b, 0x753d2c2d, 0x41744a62, 0x443d432c, 0x0001003c, 0x011aff30, 0x00cc01e1, 0x403c0023, 0x01010439, 0x20212200, 0x06010203, 
	0x4c020102, 0x6d010108, 0x152505e3, 0x49020214, 0x6c1c8200, 0xf46805b9, 0x00232409, 0x6f2b2f23, 0xe66d0b9a, 0x06142108, 0x21060a55, 0xa56e2634, 
	0x2b47290e, 0x51244b3b, 0x172e2444, 0x6d07c471, 0xb32d0aec, 0x1a395746, 0x4c2f1410, 0x2c32013d, 0x07f26d2e, 0x35064741, 0x00ed02ef, 0x002f001e, 
	0x18124078, 0x0d101215, 0x0b030205, 0xa8820501, 0x0301132e, 0x20b04b4a, 0x23405850, 0x01030200, 0x8025bf82, 0x56030300, 0x090a524d, 0x58180020, 
	0x40270b2e, 0x02030020, 0x82008503, 0x958520e3, 0x40593322, 0x2d000113, 0x1723252b, 0x090e0f16, 0x011e0007, 0x494d071e, 0x2726270e, 0x26372307, 
	0xdc4f3527, 0x1427280a, 0x3233021e, 0x6c343536, 0x4f0807d3, 0x3764410e, 0x1a406d42, 0x381e1029, 0x3d72454f, 0x4d4c5f4f, 0x5b526b45, 0x10c66538, 
	0x32253522, 0x391b0748, 0x263e2423, 0x3e663d0a, 0x04376c52, 0x4e405504, 0x211c3570, 0x694b351e, 0x4e72c146, 0x20ec4679, 0x6e243a43, 0x1a2e3079, 
	0x0051211b, 0x2a07a36d, 0x1900ee02, 0x53002700, 0x82045040, 0x080031eb, 0x1e010401, 0x0405021d, 0x05020116, 0x01021718, 0x05261582, 0x0100004c, 
	0x91768500, 0x05052e0b, 0x02006102, 0x064d5b02, 0x59030301, 0x0f6f6e03, 0x08162424, 0x706e190b, 0x0d957808, 0x2115706e, 0x6f6e0510, 0x32032619, 
	0xfe370734, 0x19706ea1, 0x00ffff27, 0x03f6ff2c, 0x61cb82c6, 0x272e0567, 0x2f024d01, 0x07000000, 0x2203f203, 0x1f840000, 0xfc011a22, 0x3f201f84, 
	0x01231783, 0x8426013d, 0xff302a17, 0x021c031a, 0x012600bd, 0x21178541, 0x17844602, 0xf6ff2f2a, 0xcc01de01, 0x34010602, 0x7b431782, 0x02ea3505, 
	0x002700e4, 0x40600034, 0x0101030b, 0x02103400, 0x4c020504, 0x2b051176, 0x0100001f, 0x01008500, 0x00850102, 0x2f061c41, 0x04004d30, 0x00610304, 
	0x03340303, 0x1d401b4e, 0x0226218a, 0x02040500, 0x1f8a6905, 0x09405939, 0x2a262e25, 0x08061016, 0x33012b1c, 0x06141517, 0x020e0706, 0x82070607, 
	0x0cd47907, 0x34352627, 0x3e37023e, 0x05f76e02, 0x34356208, 0x22232626, 0x10cd0107, 0x34341204, 0x0d224039, 0x02020925, 0x36471801, 0x3c375b37, 
	0x624a3c63, 0x80431831, 0x0c262767, 0x4050bffe, 0x3d1a452f, 0x02314636, 0x270a04e4, 0x04041f37, 0x1a09100d, 0x13220f4f, 0x64362119, 0x35654747, 
	0x49497543, 0x1a577186, 0xfe130e0a, 0x50727333, 0x395b3455, 0x22ff823b, 0x82300003, 0x01d62fbd, 0x001300c2, 0x0025001c, 0x014a404d, 0x12820201, 
	0x02034708, 0x03040109, 0x04050113, 0x05010112, 0x03004c05, 0x05040107, 0x06690403, 0x00020201, 0x0000005f, 0x05004d30, 0x005f0105, 0x012f0101, 
	0x151d1e4e, 0x1d1f2114, 0x18251e25, 0x151c1416, 0x08222b1c, 0x132b1808, 0x7b443527, 0x1e072205, 0x29f78202, 0x37352323, 0x33152313, 0xdc823632, 
	0x08870720, 0x3f6f3908, 0x2f715bba, 0x1a3d363e, 0x3fb27d77, 0x32464999, 0x4535282a, 0x393b4141, 0x10209201, 0x3a243a2c, 0x2d22060b, 0x10444317, 
	0x95670120, 0x2d1f1f2a, 0x282bb1bb, 0x0100322c, 0xa920bb84, 0x0d24bb82, 0x11405600, 0x0125b785, 0x090c0d02, 0x9b531808, 0x0017210a, 0x0d9b5318, 
	0x0327b682, 0x4e032f03, 0x8518401b, 0x80032219, 0x84d18900, 0xb659281a, 0x12111113, 0x831a0804, 0x905318c0, 0x29bb8207, 0x79013f6f, 0x53964410, 
	0x99833fe2, 0xfe7cab29, 0x1010209d, 0x84ffff20, 0x02b83087, 0x022602bb, 0x01000022, 0x01ee0307, 0x46f8ff4d, 0xf8230673, 0x822b35b0, 0x83002014, 
	0x27ab8319, 0x40760015, 0x03010411, 0x02280182, 0x10131403, 0x0506040f, 0x099f5318, 0x0003022e, 0x04720203, 0x07080001, 0x00060502, 0x09105518, 
	0x0623b682, 0x82062f06, 0x002321b6, 0x00212484, 0x18259a80, 0x82089f53, 0x111128c8, 0x08091113, 0x18372b1d, 0x7d0d9b53, 0x352205b2, 0xd4854d22, 
	0x82797921, 0x2fcd28d6, 0xab102096, 0x842f977c, 0x009d3ed8, 0x00020000, 0x0184ff19, 0x00c201ed, 0x001b0013, 0x09414044, 0x00060206, 0x0102050a, 
	0x9f531806, 0x4d30260f, 0x05080709, 0xa0531804, 0x0000270b, 0x1b141b14, 0x3c821516, 0x13268883, 0x1b080a17, 0x5818372b, 0x112108cb, 0x05be7e33, 
	0x21353608, 0x14152311, 0x4e070606, 0x3f0a1a19, 0x473f9901, 0xd4fe4410, 0x3d011044, 0x16180a99, 0x787d342f, 0x10200e2c, 0x9dfe2010, 0xab7c7cab, 
	0x2d0f6401, 0x00337c79, 0x05b754ff, 0xcc01b227, 0x38010602, 0x200f8800, 0x0ef36302, 0x00010023, 0x20c88214, 0x08c382f6, 0x36002932, 0x27283340, 
	0x21222326, 0x16191b1d, 0x11121314, 0x0a0c0d0e, 0x02040609, 0x01010016, 0x0202034c, 0x4d300101, 0x00020405, 0x4e002f00, 0x17171615, 0x2305b743, 
	0x37352333, 0x2508b86e, 0x33352735, 0x435b0715, 0x37238211, 0x84980735, 0x46b2b747, 0x3fab1db5, 0x1dab3fce, 0xbdac46b0, 0x9f268440, 0x9f2a0c82, 
	0x92cb2210, 0x24101023, 0x5d419306, 0x06932c05, 0x23101024, 0x1022d08d, 0x83b6b234, 0xb2b622de, 0x08ab8200, 0xf6ff3c2c, 0xcc018e01, 0x56002d00, 
	0x01155340, 0x011f0503, 0x01280201, 0x4c030006, 0x02030400, 0x80020403, 0x00010700, 0x80000701, 0x06820200, 0x01022808, 0x03030069, 0x05006105, 
	0x084d3505, 0x06000001, 0x06060061, 0x014e0634, 0x26292a00, 0x14171924, 0x0a0e1013, 0x18050708, 0x26079353, 0x35363237, 0x18232634, 0x180d7d53, 
	0x4e09f65e, 0x2322057a, 0xe5822622, 0x16174608, 0x382ece16, 0x3a393934, 0x2d2a282f, 0x21102420, 0x30461d0e, 0x2e2c4828, 0x6b44413d, 0x203f3553, 
	0x2b10200e, 0x2831321a, 0x25312634, 0x1a192a26, 0x130f6d35, 0x252a2f14, 0x3b080b3f, 0x1147432d, 0x1b377011, 0x08b75c1c, 0xc2012a34, 0x30001b00, 
	0x1a1b2d40, 0x14151617, 0x0e0f1213, 0xcc4f0c0d, 0x00012205, 0x21cd8214, 0xc082014c, 0x034d302b, 0x2f020201, 0x15174e02, 0x07854317, 0x07153323, 
	0x06b45c11, 0x15171127, 0x11373523, 0x05c04207, 0xce3f6f24, 0x0382dc3f, 0x01290686, 0x10102092, 0xdffefe20, 0x20078423, 0x2105839e, 0x0d850201, 
	0xab438682, 0x2a022705, 0x2602c302, 0x10822a02, 0x4e040724, 0x935b2d01, 0x022a2208, 0x2517857a, 0xf8030701, 0xc3432d01, 0x00302410, 0x82120200, 
	0x001a29c3, 0x192e4031, 0x10121517, 0x0a20c082, 0x042dc082, 0x000f0203, 0x024c0101, 0x30010101, 0x240d824d, 0x002f0000, 0x2c5f824e, 0x171a001a, 
	0x08051515, 0x27212b19, 0x64451827, 0x0e3e4208, 0x268e0123, 0x26c285a9, 0x46b01db5, 0x4240c6b5, 0x01210610, 0x20be8362, 0x0928429d, 0xbf860020, 
	0xbb021222, 0xb782a782, 0xee22a782, 0xa7907801, 0xf6ff1524, 0xa782e901, 0x38001d30, 0x1a1d3540, 0x19040102, 0x01030200, 0x09820506, 0x0303002d, 
	0x0101004c, 0x04005f04, 0x824d3004, 0x712f20a2, 0x342c0822, 0x13164e02, 0x05131327, 0x012b1b08, 0x43066641, 0x22710598, 0x36362907, 0x35273535, 
	0xaa011521, 0x9331af82, 0x130f1007, 0x1419202c, 0x45191a4d, 0x92019901, 0x056e41fe, 0x4919632e, 0x322a546a, 0x25191521, 0x207a8c23, 0x0028c382, 
	0x2a000100, 0x98020000, 0x19209382, 0x13349383, 0x01080910, 0x00010600, 0x14151819, 0x0a0b0e0f, 0x02010308, 0x22089682, 0x01000300, 0x01028003, 
	0x4d300000, 0x03020405, 0x4e032f03, 0x11151414, 0x08061211, 0x27132b1c, 0x82133335, 0x07152c01, 0x23151713, 0x03033735, 0x84030323, 0x3f733d09, 
	0x8a098da1, 0x3f133f90, 0x9b1039c8, 0x3909a515, 0x92013faa, 0xc2fe1020, 0x20103e01, 0x3b269786, 0x6b0195fe, 0x8f82c5fe, 0x3b462020, 0x20023105, 
	0x1b00c201, 0x36403900, 0x08090c0d, 0x00010405, 0x1b279482, 0x1316171a, 0x180e0f12, 0x8210f78f, 0x84012091, 0x13132490, 0x88131315, 0x07152390, 
	0x56183315, 0x35210b1f, 0x09984223, 0xd541d220, 0x42068305, 0x94210598, 0x09964294, 0x849f9f21, 0x07b74489, 0xcc01ea25, 0x50010602, 0x30240583, 
	0x16020000, 0x13299b82, 0x2c402f00, 0x02020104, 0x25918300, 0x06070a0b, 0x55180005, 0x30280c0b, 0x0101034d, 0x4e012f01, 0xb0469382, 0x41072009, 
	0x078507bb, 0x013f6f24, 0x89823fe6, 0x0382c820, 0x10418685, 0x46632006, 0x002005c0, 0x7805ff42, 0x8382059f, 0x0f844320, 0xf6ff3130, 0xcc01b101, 
	0x36010600, 0x010000ff, 0x04821e00, 0x9382ce20, 0x5c000f2c, 0x0b0c0940, 0x03040708, 0x227d0101, 0x061a2906, 0x02010205, 0x72010203, 0x1d48ac84, 
	0x47032006, 0x1b200566, 0x03211c87, 0x721d9080, 0x0f2c05ca, 0x13130f00, 0x07111111, 0x132b1b08, 0x08248a18, 0x37352333, 0x1e072311, 0x4410b001, 
	0x4dea4d5c, 0x1701445c, 0x077347ab, 0x7c630125, 0x4dffff00, 0x012505c7, 0x010602c2, 0x0abf4d4c, 0xfb4dcb20, 0x01502308, 0x01820008, 0x0101b125, 
	0x52b008b0, 0x338505b7, 0x374e0220, 0x0300230e, 0xff823200, 0x02702308, 0x001c00ee, 0x002e0025, 0x2a424045, 0x05060221, 0x01021a1b, 0x02000404, 
	0x0c0d0f4c, 0x004a0103, 0x6e590505, 0x4d352d05, 0x00060600, 0x00010361, 0x074d3400, 0x32282282, 0x00004e04, 0x22232b2c, 0x1c294082, 0x13161616, 
	0x2b1a0808, 0xb4541817, 0x3768080c, 0x021e1133, 0x06061415, 0x15171507, 0x16161401, 0x06221117, 0x26340506, 0x32112726, 0x3feb3636, 0x3e3e704a, 
	0x863c4a70, 0x3e6e4a06, 0x3f4a6e3e, 0x4621d3fe, 0x21463737, 0x45208a01, 0x21443737, 0xac2010e6, 0x41693e03, 0x033e6941, 0x370734b0, 0x3f03defe, 
	0x68414168, 0x20ac033f, 0x31dc0110, 0x0106405c, 0x544f327f, 0xfe280883, 0x004f3281, 0x00ffff00, 0x0806af75, 0x0106022c, 0x0000004b, 0xff300001, 
	0x011e0284, 0x001500c2, 0x0e324035, 0x06090a0d, 0x00010205, 0x15000109, 0x02010501, 0x0104004c, 0x80435304, 0x01032505, 0x5f050101, 0x2f25f282, 
	0x11114e05, 0x23008213, 0x2b1c0806, 0x07a25a18, 0x27113326, 0x07153335, 0x2105c347, 0x5f426f35, 0x10472506, 0x3066fe44, 0x2505b844, 0x63019dfe, 
	0xb6471020, 0x84102005, 0x8215207b, 0x82ef2080, 0x001f297b, 0x13354038, 0x0d0e0f12, 0x7b827c83, 0x04011a34, 0x15181901, 0x04030414, 0x01004c03, 
	0x01030400, 0x85856a04, 0x0303002f, 0x254e032f, 0x13251515, 0x2b1b0805, 0xf94b1813, 0xae541808, 0x35233f0c, 0x06063537, 0x4f262223, 0x303cc63a, 
	0x152c1d33, 0x3f3fcb3c, 0x341c47d6, 0x01505819, 0x87834949, 0x2e3b4825, 0x43a40706, 0x99230980, 0x82420809, 0x050b4496, 0x82060321, 0x001b2997, 
	0x17344037, 0x11121516, 0x2e081841, 0x1b00010e, 0x01050218, 0x02044c02, 0x43000002, 0x15410570, 0x13152107, 0x41181541, 0x1728061d, 0x6f352115, 
	0xb43fce3f, 0x3f220386, 0x1d412afd, 0x06254110, 0x99829e20, 0x21059f41, 0x8b820e03, 0x3d001d24, 0x8a8c3a40, 0x00010d25, 0x8207011d, 0x06002489, 
	0x86530601, 0x03052b8e, 0x07010102, 0x0707005f, 0xa541072f, 0x13132406, 0x411e0808, 0xaf4111a7, 0x24938710, 0xfd441047, 0x29959776, 0x107cab9d, 
	0x02000000, 0x04821e00, 0x97822920, 0x1c001337, 0x12408800, 0x04020111, 0x02030112, 0x0506010a, 0x06010109, 0x060a4404, 0x03002634, 0x03020002, 
	0x00010772, 0x06050108, 0x00690500, 0x6c460202, 0x06062107, 0x22072f4c, 0x8527401b, 0x80002128, 0x5926299e, 0x14151940, 0x564c0001, 0x0f102705, 
	0x0b0c0d0e, 0x4b180608, 0x012307ff, 0x4c161632, 0x11290658, 0x35230723, 0x15071521, 0x07584c17, 0x5e3d012f, 0x7d772866, 0x44503fb2, 0x53470110, 
	0x05534c45, 0x3d29153c, 0x10494620, 0x7c630120, 0x7d2010ab, 0x282fb630, 0x0300312e, 0x00003000, 0xdf82b102, 0x000b2408, 0x0026001d, 0x1c4c404f, 
	0x0b17181b, 0x08000708, 0x06160102, 0x05060301, 0x03020515, 0x4c030600, 0x83020107, 0x022b08da, 0x01046a05, 0x4d300101, 0x00060600, 0x0001035f, 
	0x4e002f00, 0x0c0d1e1f, 0x261e2022, 0x191a261f, 0x1d0c1214, 0x13151d0d, 0x47180809, 0x2724084e, 0x05153335, 0x0f83b48a, 0x0228b28a, 0x3fce3f72, 
	0x39fece3f, 0x3f21b986, 0x47b687e2, 0x6224075c, 0x9d101020, 0x0c83c287, 0x0021c288, 0x21c38302, 0xc382d601, 0x1a001133, 0x40404300, 0x0b0c0f10, 
	0x0a020004, 0x09030401, 0x23048201, 0x0001054c, 0x0426c982, 0x006a0300, 0xb8820202, 0x41040421, 0x1336078f, 0x16000112, 0x131a1214, 0x080d0e1a, 
	0x01110006, 0x16080711, 0xa999132b, 0xa190ea20, 0x8d085841, 0x00340895, 0x46000100, 0xc801f6ff, 0x2500cc01, 0x48404b00, 0x0301010c, 0x0604011a, 
	0x02004c02, 0x02010001, 0x05008000, 0x05070607, 0x00008006, 0x05070108, 0x00670700, 0x61272282, 0x35030300, 0x6a06004d, 0x342e05fd, 0x00004e04, 
	0x24002500, 0x23261323, 0xd04c2313, 0x022e2507, 0x07062223, 0x0cb56918, 0x0808b94a, 0x36323357, 0xa5353536, 0x3b2307c6, 0x112b212b, 0x49200e21, 
	0x37634234, 0x3b426337, 0x200e2348, 0x29313510, 0x2fd0203b, 0x182e4c2c, 0x106d351b, 0x436a3e12, 0x103e6a43, 0x1c377012, 0x2b52361b, 0x00020003, 
	0x02f6ff30, 0x00cc01b8, 0x002e001e, 0x044f4052, 0x00070201, 0x27b58205, 0x02191e07, 0x1a1d0406, 0x0f4b5518, 0x004d3029, 0x61020707, 0x82020200, 
	0x050525b9, 0x01084d2f, 0x094a5518, 0x281f2028, 0x202e1f26, 0xc183132e, 0x48091221, 0x152606cf, 0x3e331507, 0x68413302, 0x82062005, 0x272621bc, 
	0x20064048, 0x0e446405, 0xce3f6f33, 0x3706563f, 0x5e3f3a5a, 0x3f5e3535, 0x03375b3c, 0x2c128256, 0x2f258501, 0x2f3a1b16, 0x1c173025, 0x05de473b, 
	0x5d3c9423, 0x28cd8535, 0x9f3e6338, 0x20101020, 0x8c40180f, 0x0000230c, 0xd3820200, 0xe701003e, 0x1700c201, 0x48002000, 0x01134540, 0x01140205, 
	0x010a0504, 0x15160400, 0x05010208, 0x4c2e0882, 0x00040107, 0x00040100, 0x05050067, 0xd7825f02, 0x064d3033, 0x01010203, 0x194e012f, 0x1c000018, 
	0x1920181a, 0x2f428220, 0x13122917, 0x2b190808, 0x35373521, 0x23070723, 0x074f5518, 0x3333362a, 0x17110715, 0x35332715, 0x0805897e, 0x31270130, 
	0x7e1a673b, 0x3c38763c, 0xd3345331, 0x4ddc3f3f, 0x2f343443, 0x92962010, 0xa1221034, 0x312a3909, 0x20101939, 0x10209efe, 0x2531adeb, 0xab823423, 
	0x00012d08, 0x011aff30, 0x00ee02e1, 0x4041002a, 0x04052a3e, 0x00050001, 0x134c0106, 0x4b010601, 0x030a0b0d, 0x1e1f4a02, 0x03490002, 0x01040201, 
	0x0124c782, 0x06060067, 0x8206114d, 0x002f303f, 0x11242e4e, 0x12131116, 0x2b1d0807, 0x82151737, 0x7311209e, 0x15200b34, 0x20072f6d, 0x0c8e5414, 
	0xd647bf22, 0x2e0d306d, 0x1c17533c, 0x1b2c370c, 0x1d2d1341, 0x6d201010, 0xa9200e34, 0x2808c269, 0x122e2c32, 0x01000011, 0x07d75500, 0x00214208, 
	0x0e3b403e, 0x1d020301, 0x02040501, 0x0003004c, 0x04030504, 0x02020067, 0x01006101, 0x004d3501, 0x61000505, 0x00000106, 0x014e0034, 0x181a1c00, 
	0x12151617, 0x00060810, 0x07210121, 0x052b1608, 0x0a746622, 0x2707072e, 0x06222326, 0x15330706, 0x33161623, 0x14654b18, 0x2a472f28, 0x08bfc003, 
	0x4b18495a, 0x2b2b1269, 0x462f2d4a, 0x2b0a284b, 0x5eff003e, 0x012406ef, 0x010602cc, 0x20051f53, 0x22b88236, 0x82bd0204, 0x003c260f, 0x00030000, 
	0x3e0f820e, 0x00bd0226, 0x0017000b, 0x403b0022, 0x1e202138, 0x191a1b1c, 0x01000407, 0x0101034c, 0x82050206, 0x012008ce, 0x01076900, 0x042f0404, 
	0x0d18184e, 0x1800010c, 0x13221822, 0x0d170c11, 0x00050717, 0x080b010b, 0x1320c482, 0x0ad94618, 0x0b8a3320, 0x0ae54618, 0x221a4a24, 0x03821a22, 
	0x07868620, 0x3c3fce26, 0x023f0686, 0x08ed4618, 0x16f54618, 0x3624c783, 0xd6001aff, 0x3d20b784, 0x2008b782, 0xff150002, 0x01bc02f6, 0x002300c2, 
	0x405b002c, 0x021e2158, 0x1d220502, 0x0a020002, 0x09040701, 0x2b048201, 0x0001084c, 0x04060109, 0x00690600, 0x5f281c82, 0x30050500, 0x0707004d, 
	0x53051345, 0x25380be3, 0x28000124, 0x252c2426, 0x191f202c, 0x0c131518, 0x0006080b, 0x0a230123, 0x09e26218, 0x35232323, 0x06c55037, 0x4f7e0620, 
	0x072c4d06, 0x210adf45, 0x3645d001, 0x4d8e2006, 0xa8200c3b, 0x4d119c46, 0xe7451043, 0xe402210e, 0x2126db82, 0x4b002a00, 0xbd4c4840, 0x1c21370a, 
	0x05080319, 0x03181d20, 0x4c030804, 0x09010103, 0x08050207, 0x4c490501, 0x08082407, 0x41065f04, 0x233305a8, 0x22242622, 0x132a232a, 0x13232513, 
	0x080a1213, 0x46132b1d, 0xcf4c058e, 0x44152006, 0xda830695, 0x94443520, 0x53252006, 0xc42609b5, 0xd835be35, 0xd0842b53, 0x0b82a820, 0x013fc423, 
	0x08b653a3, 0x87201025, 0x82102087, 0x3b272805, 0x1047431f, 0x83acac20, 0xacab250d, 0x2e2c252d, 0x2609874f, 0x02ee0220, 0x4a8f0106, 0x16200897, 
	0x1725d382, 0x14405c00, 0x087f490f, 0x00010a28, 0x03021017, 0x5f480201, 0x00182606, 0x04030304, 0x061b4a71, 0x03010124, 0x954d055f, 0x401b2205, 
	0x211a8217, 0x19918604, 0x09405925, 0x4a151111, 0x172616be, 0x23072315, 0xc04a2327, 0xc53f2508, 0xc5261026, 0x250f0d49, 0x7c10209e, 0xa785107c, 
	0x01000037, 0x003e02a9, 0x404f000d, 0x0201010e, 0x090c0d00, 0x03050008, 0x22a18702, 0x82010016, 0x54702022, 0x1b220f54, 0x59181540, 0x30210cfb, 
	0x05d94a4d, 0x220d6c54, 0x5c153337, 0x3727056d, 0x25013f6f, 0x54ea1044, 0x7c21066c, 0x08ab4dab, 0x2905234a, 0xc2011f02, 0x3c001c00, 0x86503940, 
	0x02032809, 0x0701030c, 0x18000204, 0x250bf759, 0x4d300101, 0xd0520506, 0x00002d05, 0x1c001c00, 0x15171411, 0x1b080715, 0x82199250, 0x50272084, 
	0xc9230e94, 0x5044104a, 0xd3221496, 0x56827cab, 0x14000126, 0x020384ff, 0x2b289382, 0x3e404100, 0x2324292a, 0x280d6053, 0x28010412, 0x00030225, 
	0x05116304, 0x63050423, 0x056c5303, 0x85060721, 0x1115219b, 0x17269782, 0x08081016, 0x6e532b1e, 0x209c831c, 0x074c5123, 0x98073526, 0xb0b94384, 
	0x250a7053, 0x1049bfab, 0x72533c44, 0x91cc2107, 0x82127253, 0x0a7253b2, 0x00010027, 0x0184ff1a, 0x18bb82f7, 0x2026e359, 0xe3591830, 0xde42181a, 
	0xe3591811, 0xe042180c, 0x104a230d, 0x42188f44, 0xab2a15e2, 0x061e107c, 0x2406898f, 0xef410010, 0x82282006, 0x001d249f, 0x43414044, 0x1c2e0aed, 
	0x05031419, 0x1d4c0203, 0x03031518, 0x59184b01, 0x303312e0, 0x0501074d, 0x4e052f05, 0x11111313, 0x12131313, 0x431e0808, 0x11200ee6, 0xb850a087, 
	0x1047240e, 0x503f8244, 0xac2311ba, 0x5020107c, 0x9b8307ba, 0x3b411520, 0x40432208, 0x0bd34d40, 0x06011c2b, 0x05011a01, 0x1b4c0303, 0x229c8901, 
	0x1803006a, 0x2108905c, 0x5c4e4d30, 0x82252005, 0x2515219a, 0x0ed85918, 0x870ade4d, 0x10e04da0, 0x8a20a282, 0x8318e24d, 0x992108a8, 0x00420809, 
	0xffe9ff01, 0x01f70119, 0x001700c2, 0x162a402d, 0x0f121415, 0x08090b0d, 0x01020305, 0x0d74540d, 0x4e023233, 0x17000000, 0x16191700, 0x2b180804, 
	0x35373517, 0xcc991803, 0x032a080e, 0x86151715, 0xef43993f, 0x76057a52, 0x984ac448, 0x2010e73f, 0x1f9201b8, 0x061e1010, 0x4d01adfe, 0x10102406, 
	0xb56ffe23, 0x4a821020, 0x1e247b89, 0x39403c00, 0x07377886, 0x1c1d0100, 0x05041819, 0x034c0204, 0x06070001, 0x00050402, 0x4c026704, 0x0523054e, 
	0x83053205, 0x001e2b86, 0x1311131e, 0x08111419, 0x8a821c08, 0x8a913320, 0x41153321, 0x352206b3, 0x9189794c, 0x7a799728, 0x2f3fce3f, 0x9490012f, 
	0x882f7127, 0x20101020, 0x07475488, 0x20057f45, 0x21a7833b, 0x05822c00, 0xe402fa2d, 0x20000b00, 0x0a0b1d40, 0x53050607, 0x0126050f, 0x0100004c, 
	0xe6598500, 0x12152205, 0x06d65902, 0x52071521, 0x6b20055c, 0x02826a82, 0x83b40221, 0x7cfd2158, 0x5705d252, 0x02210c9b, 0x6d598218, 0x0f24093b, 
	0x22001800, 0x14f75918, 0x184d3521, 0x380cf759, 0x1011191a, 0x1d1f0001, 0x221a2219, 0x18101415, 0x07091811, 0x0f010f00, 0x45721809, 0x093d5b08, 
	0x06220324, 0x59180706, 0x352407f7, 0x01021e21, 0x3409716f, 0x284e6337, 0x01011a33, 0x39210601, 0x18332911, 0x2105fefe, 0x09686f3c, 0x3e6a4338, 
	0x4b2fac01, 0x2d4b2c2a, 0x4f327ffe, 0x4f2e022b, 0x02000031, 0x04821900, 0x52021f21, 0x8430050f, 0x01001040, 0x011c0809, 0x4c020907, 0x0307080a, 
	0x07d74518, 0x04282008, 0x06000101, 0x00720100, 0x08010a06, 0x69080609, 0x00000105, 0x01035f02, 0x4d300202, 0x4f090900, 0x1b220799, 0x2a862940, 
	0x9f800621, 0x4059242b, 0x5b1d1e13, 0x252f054c, 0x16111121, 0x0b111111, 0x372b1e08, 0x4a072311, 0xb34307b5, 0x0ba04705, 0x2b079747, 0x10414eb8, 
	0x06863c9f, 0x624110b3, 0x08059b47, 0x45d4b221, 0x393b4141, 0x68630130, 0x0734ba97, 0x97d4fe37, 0x3a278f68, 0x1045401e, 0x232aa5c4, 0x41002d2b, 
	0x1f2f0e9f, 0x40002f00, 0x262c3d40, 0x04041018, 0x184c0102, 0x2108a46f, 0xae4a0303, 0x01062506, 0x62000404, 0x342eea83, 0x20214e00, 0x2f200001, 
	0x1b1d2f21, 0xa1411415, 0x06b14a05, 0x350c2771, 0x15143003, 0x16163636, 0x23022e37, 0x13060622, 0x35363632, 0x59182734, 0xad4107de, 0x2ac4290b, 
	0x0f35444f, 0x2b3a2105, 0x2706cf6e, 0x393b1d01, 0x04112d33, 0x2a0fb541, 0x19030100, 0x090d1004, 0x6e2f4c2c, 0x0b2a06d0, 0x070d180a, 0x2f060a0e, 
	0x7b433353, 0x00003705, 0xcc01f501, 0x31001700, 0x05062e40, 0x00020302, 0x02030108, 0x1d824c02, 0x4b4d3021, 0x0425097e, 0x2f030301, 0x06fa4303, 
	0x13291325, 0x18190805, 0x3f0a3349, 0x33023e37, 0x15151632, 0x07060623, 0x43b7e303, 0x028052ef, 0x24221353, 0x53131816, 0x7310190e, 0x08ad4918, 
	0x3632d82b, 0x2b121715, 0xfe273112, 0x286182f2, 0xff3c0003, 0x02c501f6, 0x087f82ee, 0x2f00243d, 0x33403600, 0x0305010d, 0x00004c01, 0x03020106, 
	0x00690200, 0x04050003, 0x00690503, 0x61010404, 0x34010100, 0x18194e01, 0x27292d2f, 0x24181d1f, 0x242e2419, 0x2b180807, 0x42341137, 0x072009e8, 
	0x32054154, 0x13262223, 0x15060622, 0x36323315, 0x26343536, 0x82161403, 0x08088209, 0x3c23234c, 0x30305132, 0x4a293152, 0x3b5a3130, 0x51445b2f, 
	0x2c1bb26a, 0x3b32361b, 0x388f2d19, 0x613c3734, 0x01c13648, 0x2b594465, 0x2e374c29, 0x0709354f, 0x3943522a, 0x0263365c, 0x3b441d6b, 0x2449318e, 
	0xfdfd4448, 0x4f504b55, 0xc3825359, 0x45000122, 0x823ac382, 0x2c00cc01, 0x42404500, 0x03010114, 0x0400012a, 0x02004c02, 0x02010501, 0xc0828005, 
	0x04050123, 0x0ab14f7e, 0x28074461, 0x014e0034, 0x26282900, 0x056a6e24, 0x012c002c, 0x1608072c, 0x2622172b, 0xd1823526, 0xb8843720, 0x270bbe4f, 
	0x06061415, 0x15020e07, 0x3508cb83, 0x15333737, 0x27e70606, 0x3d26314a, 0x2a2c3722, 0x112b1924, 0x44200e21, 0x16563d2e, 0x302e2f34, 0x4a292911, 
	0x240e2020, 0x30140a46, 0x26362b29, 0x22291e12, 0xc84f1e22, 0x3b363005, 0x182b301f, 0x18212118, 0x3737231a, 0x82101270, 0x000231c7, 0x0110ff30, 
	0x00cc01c8, 0x00340023, 0x0f3f4042, 0x2a24be82, 0x01050401, 0x1e28cd82, 0x0003021a, 0x01104c04, 0x4d06e055, 0xc7830592, 0x34203982, 0x2d081e59, 
	0x284e0237, 0x26283824, 0x1c080623, 0x4e18052b, 0xbe8211b1, 0xdc852320, 0x17373726, 0x36323332, 0x24059541, 0x26343537, 0x05b14d26, 0x06780122, 
	0x0cbe4e18, 0x42673b3d, 0x07214639, 0x06641e0a, 0xf84e4706, 0x35163d58, 0x0b0a0218, 0x3f253720, 0x185b2926, 0x3c09c74e, 0x644a25fe, 0x0a221b33, 
	0x260d0c05, 0x4d014e5d, 0x0f0f4c52, 0x0c171ae8, 0x55271607, 0x07df5c00, 0x00ee0233, 0x40360028, 0x25262733, 0x1c202122, 0x1315181a, 0x05db5c12, 
	0xd0821220, 0x0e104c26, 0x4a01030d, 0x270da05a, 0x161e1615, 0x1b080510, 0x240d7049, 0x37352711, 0x076d5b33, 0x17170723, 0x0c6d4915, 0xb2b7472c, 
	0xab31c946, 0xab06863c, 0xde5cc431, 0x87012614, 0xfe370734, 0x16df5c07, 0x10ff1d39, 0xcc01a001, 0x4d003100, 0x01164a40, 0x01200503, 0x2b2f0201, 
	0x5c010002, 0x0d820ae0, 0xd85c0020, 0x0107220c, 0x05d85c00, 0x4e063726, 0x26280001, 0x142fdd82, 0x080a0f11, 0x31000507, 0x08083001, 0x5c172b16, 
	0x36230ad6, 0x42263435, 0x16221059, 0xa1411516, 0x41ba2b0d, 0x3246484b, 0x19332831, 0x20523230, 0x34433e05, 0x38175e4e, 0x39534d31, 0x47394365, 
	0x1e0a0722, 0x50c40466, 0x2659474c, 0x3f223d26, 0x055e4243, 0x21494f2b, 0x0f0b3643, 0x603d3b62, 0x06934136, 0xdf675f20, 0x01142406, 0x660602c2, 
	0x1c26061b, 0x1402f6ff, 0xf368cb02, 0x07012505, 0x0e015004, 0x270f8b58, 0x00003000, 0xee021202, 0x3e263382, 0x01000000, 0x0f82fbff, 0xc201092f, 
	0x21001100, 0x0d101e40, 0x0607090b, 0x20f98203, 0x05af4401, 0xea590220, 0x13192805, 0x19080310, 0x5b33132b, 0x35200504, 0x087e5d18, 0x1815fa21, 
	0x3109424e, 0x6dfec201, 0x1e10101f, 0xfe170106, 0x102406ef, 0x5f822310, 0x20206f84, 0x17375f82, 0x38403b00, 0x03041516, 0x14010004, 0x0c0f1013, 
	0x0807080b, 0x83020302, 0x02032667, 0x06680300, 0x226c8205, 0x5d044d30, 0x9b820587, 0x17001723, 0x59008213, 0xf05a05a2, 0x05ff4705, 0x2a07184e, 
	0xbf352711, 0x3f9747d2, 0x82d23fce, 0x013f2a03, 0x1f95c4c2, 0x206efe10, 0x072d4a10, 0x1f630123, 0x08774810, 0x82cc0121, 0x004121f3, 0x03210f86, 
	0x200f8436, 0x26678240, 0xff1c0001, 0x82140284, 0x001c30a3, 0x10414044, 0x04050e0f, 0x19010205, 0x4c020401, 0x26490938, 0x06062505, 0x02004d2f, 
	0x2406ff69, 0x014e0034, 0x15881800, 0x0a0c2807, 0x1c000607, 0x44081c01, 0x6e6b056e, 0x054f4a10, 0x0fe64f18, 0x43441022, 0x25144d6b, 0x3f7cab6d, 
	0x9b842326, 0x00001024, 0x9b82ef01, 0x34001b38, 0x18193140, 0x05060708, 0x01110100, 0x0f100003, 0x02040b0c, 0x40410303, 0x56692007, 0x02300619, 
	0x4e022f02, 0x15132515, 0x1b080522, 0x1614132b, 0x4107d54a, 0x0620063c, 0x3b052a50, 0x9f333527, 0x2c1d3330, 0x3f974715, 0x351d47d6, 0x3f4f551b, 
	0x3b4a018f, 0xa507062e, 0x26074541, 0x42080999, 0x831f4a4f, 0x1c002582, 0x2a03f6ff, 0x36088782, 0x4045002c, 0x222a2b42, 0x09121314, 0x00090708, 
	0x02171801, 0x4c020004, 0x0100011b, 0x0307084b, 0x30010103, 0x0404004d, 0x01024d2f, 0x61050000, 0x05050106, 0x824e0534, 0x002c2fcb, 0x1324252c, 
	0x23152315, 0x2b1d0809, 0x99851113, 0x160d5118, 0x26222324, 0xaa852327, 0xab342182, 0x3c222935, 0x358f3f14, 0x133e1929, 0x97479747, 0x29452504, 
	0x09535618, 0xfec20129, 0x162e2cd8, 0x82270116, 0x2e5118b9, 0x1840200c, 0x21075656, 0xc6832801, 0x82010021, 0x848420c7, 0x002e27c7, 0x2d464049, 
	0xc788242c, 0x1d4c0122, 0x0028c283, 0x04050004, 0x090a6305, 0x0621c986, 0x27c98506, 0x01086107, 0x07340707, 0x2e27c983, 0x24252e00, 0x83111111, 
	0x080b22cb, 0x41cb981f, 0xcd9d08f4, 0x43441022, 0x6d22cfa4, 0xcf8f7cab, 0x1e00023b, 0x3302f6ff, 0x1200c201, 0x61001e00, 0x500ab04b, 0x00244058, 
	0x00060301, 0xc6af1801, 0x00002109, 0x2d064855, 0x04050500, 0x04040061, 0x1b4e0434, 0x26832540, 0x0601032c, 0x00030080, 0x06030506, 0x27930067, 
	0x0a405926, 0x21252624, 0x072ded82, 0x372b1d08, 0x23072335, 0x33153335, 0x08d94432, 0x16143722, 0x08080848, 0x4450c22a, 0x634af410, 0x3b562e74, 
	0x5034512d, 0x2f272b11, 0x4a413c35, 0xab7cff94, 0x26434ba3, 0x451c2e47, 0x1e301b37, 0x4026253f, 0x00256b82, 0x01f6ff1c, 0x2dbb82cc, 0x001c0010, 
	0x0227402a, 0x00010201, 0x8b5b4c01, 0x208e8306, 0x08084730, 0x4e023422, 0x13238683, 0x821b0805, 0x99272084, 0x3f5b2282, 0x2180938f, 0x8090101f, 
	0x6b570220, 0x023c0805, 0x001d00ee, 0x404e002d, 0x02021b4b, 0x011c0305, 0x02050402, 0x0304064c, 0x004a0103, 0x05030000, 0x00670300, 0x61010606, 
	0x35010100, 0x0401074d, 0x084d2f04, 0x02050501, 0x02020061, 0x1f299682, 0x2700001e, 0x1f2d1e25, 0x2a47822d, 0x2326131d, 0x1a080918, 0x7e35332b, 
	0x69570623, 0x0fab7b13, 0x3c3f3024, 0x67570686, 0x57f62010, 0x10280a64, 0x344c0220, 0x10fe3707, 0x200e6657, 0x0e645721, 0x3200023d, 0xea01f6ff, 
	0x2700f302, 0x6d003700, 0x01180a40, 0x010b0201, 0x4c020305, 0x6a15b04b, 0x012b0587, 0x05008502, 0x05030403, 0x4b008004, 0x3322065e, 0xd782064d, 
	0x82610021, 0x003426ef, 0x21401b4e, 0x05826a00, 0x01262586, 0x01050300, 0x238b6903, 0x0f40592f, 0x2f312829, 0x37293728, 0x232b1326, 0x20f28207, 
	0x0aea4625, 0x3526263c, 0x32333634, 0x33353636, 0x0e141517, 0x06222302, 0x16141506, 0x16161716, 0xa87c3203, 0xea58080e, 0x46456234, 0x48533463, 
	0x5e644039, 0x10194644, 0x49240c04, 0x143b3c3e, 0x70383b16, 0x3328ce66, 0x303f1f19, 0x1e1b3526, 0x6b3ee040, 0x3f6b4241, 0x0e18754c, 0x43442d38, 
	0x04191b0a, 0x1c30240a, 0x151f110c, 0x0b1c2010, 0xe2fe7816, 0x392d4f31, 0x4e2e3b60, 0x3d613631, 0x2707eb45, 0xc201a901, 0x22020602, 0x19200f84, 
	0x82055b66, 0x8425200f, 0x06f7600f, 0x33200f82, 0x73600f84, 0x260f8206, 0x00000036, 0x82210002, 0x02732204, 0xa7b61835, 0x4d202c21, 0x01020305, 
	0x4e012101, 0x18110000, 0x2508a7b6, 0x332b1907, 0x38473735, 0x272b0807, 0x15170723, 0x21273337, 0xdd2ade33, 0x3f46da3a, 0x0a4a3fd0, 0x1a1054a6, 
	0xf6fd0b02, 0x1c10101b, 0x101a9a98, 0x0000caf6, 0x82410003, 0x02162277, 0x09236930, 0x02030426, 0x010c0002, 0x012f0682, 0x03050102, 0x0803004c, 
	0x03050401, 0x69076904, 0x2020071d, 0x21051d69, 0x85840106, 0x151d1e25, 0x4d000014, 0xc95c05d3, 0x234b8205, 0x07092512, 0x08786d18, 0x15163223, 
	0x9cb61814, 0x69262010, 0x36080824, 0xcc474741, 0x333a6d68, 0x6a3b564b, 0x25232a47, 0x23474d3c, 0x53424b44, 0x01211054, 0x401021ce, 0x0e463041, 
	0x2e37480b, 0xfe012a49, 0x2f352fc3, 0x33d7f530, 0x5b2e3e38, 0x022e057b, 0x003b023a, 0x40450021, 0x03010c42, 0xb6181f01, 0x25211b9b, 0x08046d4d, 
	0x4e002637, 0x1d1e0001, 0x1113181a, 0x080a0d0e, 0x21012100, 0x2b160707, 0x9bb61805, 0x18172009, 0x080b9ab6, 0x3632335d, 0x07333737, 0x6f010606, 
	0x324d8656, 0x413f7056, 0x1003244b, 0x20361b34, 0x7b3a6541, 0x17322167, 0x25081043, 0x7d480a5a, 0x5270424f, 0x8b11192d, 0x3e10145f, 0x7f77436a, 
	0x84670c0a, 0x02001813, 0x00004100, 0x30026a02, 0x17000e00, 0x35403800, 0x02020304, 0x02010200, 0x18020301, 0x270990b6, 0x03004d20, 0x045f0103, 
	0x29055841, 0x00000f10, 0x170f1113, 0x34821710, 0x06250d22, 0x450b5041, 0x03220515, 0x9a821123, 0x26343532, 0xf1484841, 0x4c498b64, 0x4707638f, 
	0x7a77704d, 0x2e063941, 0x8a5c4c73, 0xfefe014b, 0x6f698034, 0x84010074, 0x82052083, 0x00172483, 0x870c40d6, 0x07092a81, 0xb04b4c02, 0x4058500b, 
	0x20a61834, 0x03052b11, 0x04006706, 0x04080500, 0xf5556705, 0x2ea58207, 0x60090707, 0x0909010a, 0x1b4e0921, 0x820db04b, 0x8a35203b, 0x83b6183b, 
	0x213c9d0c, 0x37853640, 0x12bcb618, 0x5923389c, 0x18124059, 0x220d828d, 0x18070b15, 0x3514bbb6, 0x33373315, 0x47474115, 0x3010ab01, 0x101e97cf, 
	0xe6971e10, 0x20411032, 0x5c8e2805, 0x43b944c3, 0x419e6cd7, 0x0137051b, 0x003002eb, 0x407f0015, 0x0203040e, 0x13140002, 0x07040102, 0x854c0205, 
	0x852820e1, 0x09ed46a9, 0x0720a082, 0x290c1641, 0x07070108, 0x1b4e0721, 0xd4882940, 0x9707f146, 0x6c7e182b, 0x1111250c, 0x1d070915, 0x13b0b618, 
	0x1517152b, 0x01474841, 0xd02d10a9, 0x21c28396, 0xc0865396, 0x82c25b21, 0x21d823c0, 0x00820010, 0x46000139, 0x7b02f6ff, 0x27003a02, 0x47404a00, 
	0x0103010c, 0x1f222324, 0x18061d1e, 0x431aafb6, 0x21230f14, 0x43191b20, 0x27220614, 0x14432701, 0x08ef491b, 0x07154408, 0x01020e15, 0x4c835469, 
	0x3f6f5430, 0x05254e44, 0x3324380e, 0x3b664221, 0x1f416a3f, 0xd54d1e39, 0x50491a3b, 0x4f7c470a, 0x2e536f42, 0x608e1217, 0x633a1319, 0x3f77553f, 
	0x228b0d08, 0x87250e0e, 0x84122115, 0x004127bf, 0x02a30200, 0xb6180030, 0x202828af, 0x0205064d, 0x03210303, 0x0cafb618, 0x181b0721, 0x5d0e8f83, 
	0x233705a8, 0x21353735, 0x41151715, 0x4ae64747, 0xe54a2b01, 0x4ae54646, 0x414ad5fe, 0x1029054a, 0x21c4c421, 0xfe211010, 0x20058332, 0x095341d8, 
	0x01000023, 0x24938221, 0x4026000b, 0x060f6923, 0x01080125, 0x824c0100, 0x4d2022b2, 0x05ab4302, 0x0b240b82, 0x03150b00, 0x2a09a343, 0x17110715, 
	0x42424615, 0x874444db, 0x845a8360, 0xff0a24e7, 0x821b016d, 0x00163053, 0x10224025, 0x070b0c0f, 0x01000606, 0x82024c01, 0x86002156, 0x203a0982, 
	0x00014e01, 0x16000d0e, 0x07031601, 0x22172b16, 0x37343526, 0x36361737, 0xb6181135, 0x2f210aaf, 0x08708210, 0x0f134b20, 0x2b45df45, 0x93252121, 
	0x0c090d0f, 0x4b160e1b, 0x22bd0136, 0xfe220f0f, 0x269b74e1, 0x7b441925, 0x84842006, 0x001727c3, 0x16344037, 0xdb691214, 0x0e012109, 0x79837482, 
	0x4d200036, 0x03040305, 0x01210101, 0x000c0c4e, 0x0c170c00, 0x00101117, 0x7a44d683, 0x22d6840a, 0x84370133, 0x01073486, 0x48411517, 0x4747e448, 
	0xe8e7fed2, 0xdf3ac73e, 0x8b470701, 0x1e012ced, 0x10101ce6, 0xf7fed616, 0x4400101b, 0x0120057f, 0x0d328782, 0x33403600, 0x03040708, 0x02000204, 
	0x01030201, 0xa5824c02, 0x0b820120, 0x00008024, 0xb6182000, 0xd84109ac, 0x000d2605, 0x1513110d, 0x05e24605, 0x43060041, 0xed2306d5, 0x433bd951, 
	0x102506cc, 0x8e33fe21, 0x263f82c0, 0xff3c0001, 0x822e03fc, 0x00182467, 0x18304033, 0x2113abb6, 0x66830101, 0x03040528, 0x21020203, 0x34824e02, 
	0x1800182b, 0x15121514, 0x2b1a0706, 0x8bb61833, 0x13473118, 0xc6beb34d, 0x400e4aaa, 0xdb0942d9, 0x490ad11a, 0xfe35ec85, 0x10a80158, 0x212dfe1c, 
	0x01201010, 0x012afea2, 0x205efed6, 0x20558210, 0x218b8400, 0x8b829802, 0x2e001329, 0x11122b40, 0x6b0c0d10, 0x01250553, 0x0100020c, 0x2088854c, 
	0x86868204, 0x00132487, 0x8b141313, 0x860120eb, 0x012331f0, 0x3c151711, 0x018c4747, 0x46d25553, 0x568ffe27, 0xcf277b82, 0x65fe1020, 0x82206b01, 
	0xfcfd2677, 0x7cfebc01, 0x32758224, 0xff460002, 0x028202f6, 0x000f003b, 0x402d001d, 0x5403002a, 0x252005dc, 0x0a1f6218, 0x4e00262c, 0x00011011, 
	0x1d101618, 0xda541d11, 0x47062005, 0x93530801, 0x32272209, 0x05ac7136, 0x15063508, 0x01161614, 0x4a815263, 0x5352814a, 0x814b4b81, 0x36625642, 
	0x64563f61, 0x4b0a6137, 0x84545483, 0x54844b4b, 0x324b8354, 0x77506176, 0x50617443, 0x00004379, 0x20067b42, 0x39ff8204, 0x001a0011, 0x043b403e, 
	0x00030203, 0x01020f10, 0x02010204, 0x0004004c, 0xb6180201, 0x20200b44, 0x2123a284, 0x18134e02, 0x210f44b6, 0xd4431807, 0x46322007, 0xb41805fc, 
	0x482f0dcd, 0x7471de48, 0x34476d3e, 0x37312152, 0x41525145, 0x4e2f0598, 0x28493351, 0x011021bc, 0x363bdffe, 0x8200333b, 0xff463e8f, 0x02dc026b, 
	0x001e003b, 0x403f002c, 0x02141b3c, 0x011c0302, 0x4c020200, 0x04030106, 0x239f8202, 0x05020080, 0x003e1082, 0x04040065, 0x01006101, 0x4e042501, 
	0x00011f20, 0x2c1f2527, 0x17192c20, 0x1e000b0d, 0x1a451e01, 0x2e272307, 0xc4543502, 0x3233270d, 0x06153736, 0x3a412506, 0x5f02280c, 0x4b6b5227, 
	0x413c6a44, 0x362d053e, 0x53363f5f, 0x20152144, 0xfe40170b, 0x084941ef, 0x3e149527, 0x794f0b3d, 0x054d414b, 0x4f74472c, 0x15322b0f, 0x0c100405, 
	0x5641bd0f, 0x0657410c, 0x30025124, 0xc9821500, 0x42404522, 0x0432b782, 0x02010c00, 0x0e131405, 0x01050102, 0x004c0302, 0x09820005, 0xb6180220, 
	0x20220930, 0x394a064d, 0x16172306, 0xb6180000, 0x5c430d30, 0x16322409, 0x53061415, 0x6241051a, 0x6b5d2f10, 0x429b363d, 0x4244a28e, 0x3639340e, 
	0x65414141, 0x424c3305, 0xe9144631, 0xcdff101e, 0xfe011022, 0x333037cd, 0x00820033, 0x3c00012b, 0xb401f6ff, 0x2e003b02, 0x20a18200, 0x0f62181a, 
	0x4d253e1f, 0x00020200, 0x00010661, 0x4e002600, 0x1f210001, 0x16181b1c, 0x0405080a, 0x2e012e00, 0x05074507, 0xb6182720, 0x51180c2f, 0xae4908bb, 
	0x14152408, 0x56171616, 0x4c080548, 0x284d35ef, 0x1d2f1009, 0x3d39203d, 0x3f354926, 0x30523237, 0x07224629, 0x2c182610, 0x1a39321d, 0x44392b38, 
	0x0a59331f, 0x5a871316, 0x302f1116, 0x19212724, 0x2a373e1e, 0x11142c49, 0x12145282, 0x241b2932, 0x2d1b151f, 0x472e2b38, 0x34cf8428, 0x0200002d, 
	0x00300239, 0x405c000f, 0x020d0e09, 0x01050401, 0x063c4901, 0x01031a29, 0x00050001, 0x82047201, 0x5f0221bf, 0x202bca82, 0x0501064d, 0x4e052105, 
	0x181b401b, 0x8811c095, 0x4059221d, 0x235c820e, 0x110f000f, 0x13210082, 0x06bc4607, 0x0bb59518, 0x9a59af34, 0x0c021031, 0x5a9a3210, 0xcd012110, 
	0x75a7a775, 0xf34733fe, 0xff412407, 0x82a002f6, 0x001c2e93, 0x182e4031, 0x0a131417, 0x08050609, 0x82978202, 0x20012173, 0x20055341, 0x2f938204, 
	0x014e0026, 0x0f151600, 0x0007080d, 0x051c011c, 0x4407ed43, 0x1423065f, 0x46323316, 0x2e080b5f, 0x43730106, 0xe5483d6a, 0x2c4b5848, 0xd6562b48, 
	0x0a673c47, 0x0150632d, 0x10102129, 0x63defe21, 0x3546224f, 0x101f3901, 0xd6fe2010, 0x822d6350, 0x000126c2, 0x02fbff23, 0x188b8268, 0x23142b62, 
	0x01034d20, 0x27076d45, 0x19110011, 0x18070413, 0x114fb618, 0x01033308, 0xdd39da36, 0x9c059d46, 0xdc32b949, 0x1a0b0205, 0x031c1010, 0x83017dfe, 
	0x10101c03, 0x00f6fd1b, 0x0f000100, 0x6403fcff, 0x17003402, 0x2a402d00, 0xb6181115, 0x02220b4f, 0xda450201, 0x08164805, 0x1700172b, 0x13151513, 
	0x2b1a0706, 0x05f05c17, 0x102fb618, 0x43a0f237, 0x066d4be8, 0x059925a2, 0x3bc54b66, 0x059e2a9e, 0x070204a3, 0x317a821d, 0x9e0192fe, 0x6c0162fe, 
	0x1d10101e, 0x9f01f9fd, 0x7f8261fe, 0x00002324, 0xe7828402, 0x1d276218, 0x454d2021, 0x1f260ad7, 0x18161f00, 0x66430516, 0x11485f05, 0x0a276218, 
	0x48232008, 0xed42b1b9, 0x41818545, 0xbcae3eca, 0x9140f04c, 0x1f10468f, 0x101beaec, 0xae042010, 0x822103ae, 0xf7dc2b89, 0x1e101020, 0x03c0c104, 
	0x8f861020, 0x8f826220, 0xb6181620, 0x7d411927, 0x0016210b, 0x04208a82, 0x20055045, 0xb2621835, 0x1715330f, 0xb74ecd15, 0x913ce141, 0x42c43f84, 
	0x21104eb0, 0xfc82f7da, 0x10266c86, 0x21d6fa1f, 0x73820010, 0x00005a24, 0x73820302, 0x70000d25, 0x18080a40, 0x4c081762, 0xb6180549, 0x20261523, 
	0x0303004d, 0x15436005, 0x82252008, 0x00042246, 0x23b61801, 0x43278d10, 0x0d27051f, 0x12110d00, 0x43121111, 0x0120051f, 0x3e051e43, 0x33373301, 
	0x2e015a15, 0x011030e4, 0xf7d1fe95, 0x01141032, 0x149e6cea, 0xa77516fe, 0x4fffff00, 0x03250553, 0x0226022c, 0x2db28277, 0x00ec0307, 0x006900f9, 
	0x0102b108, 0x336f69b0, 0x22239006, 0xa09c01ee, 0x01f02223, 0x20239647, 0x206b8811, 0x202398f4, 0x20238803, 0x202387f6, 0x218f8e02, 0x2388eb02, 
	0x4798f820, 0xfa20d789, 0x26202398, 0xfc204788, 0x04216b97, 0x2223850b, 0x84032700, 0x07012b23, 0x9c01ee03, 0x11004801, 0x978502b1, 0x0104b125, 
	0x7e4801b8, 0x0027055f, 0x022cff21, 0x86350273, 0x04072233, 0x2257820a, 0x82020000, 0x83102017, 0x24003b17, 0x49002700, 0x01274640, 0x22230007, 
	0x01061e1f, 0x11050106, 0x03010201, 0x0582134c, 0x07004b28, 0x07010500, 0x31826805, 0x0302032d, 0x00000065, 0x06084d20, 0x50010304, 0x262105d0, 
	0x2a408225, 0x26151324, 0x09131325, 0x502b1c07, 0x062408d3, 0x16141506, 0x169ab618, 0x2008e850, 0x4242184b, 0x5075200e, 0x26220ff8, 0x4e181d3f, 
	0x24220875, 0x07512c48, 0x112b4208, 0x01060423, 0x05e3410b, 0x420f9b41, 0x0421094f, 0x18774104, 0x1f419f20, 0x06012705, 0x694d3604, 0x49410800, 
	0x23678307, 0x73022cff, 0x00234387, 0x83fa0327, 0x41012043, 0x9b420747, 0x204b8913, 0x254b8f38, 0x73020000, 0x6b88ac03, 0x1f943a20, 0x1f88b120, 
	0x1f943c20, 0x1f887520, 0x1f8f2e20, 0xf020ab8e, 0x4b89aba0, 0x4b8f3020, 0xee20ab84, 0x32206b88, 0xab891f94, 0x1f943420, 0x2308f342, 0x51010204, 
	0x530d8343, 0x03350543, 0x00300211, 0x0020001d, 0x200e40f6, 0x1c020101, 0x0117181b, 0x09e35005, 0xe3503c20, 0x0304330e, 0x00570405, 0x0c060003, 
	0x00670603, 0x05010a0c, 0xea500c08, 0x0b0d2210, 0x0beb5002, 0x438a3d20, 0x07080524, 0x44ad0080, 0x503e4021, 0x40ac10f3, 0x40595927, 0x1f000018, 
	0x25e6821e, 0x16191a1d, 0x00861115, 0x510e1321, 0x01240501, 0x27231521, 0x08bbc718, 0x37331524, 0xbb6c1533, 0x15172a05, 0x21353337, 0x013b0134, 
	0x0b0b5168, 0x473cfe2b, 0x36455da4, 0x021a1086, 0x08115106, 0x93211028, 0xf610199b, 0x474500e0, 0x11032f06, 0x26022c03, 0x0000a902, 0xee030701, 
	0x7b412702, 0xffff270d, 0xf6ff4600, 0x23843a02, 0x23857920, 0x84bc0121, 0x45012023, 0x238f0a6b, 0x6701f022, 0xf22023a0, 0x0f202398, 0x6b848f82, 
	0x8f000421, 0x01002123, 0x10338f82, 0x3b023a02, 0x5e003600, 0x011a5b40, 0x012d0305, 0x18310602, 0x310c634c, 0x05070504, 0x00800704, 0x07050607, 
	0x01007e06, 0x37820109, 0x0500653e, 0x00610305, 0x4d250303, 0x02060600, 0x02010861, 0x4e022902, 0x2f300001, 0x26282b2c, 0x2c05944a, 0x06080e0f, 
	0x36013600, 0x2b16070a, 0xf7481805, 0x022e280d, 0x023e3435, 0x54163233, 0x07281541, 0x15161607, 0x6f010614, 0x09ff4818, 0x7d502b23, 0x17535447, 
	0x3e542322, 0x0d0c4918, 0x4a045e24, 0x63544c79, 0x18122812, 0x2a122d01, 0x4c312428, 0xfb8205e3, 0x2c032308, 0x3b000400, 0x70407300, 0x00010103, 
	0x0507011f, 0x08040132, 0x03081236, 0x4c040403, 0x01030107, 0x18820b4b, 0x01000525, 0x18008005, 0x08070597, 0x0600003c, 0x67060009, 0x010c0300, 
	0x65020302, 0x05070700, 0x05050061, 0x08004d25, 0x0a610408, 0x29040401, 0x05064e04, 0x34350000, 0x2b2d3031, 0x20212426, 0x13141b1d, 0x3b050b0d, 
	0x6f823b06, 0x0d110423, 0xd9621807, 0x34174107, 0x6e526724, 0x1b4103b5, 0x7b022f2c, 0xfca40db1, 0x060c1e95, 0x16101706, 0x2141131b, 0xff003622, 
	0x004100ff, 0x036a0200, 0x0226022c, 0x0100007a, 0x01f20307, 0x0dd3425a, 0x3f0ab355, 0x001f0012, 0x08404043, 0x02060207, 0x03020102, 0x074c0205, 
	0x01040101, 0x00010500, 0x06060067, 0x2606ee4b, 0x03050500, 0x5201085f, 0x1f2f068f, 0x171b1d1e, 0x00131415, 0x23110012, 0x49091311, 0x352005fa, 
	0x7105e664, 0x40180814, 0x23270833, 0x41331523, 0x55444448, 0x443007c8, 0x77704d92, 0x9247737a, 0x2bdc2110, 0x401021c7, 0x2a05cc55, 0x6980db0d, 
	0x00c6746f, 0x82ff0000, 0x2cff25c3, 0x30026a02, 0x0023c385, 0x820a0407, 0x201785c3, 0x20178c52, 0x82178718, 0x840520f3, 0x847b20f3, 0x00ec22f3, 
	0x107f43df, 0x238e4120, 0x8201ee22, 0xf02223a0, 0x23a02d01, 0x2398f220, 0xbf821120, 0xf4208f85, 0x03202398, 0xf6202388, 0x97472387, 0x21b3840a, 
	0x2388eb02, 0x4798f820, 0x23882c20, 0x2398fa20, 0x23870f20, 0x8f000421, 0x01003123, 0x10ff4100, 0x30020502, 0xfd002c00, 0x03041540, 0x2c05c557, 
	0x01210709, 0x4c03090a, 0x010a0123, 0x05024b4b, 0x200f6846, 0x06fb5c03, 0x2507d656, 0x0a0b000a, 0x5357650b, 0x0c0d210e, 0xad1d6846, 0x12684644, 
	0x684640ac, 0x04b81805, 0x1a6a5713, 0xa9492320, 0x107f5713, 0xa9494920, 0x0548500e, 0x49087d46, 0xd3420ea7, 0x022c2405, 0x41300205, 0x0025059b, 
	0x010a0407, 0x0503433a, 0x230daf42, 0xf1000604, 0x42058b42, 0xf7420f1f, 0x04042109, 0x440fd741, 0x1922060f, 0x5f857503, 0x04060129, 0x0069332e, 
	0x8501b108, 0x066b4345, 0x23083b43, 0xf0032700, 0x01204383, 0x29838786, 0x200ae746, 0x89938441, 0x8f30204b, 0x201f844b, 0x206b88ee, 0x201f9432, 
	0x201f88b1, 0x421f9434, 0x042308cb, 0x43370102, 0xc720167f, 0x40204388, 0x1f894394, 0x1f8b3e20, 0x42020021, 0x033e05e7, 0x000f002c, 0x4041013d, 
	0x02131417, 0x11120406, 0x3c0b0d02, 0x0f032932, 0x314c030d, 0xeb420f01, 0x034b2507, 0x01020101, 0x205db818, 0x09000826, 0x6709080c, 0x0e2d5282, 
	0x00650e0f, 0x5f040606, 0x20040400, 0x62b8184d, 0x0d212109, 0x20074f5a, 0x1852904c, 0xa5155cb8, 0x4d402153, 0x08254e8b, 0x090c0080, 0x224fba0b, 
	0x18405959, 0x202ba8b8, 0xa8b81807, 0x33152523, 0x23153337, 0x15a8b818, 0x64182d20, 0xfe210e7e, 0x0fcf5ad3, 0xa718b820, 0x022d0fb7, 0x2d545385, 
	0x2b0c0c2b, 0xfd53542d, 0x0e5e437b, 0x10c8a718, 0x2e06bf49, 0x022c037b, 0x007d0226, 0x03070100, 0x426201f0, 0x46231053, 0x8b02f6ff, 0x98fa2023, 
	0x870f2023, 0x00042147, 0x15242394, 0x3a027b02, 0x00212385, 0x37ac1807, 0x205f8f08, 0x823b94f2, 0xeb022183, 0xf820a788, 0x41242392, 0xa3020000, 
	0x7e20cb84, 0x7320cb86, 0xdb47cb8d, 0x02a32406, 0x18230030, 0x2735efb8, 0x090c4d20, 0x21070702, 0x15efb818, 0x47061f45, 0x152706eb, 0x35211507, 
	0x82333527, 0x08027307, 0x1521352a, 0x21031517, 0x47412135, 0x8f5a0082, 0x06915a07, 0x2b014a2f, 0x2110d5fe, 0x452b5e01, 0x21101021, 0x22058545, 
	0x5aa2fe2b, 0x0122079a, 0x1345543b, 0x22c38207, 0x82022602, 0x070025e7, 0x73010a04, 0x22051345, 0x8b0210ff, 0x85162017, 0xfaff2717, 0x21010000, 
	0x2f822c03, 0x09827f20, 0xec030624, 0xb9446966, 0xffff2309, 0x15824600, 0x1f887420, 0xee030724, 0x37410901, 0x05274f0d, 0x8a470121, 0x00f02223, 
	0x202390b4, 0x2247821c, 0x8611034c, 0x03072267, 0x202392f4, 0x22238227, 0x88030341, 0x87f62023, 0x0ab74523, 0x23822f20, 0xeb023922, 0xf8202388, 
	0x22204792, 0x46202382, 0xfa208f8a, 0xd7832392, 0x0f032122, 0x04214787, 0x2f238f00, 0x46000100, 0x210110ff, 0x20003002, 0x37403a00, 0x1647b918, 
	0x50000221, 0x052108b3, 0x07836104, 0x20233182, 0x5a152526, 0x4e55073a, 0x44b91806, 0x42422517, 0x5a4444db, 0x2514fd46, 0x32fe2110, 0xfa461021, 
	0xff00220f, 0x209b82ff, 0x859b832c, 0x070023bf, 0xbf820a04, 0x00211784, 0x23178400, 0x007f0206, 0xff210f82, 0x0ddf41ed, 0x78060422, 0x410dc346, 
	0x04210e2b, 0x0f074104, 0x42060342, 0x07240923, 0xbe000204, 0x2010df41, 0x22678227, 0x85c7035f, 0x0601248f, 0x84ba2804, 0xb0032567, 0x2b35b069, 
	0x6d26af84, 0x30028202, 0x97832600, 0x02070025, 0x83670180, 0x0a002b9f, 0x61016dff, 0x26022c03, 0x41828002, 0xee030724, 0x5b90f600, 0x34202383, 
	0xf022238a, 0x2390a100, 0x15ff4126, 0x30028402, 0x81284782, 0x07000000, 0x5c010e04, 0x83080b48, 0x02062117, 0xd3471782, 0x84012006, 0x8582204b, 
	0x0601216f, 0x00234b91, 0x84010200, 0x2c23854b, 0xff4901db, 0xb109004c, 0xffb80101, 0x06f3524c, 0x23886f83, 0x45206f84, 0x8208af5e, 0x15002317, 
	0xb9184100, 0x012210af, 0x57820201, 0x03010322, 0x251cda5c, 0x11150015, 0x16561917, 0x07352306, 0x27443735, 0x15372406, 0x60331507, 0x473005b8, 
	0x7d51ed47, 0x103bd97d, 0x30a12110, 0x21f93034, 0xcc270882, 0xcd533453, 0x8600c08e, 0x890d20e3, 0x000425bf, 0xb9fed101, 0xfe21bf85, 0x20bf88b9, 
	0x82e3892c, 0x010a21bf, 0x3b83bf82, 0x8c52ff21, 0x86182017, 0xff3c2417, 0x842e032c, 0x82832053, 0x040725e7, 0x00a6010a, 0x3c2a6b83, 0x9802fcff, 
	0x26022c03, 0x4f418402, 0x41c92006, 0x238f104f, 0x7401f222, 0x11202396, 0xf4204788, 0x15222394, 0x83849802, 0x00256b82, 0x010e0407, 0x20838a7d, 
	0x823b870f, 0x205f93ef, 0x203b8c2c, 0x203b880a, 0x20178c52, 0x24178618, 0x02f6ff46, 0x20d78482, 0x22d78485, 0x4e0c01ec, 0xff200d0b, 0x8b05df50, 
	0x01ee2223, 0x2023a0af, 0x0f534ef0, 0xfb834788, 0xf4206b85, 0x03202398, 0x2385e382, 0x2387f620, 0x840a1b45, 0xeb0221b3, 0xf8202388, 0x2c204798, 
	0xfa202388, 0xfe2223a2, 0xf7548e01, 0xff462610, 0x0282022c, 0x2647853b, 0x0a040700, 0x50007001, 0x17820767, 0x0023002e, 0x40460031, 0x04011f43, 
	0x214c0101, 0x39080582, 0x0704004b, 0x00040001, 0x06060065, 0x02006102, 0x084d2502, 0x01050501, 0x01010361, 0x4e012601, 0x00012425, 0x31242a2c, 
	0x1b1d3125, 0x0d0f1516, 0x23000607, 0x07092301, 0x0d7e2b16, 0x5d372005, 0x534c0e54, 0x5d03200c, 0x01280c58, 0x2b382b72, 0x487e5123, 0x2205585d, 
	0x184c7844, 0x20092d78, 0x08585d1b, 0x2830f029, 0x02284422, 0x5d53824b, 0x5023055a, 0x18054d7f, 0x21091b78, 0x5d5d1801, 0x11eb410a, 0x01060423, 
	0x1213411e, 0x210c3342, 0x5b410404, 0x41972018, 0x01290537, 0x602c0406, 0xb1080069, 0x0a274502, 0x1f894383, 0x1f854220, 0x2108734c, 0x1f8dff46, 
	0x1f944420, 0x5f887520, 0x1f902e20, 0xd7422c20, 0x27002309, 0xa383f003, 0xbf410120, 0x0d6b5607, 0x4b896b85, 0x4b903020, 0xee208b83, 0x32206b88, 
	0xb1201f94, 0x34201f88, 0x8b421f94, 0x02042308, 0x3f436401, 0x88c72016, 0x94462043, 0x88ac2043, 0x412a201f, 0x3f89144f, 0x3f944020, 0x3e201f89, 
	0x00211f8b, 0x08376103, 0x00192108, 0x002d0023, 0x2b3a403d, 0x181d1e2a, 0x08010b0e, 0x4c010405, 0x00040400, 0x00010161, 0x074d2500, 0x09b3ba18, 
	0x4e02262b, 0x00002425, 0x2d252d24, 0xfd641822, 0x19072408, 0x5e37172b, 0x3720099c, 0x10fd6418, 0x26014508, 0x06222326, 0x35363213, 0x01272634, 
	0x4c461616, 0x814a2824, 0x245a3352, 0x244d3c32, 0x53814b29, 0x32245833, 0x0115171a, 0x2b481c1d, 0x56d86456, 0xfe141762, 0x0a4a1be3, 0x3d682657, 
	0x1e4b8454, 0x2757391b, 0x83200982, 0x01340983, 0x2256333e, 0x1f1d4401, 0x7693fe74, 0x21563261, 0x201dbdfe, 0x260bc742, 0x00001103, 0x44030701, 
	0x032007b3, 0x2107ab4e, 0xf3860200, 0x1c008730, 0xae002a00, 0x02010db5, 0x4b4c0101, 0x65180fb0, 0x252b1207, 0x0401064d, 0x00610204, 0x18200202, 
	0x220a0765, 0x184e0026, 0x9a15b4ba, 0x1840202f, 0x210db4ba, 0xf86c4d20, 0x05274407, 0x07610036, 0x26000001, 0x59594e00, 0x1d1e1940, 0x23250001, 
	0x2a1e2a1d, 0x0c366518, 0x210cac62, 0xba183317, 0x06210eb4, 0x15b96206, 0x33282b2c, 0x182e1522, 0x10363111, 0xc362463c, 0x050b2912, 0x24171652, 
	0x51802627, 0x4110ca62, 0x13200c4f, 0x5c0c4f41, 0x2b450b4f, 0x02872305, 0x23820326, 0x92072b45, 0x1c63463b, 0x01213b83, 0x1a234307, 0x5f851120, 
	0x03070122, 0x2f103f46, 0x46000200, 0x3d030000, 0x1a003002, 0xe2002300, 0x20058e52, 0xdbba1837, 0x05002615, 0x05090600, 0xe3ba1806, 0x18202009, 
	0x210bd9ba, 0x8e4f0021, 0x8a382007, 0x09062b3e, 0x04008008, 0x04060700, 0x3fa16707, 0x85394021, 0x0a64563a, 0x59313ba7, 0x1c234059, 0x1f00011b, 
	0x1c231b1d, 0x17181923, 0x18bb1816, 0x16072412, 0x4322212b, 0xf858066a, 0x33253211, 0x06222311, 0x01161415, 0x4c8f6384, 0x01638c49, 0x0cfa58a6, 
	0x353b482b, 0x42777776, 0x84535178, 0x087d524e, 0xcc013227, 0x7b647578, 0x08534a00, 0x2c035127, 0x88022602, 0x05434300, 0x41056f48, 0x41230bf3, 
	0x8b020000, 0x01f22223, 0x10db441f, 0x15ff4126, 0x30025102, 0x00254785, 0x010e0407, 0x235f934a, 0xe3000604, 0x8e106b46, 0x0404215f, 0x2c205f94, 
	0x0a205f8c, 0xff215f87, 0x20178c52, 0x2a178618, 0x03f6ff3c, 0x003b029f, 0x82890226, 0x020724e8, 0x84eb0189, 0x2117828f, 0xef84bd01, 0x01251782, 
	0x01ee0307, 0x12bf4952, 0xb401f622, 0xf022238a, 0x23a0fd00, 0x238ff220, 0x00010027, 0x0110ff3c, 0x2d8382b4, 0x405b0042, 0x07012858, 0x02011105, 
	0xa3593d04, 0x1806200c, 0x210d67bb, 0xa3590801, 0x09975805, 0x28069144, 0x014e0226, 0x2a2d2f00, 0x06937929, 0x06080e28, 0x42014200, 0x62180709, 
	0x43641298, 0x06ad5929, 0x9058fd20, 0x4b32220a, 0x20546426, 0x18495f21, 0x210e0866, 0x63641501, 0x553f2220, 0x5fbb1808, 0x02b4230c, 0x9b41023b, 
	0x0e042306, 0x9b41fd00, 0x03b42208, 0x2317850f, 0x00040701, 0x260f5341, 0x3c00ffff, 0x8b012cff, 0x8c0a203b, 0x864f203b, 0x0406233b, 0x1b4e534a, 
	0xff3c260d, 0x03b401f6, 0x211f88b7, 0x1f8f034c, 0x7b875782, 0x85270021, 0x8483827b, 0x0eff545f, 0x00002d26, 0x2c033902, 0x8a214b82, 0x055b5900, 
	0x1f423320, 0xff2d2610, 0x02390215, 0x25238530, 0x0e040700, 0x63653301, 0x00172d0c, 0x16094074, 0x04010215, 0x4c010009, 0x2805c444, 0x03010524, 
	0x03020102, 0x99bb1872, 0x4d202112, 0x2107906e, 0x26862540, 0x14c1bb18, 0x59202788, 0x200f416e, 0x06416e13, 0xbb183520, 0x152610c4, 0x59af1517, 
	0x85656969, 0x69692e07, 0xdc21105a, 0xa775c62b, 0x2bc675a7, 0x050f63dc, 0x10ff2d22, 0x0027cf83, 0x407a0025, 0x820d0e14, 0x01052cb7, 0x03111a24, 
	0x4c020507, 0x55070119, 0x222f072a, 0x00010103, 0x72010005, 0x06000700, 0x66650607, 0x09230a2d, 0x66050208, 0x2320052e, 0x05212486, 0x27259980, 
	0x00114059, 0x00250000, 0x09efbb18, 0x181e0721, 0x6626efbb, 0x71200a4f, 0x660f3754, 0x26540b60, 0xff002610, 0xff2d00ff, 0x0cb7412c, 0x33010a23, 
	0x20178500, 0x20178c52, 0x25178718, 0x39020000, 0x0b420303, 0x82f62008, 0x0a594217, 0x41263b84, 0xa002f6ff, 0x23822c03, 0x00008b28, 0xec030701, 
	0x2f422c01, 0x22238f10, 0xa0cf01ee, 0x01f02223, 0x2023967a, 0x206b8811, 0x832398f4, 0x208f85b3, 0x4d2387f6, 0x8f840a7f, 0x88eb0221, 0x98f82047, 
	0x20d78947, 0x202398fa, 0x20478826, 0x416b97fc, 0xfe220a1f, 0xd785ae01, 0x975a8f87, 0x02a03a06, 0x00300030, 0x1e454048, 0x10191a1d, 0x080b0c0f, 
	0x012c0203, 0x4c020106, 0x3405822e, 0x0706004b, 0x00060001, 0x02010465, 0x004d2002, 0x61010303, 0x058f4d05, 0x2a000132, 0x1c222328, 0x0e13151b, 
	0x0006070d, 0x08300130, 0x680c8b4d, 0x72181723, 0x01280d21, 0x2b382b7e, 0x3a654123, 0x240a3568, 0x153e6036, 0x13721813, 0x06854d07, 0x4e622e22, 
	0x24144668, 0x0330604d, 0x79bc1823, 0x5cff2008, 0xd38205df, 0x25051b41, 0x0a040700, 0x2f426e01, 0x06042313, 0x0f413e01, 0x423b840d, 0x04210c53, 
	0x187b4104, 0x23089f41, 0x84010204, 0x20162f42, 0x258385c7, 0x46040701, 0x6b968000, 0x2388ac20, 0x23874820, 0x0805e94d, 0x00000026, 0xff410001, 
	0x021303f6, 0x00250087, 0x1d2e4031, 0x19040101, 0x0b0e0f18, 0x0207000a, 0x004c0201, 0x85040104, 0x820aaf69, 0x00262c31, 0x2526224e, 0x07052416, 
	0x18012b1b, 0x691190bc, 0xf84a08ac, 0x02072508, 0x43673c59, 0x2e0bb369, 0x2e1522bb, 0x2c241118, 0xd8fefe01, 0x692d6350, 0x052613bd, 0x1d171652, 
	0x2f410727, 0x13032705, 0x26022c03, 0xae824303, 0x43030721, 0x2c20155f, 0x2385c383, 0x8c0d8f41, 0x16bf433b, 0x6b41238b, 0x20238217, 0x43838811, 
	0x0f24139b, 0x6403fcff, 0x0221a783, 0x22a7848d, 0x418601ec, 0x238f10b3, 0x2902ee22, 0xf02223a0, 0x2396d401, 0x26020322, 0xf6206b86, 0x07442387, 
	0x0023240a, 0x84620200, 0x858f208f, 0xfe00218f, 0x238f4790, 0x5401ee21, 0x238f11d3, 0x4c01f022, 0x8f834796, 0xf6206b85, 0x8f902387, 0xb3821120, 
	0xf4202385, 0x02214797, 0x202388eb, 0x252393f8, 0x62022cff, 0x23853002, 0x0407002a, 0x0046010a, 0x00ffff00, 0x0423a78e, 0x96560102, 0x850f20a7, 
	0x0701233b, 0x5f920004, 0x00005a26, 0x2c030302, 0x90212382, 0x05574b00, 0x47908c20, 0xf220238f, 0x8512e75c, 0x846b8323, 0x00042147, 0xcb822393, 
	0xcb840320, 0xcb842382, 0x00003735, 0x32000200, 0x0d02f6ff, 0x1b003b02, 0x43002200, 0x180e4040, 0x25189b66, 0x01074d25, 0x9b6e0404, 0x1c1d3308, 
	0x1f200001, 0x221d221c, 0x0a0c1214, 0x1b000405, 0x30451b01, 0x21372607, 0x26343534, 0x70bd1826, 0x0e41080d, 0x36322702, 0x16162137, 0x71610501, 
	0x27830106, 0x5626515e, 0x721b0434, 0x3f74504b, 0x215f492b, 0xfe0c5340, 0x0a480fd0, 0x05067d86, 0x41683b07, 0x330c1f1a, 0x51774246, 0x2e557345, 
	0x564e5636, 0x2eaf824e, 0xff3c0001, 0x02980210, 0x001f0030, 0x182d4030, 0x221177bd, 0x82000100, 0x04653502, 0x20030301, 0x0202004d, 0x144e0221, 
	0x23131815, 0x2b1b0705, 0x2074bd18, 0x4b30522c, 0x85121e2b, 0x9ffe0c0e, 0x6672d456, 0x37333007, 0x1f143155, 0x20311124, 0xfea90146, 0x7210247c, 
	0x00200d73, 0x869f2363, 0x0202269f, 0x00150030, 0x03be181e, 0x006a2e1b, 0x03020005, 0x00690205, 0x4d200000, 0x05c46306, 0x230d2671, 0x08152325, 
	0x21092671, 0x9c7e0715, 0x0d267108, 0x42422a08, 0x644c44db, 0x456e3f7a, 0x3c084438, 0x4d4c4342, 0xce012110, 0x21101021, 0x2e504841, 0x21542a49, 
	0xd58c0110, 0x323b2f39, 0x06bf5700, 0x03b30427, 0x0226002c, 0x317a827a, 0x02900227, 0x010000b0, 0x03f20307, 0x006900e7, 0xab51b108, 0xffff2708, 
	0x6dff4100, 0xcb826203, 0x82022622, 0x07242b82, 0x47028002, 0x3c204384, 0xef201782, 0x84201784, 0xd4201786, 0x01260782, 0x6dff3000, 0x17828802, 
	0x83002f36, 0x010d1340, 0x2d2e0507, 0x0501022c, 0x21220708, 0x03080602, 0x2006554b, 0x066d4a27, 0xbe187220, 0x202b1508, 0x0801094d, 0x4e082108, 
	0x4a28401b, 0x06200997, 0x1333be18, 0x9c4a2a88, 0x002f2305, 0xbe182c2f, 0x9c4a0702, 0x7415200f, 0x07230963, 0x76230606, 0xba1809e0, 0x9e22092b, 
	0xf6708659, 0x1fae2c05, 0x442b3155, 0x16221428, 0x76152521, 0x373906f3, 0x173a1e41, 0x0121105a, 0x9d9d6bcd, 0x2418ee6b, 0x2d42481c, 0x261a5360, 
	0x08057719, 0x3a444925, 0x79b61012, 0x3a320b1b, 0x28003b02, 0x5b405e00, 0x0103010c, 0x08000126, 0x9c504c02, 0x093b751f, 0x08080039, 0x010a6100, 
	0x00260000, 0x2500014e, 0x1d1f2124, 0x191a1b1c, 0x79161718, 0x2823062f, 0x7c0b2801, 0x07291744, 0x15333733, 0x16232723, 0x1a4b7c16, 0x3c603c2c, 
	0x101ed706, 0x05d81e10, 0x537c6379, 0x5d362815, 0x43b9443b, 0x7c0a746d, 0xff230556, 0x733c00ff, 0x02240563, 0x00890206, 0x2012135c, 0x23675d00, 
	0x8f780a20, 0x08438205, 0x00008028, 0x21000200, 0x3f03f6ff, 0x22003002, 0x98002b00, 0x500ab04b, 0x140e4058, 0x040f1013, 0x1f200205, 0x02070002, 
	0x108b1b4c, 0x10820420, 0x26855920, 0x03002a2c, 0x01060108, 0x00670603, 0x16670505, 0x01012c07, 0x01046100, 0x4d260000, 0x86070700, 0x4e00240a, 
	0x9328401b, 0x0707292c, 0x04005f04, 0x004d2104, 0x8e823683, 0x4e00263a, 0x24114059, 0x23252723, 0x132b242b, 0x13162325, 0x1c070925, 0x0614132b, 
	0x21063942, 0x54183335, 0x3321098e, 0x061d7632, 0x37354d08, 0x23052311, 0x36323315, 0xe3263435, 0x2c151a18, 0x41141922, 0x01461f29, 0x715f5ae0, 
	0x4b6e3d85, 0x01b247fb, 0x505c555c, 0xd6014f4e, 0x3640b88f, 0x25191523, 0x299aca29, 0x21101120, 0x314858b4, 0x21102d4d, 0xe7e5cd01, 0x363e343f, 
	0x4b448782, 0x8a033205, 0x21003002, 0x4e002a00, 0x0f104b40, 0x07080b0c, 0x2af18204, 0x1c1f2000, 0x0601021b, 0x18020804, 0x290f40be, 0x08004d20, 
	0x095f0408, 0xd4820206, 0x234e042b, 0x26000022, 0x232a2224, 0x2745822a, 0x23251321, 0x0b151313, 0x3320cd82, 0x2260af82, 0x082a6005, 0x3525c989, 
	0x15171521, 0x28cc8701, 0xe6474741, 0x4703014a, 0x24c788f6, 0x014afdfe, 0x44c98463, 0xbe38076a, 0x101021be, 0x4853be21, 0x102a4b31, 0x21dede21, 
	0xdd0f0110, 0x313e343a, 0x23051744, 0xd0020000, 0x7831c784, 0x010d1040, 0x1f200507, 0x0214151e, 0x07060701, 0x06144402, 0x2107824e, 0xbe180072, 
	0x202c0f04, 0x0208094d, 0x06210606, 0x24401b4e, 0x99091044, 0x050c4426, 0x21002126, 0x11231523, 0x13210082, 0x150c440a, 0xe4821520, 0xfe432320, 
	0x2d542514, 0x9d485547, 0x280df243, 0x4c201bed, 0x10217659, 0x08e5438b, 0x4100012e, 0x8f0272ff, 0x17003002, 0x34403700, 0x2d056a79, 0x02080405, 
	0x03121301, 0x02000402, 0xcc824c02, 0x4b860521, 0x5f260967, 0x00000104, 0xbe180021, 0x07240727, 0x23212b1c, 0x18078741, 0x310a27be, 0x01230723, 
	0x4646f435, 0x17014ae5, 0x4747e64a, 0x727a2af5, 0xcd01220a, 0x06357c21, 0x72008e21, 0x02260873, 0x02060235, 0x1f470077, 0x82322007, 0x00133093, 
	0x4082001c, 0x0204050c, 0x02030103, 0x41060002, 0x26290769, 0x04030200, 0x00720203, 0x27be1804, 0x4d20270e, 0x00060600, 0xa385075f, 0x27401b22, 
	0x1851be18, 0x5e18298d, 0x0e2e0c55, 0x090a0b0c, 0x00060708, 0x09130113, 0xe0871607, 0x42062955, 0x03200562, 0x34075942, 0x48fb3c01, 0x10b70147, 
	0x715eda31, 0x556e3d85, 0x4f505b54, 0x05524250, 0xb374a72e, 0x4e314857, 0xe618012c, 0x363d3340, 0x26091b55, 0x02300216, 0x82780206, 0x00012610, 
	0x01000041, 0x24eb82ef, 0x405b000d, 0x28d3820e, 0x0b0c0002, 0x03040102, 0x20eb8701, 0xb06a1818, 0x4d20220e, 0x05694704, 0x124cbe18, 0xbe181b88, 
	0x80470c4c, 0x2ac18408, 0x41151711, 0xae014747, 0x7dd13110, 0x1a7706c6, 0x05175f05, 0x03ef0127, 0x0326022c, 0x2195826e, 0xc76a0307, 0x89002010, 
	0x001529af, 0x080e4073, 0x02040207, 0x2005f37f, 0x23af8700, 0x04030022, 0xbe18bf82, 0x20211254, 0x08ed7f4d, 0x24852320, 0xbe180120, 0x25881254, 
	0x10405929, 0x15000000, 0x82111500, 0x11132200, 0x06e77f13, 0x35233526, 0x35273533, 0x1524cb84, 0x15231533, 0x4321cf83, 0x21d18543, 0xd3829393, 
	0xc72bdc24, 0x66521021, 0x02003a08, 0x72ff1900, 0x30025902, 0x1b001300, 0x37403a00, 0x00030413, 0x01000604, 0x50be184c, 0x3378820d, 0x01030507, 
	0x005f0301, 0x03210303, 0x1414144e, 0x171b141b, 0x7c837d85, 0x74821320, 0x82110721, 0x21272272, 0x20848207, 0x50be183e, 0x592e080a, 0x5446f201, 
	0x6afe4510, 0x19441045, 0x11010c1d, 0x171b0cd8, 0x10102002, 0xc033fe21, 0x3cc08e8e, 0x265a937e, 0xcc0133fe, 0x7d935b25, 0x6b41003c, 0x05022705, 
	0x06023002, 0xd3567b02, 0x03052108, 0x271ab36b, 0x23000300, 0x92030000, 0x0b20c782, 0x235bbe18, 0x044d2024, 0xce820603, 0x18012121, 0x22105bbe, 
	0x182b1707, 0x7e0c5bbe, 0x23260999, 0x35230101, 0xe0761337, 0x65013b05, 0x47e34747, 0x40ed4647, 0x01dd43c6, 0xfe863805, 0x7ef6fe9f, 0x42e5fa38, 
	0xb17e3fcf, 0xe734080d, 0x1410101b, 0x15f0fed7, 0xfe1e0110, 0x011510e2, 0x1013e008, 0x00001b10, 0xff5a0001, 0x021402f6, 0x002d003b, 0x2b4f4052, 
	0x07000601, 0x02050401, 0x0607004c, 0x1d4fbe18, 0x6c512520, 0x01002805, 0x4e012601, 0x182a0001, 0x25114fbe, 0x012b1607, 0x45181632, 0x22210b27, 
	0x0aa65626, 0x0ed16a18, 0x36374a08, 0x382b0136, 0x3f38355a, 0x693a4f4a, 0x26594647, 0x173a100b, 0x4849313c, 0x413f4f9b, 0x233b3648, 0x10351a36, 
	0x02512603, 0x2a3b1f3b, 0x0b104f2d, 0x4e2f3649, 0x8412192e, 0x41130d5d, 0x37326e31, 0x0e37332e, 0x118b5f16, 0x08c76219, 0x3002ac22, 0x224fbe18, 
	0x240cd378, 0x151b001b, 0x0e977f17, 0x2735012e, 0x07153335, 0x23151711, 0x01113735, 0xae461f82, 0x4a342805, 0xe54646e5, 0x43ccfe4a, 0x102606a7, 
	0x0189fe21, 0x41182156, 0x01260971, 0x1babfe70, 0x3f421021, 0x03ac3708, 0x03260234, 0x01000076, 0x01500407, 0x00710077, 0x0101b108, 0xb77771b0, 
	0x00412607, 0x02ac0200, 0x212387eb, 0x2382f803, 0x880acd66, 0x0f0f6447, 0x2c038426, 0x81022602, 0x20061344, 0x0da759b1, 0x0001002d, 0x02f6ff21, 
	0x0030024e, 0x4878001c, 0x103205d2, 0x14151819, 0x1b030004, 0x0401021a, 0x4c020201, 0x128c401b, 0x12820420, 0x2606fd48, 0x00000017, 0x4d005f03, 
	0x012c067e, 0x02040561, 0x01260101, 0x1b401b4e, 0x05241989, 0x21040401, 0x08a05318, 0x59221d82, 0x1d820d40, 0x1c001c28, 0x13261316, 0xbe180706, 
	0xde4812ad, 0x17112608, 0x4a690115, 0x0bcd48d0, 0x4646ea27, 0xcd012110, 0x0fc14828, 0x2132fe32, 0xffff0010, 0xfcff3c00, 0x30022e03, 0x83020602, 
	0x20081341, 0x22df82a3, 0x847e0206, 0x8246200f, 0x028222ef, 0x201f823b, 0x080b4285, 0x1f828f20, 0x35001334, 0x07083240, 0x02040304, 0x0e111200, 
	0x02090a0d, 0xfe830801, 0x02020024, 0x2a825f00, 0x044d2022, 0x08874818, 0x00130025, 0x42151313, 0x21200a0a, 0x20080242, 0x05a34521, 0x464e0227, 
	0xfe4ae546, 0x09fe41e9, 0xb8839f82, 0x8533fe21, 0x004124a7, 0x84040200, 0x888620a7, 0x843a2097, 0x84792097, 0x822d200f, 0x8439201f, 0x848a201f, 
	0xff2324a7, 0x826b02f8, 0x001b28a7, 0x172e4031, 0x82101214, 0x820820a2, 0x4c0122a0, 0x05de5403, 0x754a0120, 0x7c292006, 0x0c2105f7, 0x05a74f0b, 
	0x1607052c, 0x2622172b, 0x36333535, 0x0f7c3736, 0x13172305, 0x36441333, 0x03360805, 0x1cdc0606, 0x1b144e12, 0xe441d40d, 0x07a4014e, 0xbb4a0194, 
	0x4028cd3a, 0x2a151108, 0x01182310, 0x10101e6f, 0xe4fe021e, 0x1b021f01, 0xfe1c1010, 0xff3b4c7b, 0x8b8400ff, 0x02340326, 0x00830326, 0x2005af42, 
	0x10af4255, 0x02212384, 0x232387eb, 0x5501f803, 0x080def50, 0x00030026, 0x02ecff1e, 0x004402da, 0x0022001b, 0x40b4002a, 0x0c0f1010, 0x0201040b, 
	0x0102191a, 0x02000504, 0x1ab04b4c, 0x1acfbe18, 0x0a4d2022, 0x2006707e, 0xcfbe184b, 0x002d252f, 0x85020102, 0x00243e82, 0x06008605, 0x0ccfbe18, 
	0x07010925, 0x18070000, 0x2d0cffbe, 0x16405959, 0x27280000, 0x21222526, 0xae821c1d, 0x13151b2d, 0x0b131513, 0x052b1b07, 0x5d353735, 0xca66058d, 
	0x16162907, 0x06061415, 0x15171507, 0x0fcbbe18, 0x42112908, 0x8b49a392, 0x44db4261, 0x88459b97, 0x6d994465, 0x0167726c, 0x4e6b6b2b, 0x10142a5e, 
	0x70032721, 0x3b633b59, 0x10212703, 0x04250c82, 0x623b596f, 0x2f0c833c, 0x4255d601, 0x97076253, 0xfe076153, 0xff4528ad, 0x43059352, 0x8e2305e7, 
	0x4a000000, 0x9c220507, 0xbe183002, 0x08250dc7, 0x02030102, 0x05054a02, 0x53050222, 0x1805054a, 0x2408b56b, 0x114e0021, 0x25c48213, 0x1c070610, 
	0x5146212b, 0x18212009, 0x23095a68, 0xfafd4702, 0x2008044a, 0x11024a54, 0x83c03321, 0x0032247b, 0x82750200, 0x0020297b, 0x1d3b403e, 0x1718191c, 
	0x0ac7be18, 0x021e1f24, 0xbe180401, 0x20220fc7, 0x1482054d, 0x4e042122, 0x2026bb82, 0x25152000, 0x05442516, 0x06352706, 0x26222306, 0x6a183526, 
	0x013e1517, 0x491e508a, 0x335c3c2f, 0x434ae647, 0x1d3d1f50, 0x4646e54a, 0x0bcd2110, 0x4b52200c, 0xa082215b, 0x3b4e5d25, 0x83d20c08, 0x32fe2109, 
	0x2407074f, 0x03000041, 0x269f827f, 0x403d001b, 0x43191a3a, 0x062a05da, 0x0c010205, 0x17180100, 0x9e821314, 0x07c7be18, 0x024d202a, 0x04000001, 
	0x0404005f, 0x1b249d85, 0x13151b00, 0x07230082, 0x182b1b07, 0x200bc7be, 0x06244133, 0x41151721, 0x01350538, 0x46d94a26, 0x4ad94ae5, 0xfc4647e6, 
	0x024646c3, 0xfe211030, 0x06294b33, 0xff430787, 0x88ce2005, 0x72ff2397, 0x97828c03, 0x43001d26, 0x1b1c4040, 0x1a27978c, 0x00060219, 0x18004c02, 
	0x3709c7be, 0x02044d20, 0x06000002, 0x0606005f, 0x004e0621, 0x001d0000, 0x1311111d, 0x09220083, 0x9d941d07, 0x18153321, 0x8908c6be, 0x1054249f, 
	0x960afd45, 0xc03325a1, 0x0121108e, 0x0226a184, 0x00001900, 0x9f827302, 0x1c001333, 0x0f408500, 0x01020a0b, 0x06010303, 0x00010205, 0x07495106, 
	0x02002625, 0x4b010401, 0x81490bca, 0x0da04b06, 0x27401b22, 0x0804b218, 0x9408f44b, 0x0eca4b29, 0x07080925, 0x4b040506, 0x087f0cca, 0x088b5205, 
	0x0809ca4b, 0x48fb7d28, 0x01103170, 0x705f5a60, 0x546e3d85, 0x4e505b55, 0x01220e4f, 0x0ea775ce, 0x4857b622, 0x012d4d31, 0x3442ec1b, 0xbf49383e, 
	0x1f032105, 0x262adb82, 0x00008e03, 0x7f020700, 0xbb4cfe01, 0x00112b0c, 0x4040001a, 0x0508093d, 0x45430404, 0x02042e05, 0x0602004c, 0x02040301, 
	0x01006803, 0x2adf8201, 0x5f000404, 0x00000105, 0x184e0021, 0x28097069, 0x06070a0c, 0x11011100, 0x09794c07, 0x38533320, 0x22ac8909, 0x4e47fb3c, 
	0x552007ce, 0x4f0cc74e, 0x01210587, 0x07844f19, 0x5f00013b, 0x5902f6ff, 0x28003b02, 0x57405a00, 0x07050115, 0x06004c01, 0x06050305, 0xdfbe1803, 
	0x00032511, 0x02030902, 0x08e7be18, 0x0a4d2522, 0x0826a082, 0x08080061, 0xc3510826, 0x17192406, 0x4d101314, 0x05210724, 0x06c35100, 0x3632252c, 
	0x23353435, 0x33352307, 0xcc553317, 0x23072205, 0xd1781837, 0x059d490c, 0x622d013b, 0x101ec274, 0x0dbe1e10, 0x32235c6f, 0x0310351a, 0x56435026, 
	0x864a4e86, 0x0796495a, 0x64722835, 0xb9430506, 0x0e6d6144, 0x118b6015, 0x53844c19, 0x494c8353, 0x0020058c, 0x23056741, 0x6803f6ff, 0x1e24d382, 
	0xa9002c00, 0x21057548, 0xbe180716, 0x1c2d08dc, 0x04060202, 0x0302011d, 0x1b4c0406, 0x20189240, 0x48188205, 0x25280681, 0x04000100, 0x68040106, 
	0x20255782, 0x0707004d, 0x057d6902, 0x06010930, 0x08610306, 0x03030205, 0x1b4e0326, 0x27962940, 0x05010825, 0x184d2105, 0x820825bf, 0x4059362b, 
	0x001f2016, 0x1f252700, 0x002c202c, 0x131e001e, 0x15132326, 0x634b180a, 0x7b52180c, 0xfe461813, 0x4120080d, 0x4ae64747, 0x774a0765, 0x487d5049, 
	0x4d507d48, 0x63044979, 0x523d014a, 0x3c5c345c, 0x5d345e52, 0x08844b18, 0x42734b2f, 0x5454844b, 0x7c474b83, 0x1021d850, 0x0a996928, 0x8743d382, 
	0x02332405, 0x82150030, 0x403f278b, 0x020c0d3c, 0xbf180105, 0x03210b1c, 0x20fe824c, 0x1cbf1800, 0x05c7440c, 0xbf182120, 0x07200e1c, 0x191cbf18, 
	0x23352208, 0x14150622, 0x3d819a16, 0x794b479e, 0x4848d781, 0x165442de, 0x4f52393e, 0xd11e1050, 0x4e2f5111, 0x05ac6f52, 0xbc221028, 0x323adf31, 
	0xc7414132, 0x00192405, 0x82700200, 0x001d339b, 0x40980026, 0x0b0e0f0e, 0x0403040a, 0x00020203, 0x5467020a, 0x062c2506, 0x08010201, 0x1844b918, 
	0x004d2027, 0x5f000a0a, 0x0548430b, 0xb9181b20, 0x2f8d2044, 0x2140592d, 0x00011e1f, 0x261e2022, 0x6518261f, 0x0d21062d, 0x0636440c, 0x1d011d23, 
	0x0787430d, 0x72072321, 0x3320099b, 0x50052e7e, 0x2720050b, 0x08080b50, 0x47fa7b33, 0xaf103c63, 0xca4ae647, 0x5e7e3b11, 0x6e3c8471, 0x505b5455, 
	0x21104e4d, 0x8a586901, 0x10102133, 0x588a3321, 0x2c404e72, 0xc4f62846, 0x2f342b36, 0x0a436900, 0x000f3108, 0x002d001e, 0x1849404c, 0x02050212, 
	0x0402222b, 0x004c0205, 0x02040205, 0x00800405, 0x04020304, 0x02007e03, 0x00610102, 0x4d250101, 0x03030107, 0x33085e59, 0x00011f20, 0x2627292a, 
	0x2d202d1f, 0x07091b1d, 0x0f010f00, 0x18065e59, 0x220c775f, 0x18151401, 0x2b0955b9, 0x35363213, 0x06353030, 0x07022e06, 0x0ea94a18, 0x2ee6fe38, 
	0x454f575a, 0x5a39081b, 0xd8645639, 0x562a6256, 0x20495054, 0x4a18730d, 0x3f080cb8, 0x08083e01, 0x130a0d1c, 0x6343070b, 0x93fe7437, 0x17026176, 
	0x05131104, 0x0076620f, 0x23000100, 0x8502fbff, 0x16003802, 0x0c404800, 0x03040708, 0x010a0103, 0x4c020300, 0x501db04b, 0x00114058, 0x612f1082, 
	0x01010102, 0x00004d20, 0x4e002100, 0x4515401b, 0x03210519, 0x06844303, 0x592a1785, 0x132813b6, 0x1a070411, 0xb918012b, 0x33080a56, 0x33363613, 
	0x15151632, 0x02060623, 0xd724a903, 0x9d46dd3c, 0x36168b06, 0x480e192a, 0x8d011a14, 0x09026efe, 0x1c10101c, 0x017dfe03, 0x172c3559, 0x2b102814, 
	0xc3504f82, 0x00bd2407, 0x5157000d, 0x02200c73, 0x0a209983, 0x17229982, 0xbf820100, 0xb64b7020, 0x0301240a, 0x82032103, 0x1816209f, 0x510cb467, 
	0x37221f6f, 0xcb4b1533, 0x5a012506, 0xeefe1044, 0x2306c94b, 0x34fec08d, 0x0805c347, 0x0f000337, 0x850372ff, 0x0b003002, 0x25001900, 0x40404300, 
	0x1d1e2122, 0x0d0e1113, 0x05070a0b, 0x2401030c, 0x031b1c23, 0x02030005, 0x0003004c, 0x63040304, 0x01020206, 0x05ab5001, 0x21000035, 0x1a1a4e00, 
	0x251a251a, 0x14111116, 0x09111616, 0x4f2b1d07, 0x05200bc2, 0x2605a34b, 0x15331307, 0x49232723, 0x172309a2, 0x4f970115, 0x013208cb, 0xc640ed44, 
	0x4bf9dd43, 0xfe384510, 0xe3474759, 0xc64f4747, 0x4fe7200c, 0xfd2006de, 0x4307db47, 0x002005c8, 0x02260082, 0x72ff4100, 0xbf868602, 0x41404434, 
	0x0e0f1214, 0x0407080d, 0x00030903, 0x0102090a, 0xb9890104, 0x00010227, 0x074d2000, 0x06955005, 0x000c0c33, 0x0c190c00, 0x16171819, 0x00101115, 
	0x150b000b, 0x0b501808, 0x344f180e, 0x18bf8309, 0x230e364f, 0x45105000, 0x23070245, 0x102132fe, 0x08384f18, 0x8ec0fe22, 0xd34a9a82, 0x82b12006, 
	0x001d249b, 0x56434046, 0x1c270a79, 0x0217181b, 0x83050601, 0x0001219a, 0x06218e82, 0x065c4168, 0x0825a285, 0x05050207, 0x04c11821, 0x6652180f, 
	0x76332008, 0x1120099c, 0x51189783, 0x54231124, 0x189e4510, 0x28122651, 0x108ec033, 0x21d8d821, 0x067f4b10, 0x30026226, 0x8f020602, 0x0120ac82, 
	0x8205235e, 0x181c20ab, 0x232453c0, 0x01074d20, 0x2907c549, 0x111c001c, 0x11131813, 0x13570813, 0x23352605, 0x27273335, 0x18a58335, 0x530854ab, 
	0xcd230527, 0x186b6b4e, 0x2708a648, 0x4e6b68ad, 0x2baf2110, 0x0ca94818, 0xaf2bf624, 0x8f851021, 0x0272ff23, 0x188f8285, 0x23260369, 0x05064d20, 
	0x8205ad57, 0x0021283d, 0x14111121, 0x46071618, 0x491805f1, 0x354111ba, 0x07272407, 0x18151715, 0x240cbc49, 0x45104ebb, 0xbe49189c, 0xc0f52214, 
	0xbe49188e, 0x01002308, 0x9f823200, 0x9f828320, 0x3f002224, 0x68183c40, 0x1b260f67, 0x0305021a, 0x26824c03, 0x01030624, 0xdc416a06, 0x0500300c, 
	0x4e052105, 0x13111125, 0x07132515, 0x182b1d07, 0x87144276, 0x054d4ca1, 0x2e4c7920, 0x1054230a, 0x444ca445, 0xa4012106, 0x200f324c, 0x4ca48233, 
	0x0020054d, 0x41247c82, 0x84020000, 0x202fa382, 0x35403800, 0x14151819, 0x1a030404, 0x89040101, 0x97c118ae, 0x0875470e, 0x82152521, 0x0705239c, 
	0xc1182b1b, 0x23230997, 0x18070622, 0x270c317c, 0x32333636, 0x3d021616, 0x46219b8a, 0x239983eb, 0x8c335b3d, 0x4c5d988e, 0x0bcd2505, 0xff52200c, 
	0x2305b378, 0x02300221, 0x2c060377, 0xf6ff3c00, 0x3b021702, 0x5a030600, 0x0d8f460a, 0x20001622, 0x149b6718, 0x184d2521, 0x34099b67, 0x184e0026, 
	0x01101117, 0x171c1d00, 0x14201820, 0x11161013, 0x05814616, 0x46069d72, 0x032f0c81, 0x21150622, 0x32032626, 0x35343536, 0x18021e21, 0x2e0c2051, 
	0x01645660, 0x35710e8c, 0x72fe6256, 0x465b3a06, 0x022f0c6c, 0x605f7313, 0x761ffe72, 0x45070761, 0x55003967, 0x672605d7, 0x0b003502, 0xbf180f00, 
	0x2024122b, 0x0202064d, 0x20098b4d, 0x27008411, 0x1d070710, 0x1333372b, 0x2e080182, 0x21272315, 0x21372307, 0x3d192303, 0x3dd724d9, 0x5cfe4510, 
	0x01791045, 0x32059c3c, 0xfdfd0302, 0xc08e8ec0, 0x00008001, 0x00210001, 0x82660200, 0xa34d1867, 0x0200210c, 0x20073651, 0x05794801, 0x080bbf18, 
	0x2b180722, 0x100bbf18, 0x53011322, 0x0aa34d18, 0xfd350233, 0x10101af5, 0x8301031c, 0x1c037dfe, 0x021b1010, 0x05534c0a, 0x02320227, 0x03060230, 
	0x0877526c, 0x85082b58, 0xef01211f, 0x6e201f84, 0x0f8c1f87, 0x8206e756, 0x8471203f, 0x062f561f, 0x74200f82, 0x5a200f84, 0x82058b55, 0x8875200f, 
	0x84ac205f, 0x5476204f, 0x1f542c43, 0x0b1b530f, 0x00004124, 0x53848f02, 0x53887f20, 0x93520f8b, 0xffff220c, 0x240f8f00, 0x0272ff41, 0x203f849c, 
	0x503f8488, 0xb382061b, 0x0f848920, 0x82068b4f, 0x858a200f, 0x05034f0f, 0x8b200f82, 0x734e0f84, 0x200f8206, 0x417f888c, 0x8e200553, 0x374c0f85, 
	0x211f8205, 0xaa820090, 0x14003008, 0x0701f401, 0x2900e902, 0x46003100, 0x010d4340, 0x2e2f0102, 0x05071a26, 0x4c020204, 0x04010200, 0x80040201, 
	0x03010100, 0x03030061, 0x18064d4d, 0x080977c0, 0x4e004e28, 0x2b2d0001, 0x1c1e2224, 0x0e0f1517, 0x29000a0c, 0x0a082901, 0x22132b16, 0x36363526, 
	0x34353737, 0x07222326, 0x0e822315, 0x48363421, 0xc01805aa, 0x53081276, 0x06063537, 0x01241951, 0x19323123, 0x260d1213, 0x321f0707, 0x04272c1a, 
	0x01110a0d, 0x13141b06, 0x0d030619, 0x14241828, 0x011b3013, 0x1a191df4, 0x260b0a26, 0x32061912, 0x1e100a05, 0x95172114, 0x01010504, 0x0f11110c, 
	0x2040120e, 0x1c0c4f0a, 0x11000200, 0x2208d382, 0x0081031a, 0x001f0013, 0x073c403f, 0x17000201, 0x02030216, 0x03010113, 0x03054c03, 0x4a000302, 
	0x18010100, 0x20096fc0, 0x086c574d, 0x4e014e39, 0x191b1415, 0x1f151f14, 0x0a052924, 0x23132b18, 0x37352711, 0x84331533, 0x061421c0, 0x2721cd82, 
	0x82d58237, 0x363221c9, 0x3737e182, 0x065a2105, 0x26272602, 0x17334934, 0x154c1029, 0x0e140a14, 0x82272618, 0x512d0882, 0xb71d031c, 0x40343b1f, 
	0xc2050a46, 0x090c950e, 0x292e342d, 0x00010000, 0x00f40116, 0x00e902ea, 0x4030001c, 0x0a0d182d, 0x01020303, 0x07d84a4c, 0x00358b84, 0x00010461, 
	0x4e004e00, 0x15170001, 0x06081011, 0x1c011c00, 0x065b4105, 0x24064c41, 0x27070714, 0x05754c26, 0x32333708, 0x06151737, 0x3e338706, 0x20283d24, 
	0x29120c2b, 0x281b0607, 0x251f252d, 0x01330d01, 0x26333df4, 0x0e1d233c, 0x2f0d0908, 0x30292b01, 0x04011532, 0x02002016, 0xa4821400, 0x03212a08, 
	0x00150081, 0x40400020, 0x0301093d, 0x021b1c01, 0x12130302, 0x00040f10, 0x0d4c0302, 0x01030a0b, 0x0303004a, 0x01006101, 0x21998201, 0x998a0202, 
	0x1a1d1f29, 0x00050718, 0x89150115, 0x32332299, 0x4fc01816, 0x1427220c, 0x209c8216, 0x08a78335, 0x34256d3c, 0x160d3548, 0x055d2309, 0x02045f25, 
	0x1a284426, 0x17131415, 0xf401271a, 0x48433139, 0x196d0202, 0x90fe1204, 0x201b0810, 0x0e272b76, 0x002f1694, 0x16000200, 0xed00f401, 0xa382e902, 
	0x3f001b2c, 0x01113c40, 0x4c010203, 0x9d820500, 0x67020522, 0x08a98918, 0x20063441, 0x05344106, 0x0116172f, 0x16181900, 0x101b171b, 0x080a0c0e, 
	0x42a28306, 0x3c410798, 0x07172205, 0x2a761823, 0x274b0808, 0x26330722, 0x3e358926, 0x2b213922, 0x9703012f, 0x1e2d2701, 0x340d0225, 0x65072c25, 
	0xf4011905, 0x3c27333d, 0x03363922, 0x05153924, 0x43de2016, 0x01001f24, 0xf9011100, 0x8103df00, 0x5b001c00, 0x11120d40, 0x0201030e, 0x5502021a, 
	0x272a0570, 0x18405850, 0x48020200, 0x9082044d, 0x035f012f, 0x49010101, 0x0501064d, 0x4e054a05, 0x221a831b, 0x92850201, 0x5926081a, 0x00000e40, 
	0x1b001c00, 0x11251911, 0x1b0a0713, 0x3735132b, 0x33352335, 0x023e3435, 0x14153233, 0x06270707, 0xf55b1506, 0x17280806, 0x14282822, 0x201d3124, 
	0x0b490703, 0x28414109, 0x1108f901, 0x111319b9, 0x151e2d2e, 0x16170b06, 0x221c2a0e, 0x0810ba19, 0x2f085382, 0x01220003, 0x02fd007c, 0x002d00e9, 
	0x00460039, 0x195f4062, 0x06050218, 0x03020e21, 0x08010705, 0x07010304, 0x0a4c0408, 0x03000501, 0x69030504, 0x4920bc82, 0x31086075, 0x04004d4d, 
	0x00610804, 0x4d4e0808, 0x00070700, 0xd5820961, 0x4e004f3d, 0x00012e2f, 0x3c3e4244, 0x392e3335, 0x2629392f, 0x16171e20, 0x2d001315, 0x420b2d01, 
	0x372008a9, 0x3305da55, 0x26263737, 0x33363435, 0x15371732, 0x15160727, 0x22230614, 0x1422ca83, 0x7d613316, 0x057a7505, 0x2005cd42, 0xbd6b1807, 
	0x06470809, 0x2e328206, 0x172b0101, 0x13260416, 0x1b263317, 0x01375212, 0x0f263110, 0x0f070b0d, 0x28253c18, 0x140e453d, 0x140f0e14, 0x1b1d1b14, 
	0x1d182023, 0x010c0c2e, 0x041f2c7c, 0x011d0409, 0x0a121b05, 0x220a1f0a, 0x822c2115, 0x0104330e, 0x2c201b13, 0x060d0804, 0x20230c0b, 0x1ce93c27, 
	0x00821c1b, 0x1c1b2708, 0x21231998, 0x05121719, 0x00000016, 0x01140001, 0x033101f9, 0x001e0081, 0x1c334036, 0x020f141b, 0x01020105, 0x0482084c, 
	0x0e93bf18, 0x044d4d29, 0x01010203, 0x824e014a, 0x001e2c38, 0x2a24251d, 0x2b190a05, 0x44373513, 0xb2480b31, 0x09a26005, 0x22144c08, 0x02055b21, 
	0x29202a25, 0x181f8022, 0x091b0b14, 0x08f9011e, 0x1c330111, 0x26be1d03, 0x119a1e1f, 0x840f0808, 0x09091817, 0x00080fa1, 0x01160002, 0x039700f9, 
	0x000b0067, 0x404d0016, 0x1012140a, 0x02050e0f, 0x4b4c0100, 0x185027b0, 0x290b5bbf, 0x01044d48, 0x024a0202, 0xbf181b4e, 0x12820e5b, 0x11405930, 
	0x00010c0c, 0x150c160c, 0x0b000507, 0xb0430b01, 0x14152a0c, 0x37350306, 0x37352735, 0x24ad8233, 0x12120d56, 0x2003820d, 0x22a8834d, 0x84290320, 
	0x2b10820c, 0x1108d0fe, 0x1d031b9c, 0x000811d7, 0x81229784, 0x97847600, 0x3d001829, 0x111214b5, 0x85490003, 0x020c2b92, 0x01000001, 0x01010061, 
	0x8c820048, 0x18001121, 0x240f50bf, 0x010b4059, 0x20878500, 0x08284203, 0x24050642, 0x36363503, 0x22898535, 0x86550614, 0x144c2689, 0x055a200d, 
	0x258a8a28, 0x2e110858, 0x8c82ba2c, 0x3c28f022, 0x3806b341, 0x0081032f, 0x40220019, 0x1216171f, 0x090b0d10, 0x03040608, 0x4a000c02, 0x297d8201, 
	0x004e004a, 0x00190000, 0x6e830218, 0x20069f41, 0xf4a31811, 0x83142010, 0x1a512af1, 0x6952226c, 0x4d125b22, 0x08974123, 0x47fefe30, 0x08081303, 
	0x127a3c13, 0x65611b08, 0x7382080f, 0xf9011224, 0x73829400, 0x3b000a25, 0x82080940, 0x0104216b, 0x20089441, 0x2a6d820c, 0x01024d48, 0x014a0101, 
	0x82401b4e, 0x0001220e, 0x220e8685, 0x820a4059, 0x000a261d, 0x0a031609, 0x082c4217, 0x15171128, 0x57212312, 0x73892009, 0x11912808, 0x01000008, 
	0xf9010e00, 0xe902c001, 0x3f003400, 0x01043c40, 0x31320003, 0x1c23252a, 0x03080f17, 0x03020b02, 0x18064c02, 0x220c25bf, 0x83074d4d, 0x4a0222f8, 
	0x2bf28302, 0x25330034, 0x25242525, 0x1c0a082b, 0x352b6b83, 0x33373527, 0x36363317, 0x86163233, 0x05416306, 0x2105ab47, 0x0d8e0706, 0x15172508, 
	0x5521230e, 0x14020505, 0x241a1822, 0x24150306, 0x22271f19, 0x12171f80, 0x1e081e0b, 0x13161d7a, 0x1d091a0b, 0x9c2ab383, 0x271c041b, 0x15161314, 
	0xc3421417, 0x82112a05, 0x0b0b1817, 0x08119a01, 0x220a8308, 0x859f0909, 0x821420cf, 0x823120cf, 0x001e32cf, 0x04364039, 0x1c000201, 0x030f141b, 
	0x02010602, 0x06644302, 0x0027cf82, 0x61000202, 0x43000000, 0xc9871962, 0xb390c882, 0x21221424, 0x63430655, 0x20a38312, 0x06624326, 0x0226938a, 
	0xf4011500, 0x93820a01, 0x19000b22, 0x0bfb5c18, 0x5c184d20, 0x4e2c0afb, 0x0c0d4e00, 0x12140001, 0x190d190c, 0x2005bb42, 0x0ebb4206, 0x080d3d7a, 
	0x44379026, 0x43373744, 0x181a3143, 0x1b161a0d, 0x011c0d19, 0x353546f4, 0x35354545, 0x22381646, 0x3721321c, 0x21331b23, 0x0226e482, 0x81011400, 
	0x7f821e01, 0x22001638, 0x49404c00, 0x03020408, 0x03191a00, 0x13030403, 0x14040101, 0xbf180202, 0x4d2a1009, 0x0404004d, 0x01006101, 0xa4844e01, 
	0x4e024b35, 0x00001718, 0x22171c1e, 0x16002218, 0x2a241500, 0x42180a07, 0x1720085e, 0x2409bd48, 0x15171527, 0x0abf4813, 0x22143508, 0x04065521, 
	0x25292602, 0x19314834, 0x15012817, 0x0f190b14, 0x01282315, 0x01110881, 0x1c041b14, 0x343b2020, 0x5f054640, 0x44010811, 0x090c950e, 0x2c30312b, 
	0x0027b682, 0x01150002, 0x821f0181, 0x00152cb7, 0x40440025, 0x04011041, 0x82011c01, 0x000123b5, 0xb4821303, 0x4c040026, 0x4a010111, 0xb382a987, 
	0x00030323, 0x883a8261, 0x00002cb3, 0x18192224, 0x14001500, 0x85062624, 0x233523af, 0x314a0606, 0x33530805, 0x37171632, 0x15171133, 0x33161427, 
	0x35373632, 0x26272634, 0x06222326, 0x15042896, 0x34251423, 0x1d133749, 0x22052211, 0x081a28cc, 0x04010e13, 0x190b1508, 0x08810125, 0x0d127b0f, 
	0x48433139, 0xfe0b0605, 0xe90810b0, 0x0a05272b, 0x04081479, 0x822f0709, 0x0100217c, 0xf922b782, 0xb782db00, 0x2b001936, 0x16172840, 0x080f1213, 
	0x09020304, 0x4c010001, 0x4a000106, 0x4d202482, 0x8207bd43, 0x0019230b, 0xab432b18, 0x0b3f4306, 0x0614153d, 0x06062707, 0x15171507, 0x56212215, 
	0x14020505, 0x120b1022, 0x09380504, 0x43290813, 0x342e0713, 0x0b0c161d, 0x0e121203, 0x850d0f05, 0x7f850811, 0xf4011e24, 0x7f82c700, 0x3800272b, 
	0x01163540, 0x03170203, 0x27058202, 0x0101024c, 0x03004b01, 0x2305fb53, 0x01004d4d, 0x2d068e5e, 0x014e004e, 0x141a1c00, 0x00060812, 0xcd820127, 
	0x132b1625, 0x18352722, 0x2008e5be, 0x065c4727, 0x15171622, 0x0ee3be18, 0x306f4208, 0x12120721, 0x1d161524, 0x331d1c20, 0x10221322, 0x1b121008, 
	0x1e171510, 0x38131e0f, 0x3a12f401, 0x11151d1d, 0x0d0d1117, 0x281d1a1c, 0x1b38080a, 0x1110121b, 0x0f070b13, 0x2423191a, 0x00010000, 0x2aab8207, 
	0x001d03b8, 0x40350018, 0x18011532, 0x2710dbbe, 0x04004d49, 0x05610004, 0x2d057949, 0x10120001, 0x0a0b0c0d, 0x18000405, 0x21431801, 0x18352007, 
	0x1808dbbe, 0x080a9057, 0x271c7222, 0x07302f28, 0x10184848, 0x0207100a, 0xf4012607, 0x03a4181b, 0x19393916, 0x030d0d9b, 0x150c0501, 0x0a3f7f83, 
	0x2701f401, 0x1900e402, 0x2a402d00, 0x03131416, 0x4c010100, 0x0f101217, 0x0405070e, 0x824a0108, 0x6100220e, 0x257d8702, 0x19000a0c, 0x55461901, 
	0x27352307, 0x71863335, 0x2a080a84, 0x35231517, 0x1f740623, 0x17622328, 0x091a0c13, 0x62236122, 0xf4012502, 0x119a1e1f, 0x18179b08, 0x11a00809, 
	0x080fd408, 0x82002621, 0xff012600, 0x01f901f0, 0x2e7b820d, 0x40260011, 0x080a0c23, 0x00010406, 0x420e4c01, 0x49200522, 0x270a2242, 0x22110011, 
	0x2b170a03, 0x22063864, 0x46331715, 0x753b075c, 0x278d2263, 0x2337013a, 0x01622668, 0x0811d2f9, 0x86031008, 0x08130383, 0x88d01308, 0x82962063, 
	0x00183d63, 0x1427402a, 0x0a0c1012, 0x02000602, 0x01164c01, 0x03004a03, 0x004d4903, 0x4d490202, 0x2c06c546, 0x10122216, 0x2b1a0a04, 0x07272301, 
	0x07e35223, 0x33373322, 0x01306f88, 0x47461115, 0x8d215610, 0x44022e27, 0x32024211, 0x01237782, 0x84a8a8f9, 0x87022578, 0x0286a3a1, 0x00237a83, 
	0x820b0001, 0x820e20db, 0x831f2077, 0x1c1e2adb, 0x0e13191b, 0x03090b0c, 0x20e1830a, 0x28e18710, 0x4a010100, 0x252e4e01, 0x059b4302, 0x2211c852, 
	0x18231517, 0x3907abbe, 0x4a471c0b, 0x2c208318, 0x1c5c1c2a, 0x7f165041, 0x1f30311e, 0x1308f901, 0xf4846354, 0x84373a21, 0x6b4c21f4, 0x42210d84, 
	0x840d823f, 0x01ef24ff, 0x820d017b, 0x001b2487, 0x822c402f, 0x080e23ff, 0xfe840105, 0x844a0221, 0x228282f9, 0x4a036100, 0x01210570, 0x07397100, 
	0x7b450420, 0x33352206, 0x88901836, 0x07744109, 0x0606033f, 0x30090d30, 0x6c131010, 0x3e248b22, 0x66223302, 0x22136d27, 0x0b087b01, 0x27220c18, 
	0x238182d0, 0x8e910211, 0x082a8182, 0x2cfcfe12, 0x0000001f, 0xab820001, 0x02e50024, 0xbe1800e9, 0x162414b3, 0x24405850, 0x04202482, 0x11b3be18, 
	0x184d4921, 0x2508a05c, 0x1b4e054a, 0x5c182540, 0x278d16a0, 0x0e405922, 0x11277582, 0x12111100, 0x4b121124, 0x390806e9, 0x37230723, 0x33161633, 
	0x33071533, 0x1f153337, 0x091b5175, 0x15070305, 0x59759608, 0xf9010a16, 0x5034cb09, 0xcb090401, 0xffff4f38, 0x12021b00, 0xc302db00, 0xec030700, 
	0x4b828700, 0x13820020, 0xc6022926, 0x5e03db00, 0xed201382, 0x32201388, 0xf2202782, 0xee202784, 0xc622138a, 0x2784e400, 0x138aef20, 0x58011222, 
	0xf0222784, 0x4f86c500, 0xc6023224, 0x27845801, 0x138af120, 0xf2202787, 0xf3202792, 0x00301385, 0x02320001, 0x02a40029, 0x000400e4, 0x0103b535, 
	0x25051b49, 0x40585022, 0x0c83020c, 0x61828620, 0x4e005626, 0x000a401b, 0x85202b82, 0x01211382, 0x05194976, 0x04000435, 0x170b0311, 0x3337132b, 
	0x15320715, 0x2902675d, 0x82ad0ebb, 0x26df822e, 0x012c0232, 0x82a80262, 0x00f422df, 0x24a388ca, 0x036201d6, 0x20138248, 0x24138af5, 0x024c0138, 
	0x2213829a, 0x88bf00f6, 0x01e12427, 0x8243034c, 0x8af72013, 0x01502413, 0x8282023c, 0x00f82213, 0x242788b7, 0x033c01fc, 0x2013822e, 0x24138af9, 
	0x0256011c, 0x221382c3, 0x88c400fa, 0x01c62427, 0x825e0356, 0x8afb2013, 0x00172413, 0x82bd02de, 0x00fc2213, 0x23278988, 0x6c03de00, 0xfd201382, 
	0x1222138a, 0x4f843701, 0xaa00fe22, 0x01212789, 0x204f8443, 0x2a138aff, 0x02aa002e, 0x040600a6, 0x84006e00, 0x00d624ff, 0x824e03aa, 0x8401200f, 
	0xffa02c0f, 0x00540110, 0x04070014, 0x86fa0012, 0x829e2047, 0x84562013, 0x85142013, 0x01002713, 0x120294ff, 0x6f825400, 0x1f00042f, 0x446406b1, 
	0x01021440, 0x4c010100, 0x20058200, 0x37368285, 0x02101276, 0xb12b180b, 0x13440006, 0x33352723, 0x6eb50b54, 0x0da41202, 0x01261a82, 0xc602a2ff, 
	0x97825400, 0x17000422, 0x33853796, 0x65a40e26, 0x0e8ac602, 0xab203384, 0x6b206f82, 0x25206f84, 0x1a206f84, 0x41050042, 0x258209ea, 0x8307e741, 
	0x37032d75, 0x55071533, 0x02b56e52, 0xa40db112, 0x00231c82, 0x82abff01, 0x845d2077, 0x401d2177, 0x3b853f9b, 0xa4654d27, 0x0e98c602, 0x203b858a, 
	0x207f826d, 0x227f8293, 0x84270006, 0x051c227f, 0x20ea8201, 0x257f844c, 0x01020203, 0x27827601, 0x06000625, 0x86041111, 0x2a4582f7, 0x07272317, 
	0x841e8493, 0x8288880b, 0x5fb12286, 0x8223825f, 0x826d2087, 0x82932087, 0x00062387, 0x479d401f, 0xc624438e, 0x4b4b9898, 0x03258f96, 0x01000201, 
	0x2294824c, 0x82850002, 0x8602200b, 0x8912208f, 0x3327268f, 0x07333717, 0x218d830f, 0x8f82840b, 0xb15f5f22, 0x479c8f92, 0x438d0320, 0x8e82c620, 
	0x43859820, 0x02682b08, 0x0298002c, 0x001900a8, 0x6406b134, 0x02294044, 0x04000001, 0x69040001, 0x03030100, 0x01005901, 0x06610301, 0x01030205, 
	0x31825103, 0x19001935, 0x23122323, 0x1b0b0723, 0x0006b12b, 0x023e0344, 0x821e3233, 0x37362703, 0x23020e33, 0x03822e22, 0x98070635, 0x131e1c12, 
	0x1f202214, 0x101a1411, 0x1e1d110d, 0x82231313, 0x1b132c0c, 0x362c0210, 0x19141135, 0x87261b14, 0x01003207, 0xd60268ff, 0x48039800, 0x2c001700, 
	0x01002940, 0x84768204, 0x84032085, 0x267f8c85, 0x22170017, 0x84221223, 0x237b847f, 0x32331616, 0x26237b86, 0x82222326, 0x1c112d7b, 0x2c1a131f, 
	0x1d14162a, 0x1d100d0d, 0x292d0b83, 0x0e1d1317, 0x3132d602, 0x151a1a0f, 0x2d06841f, 0x02002014, 0x380273ff, 0x9a028d00, 0x79820b00, 0xfd843320, 
	0x01032822, 0x0121fe82, 0x2f068259, 0x05610001, 0x00030402, 0x0d510001, 0x1300010c, 0x0ab18718, 0x160b0622, 0x2220fc85, 0x2405c850, 0x06141516, 
	0x240b8a33, 0x1c1c155c, 0x20038215, 0x210786a3, 0x0e843802, 0x03861283, 0x00820020, 0xe1247f83, 0x43038d00, 0x2b207f84, 0x20051d75, 0x207ba300, 
	0x2077a703, 0x2c7793e1, 0x027bff01, 0x02850050, 0x00030082, 0x26f58426, 0x0100001b, 0x82570001, 0x5f012293, 0x21098202, 0x0a824f01, 0x03000326, 
	0x170b0311, 0x3529e885, 0x01851521, 0x3250020a, 0x822a8232, 0x00fc293f, 0x002e0385, 0x401e0003, 0x03203b9c, 0xfc203786, 0x6e2a3785, 0x92001c02, 
	0x0f00c302, 0x77843100, 0x0103262d, 0x85010201, 0x00000200, 0x54005902, 0x022f064f, 0x00015100, 0x07090c0d, 0x0f000304, 0x41050f01, 0x1120066b, 
	0x0daa0d19, 0x0ed15418, 0x531c0223, 0xae541854, 0x82002007, 0xff012800, 0x00c6026e, 0x825e0392, 0x4029216b, 0x638f67a7, 0x0dde0d19, 0x0d190220, 
	0x62820aba, 0xff02002f, 0x001702aa, 0x00bd0256, 0x0014000b, 0x2bd18438, 0x0001042d, 0x03020105, 0x00690200, 0x0322dc82, 0x2f550059, 0x01032c05, 
	0x010c0d51, 0x0c101200, 0x4e140d14, 0xd8870632, 0x02533220, 0x26280805, 0x17363435, 0x14150622, 0x34353233, 0x272f2f27, 0x22303026, 0x21291010, 
	0x2330bd02, 0x242f2f24, 0x18183023, 0x4234421c, 0xc6247b87, 0x6c035600, 0x2b2a7b84, 0x01002840, 0x01020300, 0x7f826903, 0x61020022, 0x02218282, 
	0x05a54e56, 0x8d0f1121, 0x82e38272, 0x05615168, 0x69822720, 0x72832320, 0x26206a82, 0x22267282, 0x10102a21, 0x6a83c602, 0x18227283, 0x70824234, 
	0x882ce782, 0x8d001202, 0x0400c302, 0x39000900, 0x2e21e784, 0x296d8208, 0x024c0100, 0x01010001, 0x06825700, 0x5f010026, 0x03040305, 0x4f2a0f82, 
	0x00000505, 0x09050905, 0x31820607, 0x06110422, 0x24074442, 0x07153337, 0x2c048323, 0x88593a06, 0x7658297d, 0x0db11202, 0x200282a4, 0x24638400, 
	0x039900c6, 0x2163845e, 0x5faf4031, 0x5b890320, 0x94633c2b, 0x82612c7d, 0x0e98c602, 0x2c02828a, 0xff010000, 0x002e02c4, 0x00a6023c, 0x0703460b, 
	0x52108652, 0x6d420883, 0x08254109, 0x23231923, 0x21038219, 0x06842e02, 0x00200a82, 0xd6245385, 0x4e033c00, 0x1f225382, 0x4f9c1c40, 0x870b7141, 
	0x8cd6204b, 0xbd36084b, 0x42001602, 0x0d00c302, 0x0db30600, 0x2b320108, 0x36363503, 0x27263435, 0x15161637, 0x213a0714, 0x0b2c2224, 0x02753644, 
	0x190c011d, 0x07181118, 0x1a310638, 0x87840f4d, 0xbe02bd26, 0x6b034200, 0xc5203ba1, 0x8f433b91, 0xb12e3309, 0x40446406, 0x02030423, 0x86010201, 
	0x02020000, 0x5e825900, 0x00610226, 0x51020002, 0x0f280982, 0x12230f00, 0x190b0522, 0x52050f44, 0x25080535, 0x23022e23, 0x07060622, 0x403e1492, 
	0x0b133e41, 0x1e2d2715, 0x16272d1d, 0x53541c02, 0x2a2e5453, 0x2e2a0c0c, 0x8b430000, 0xa526200b, 0x8e032063, 0x1223085f, 0x40414040, 0x24120b11, 
	0x2e22232e, 0xc6021324, 0x46525246, 0x0d0d2424, 0x00002424, 0x0275ff02, 0x427a0012, 0x2c20069f, 0x2127c984, 0x00020207, 0x454c0101, 0x572005ce, 
	0x012f0682, 0x01025f00, 0x4f000100, 0x10121112, 0x481a0b04, 0x173309e2, 0x33352723, 0x59880b08, 0x58760bac, 0x0da41202, 0x820da4b1, 0x245782f1, 
	0x00c6026a, 0x0693427b, 0xa2402421, 0x83132053, 0x2e4f844a, 0x63940b09, 0x61820bae, 0x0e8ac602, 0x830e8a98, 0xff012c4f, 0x00a101a3, 0x00190279, 
	0x834d000c, 0x08b52fa5, 0x01020101, 0x0eb04b4c, 0x16405850, 0x0d820200, 0xa1827020, 0x57010028, 0x00010100, 0x0b820060, 0x401b5023, 0x21188215, 
	0x178f8502, 0x22b55925, 0x41032221, 0x133f068e, 0x23230614, 0x37323327, 0x16323335, 0x67363179, 0x15224808, 0x0111182e, 0x212724ec, 0x82165205, 
	0x9cff2749, 0x72007302, 0x7b82eb02, 0x77884520, 0x77b70f20, 0x2b190622, 0x7220738c, 0x02217389, 0x267389be, 0x002cffc4, 0x43a4ff3c, 0x15202a77, 
	0x430ad946, 0xd420062b, 0x220a2a43, 0x86ffffff, 0x06022f53, 0x00000a04, 0x73ff0200, 0x8d0037ff, 0xc34799ff, 0x47072038, 0xc920264b, 0x820f4a47, 
	0x827b868b, 0x820c208b, 0xff012b8b, 0x0015ff97, 0x00b5ff34, 0xeb4a0004, 0x37072c25, 0x69071533, 0xeb915c41, 0x82960aa0, 0x823f864f, 0x053b4b4f, 
	0x1202cc24, 0x3b4b6900, 0x0100250d, 0x01024c01, 0x4b07ac4b, 0x13240e3b, 0x37352307, 0x02244f83, 0xa70ab1c3, 0x00301c82, 0x02d3ff01, 0x037100c6, 
	0x0004005e, 0x031a401d, 0x3f933882, 0x2b170622, 0x71253b84, 0x03906539, 0x083b4b5e, 0x10ffa636, 0x14005a00, 0x3b001500, 0x446406b1, 0x0d103040, 
	0x02010303, 0x01214184, 0x0997424b, 0x01005926, 0x03620001, 0x002c5c82, 0x0f000152, 0x0006080e, 0x04150115, 0x20064b45, 0xc8631807, 0x0733270d, 
	0x14151616, 0x4b180706, 0x39230913, 0x18392223, 0x260bb0ad, 0x2a124b7b, 0x82312428, 0xffff22bf, 0x238386ff, 0x12040602, 0x01221082, 0x9382a4ff, 
	0x93825c20, 0x89461420, 0x82102007, 0x4c012290, 0x21058212, 0x4d48004b, 0x2091830d, 0x27918302, 0x06070c0e, 0x14011400, 0x17299187, 0x34352622, 
	0x06333736, 0x0a835206, 0x382b0727, 0x20162d3b, 0x6c46181c, 0x50292c0a, 0x20482e33, 0x07051f22, 0x8218150c, 0x827b868b, 0x8414208b, 0x826e208b, 
	0xff92228b, 0x34cf48b7, 0xcf481520, 0x48f0201c, 0x778209ce, 0x77826786, 0x77841620, 0x52ff7b26, 0x84ff8500, 0x2029bf49, 0x05874907, 0x3232ae27, 
	0xffff0000, 0x823f86ff, 0x8318204f, 0x4000270f, 0xba00d200, 0x0f824c01, 0x22054760, 0x82f50040, 0x036f2d0f, 0x008a0406, 0xb1080023, 0x23b00100, 
	0x8f073775, 0x0150262b, 0x02aa00ea, 0x203b82e4, 0x324b8467, 0x01ea015a, 0x00e40268, 0x0a670426, 0x04070000, 0x84be0067, 0x01192417, 0x84e100ed, 
	0x8e602027, 0x835f200f, 0x002408d3, 0x000e02a1, 0x00c602fd, 0xb12a000d, 0x40446406, 0x0001001f, 0x02010302, 0x00030069, 0x00590300, 0x61000303, 
	0x00240882, 0x14111451, 0x0809bf45, 0x35262220, 0x15333634, 0x14150622, 0x28fd3316, 0x11283434, 0x02161116, 0x2728340e, 0x1f1b1a35, 0x5b842624, 
	0x0e02f724, 0x5b825301, 0x30000c22, 0x25235b84, 0x82000200, 0x6901215d, 0x03225082, 0x23825900, 0x04610327, 0x03000301, 0x250a8251, 0x110c000c, 
	0xe9461113, 0x35133e07, 0x34353632, 0x16323523, 0xf7061415, 0x2a291811, 0x0e023232, 0x4a1e1c1a, 0x2827351a, 0x822f8234, 0x02e72649, 0x020d0117, 
	0x298f41bd, 0x33351333, 0x0226e715, 0x00a6a617, 0x00ffff00, 0x01500275, 0x067b507f, 0x5283fa20, 0xab511382, 0x13e75113, 0x82ffe721, 0xbdff347b, 
	0x23040703, 0x00fd0000, 0x00b10900, 0x00fdb801, 0x832b35b0, 0x00033248, 0x0138026d, 0x005e03a5, 0x00100004, 0x403d001c, 0x0a7f4f3a, 0x01062608, 
	0x85010301, 0x03070408, 0x61030202, 0x03030105, 0x124e025a, 0x00050611, 0x11161800, 0x0c1c121c, 0x0610050a, 0x223b8210, 0x51091104, 0x30450787, 
	0x4df32417, 0x4c63a465, 0xc6240ff8, 0x8e8a0e98, 0x820f3945, 0x24978398, 0x04a501e1, 0x22978607, 0x90404043, 0x828f8297, 0x82592096, 0x02032206, 
	0x22a48462, 0xcb520203, 0x6f03219d, 0x03269d94, 0x2c026200, 0x974d9201, 0x00312906, 0x31b04b79, 0x21405850, 0x2008a082, 0x030a020b, 0x00010400, 
	0x0c050069, 0x05070209, 0x08006507, 0x06610408, 0x5a040401, 0x401b4e08, 0x82238b27, 0x08002415, 0x82080405, 0x0707282c, 0x05005905, 0x85610705, 
	0x59513735, 0x18182340, 0x00010c0d, 0x31183118, 0x282a2d2f, 0x20222425, 0x634e1b1d, 0x0b0d210b, 0x21053c63, 0xab4b3634, 0x0b5f4e05, 0x744f0520, 
	0x419e2014, 0xfe210e7c, 0x19854ff7, 0x2010184e, 0x10964fb5, 0x00030033, 0x01d60262, 0x00e80392, 0x0017000b, 0x404d002f, 0x0d02414a, 0xd5820820, 
	0x0720e484, 0xde89e484, 0x2f2adb86, 0x2b2d2f18, 0x23242729, 0xdbae1f21, 0x9110d44f, 0x16e54fdb, 0x42860321, 0xb0200f6d, 0x820ef64f, 0x026d26d7, 
	0x03870138, 0x2f09822e, 0x001b000f, 0x00324035, 0x01010600, 0x67010003, 0x310e0b43, 0x04051011, 0x15170000, 0x1b111b10, 0x0f04090b, 0x33820f05, 
	0x0b430320, 0x21352205, 0x170a4315, 0x0a017523, 0x0e8c41e1, 0x32fc0224, 0x9a8fc432, 0x8b840020, 0x8b82e120, 0x8b86d320, 0x38403b22, 0xff428b88, 
	0x8461200b, 0x02032298, 0x2491c951, 0x3232a103, 0x389191c0, 0x00020000, 0x01120267, 0x000c03e6, 0x000b0004, 0x030a405e, 0x0a000201, 0x05857f01, 
	0x58501b24, 0x23831a40, 0x01058538, 0x02030201, 0x06800301, 0x03030204, 0x02020084, 0x1b4e0256, 0x1c841640, 0x01020023, 0x22218302, 0x84850103, 
	0x59762f1e, 0x05051440, 0x0b050000, 0x08090b05, 0x5a820607, 0x07110438, 0x012b170b, 0x07153337, 0x17333705, 0x01072723, 0x77572966, 0x7753f8fe, 
	0x8f7d2506, 0xb16b840b, 0x83067b53, 0x82c62093, 0x84b42093, 0x40372293, 0x95938934, 0x216cad6f, 0x6c822503, 0xa4535f20, 0x00022206, 0x20ff820e, 
	0x22ff868d, 0x820a4055, 0x0a0128cb, 0x02000301, 0x83b04b4c, 0x481920ff, 0x00200567, 0x0023fe82, 0x8c058003, 0x851520fe, 0x0002281b, 0x00008502, 
	0x84850003, 0x22fd821d, 0x8305050d, 0x121127fb, 0x0b061012, 0x284c2b1a, 0x24f68505, 0x5777098e, 0x22f48702, 0x89fa0b84, 0x020e25f3, 0x038d01c6, 
	0x2f22f385, 0x87892c40, 0x61a46494, 0x84250324, 0xe885ee0b, 0x3205e741, 0x0085038d, 0x0014000d, 0x130c403f, 0x01000101, 0x8207084c, 0x854a20b7, 
	0x030d23e9, 0x13820202, 0x2008a157, 0x0a36550b, 0x0b40592f, 0x140e0e0e, 0x1f11140e, 0x2b180b04, 0x0cb24e13, 0xda850720, 0xb94ec020, 0x86602007, 
	0x4edf20df, 0xc6200c84, 0xdb41ea84, 0x048d2205, 0x2287841b, 0x8b224025, 0xb0708a87, 0x7503216d, 0xa8206d8c, 0x3208df41, 0x01120262, 0x00480392, 
	0x001e0017, 0x011db575, 0x41010607, 0x203006da, 0x00030400, 0x01005904, 0x03020509, 0x69030106, 0x0a37fe82, 0x00070208, 0x06006307, 0x4e065606, 
	0x0028401b, 0x03070306, 0x54800706, 0x2d8a0aa2, 0x5f070022, 0x4f2f3085, 0x18184059, 0x18000018, 0x1c1e181e, 0x82191a1b, 0x05ba546d, 0x1b0b0b28, 
	0x023e132b, 0xe5443233, 0x06354110, 0xdb446220, 0x41082016, 0xc8540644, 0xb1c4210e, 0x24052443, 0x02620002, 0x29d782c6, 0x001900f9, 0x40490020, 
	0xd8841f46, 0xd755ae8c, 0x2bae9405, 0x00001a1a, 0x201a201a, 0x1b1c1d1e, 0xe6554182, 0x55ab8805, 0xab8710e2, 0x86186346, 0x7d0321ad, 0x200f5946, 
	0x088741b7, 0x1c026831, 0x36039101, 0x14000400, 0x03b56a00, 0x41000301, 0x20080787, 0x0300001d, 0x01068500, 0x03040301, 0x00800401, 0x02010704, 
	0x05660204, 0x56030301, 0x401b4e03, 0x821f8422, 0x0301210e, 0x042d2583, 0x04008501, 0x59040202, 0x02040400, 0x312b8462, 0x16405952, 0x00000506, 
	0x0c0e1112, 0x14050809, 0x66821406, 0x08110422, 0x2007c648, 0x0d7f4b17, 0x654ddf24, 0x54540da4, 0x989e240f, 0x54828a0e, 0x02240c58, 0xc6026800, 
	0xce20b382, 0x4123b384, 0x84033e40, 0xb08da1b4, 0x0d7b548a, 0x82360321, 0x52702b8a, 0x0d252346, 0x4623250d, 0x00820052, 0x62000226, 0x8c011c02, 
	0x25063f41, 0x0102b563, 0x3f410103, 0x001c2107, 0x85200c82, 0x04279682, 0x80040003, 0x41060400, 0x21200d3e, 0x05201e84, 0x0320bb82, 0x04212482, 
	0x0b3d4100, 0x52252a84, 0x06114059, 0x093b4105, 0x0710122b, 0x012b180b, 0x33352723, 0x0d384113, 0x0e140125, 0x413365a4, 0x8a231039, 0x41e6fe0e, 
	0x9b420a39, 0x038c2105, 0x22053741, 0x8538403b, 0xac86a0ac, 0x0f324183, 0xf8208382, 0x3a0a3241, 0x02680002, 0x038c011c, 0x000d0043, 0x4050001d, 
	0x0201000b, 0x084c0101, 0x44010207, 0x0f3206ee, 0x01040200, 0x65000200, 0x01010103, 0x1b4e0156, 0xa1561740, 0x40593116, 0x1b0e0f0f, 0x1215171a, 
	0x0f1d0e11, 0x160b051d, 0x420e0045, 0xc8200e5e, 0x20070845, 0x0f29412b, 0xa3449d20, 0x417a200c, 0x68220c33, 0xaf82c602, 0xaf84e620, 0x31403422, 
	0x9696af8a, 0xc72093ac, 0x2c219387, 0x0e394140, 0x938c4020, 0x43417320, 0x0262220c, 0x063b451c, 0x77002722, 0x20052546, 0x0a094522, 0x02050a39, 
	0x03010703, 0x0b080069, 0x06080601, 0x07010965, 0x4e075607, 0x822d401b, 0x08032409, 0x45080703, 0x2d890b37, 0x08060628, 0x08080059, 0x36846106, 
	0x40595131, 0x0018191a, 0x21242500, 0x181b1c1f, 0x45271927, 0x0c20083d, 0x41183d45, 0x45450e72, 0x418b2017, 0x4e450f81, 0x41ba200e, 0x00200a82, 
	0x2a05b742, 0x00f30392, 0x00290019, 0x8d47404a, 0x000125c5, 0x01006904, 0x1b2dc598, 0x2700001a, 0x1e212326, 0x1b291a1d, 0x08544529, 0x5445c288, 
	0x45c28f10, 0x8b20185c, 0x200fb241, 0x0f654577, 0x2c44b120, 0x0002240c, 0x4e500275, 0x08220607, 0x855f5a00, 0x501b3e08, 0x00174058, 0x85000100, 
	0x02010104, 0x01058501, 0x5f020303, 0x54020200, 0x401b4e03, 0x21198a1c, 0x19820200, 0x19825720, 0x82600321, 0x03022c24, 0x12405950, 0x00000505, 
	0x49050805, 0x062007cf, 0x3508224e, 0xf3152135, 0x8ca4654d, 0xc6020a01, 0x768a0e98, 0x00003232, 0x83820200, 0x8382fc20, 0x0400f628, 0x37000800, 
	0xf14d3440, 0x907d850a, 0x2160a263, 0x60825e03, 0x60836220, 0x4e000222, 0x7f22e382, 0x5f845e03, 0x02b55224, 0x0f450001, 0x78162008, 0x838205aa, 
	0xe28be882, 0x18891b20, 0x04227d8a, 0xe1840301, 0x05050c22, 0x1225df83, 0x0b051012, 0x05fe4419, 0xdb820320, 0x0e000125, 0x833e65a4, 0x0e8a23dc, 
	0x7b87f2fe, 0x7f01fc23, 0x22db8503, 0x5f2d4030, 0x02220c55, 0x5c908500, 0x07205991, 0x0324598a, 0xfa0e8a5e, 0x02205882, 0x26068b4e, 0x0003002e, 
	0x4e6a001d, 0x21080589, 0x0800001e, 0x00020101, 0x03006701, 0x05020709, 0x00650503, 0x61020606, 0x02020104, 0x1b4e065a, 0x20882440, 0x26820420, 
	0x0203062f, 0x03006906, 0x59030505, 0x05030300, 0x35328561, 0x1a405951, 0x00000404, 0x1d041d04, 0x1416191b, 0x0c0e1011, 0x66820709, 0x0a110326, 
	0x132b170b, 0x664e8c82, 0x01752415, 0x42e3fe0a, 0x02241898, 0xd03232fc, 0x220f8b42, 0x4e020000, 0xd320064b, 0x1b246082, 0x3e404100, 0x0022a188, 
	0x98820603, 0x0520a784, 0xa189a784, 0x1b2a9e84, 0x17191b04, 0x0f101315, 0x9e930b0d, 0x84104349, 0x1640499e, 0x32a10324, 0x0e4ecb32, 0x249b820f, 
	0x012e0275, 0x060f4e7f, 0x27402a3b, 0x01040000, 0x01000301, 0x02010567, 0x00610302, 0x025a0303, 0x0004054e, 0x0a024e00, 0x23410620, 0x0b024e06, 
	0x85207a82, 0x2406b456, 0x3232fc02, 0x0ab856ce, 0x75000224, 0x6382d602, 0x0f24ff83, 0x2c402f00, 0x00216388, 0x20638203, 0x21638259, 0x6e826102, 
	0x51020322, 0xd28468ad, 0x2f426889, 0x05ef5105, 0x75001e22, 0x2f08e743, 0x40585031, 0x01000020, 0x01088500, 0x85010201, 0x20073842, 0x0d384266, 
	0x228a2620, 0x20123a42, 0x053a4262, 0x40595239, 0x0005051a, 0x051e0500, 0x171a1c1e, 0x0f111215, 0x00080a0d, 0x42040004, 0x3724053a, 0x07071533, 
	0x2414a250, 0xa4654df3, 0x193b429f, 0x0e98c624, 0x3c429a8a, 0x053b4210, 0xf603a522, 0x1c246182, 0x46404900, 0x870a3744, 0x104342cd, 0xa784aa87, 
	0x1c051c24, 0xe242181a, 0x42a79405, 0xa7841044, 0x20174442, 0x20a5825e, 0x0e454288, 0x6d000326, 0x87015002, 0x22063352, 0x475e001b, 0x18200519, 
	0x0722aa82, 0x33520602, 0x01082e05, 0x5f040505, 0x54040400, 0x401b4e05, 0x211a8b1d, 0x1a820400, 0x1a825720, 0x825f0521, 0x05042525, 0x1b40594f, 
	0x24064451, 0x1a1b181b, 0x0b185219, 0x18520920, 0x3507231a, 0x2a511521, 0x01f6230f, 0xee51020a, 0x32912310, 0xb3830032, 0xb382fc20, 0x0b00e82a, 
	0x1b001700, 0x38403b00, 0x90ca939c, 0x2011a551, 0x2b90828a, 0x02000000, 0x12024f00, 0xe6025701, 0x2b089382, 0xb5810010, 0x0200010f, 0xb04b4c01, 
	0x40585017, 0x03010517, 0x00860300, 0x4d540202, 0x00000104, 0x01006101, 0x4e005601, 0x1eb04b1b, 0x1a201e82, 0x00242982, 0x80000201, 0x218c2685, 
	0x8d1f4021, 0x2327831c, 0x01005901, 0x3005536b, 0x59510001, 0x0c134059, 0x0c00010c, 0x0e100c10, 0x09a05f0d, 0x1d5a1320, 0x3717250a, 0x8b071533, 
	0x2506e043, 0xa4654d01, 0x78436e02, 0x985c2307, 0xbb828a0e, 0xc6024d26, 0x9a035701, 0x3b22bb84, 0xbc853840, 0x75a4799e, 0x75868920, 0x75820320, 
	0x8c220321, 0x51002075, 0x8d2206af, 0x77824e03, 0x5f001227, 0x04010fb5, 0x07074c02, 0x82061621, 0x8604250c, 0x01050100, 0x69228783, 0xa6510103, 
	0x821f2006, 0x04002a09, 0x80040200, 0x04040106, 0x0ac05e84, 0x01252982, 0x40595100, 0x23998415, 0x11120c12, 0x20081141, 0x0e7a4207, 0x55640720, 
	0x86fa2005, 0x8428279d, 0x0b88880b, 0xdc5e0284, 0xb1c42408, 0x84b15f5f, 0x01c6249f, 0x84f9038d, 0x403d229f, 0x9ea0853a, 0x217db780, 0x1e418103, 
	0x64bb2007, 0x013406e4, 0x1c0258ff, 0xc302a800, 0x20000d00, 0x01021d40, 0x85000100, 0x080adc64, 0x01030038, 0x12225103, 0x08041022, 0x33032b1a, 
	0x32331614, 0x14333536, 0x26222306, 0x2b2756a8, 0x5656272b, 0x02565252, 0x474739c3, 0x5e5e4939, 0x56ff0100, 0xaa00c602, 0x4f825e03, 0x301b5b62, 
	0x06080a0b, 0x0d000304, 0x08050d01, 0x22112b16, 0x87548226, 0x5654275b, 0x2e2e2656, 0x49825626, 0x2f3f5927, 0x3f2f4040, 0xa7578259, 0x9c0620a7, 
	0x413f26a7, 0x5b4c3f41, 0x26e5825b, 0x003bff24, 0x5b5800cf, 0xf76607fb, 0x01022708, 0x00760101, 0x77670000, 0x13173407, 0x24031533, 0xc59b6e3d, 
	0xfe0b1d01, 0xff0000ee, 0x820900ff, 0x01ba303b, 0x042702cc, 0x01000054, 0x04060157, 0x5800e551, 0x0124055d, 0x2b35b057, 0x40232383, 0x8300fbff, 
	0x84262023, 0x84072023, 0x82572005, 0x01012223, 0x822385b8, 0x27238483, 0x0b007500, 0x17401a00, 0x2408a06d, 0x014e0055, 0x1df31800, 0x05905b09, 
	0x1632332a, 0x7d061415, 0x19242419, 0x05200382, 0x09820584, 0x8f82a882, 0x02214782, 0x8447824a, 0x8300206b, 0x82c82095, 0x21738218, 0x07829001, 
	0x32000128, 0x4501de00, 0x93642401, 0x35372921, 0x01321521, 0x4646de13, 0x3786e784, 0x04060223, 0x210f8556, 0x47820101, 0x83034721, 0x0cfb5a0f, 
	0x00020022, 0x0221cb84, 0x27638294, 0x402f000f, 0x0101042c, 0x01220a82, 0x80828003, 0x474d5421, 0x022107c2, 0x142c4855, 0x33033723, 0x0b2c4803, 
	0x6e2d7324, 0xe6820a2d, 0x2518192b, 0xcc01c825, 0x25cd34fe, 0x820e8518, 0x276b844d, 0x01ba0033, 0x000b00cc, 0x11826b84, 0x02000329, 0x01058003, 
	0x44840303, 0x5d2a08db, 0x0c0c4e00, 0x0f0c0001, 0xb5440f0c, 0x13032417, 0x857d1333, 0x4f252758, 0x012d142d, 0x72832452, 0xfd216b82, 0x247683e1, 
	0x00ffff00, 0x26728240, 0x039902ba, 0x825a0407, 0x00cd2a09, 0x0200b108, 0x35b0cdb0, 0x2f75822b, 0x01fbff29, 0x009e02a7, 0x0028001c, 0x0b444047, 
	0x0126f382, 0x02010301, 0xfc86004c, 0x03010627, 0x05030005, 0x062e627e, 0x4d5a0238, 0x04050500, 0x04010761, 0x4e045504, 0x00001d1e, 0x281d2224, 
	0x4182281e, 0x23251c2a, 0x190b0827, 0x3627372b, 0x07169018, 0x250b127c, 0x06141516, 0x7145020f, 0x1ac8350a, 0x3220574a, 0x1a2c141d, 0x370d1040, 
	0x5033395d, 0x086a592e, 0x35083541, 0x37491a91, 0x0c18352b, 0x19116413, 0x302a4121, 0x69403150, 0x47414d2f, 0xff38280e, 0x01b60129, 0x820b00cc, 
	0x407a23bf, 0xad820d0a, 0x0201172f, 0x4b4c0203, 0x585022b0, 0x01072640, 0x2ace8205, 0x00800305, 0x03010203, 0x82007e02, 0x066134e0, 0x5d000001, 
	0x0202004d, 0x04006104, 0x4e045904, 0x9023401b, 0x00022528, 0x65040204, 0x01322f89, 0x1740594e, 0x00010c0c, 0x280c280c, 0x181a1f21, 0xe1421315, 
	0x0b082505, 0x32012b16, 0x240ae565, 0x15060617, 0x05744814, 0xf4423520, 0x23062b05, 0x35262622, 0x37373634, 0xac410d01, 0x1a222106, 0x3321fc82, 
	0x21fc831c, 0xfc880c11, 0x42cc0121, 0xcd240726, 0x38481a91, 0x1024fe85, 0x2b40211a, 0x0031fe86, 0x2900ffff, 0xa701f6ff, 0x07019902, 0xf1ff5d04, 
	0x0bcf4100, 0x5d000121, 0x8b6d0687, 0x05214d06, 0x5850222a, 0x00000c40, 0x02860001, 0x2007f850, 0x0964600a, 0x2d0e8b6d, 0x37352307, 0xb3794fe1, 
	0x0ff7e402, 0x008200e8, 0xdf6d538f, 0x82192036, 0xed012153, 0xc3825385, 0x0127a782, 0x00e402a9, 0x825f0426, 0x82072063, 0x00c82105, 0x1789db83, 
	0x17846020, 0x86006021, 0x4aff2817, 0x4100e100, 0x82040703, 0x5dfd2117, 0x2405a944, 0x35b05dfd, 0x2b26822b, 0x1900ffff, 0xa9014aff, 0x27004100, 
	0x01201f85, 0xc8202783, 0x12242782, 0xb80100b1, 0xb1212784, 0x84088601, 0x5e5020d3, 0x002305d7, 0x42350003, 0x0c250529, 0x01010102, 0x258c8300, 
	0x1b4e0156, 0x33691140, 0x05274110, 0x2c073669, 0x07332713, 0x235a2373, 0xfafaea01, 0x827f8200, 0x7201214f, 0x6520cf84, 0x6520b784, 0x0022b783, 
	0x67c00001, 0x07333525, 0x84465a50, 0x5f678366, 0x6782147f, 0x4600142f, 0xa801e600, 0x25000500, 0x01042240, 0x060c4602, 0x3510f669, 0x12050005, 
	0x2b170b03, 0x33372737, 0xc7db1707, 0x70700bc7, 0x0082b146, 0x372a43b3, 0x07173327, 0x0b707014, 0x4384c7c7, 0x00ffff25, 0x82690014, 0x03cb2487, 
	0x60690406, 0x1b89105b, 0x1b926a20, 0x9a014622, 0x2620bf82, 0x00223782, 0x05820700, 0x8300b421, 0x86d782ef, 0x006a2117, 0x6a211783, 0x20178700, 
	0x21178269, 0x2f8300cb, 0x85012321, 0x0023222f, 0x07cb6010, 0x6001b121, 0x77820ad3, 0x77822b86, 0x43832b82, 0x00322b94, 0xff370002, 0x02b100fb, 
	0x00030030, 0x402c000f, 0x14420429, 0x46202007, 0x29200900, 0x22110046, 0x462b1707, 0x6c230f00, 0x442c6a2c, 0xa92507ca, 0x79fe8701, 0x0a0046ae, 
	0x0b206789, 0x2d226782, 0xf2452a40, 0x29678208, 0x5f030202, 0x03030105, 0xfd450321, 0x5e072011, 0x03260d35, 0x74133313, 0x59842518, 0x122c4f25, 
	0x45b6012c, 0xfe2107fd, 0x46738345, 0x1e2a056b, 0x7601fbff, 0x1e003902, 0xe3452a00, 0x45252025, 0x292c09e3, 0x1f204e04, 0x24260000, 0x2a202a1f, 
	0x1e254182, 0x08262427, 0x08e34507, 0x06222325, 0x77071515, 0x372505c4, 0x32333636, 0x10e54516, 0x4818ad37, 0x24313646, 0x13290728, 0x231b1b0f, 
	0x472e2937, 0x085f502a, 0x06074509, 0x177aa938, 0x38372641, 0x09222c2c, 0x2f17150d, 0x291a1812, 0x59362a44, 0x2f414228, 0xff1e220d, 0x22c382f2, 
	0x820b0030, 0x404a37c3, 0x05011647, 0x04012003, 0x004c0205, 0x00050003, 0x00800503, 0x02820405, 0x4c067e21, 0x20220739, 0x2c58004d, 0x26023106, 
	0x0c0d4e02, 0x21230001, 0x14151b1d, 0x2a0d2a0c, 0x4106b745, 0xa3450f4c, 0x45332007, 0x332505c0, 0x35353632, 0x26d28237, 0x07061415, 0x41de0606, 
	0x3a2c0667, 0x502a482d, 0x1812095e, 0x2b3c4b43, 0x1125d683, 0x1f1c1a11, 0x0a7a4136, 0x45293c23, 0x2bc18329, 0x2b3d167a, 0x2b2d353a, 0x170b0922, 
	0x1531d982, 0x00ffff1d, 0x00860150, 0x038002aa, 0x00650406, 0x05c5449c, 0x499cff21, 0x1b82066f, 0x02720125, 0x83260080, 0x0701211b, 0xc8280582, 
	0x12009cff, 0xb80100b1, 0xb1212384, 0x82088601, 0x01192447, 0x84a90189, 0x005f222b, 0x212b829c, 0x2ba3005f, 0x2b846020, 0x2b9d6020, 0x84e10021, 
	0x8e57829f, 0x8673829f, 0x8b47821b, 0x01002f1b, 0x88ff0000, 0xee02fa00, 0x17000300, 0xfd711440, 0x0731450c, 0x3313152c, 0xc832c803, 0xfc660378, 
	0x0082009a, 0x172433a3, 0xc8133303, 0xf7823489, 0xabff002a, 0x1103fa00, 0x7b040603, 0x89104344, 0x8d7c201b, 0x0100271b, 0x06ff6400, 0x9f849600, 
	0xb04b2e23, 0x07104719, 0x01028526, 0x01590101, 0x87139c74, 0x11172db6, 0x32641133, 0xfce803fa, 0x02000018, 0x0722478a, 0x49854f00, 0x00001523, 
	0x06af5304, 0x2107ba43, 0x52820359, 0x178a1a20, 0x02030324, 0x1d860057, 0x4f030227, 0x04124059, 0x251e8204, 0x06070407, 0x6a830005, 0x170b0624, 
	0x6a82132b, 0x6e840320, 0x01323229, 0xfe90015e, 0x83a8fd70, 0x82002005, 0x003226bf, 0x01c201f7, 0x27ff4a29, 0x66f79021, 0x0023050b, 0x821a0132, 
	0x034c2437, 0x41810406, 0xff220d13, 0x538600ff, 0x1b830220, 0x19266383, 0xdb0174ff, 0xe764a6ff, 0x35172729, 0x01191521, 0x6b838cc2, 0x0321a385, 
	0x21a3a8b6, 0xa38a8403, 0xa3833782, 0xa38d8520, 0x00245382, 0xe803f700, 0x352053a3, 0x03218b82, 0x835284e8, 0x008026cb, 0x01730196, 0x22bf6d89, 
	0x914a3720, 0x35fa2f0a, 0x33354545, 0x46964646, 0x44443534, 0x434c3435, 0x244b8605, 0x88040602, 0x675b8300, 0x5bae0623, 0xf84c7d20, 0x4cd22006, 
	0xff2209f8, 0x8b6700ff, 0x01003828, 0x6aff3700, 0xe402f500, 0x1e001000, 0x00010fb3, 0x22b04b49, 0x82b55850, 0x00562492, 0x82b31b4e, 0x59762807, 
	0x0b0116b3, 0x4a172b17, 0x3321056c, 0x05884a15, 0xe015173c, 0x4f5a5a4f, 0x1c3f3c15, 0x62962837, 0xdf7c7cdf, 0xd1600362, 0x86985b89, 0x57820341, 
	0x57820520, 0x5784c320, 0x1240152b, 0x4a000108, 0x00000101, 0x3d4f8276, 0x02100010, 0x172b160b, 0x35023e35, 0x35272634, 0x15161633, 0x05070614, 
	0x3f1c3728, 0x5383153c, 0x41039629, 0x895b9886, 0x850360d1, 0x00002356, 0xa782ffff, 0xf5008d28, 0x06030703, 0xcf418d04, 0x241b820d, 0x008dff05, 
	0x201b84c3, 0x821b8d8e, 0x86412087, 0x000722df, 0x2ada8446, 0x02001340, 0x02030104, 0x49006303, 0x19200b9a, 0x1e579982, 0x08b35805, 0x26845f20, 
	0x40594f23, 0x2e1b820c, 0x11070007, 0x0b051111, 0x11172b19, 0x82231533, 0xb4412b03, 0x03967474, 0xb4fc177a, 0xef860017, 0xef82b920, 0x0020678a, 
	0x00204082, 0x022a6784, 0x0202005f, 0x1b4e0156, 0x46681940, 0x00672606, 0x00030300, 0x20598257, 0x21678303, 0x67910300, 0x11333523, 0x2b038223, 
	0xb4747405, 0x4c031796, 0x0086fc17, 0x4120eb82, 0x0741eb82, 0x8d912005, 0x060741eb, 0x0703b926, 0x92040603, 0x9f861b8d, 0x9f82f520, 0x64003025, 
	0x6e0124b5, 0x22240543, 0x1b405850, 0x05309083, 0x00690102, 0x00010605, 0x00650005, 0x61030404, 0x56219c82, 0x28ae8204, 0x00030021, 0x04030204, 
	0x28258969, 0x59050000, 0x00050500, 0x372e8461, 0x13405951, 0x2d2f0001, 0x1618191b, 0x090b0c0e, 0x30013000, 0x2b160b07, 0x22059d4f, 0x18343536, 
	0x2b0919cb, 0x36343526, 0x23153333, 0x14150622, 0x0b766018, 0x16820d82, 0x53e24208, 0x2518184b, 0x31191931, 0x4b181825, 0x2b1b1353, 0x2615162b, 
	0x15263030, 0x1b2b2b16, 0x2a3b4a96, 0x22224448, 0x21331733, 0x29494422, 0x33174a3b, 0x43472729, 0x173a2523, 0x22253a17, 0x29274744, 0x08874133, 
	0x0d24e787, 0x01040501, 0x2a06b44d, 0x0004001b, 0x05040105, 0x82010069, 0x820120b8, 0x06a757e7, 0x86025621, 0x040224e7, 0x89690203, 0x00002125, 
	0x8406ed53, 0x23e7852e, 0x23252628, 0x0421e983, 0x23e78802, 0x32333523, 0xdd83e683, 0x83263721, 0x23f48805, 0x06141516, 0xf48ceb83, 0x1b131826, 
	0x16152a2c, 0x1625d983, 0x1b2c2a15, 0x20f78c13, 0x21d68496, 0xd6852244, 0x84432321, 0x3b4a31d6, 0x22444929, 0x33173321, 0x48442222, 0x004a3b2a, 
	0x4206eb41, 0x95200507, 0x8c0deb41, 0x8d96201b, 0x006d081b, 0x01070001, 0x025701ad, 0x001600ee, 0x1618401b, 0x11121315, 0x090a0e0f, 0x03040508, 
	0x0049000d, 0x16760000, 0x2b170b01, 0x37362613, 0x32362717, 0x16370717, 0x17070716, 0x07270706, 0x09372726, 0x850e0a02, 0x0e220e14, 0x0a0e8514, 
	0x0a659302, 0x29454529, 0x5802650a, 0x3f0c1f12, 0x8f09098f, 0x121f0c3f, 0x03236b1a, 0x23037f7f, 0x2e4d826b, 0x01280001, 0x0236017c, 0x000b00e4, 
	0x820d4044, 0x04072568, 0x08010203, 0x4d0def4d, 0x0b242222, 0x03150b00, 0x37309883, 0x27173507, 0x15370733, 0x14911727, 0x3c147d7d, 0x01270483, 
	0x280af07c, 0x8264640a, 0x00f02104, 0x15257389, 0x17404e00, 0x29e28214, 0x0d0e0f10, 0x0708090c, 0x7d830506, 0x7db01220, 0x15001523, 0x8a7d891a, 
	0x88878982, 0x838f858b, 0x3c3c218a, 0x09859487, 0x0000003e, 0xff200002, 0x02d10188, 0x0038009e, 0x4029004a, 0x323b4426, 0x16212425, 0x0a040708, 
	0xbc829583, 0x02860131, 0x5a000001, 0x00014e00, 0x38001c1e, 0x50033801, 0x1620050a, 0x07be4918, 0x086d9e18, 0x5005146f, 0x37220606, 0x20511737, 
	0x26272105, 0x210a8a42, 0x15881603, 0x06062723, 0x083a8215, 0x20330156, 0x24062137, 0x18413169, 0x423c3c3f, 0x1a343c1a, 0x33603e16, 0x07233920, 
	0x40316b26, 0x583b4019, 0x15313841, 0x07603e12, 0x31211b27, 0x363a3d17, 0x181d2122, 0x149e023e, 0x08070f1d, 0x3a06522c, 0x1c251824, 0x34260c0d, 
	0x12473222, 0x2e213413, 0x1e142e4c, 0x28081a82, 0x39045730, 0x202a1b1f, 0x3549140d, 0x1213422f, 0x4c2e1f31, 0x0821fe2d, 0x1f2d050b, 0x0a1d271a, 
	0x2b09120a, 0x1f291b1f, 0x3f008200, 0xff230002, 0x02fa0192, 0x000b0094, 0x40310011, 0x020f102e, 0x4c010100, 0x03050406, 0x86020002, 0x01322282, 
	0x0101035f, 0x4e005401, 0x00000c0c, 0x110c110c, 0x2c820d0e, 0x21250b28, 0x2b180b07, 0xfc501105, 0x33332206, 0x08018211, 0x11071540, 0x362b0a01, 
	0x4d5f3155, 0x50823c6d, 0x28d5016e, 0x464c2c47, 0x0203fefc, 0x36fd2810, 0x00020000, 0x028aff46, 0x003202e5, 0x004c003e, 0x221040d9, 0x46040a01, 
	0x0a090214, 0x08023b3c, 0x2e580302, 0x322b0806, 0x07000100, 0x69070104, 0x010b0800, 0x65000800, 0x040a0a00, 0x04010561, 0x004d5704, 0x61020909, 
	0x02020103, 0x06004d55, 0x84620206, 0x4e02220a, 0x05af491b, 0x39873020, 0x00242c82, 0x0a04090a, 0x37964289, 0x91314021, 0x06092632, 0x00590902, 
	0x235a8206, 0x6a020608, 0x00278082, 0x08005908, 0x84610008, 0x59513f8d, 0x011d4059, 0x43484a00, 0x31373941, 0x2427292f, 0x181e2023, 0x0a101216, 
	0x013e0008, 0xd7180c3e, 0x2866082c, 0x14152705, 0x22230606, 0x05843726, 0x84343521, 0x37172714, 0x16060333, 0x4b533233, 0x08545208, 0x06061724, 
	0x19831403, 0x3737a908, 0x22232626, 0x77010606, 0x374d8a5a, 0x62528965, 0x4f314284, 0x0733392e, 0x22264c25, 0x4f3e232f, 0x1028162c, 0x0833191e, 
	0x37212218, 0x52733d22, 0x464f9161, 0x653f507d, 0x6f370e28, 0x191d1798, 0x0e201d3d, 0x39221c20, 0x894f7622, 0x678a5056, 0x518b5439, 0x413d6b46, 
	0x3c393c35, 0x5366363c, 0x14090b31, 0x2630e3fe, 0x4d3a5a33, 0x9455497b, 0x4781585e, 0x22171c21, 0x37250125, 0xb22c3129, 0x643c1a13, 0x02000000, 
	0xf6ff3c00, 0x38029402, 0x4b003d00, 0x5b405e00, 0x040a0121, 0x09021445, 0x023a3b0a, 0x4c030208, 0x41096a41, 0x07280e37, 0x00610107, 0x4d250101, 
	0x2e073b41, 0x4e002600, 0x47490001, 0x36384042, 0x82282e30, 0x1d1f33df, 0x10121517, 0x3d00080a, 0x070c3d01, 0x22052b16, 0x23412626, 0x41162006, 
	0x23210838, 0x23138722, 0x07333717, 0x20183741, 0x0d374127, 0x514d7708, 0x5a31457b, 0x7658497b, 0x2b482c3b, 0x3f043032, 0x202b2142, 0x14284737, 
	0x191b0e24, 0x1e15072d, 0x371e331e, 0x81574a67, 0x49704047, 0x0a245a38, 0x14866431, 0x18341517, 0x151d0e1e, 0x0a1d301d, 0x44497444, 0x48315775, 
	0x5b3c4575, 0x5f2b3433, 0x582f3333, 0x08092a48, 0x2128f611, 0x41314d2b, 0x7e483e69, 0x3d704b50, 0x1d10181c, 0x252df920, 0x11a62127, 0x8b563412, 
	0xff463305, 0x02e502f6, 0x0406039e, 0x006c009e, 0x0200b108, 0xd0526cb0, 0x00032105, 0x2d081b83, 0x009e02e0, 0x00230013, 0xb16f0043, 0x40446406, 
	0x07012f64, 0x004c0105, 0x07090706, 0x00800906, 0x09070809, 0x01007e08, 0x01050300, 0x6d186903, 0x002f0789, 0x04010c08, 0x69040802, 0x0002010b, 
	0x82590200, 0x00023e06, 0x00010a61, 0x25510002, 0x01141524, 0x3c3f4000, 0x3134363a, 0x242b2d30, 0x1d432543, 0x375c191b, 0x730d2009, 0x5c1906d3, 
	0x37291f3b, 0x35262622, 0x33363634, 0xc7981832, 0x066b7309, 0x07333727, 0x93010606, 0x5b5c1948, 0x08078607, 0x4d85552a, 0x5455854d, 0x864d4d86, 
	0x30593e5f, 0x2d385f39, 0x1d041b34, 0x131d1420, 0x37494d3c, 0x21132719, 0x3f1c081d, 0x7d5b330a, 0x08b44119, 0x7d497f08, 0x4f24335b, 0x8958578a, 
	0x58894f4f, 0x674f8a57, 0x39385833, 0x0e113c63, 0x0d0d4b73, 0x584e4357, 0x69430d0b, 0x0000120e, 0x003a0004, 0x02e201ee, 0x000f009e, 0x0035001f, 
	0xb135013e, 0x40446406, 0x07012314, 0x05012c04, 0x222e3308, 0x30050603, 0x04060201, 0x0ab04b4c, 0x34405850, 0x0506010b, 0x72060502, 0x03000100, 
	0x69030104, 0x010c0400, 0x07040807, 0x00080069, 0x05080605, 0x3f410a67, 0x2c068205, 0x09610002, 0x00020001, 0xb04b1b51, 0x203b820b, 0x213b8635, 
	0x3cae8002, 0x78b80c20, 0x73b54020, 0x59592608, 0x37254059, 0x11202036, 0x3a000110, 0x373e3638, 0x2035203e, 0x27313234, 0x10171924, 0x091f111f, 
	0x010f0007, 0x07f7410f, 0xd7412520, 0x15162509, 0x27060614, 0x240e7d44, 0x35373527, 0x06d35627, 0x0903a618, 0x09145e18, 0x603d0e26, 0x3d603737, 
	0x35250585, 0x512d2d51, 0x08058435, 0x1f1f3727, 0x1e2e296b, 0x401a3618, 0x081e193a, 0x1e161816, 0x6239ee1f, 0x39613e3d, 0x3d3e6139, 0x311e3962, 
	0x54353554, 0x3a058531, 0xd210073d, 0x1d220610, 0x6a092316, 0x5e75070d, 0x5ce80710, 0x16171718, 0x43040000, 0x333b0c17, 0xb0003c00, 0x01281240, 
	0x31320407, 0x06042526, 0x274c0205, 0x4b010701, 0x4109b04b, 0x69202368, 0x4113e141, 0x37932268, 0x25405938, 0x24243435, 0x00011415, 0x3c343638, 
	0x33243c35, 0x2e303324, 0x5e43292b, 0x1606220c, 0x1f5a432b, 0x3735272b, 0x33352711, 0x06141532, 0x39761823, 0x1c53430c, 0x34343f2e, 0x5267b0a2, 
	0x1b19341e, 0x35343220, 0x081d4643, 0x18146c4b, 0x14183801, 0x6e433a79, 0x64011418, 0x2b242ea0, 0x02000023, 0x93012d00, 0x94028902, 0x28000f00, 
	0x4c404f00, 0x0313141b, 0x25260100, 0x171c2122, 0x05090d12, 0x00030b02, 0x06004c02, 0x04860603, 0x01020101, 0x00010300, 0x39098267, 0x095f0301, 
	0x04080507, 0x4f030103, 0x00001010, 0x27102810, 0x1d1f2324, 0x49821819, 0x13130e33, 0x19060a13, 0x3735132b, 0x23072335, 0x23153335, 0x23d68327, 
	0x37373533, 0x4408e682, 0x15333717, 0x15171707, 0x27373523, 0x07272307, 0x28661517, 0xe9071a40, 0x253e1b05, 0x21081e5f, 0x4e545451, 0x621b0721, 
	0x155a031c, 0x01200657, 0xd30f0695, 0x3a51513a, 0x06060fd3, 0x0610d40f, 0x0f06c2c2, 0x260b83d5, 0xb6cdd1ba, 0x8200060f, 0x00022e00, 0x02910132, 
	0x0098024e, 0x00400027, 0x05ed43ed, 0x012c1434, 0x3d3e0403, 0x3334393a, 0x182a2b2f, 0x03010b04, 0xcd434c02, 0x201b8306, 0x201b9002, 0x21329440, 
	0x4f855959, 0x02002422, 0x023cfe82, 0x01006903, 0x59010005, 0x07090400, 0x04000502, 0x01006705, 0x06610001, 0x01000208, 0x20082d44, 0x20298423, 
	0x22298559, 0x84020104, 0x8e02202a, 0xa440202a, 0x59200851, 0x281b4059, 0x28000128, 0x3c3f2840, 0x3135373b, 0x151b1d30, 0x00080a13, 0x0a270127, 
	0x132b1606, 0x09166e18, 0x26343522, 0x45055e4a, 0x232c07a3, 0x14150622, 0x16161716, 0x37061415, 0x08177d41, 0x211c8520, 0x15070511, 0x300d1b0d, 
	0x1b1f2916, 0x1a17222f, 0x14070512, 0x16101717, 0x1c291918, 0x93415831, 0x09913f12, 0x0a2c4209, 0x15122909, 0x18210f13, 0x09082d1a, 0x14122a41, 
	0x0d151111, 0x1f1b1e14, 0xa841042d, 0x03640816, 0x24015200, 0x9d024b01, 0x2f002700, 0xa8003300, 0x010e1640, 0x2c2d0102, 0x0604071a, 0x00011f02, 
	0x244c0304, 0x4b010401, 0x500cb04b, 0x00324058, 0x01060102, 0x00800602, 0x07000604, 0x03007204, 0x03020100, 0x06006901, 0x00020905, 0x69000607, 
	0x08080700, 0x07005707, 0x0a600807, 0x08070801, 0x33401b50, 0x0623348b, 0xa2800004, 0x59200835, 0x30301d40, 0x33300001, 0x31323330, 0x2123292b, 
	0x15171b1d, 0x0a0b0f11, 0x27012700, 0x2b160d0b, 0x20053462, 0x47511837, 0x22232108, 0x2a060a47, 0x33161515, 0x06151733, 0x19222306, 0x0807ba06, 
	0x0635375f, 0x33350706, 0x25199015, 0x16323224, 0x0a110713, 0x301f0e26, 0x09312b19, 0x06020f12, 0x0d2a161b, 0x12260e03, 0x2c130f24, 0x01e63f1a, 
	0x1d1c20a1, 0x210d0d21, 0x05031614, 0x21111032, 0x8d222115, 0x0a060209, 0x13102311, 0x4d08214a, 0x32da1809, 0x00000032, 0x014b0003, 0x02450124, 
	0x06db639d, 0x3e404134, 0x03000100, 0x69030102, 0x06020107, 0x02040001, 0x75646900, 0x18e16310, 0x5518d488, 0xbc8212a0, 0x4538c824, 0x03823845, 
	0x18173228, 0x1a161a20, 0xa8825f21, 0x34344a23, 0x2903834a, 0x332a3019, 0x3428323d, 0x2769963c, 0x013c0805, 0xf3010000, 0x1b009402, 0x49001f00, 
	0x090e4640, 0x0a0c0102, 0x010b0002, 0x01066700, 0x4d540404, 0x0202080f, 0x075f0302, 0x03030205, 0x0d104d57, 0x550b0b02, 0x00004e0b, 0x1c1d1e1f, 
	0x1b293582, 0x1718191a, 0x13141516, 0x26008811, 0x332b1f0b, 0x85352337, 0x07332303, 0x03823733, 0x07231523, 0x24038233, 0x07233723, 0x2a188237, 
	0x70623b28, 0x3d70622c, 0x82823d32, 0x2d0b8403, 0x823b323b, 0x2c82493b, 0x992fcb82, 0x0082d22f, 0xcb250682, 0x99facbcb, 0x38008200, 0xff0a0001, 
	0x02e001f6, 0x0033009e, 0x150b4087, 0x04020211, 0x0809012b, 0x065c4c02, 0x01072c2d, 0x020b0c00, 0x08000908, 0x51040067, 0x5a3b0564, 0x0101064d, 
	0x055f0201, 0x57020201, 0x0909004d, 0x0a00610a, 0x4e0a5b0a, 0x822a401b, 0x231c8213, 0x67010200, 0x2c8a3894, 0x16405922, 0x332c7f82, 0x2f313300, 
	0x14112729, 0x23381211, 0x0d200582, 0x3725e382, 0x35263335, 0x4ce88334, 0x07260813, 0x23262707, 0xea830622, 0x14150623, 0x5ef18217, 0x55080555, 
	0x06061533, 0x27262623, 0x04024c0a, 0x470f544e, 0x3c2a3f67, 0x240d0720, 0x41080744, 0xb2af0b50, 0xabb00301, 0x2347510e, 0x1803193d, 0x6d623b55, 
	0x1926f00f, 0x261d1f1b, 0x193f6d46, 0x0d071123, 0x01571d0a, 0x0d265969, 0x26262f0e, 0x1317585f, 0x01312517, 0x97827485, 0x00054008, 0x01b0ff2f, 
	0x00e402c4, 0x00410037, 0x004f0047, 0x40b70055, 0x171b1e2b, 0x02080414, 0x283b3f46, 0x08040526, 0x454b4d53, 0x0d293a40, 0x54040008, 0x0a0c4a4e, 
	0x36000905, 0x04012f32, 0x51050906, 0x3b0806c1, 0x08040032, 0x00040800, 0x09000080, 0x7e090008, 0x0502070a, 0x03860506, 0x56010101, 0x0808004d, 
	0x02006102, 0x0b4d5a02, 0x06090901, 0x06060061, 0x1b4e065b, 0x01033240, 0x85010201, 0x34953a95, 0x1840592c, 0x00004849, 0x4f494f48, 0xb3823c3e, 
	0x1b223738, 0x1c221226, 0x1d0b0c27, 0x2e35172b, 0x36343502, 0x16153333, 0xae4a1117, 0x35372705, 0x33361533, 0x06821732, 0x1516162a, 0x23230614, 
	0x11272635, 0x07340a84, 0x06352315, 0x15272223, 0x35171613, 0x07222326, 0x14271615, 0x06230a82, 0x84373213, 0x376a0824, 0x15272634, 0x402cbc36, 
	0x27151321, 0x3c472717, 0x23243c23, 0x0c0d1213, 0x123e3823, 0x1c112116, 0x384c394b, 0x0a151523, 0x0505340a, 0x11140d0c, 0x1c146815, 0x15186430, 
	0x8e082618, 0x50352114, 0x392d094c, 0x5d14111c, 0x12010b17, 0x22384e22, 0x550f3542, 0x4701044a, 0x27400c4c, 0x124d1116, 0x2800ff09, 0x5c413b4f, 
	0x15835314, 0x03cc013c, 0x0401f602, 0x1c7c0cd4, 0x1daf142a, 0xe505e7fd, 0xf8fe110e, 0x2c207301, 0x974fc216, 0x3a3b0806, 0xba011a00, 0x20007b02, 
	0x48002800, 0x010b4540, 0x18240005, 0x05121314, 0x011f0502, 0x03020302, 0x0001004c, 0x01068501, 0x86040304, 0x05000000, 0x69050002, 0x03030200, 
	0x53005902, 0x02260551, 0x00005103, 0x41822526, 0x2b25202a, 0x0b071711, 0x37372b1a, 0x21052b41, 0xc97f3733, 0x27072707, 0x32331603, 0xd8443337, 
	0x074f0805, 0x17161403, 0xa8020e13, 0x41453d14, 0x2511446e, 0x09383112, 0x51411f0c, 0x4a37241e, 0x3d5b1703, 0x44121517, 0x2f502723, 0x521a2645, 
	0x4a4c6a15, 0x47454273, 0x0a132d07, 0x521b0b0d, 0x2809b6fe, 0x043c2516, 0x2e41014a, 0x4601174f, 0x824f3103, 0x002126a2, 0x02ce0100, 0x059d5c9d, 
	0x020b0f3d, 0x01240200, 0x4c020507, 0x05040600, 0x80050604, 0x09000103, 0x06040208, 0x82670400, 0x610131b7, 0x5a010100, 0x0505004d, 0x07005f07, 
	0x4e075507, 0x2a2fda82, 0x11112a00, 0x28131115, 0x0b0a1125, 0x18132b1e, 0x2307475b, 0x06141516, 0x24064543, 0x15331515, 0x200e8423, 0x08da8221, 
	0x37272149, 0x3535023e, 0x40265526, 0x4535264c, 0x4d210805, 0x3f30090a, 0x231ca0a0, 0x4007011a, 0x82fe2610, 0x0e0f3909, 0x263b0104, 0x384b2c6d, 
	0x05162420, 0x5127080d, 0x80494a01, 0x381e4926, 0xb3611f2b, 0x19145016, 0x82811017, 0x01003f7d, 0x69ffb0ff, 0x9e02e801, 0x3a002800, 0x1b1c3740, 
	0x03020318, 0x03030607, 0x4c020100, 0xe3820106, 0x04863808, 0x01050201, 0x01020001, 0x03030068, 0x014e035a, 0x21222300, 0x0f141620, 0x000c0d0e, 
	0x07280128, 0x072b160b, 0x34352622, 0x3e173737, 0x23373702, 0x3e373335, 0x82323303, 0x20c082c1, 0x82c58206, 0x073908be, 0x161b030e, 0x6711051f, 
	0x0e1a1e14, 0x12706827, 0x4a3c2a08, 0x05241d27, 0x23246e11, 0xaea7140c, 0x3e2a0830, 0x0d15974a, 0x262a0c04, 0x42533516, 0x275926bc, 0x19294450, 
	0x2a10820e, 0x3f4a1a28, 0x27ec2661, 0x842a4451, 0x004d08b3, 0x01000002, 0x009402f2, 0x407b0024, 0x13151813, 0x0c0f1012, 0x23040307, 0x04010222, 
	0x4c02000a, 0x5015b04b, 0x08234058, 0x01090101, 0x00010a00, 0x04010567, 0x074d5404, 0x03020201, 0x0301065f, 0x0b4d5703, 0x550a0a01, 0x401b4e0a, 
	0x820f8221, 0x03012318, 0x2f8f6802, 0x59302386, 0x00001440, 0x24002400, 0x11112021, 0x11131813, 0x0c270582, 0x332b1f0b, 0x82353735, 0x180383ec, 
	0x8213ca65, 0x152b08f5, 0x55781517, 0x6c858585, 0x3dd02191, 0xb03e6f7c, 0x846b892e, 0x10558484, 0x7026b728, 0x1011c826, 0xb5021610, 0x101a03b0, 
	0x82c61310, 0x28b72210, 0x08688210, 0x0003002a, 0x01b0ff3e, 0x00e402ce, 0x00310029, 0x40830037, 0x020a1118, 0x35360107, 0x191e2d2f, 0x03081418, 
	0x01262807, 0x03030403, 0x2220e882, 0x062de884, 0x05040502, 0x00010286, 0x094d5600, 0x069a5001, 0x004d5a2b, 0x61040303, 0x5b040400, 0x20e88204, 
	0x231e8223, 0x08850001, 0x25952b85, 0x1540592a, 0x00002a2b, 0x312b312a, 0x292b7c82, 0x112b1511, 0x0b0a1832, 0x43172b1c, 0x3726055c, 0x36073337, 
	0x62433233, 0x23072f15, 0x07272637, 0x03072213, 0x26131716, 0x05821403, 0x0f80063f, 0x47542a27, 0x1609260b, 0x09070717, 0x33390926, 0x3a220e09, 
	0x37110f41, 0x571b034a, 0x0811823c, 0x0c1a1e48, 0x3b141780, 0x08422015, 0x3009089e, 0x2a7d5041, 0xb2815887, 0x054b5922, 0x330b4a46, 0x0b0c0611, 
	0xe9fd4c1b, 0x27172803, 0x064a4639, 0xc0026111, 0x1f18fe06, 0x011c0210, 0x4f2ef4fe, 0x388c0120, 0x01000000, 0x04823b00, 0x9402da38, 0xca001d00, 
	0x010c1140, 0x010b0406, 0x1b1c0605, 0x0b040102, 0x3a4f0300, 0x002e3406, 0x06030605, 0x01097205, 0x00010a01, 0x6700010b, 0x6c060600, 0x4d3405fa, 
	0x02020108, 0x01075f03, 0x4d570303, 0x0b0b010c, 0x1b4e0b55, 0x20054742, 0x2135852f, 0x36a78003, 0x872d4021, 0x824e8231, 0x03012357, 0x3b936702, 
	0x59206686, 0x27055a47, 0x1a1d001d, 0x11171819, 0x13250082, 0x13111111, 0x0d62420d, 0x0c4e7b18, 0x22055b42, 0x8251503c, 0x01502600, 0xaf3a109e, 
	0x2c0082b8, 0xb828105a, 0xb1266f26, 0x75ac1028, 0x200882b2, 0x054f42b8, 0x44000121, 0x312d07a7, 0x0b409900, 0x02020f13, 0x0b012b04, 0x07274309, 
	0x0a003430, 0x0a080908, 0x01078009, 0x020c0d00, 0x3b480a08, 0x5f0b221b, 0x051b4100, 0x87324021, 0x0c434836, 0x00224091, 0x34870909, 0x1840592e, 
	0x31000000, 0x292a3100, 0x25262728, 0x2820e583, 0x0e200583, 0x21054548, 0xfd442335, 0x23f08218, 0x07070606, 0x230a0045, 0x54545427, 0x200d0245, 
	0x210082ab, 0x05451b01, 0x26f0240d, 0x4523266f, 0x36200d06, 0x1d221282, 0x07452a38, 0x82362008, 0x00310892, 0xff1a0005, 0x02da01fb, 0x00250094, 
	0x002c0028, 0x00330030, 0x2db04bfb, 0x14405850, 0x12151628, 0x070b0c11, 0x24320403, 0x05010223, 0x4c02000b, 0x2016911b, 0x2016820d, 0x05116e59, 
	0x0f112d2a, 0x15010309, 0x040a0c13, 0x310a404a, 0x03081012, 0x5f030202, 0x0305070e, 0x4d570303, 0x424a0d14, 0x851b2005, 0x842b2067, 0x23248417, 
	0x68020301, 0x32884294, 0x982f4021, 0x4a0d202d, 0x142508b1, 0x550d0d01, 0x05af414d, 0x40595935, 0x0031312a, 0x31333100, 0x2e2f3033, 0x2a2b2c2d, 
	0x82262729, 0x222532ed, 0x1e1f2021, 0x111b1c1d, 0x13111313, 0x13111111, 0x10784216, 0x3317332c, 0x33352735, 0x33150715, 0x03842315, 0x26050b4f, 
	0x11273303, 0x82232733, 0x1723251d, 0x3c1a3517, 0x99240084, 0xba486352, 0x53380984, 0x48486857, 0x285b2626, 0x562eae33, 0x28102135, 0x267026b8, 
	0xe81028b0, 0x10220382, 0x0c82b028, 0xf5f58908, 0x011028b8, 0x00ff6aac, 0x96707070, 0x04005e5e, 0xf6ff0000, 0x9402f401, 0x1a001000, 0x56003200, 
	0xaa40ad00, 0x04020304, 0x02214800, 0x01290810, 0x020e0c0a, 0x300a0d02, 0x0203010f, 0x364c050d, 0x4b010201, 0x0e040700, 0x800e0704, 0x03060f00, 
	0x80030f06, 0x0a010c00, 0x800a0c01, 0x010d0a00, 0x007e0d0a, 0x0610000e, 0x0069100e, 0x06010908, 0x6706080f, 0x01000300, 0x6901030c, 0x04040112, 
	0x00005f00, 0x114d5400, 0x08057357, 0x050d0d36, 0x130b1461, 0x5b050503, 0x33344e05, 0x11111b1c, 0x4c4e0000, 0x4446494a, 0x37383a3c, 0x56345633, 
	0x27282b2d, 0x23242526, 0x321b1f20, 0x1a11321c, 0x13151a11, 0x1027ac82, 0x0b152514, 0x51312b18, 0x16240604, 0x23141516, 0x20050551, 0x06bb5b11, 
	0x26221322, 0x11401919, 0x06155408, 0x26223306, 0x14333527, 0x35323316, 0x35022e34, 0x32333634, 0x23151716, 0x22232634, 0x021e1415, 0x17061415, 
	0x33275417, 0x20056d18, 0x1b050818, 0xb3110510, 0x2521111b, 0x31311722, 0x0d050707, 0x761b0a04, 0x19081c10, 0x14140b0a, 0x2524141a, 0x830d1611, 
	0x153d080b, 0x1427151c, 0x1a33021f, 0x4d572314, 0x141fc8d2, 0xcbfe6202, 0x43405147, 0x3194fd1a, 0x1871011c, 0x366e5735, 0x0c0797fe, 0x09320204, 
	0x6304060d, 0x30281927, 0x2c4c4850, 0x05083a2f, 0x080c8260, 0x46482a31, 0x3d36304e, 0x07000000, 0x0000fbff, 0x9402f901, 0x2b002700, 0x33002f00, 
	0x3b003700, 0xaf003f00, 0x16190f40, 0x0a0d0e15, 0x38040306, 0x4c000d01, 0x34080783, 0x11131531, 0x1801040b, 0x040c0e17, 0x00010d00, 0x02060867, 
	0x4d540404, 0x0a121416, 0x03020204, 0x0709105f, 0x03030405, 0x0f194d57, 0x550d0d02, 0x401b4e0d, 0x8513852f, 0x03012322, 0x43966802, 0x59363187, 
	0x00003040, 0x3a3b3e3f, 0x34353637, 0x30313233, 0x2c2d2e2f, 0xa182292a, 0x25262724, 0xd3422324, 0x11132307, 0x03821311, 0x1a111129, 0x332b1f0b, 
	0x85352327, 0x35272803, 0x17071533, 0x82333733, 0x210b8403, 0x974d3307, 0x23272b07, 0x33071307, 0x37330327, 0x2c821723, 0x23202082, 0x4b080b85, 
	0x20692337, 0x260f353a, 0x9d1b1a21, 0x1a421530, 0x14451e53, 0x191c8731, 0x340e2621, 0x20501e39, 0x0b3a1b45, 0x216e0a18, 0x3c5c3a0d, 0x2274210f, 
	0x04b53d0c, 0x04dd1a0d, 0x26f01b0b, 0x12c62670, 0xc0181010, 0x18c0e8e8, 0xc5131010, 0xf0291082, 0x2602f0f0, 0xf0fe7a7a, 0x24008370, 0x8181e9fe, 
	0x05fb4781, 0x76ff2132, 0x9e02dd01, 0x2d002000, 0x66003100, 0x010b6340, 0x1f8d1019, 0x00012908, 0x08010708, 0x0c090069, 0x0a090a01, 0x06060063, 
	0x07004d55, 0x0b610007, 0x5b000001, 0x2e2e4e00, 0x312e0001, 0x2f30312e, 0x139b1019, 0x495f0d20, 0x023e3207, 0x17163233, 0x33352335, 0x37352735, 
	0x15331533, 0x70271923, 0x358d080e, 0x22232626, 0x21350306, 0x5543b915, 0x294e3f25, 0xc7112217, 0x069041c7, 0x8d424242, 0x3b240708, 0x1834466c, 
	0x25191628, 0x15453419, 0x680a5e01, 0x42552e5a, 0x4e050327, 0x072f3526, 0xfe268e23, 0x3310244a, 0x4dd91d20, 0xf20f0f47, 0xfe4b1117, 0x002c2c4e, 
	0x0f000100, 0x02020000, 0x21009402, 0x40404300, 0x0c0f1013, 0x0707080b, 0x1f200201, 0x0501021a, 0x4c020007, 0x01020305, 0x00020608, 0x68000107, 
	0x02020104, 0x090a4d54, 0x07424b02, 0x21002126, 0x13111311, 0x11220082, 0xbb440b13, 0x85112005, 0x153327c4, 0x37331507, 0x07823527, 0xcd820320, 
	0x15171324, 0xd3830323, 0x500f2f08, 0xf5504a4a, 0x50b53350, 0x73c022b4, 0x7223bd6f, 0x105a14c8, 0x260f0128, 0x101028ef, 0x26f1ef28, 0xff171010, 
	0xd8fe2600, 0x4701100f, 0x4747f1fe, 0x83042005, 0xeb0121a7, 0x4008a782, 0x00280022, 0x0035002f, 0x0c6c406f, 0x0b040c01, 0x210c0301, 0x04010220, 
	0x4c03090a, 0x0302050b, 0x0202060d, 0x67020301, 0x0102070e, 0x00020810, 0x6700010f, 0x000f0113, 0x090f0a09, 0x0c011269, 0x0673480c, 0x844a1120, 
	0x31250805, 0x00232330, 0x30333400, 0x2e353135, 0x232b2c2d, 0x25272328, 0x00220024, 0x111d1f22, 0x23121114, 0x13111111, 0x86d98a14, 0x163222dd, 
	0x23d58217, 0x07141516, 0x06210682, 0x056f4406, 0x26331534, 0x34172326, 0x33152327, 0x36320736, 0x0f152337, 0x00824d50, 0x57b4503e, 0x363f187a, 
	0x4e3d0b04, 0x0b4a751f, 0x109a5a5a, 0x04923142, 0x8b06a3a5, 0x95113d29, 0x4d08fd82, 0x26702620, 0x3e102848, 0x19162642, 0x35262021, 0x1028a546, 
	0x294e6202, 0x191eab25, 0x27891a70, 0x00004922, 0xff2d0002, 0x02d201b0, 0x002a00e4, 0x40980031, 0x0301081a, 0x02142f01, 0x252e0302, 0x1f202124, 
	0x0504071a, 0x06020126, 0x9b4a0404, 0x002f3d06, 0x03050302, 0x00800502, 0x05030405, 0x01087e04, 0x86070607, 0x56000000, 0x0303004d, 0x2307124d, 
	0x62060404, 0x25074d4f, 0x0100002f, 0x36958500, 0x59223193, 0x4e821040, 0x2a002a2f, 0x13241515, 0x09191125, 0x172b1d0b, 0x09374f35, 0x2105d969, 
	0x12822323, 0x23222328, 0x32331611, 0xcd463736, 0x065b0806, 0x03152306, 0x11171614, 0x5bef0606, 0x39573267, 0x27493527, 0x0d261416, 0x03041c25, 
	0x1b0b0b0a, 0x209d280c, 0x88305a12, 0x31302e33, 0xb1114950, 0x5c8f588f, 0x2b464a0d, 0x13181b3d, 0xfd11105c, 0x060602bd, 0x101028a8, 0x1c12b828, 
	0x74bb0146, 0x2a021f9e, 0x00008014, 0x4e00ffff, 0x022306e3, 0x82ab0406, 0x0001229e, 0x30d68258, 0x009402bc, 0x4045001d, 0x011a1c42, 0x01000803, 
	0x3913824c, 0x08000108, 0x08010980, 0x04008408, 0x02030105, 0x06690304, 0x01010201, 0x06825702, 0x5f010224, 0x0d820107, 0x42824f20, 0x1d001d31, 
	0x11111311, 0x22121122, 0x2b1e060a, 0x83350321, 0x352324c9, 0x82262633, 0x213d08dc, 0x16162315, 0x23153317, 0x13070606, 0x4a011517, 0x44393ef2, 
	0x07bebf04, 0x01373b45, 0x271e8e5e, 0x05444504, 0x2dce525a, 0x41214201, 0x343c2634, 0x3d0d2626, 0x54382626, 0x1ff2fe0f, 0x05834310, 0x82c80121, 
	0x0025249f, 0x60454048, 0x0b2008cf, 0x2e08cf60, 0x19240002, 0x02010300, 0x01030123, 0x82254c03, 0x004b2294, 0x21378202, 0xef820102, 0x4d540039, 
	0x03010100, 0x0303005f, 0x244e0355, 0x04192b23, 0x372b1a0b, 0x18353735, 0x230dfaa5, 0x15071537, 0x2658b583, 0x82062005, 0x353729b7, 0x4c4c4c13, 
	0xb35aff50, 0x153b0082, 0x381c5733, 0x5d884b21, 0x2cbc5089, 0x2c1f6a1f, 0x1028bf1f, 0x4a9c2810, 0x826a4a2c, 0x24cc2b03, 0x2c216a1b, 0x28103856, 
	0x008200a3, 0x38000137, 0xbc010000, 0x18009e02, 0x09404c00, 0x04071114, 0x01000204, 0x058c7c4c, 0x9d8c1520, 0x0203042b, 0x01550101, 0x12401b4e, 
	0x25188200, 0x01020085, 0x14878502, 0x0c405922, 0x48084e82, 0x15180018, 0x0b051516, 0x34332b19, 0x35373612, 0x031e1533, 0x26342315, 0x23112726, 
	0x15020e11, 0x33502d38, 0x2e422923, 0x28175718, 0x281b231b, 0x0201c815, 0x47480983, 0xe08d4505, 0x72e7bda0, 0x0155fe0d, 0xea780dac, 0x824b82b5, 
	0x28330862, 0xdc010000, 0x1d009402, 0x53002600, 0x010c5040, 0x010b0409, 0x1b1c0903, 0x08040102, 0x0a4c0300, 0x01050301, 0x02030102, 0x01010669, 
	0x08000107, 0x82670001, 0x44092024, 0x0b30061a, 0x55080801, 0x1e1f4e08, 0x20220000, 0x261f261e, 0x1d244882, 0x23251111, 0x20051a4c, 0x0b7d4e1e, 
	0x2308d95a, 0x15232306, 0x18051a4c, 0x2208827c, 0x824c5028, 0x502b0800, 0x377c66d2, 0xc7214d6a, 0x21395ac7, 0x4b4a4128, 0x267b2810, 0x28ec2671, 
	0x31524b10, 0x26712e4e, 0x0210287b, 0x3746f262, 0x8300373e, 0xf6ff32bb, 0x9e02cc01, 0x32001900, 0x29b5a700, 0x01090801, 0x05a44a4c, 0x003b3308, 
	0x01000102, 0x00800002, 0x07080709, 0x00800809, 0x020b0d06, 0x07060907, 0x01010067, 0x03006103, 0x0c4d5a03, 0x00050501, 0x0001045f, 0x004d5700, 
	0x6e540808, 0x8f392009, 0x8223823d, 0x0006232c, 0x47936705, 0x59343b8a, 0x1a1a1e40, 0x321a0000, 0x2b2d321a, 0x22242728, 0x1b1c1d1e, 0x192c9f82, 
	0x25132315, 0x1b0b0e11, 0x2135132b, 0x0a9dd618, 0x2808d26d, 0x05153307, 0x21152135, 0x0be55d06, 0x22237208, 0x36343526, 0x0f012837, 0x2f37141c, 
	0x321a381b, 0x54280a12, 0x304b2a36, 0x5cfe3318, 0x00ffa401, 0x1d35434b, 0x134f102a, 0x2f54300a, 0x131c6852, 0x13269101, 0x332c182d, 0x8c70110b, 
	0x411f1818, 0x26203334, 0x33262693, 0x0f343042, 0x2199870a, 0x29484e15, 0x00001336, 0x001e0002, 0x02d60100, 0x00030094, 0x407a0013, 0x06111209, 
	0x03070405, 0x06814e01, 0x01052334, 0x02070203, 0x04007203, 0x03020106, 0x08670204, 0x9a640101, 0x4d542b05, 0x07070109, 0x1b4e0755, 0x25862440, 
	0x9a800721, 0x07277f26, 0x1304132b, 0x0d0e0f10, 0x090a0b0c, 0x0d277f08, 0x37350126, 0x23072311, 0x3b08fe82, 0x11232723, 0x011e1517, 0x4dacfeb8, 
	0x0110445d, 0x5e4410b8, 0x266e024e, 0x1092fd26, 0x898f0128, 0xfe89c0c0, 0x00102871, 0x08000400, 0xf901fbff, 0x0b009e02, 0x2b001f00, 0x0c012f00, 
	0x3d05f841, 0x0f14191b, 0x1c070603, 0x1e060001, 0x0d0e131d, 0x03090405, 0x1015184c, 0x4b010703, 0x1d90401b, 0x1d890520, 0x40855920, 0x08002d31, 
	0x0409010d, 0x03670908, 0x2e020201, 0x6107004d, 0x33360540, 0x00010a4d, 0x0c610600, 0x35060601, 0x02050b4d, 0x042f0404, 0xc4431b4e, 0x84312005, 
	0x9f052034, 0x05012534, 0x004d2f05, 0x40213885, 0x8249822f, 0x06082352, 0x3d986900, 0x318a0b20, 0x59592c08, 0x2c2c2740, 0x0c0c2021, 0x2f2c0001, 
	0x2d2e2f2c, 0x2b202527, 0x1f0c2b21, 0x1a1b1f0c, 0x11121617, 0x0b000507, 0x080e0b01, 0x6b012b16, 0x01200a72, 0x3205ea4b, 0x35271113, 0x11071533, 
	0x17110323, 0x36320115, 0x5a263435, 0x072005b0, 0x6b081682, 0x2828a701, 0x282a232d, 0x313efe2f, 0x217b7f31, 0x8b3e2174, 0x0c19012b, 0x0c110f07, 
	0x8b3a1109, 0x343dbd01, 0x343c3f31, 0x43fe4031, 0x34022010, 0x67fe1020, 0x10206901, 0x97fd2010, 0x6bfeca01, 0xd6011020, 0x3c2d1e27, 0x3d2e1e25, 
	0x001e1e4c, 0x21000300, 0xd301f6ff, 0x15009e02, 0x29001f00, 0x3a403d00, 0x18192627, 0x01090c14, 0x0dcba518, 0x074d3322, 0x0233e382, 0x02030661, 
	0x02340202, 0x0020214e, 0x21292000, 0x821b1d29, 0x26153539, 0x08082612, 0x37172b19, 0x36343526, 0x17323336, 0x16073337, 0x25059262, 0x14130727, 
	0x0a191317, 0x272c0bc4, 0x21161603, 0x62373636, 0x20355040, 0x38212e82, 0x39088361, 0x12c61128, 0x30222336, 0x2f21921a, 0x12c51118, 0x5a600a37, 
	0x5999629a, 0x07823838, 0x829a6121, 0x75013807, 0x5f014969, 0x76442e2a, 0x76446ffe, 0xfe49684c, 0x002e2aa1, 0x88020000, 0x000d26c3, 0x402d001b, 
	0x0908482a, 0x02010526, 0x04610002, 0x3005b64a, 0x00010e0f, 0x1b0e1416, 0x06081b0f, 0x0d010d00, 0x09f26906, 0x5f323321, 0x23290be5, 0x15060622, 
	0x67fa1614, 0x24a38272, 0x61387168, 0x2192822b, 0x9b824747, 0xb70a4923, 0x2193829d, 0x90829eb6, 0x77442f2f, 0x44ae974b, 0xaf974b76, 0x00010000, 
	0x34048244, 0x00940298, 0x4025000a, 0x05080922, 0x01020304, 0x01000107, 0x28a1824c, 0x01024d54, 0x01550101, 0x080b824e, 0x0a000a23, 0x170b0316, 
	0x3735332b, 0x37350711, 0x15171133, 0xf0af5a99, 0x28105014, 0x2358fb01, 0x28a4fd96, 0x214a8210, 0x04822700, 0x9e02ce2a, 0x71002500, 0x010d0a40, 
	0x01244982, 0x4c020305, 0x2005035c, 0x18708224, 0x580e9765, 0x65180548, 0x55210897, 0x97651805, 0x22279116, 0x820e4059, 0x00252a97, 0x26191125, 
	0x0b072923, 0x219b821b, 0x7742043e, 0x15072405, 0x64262223, 0x41080963, 0x3307030e, 0x34073337, 0x1d3f7057, 0x20323d07, 0x10401536, 0x4f40260d, 
	0x2f543729, 0x63412510, 0x1032eb45, 0x8664190a, 0x1e333e59, 0x1215453d, 0x1c130f65, 0x2f1b2d37, 0x37213250, 0x4f6d4d3a, 0x6982b361, 0x21000126, 
	0xdd01f6ff, 0x3a08db82, 0x40560033, 0x06011d53, 0x03012d05, 0x02010904, 0x004c0301, 0x05040506, 0x00800406, 0x03020301, 0x00800201, 0x01030004, 
	0x00690304, 0x61070505, 0x5a070700, 0x0202004d, 0x41086100, 0x013405d2, 0x20252700, 0x15191b1e, 0x0c101213, 0x0006080a, 0x09330133, 0x8205d641, 
	0x333625b5, 0x33161533, 0x21054243, 0x08863523, 0x86062221, 0x08a473d3, 0x1616073c, 0x06061415, 0x385f3cf4, 0x2d40100d, 0x48463f4b, 0x471b3b5e, 
	0x1432375d, 0xdf821931, 0x5e373008, 0x2f51343c, 0x5a5a434e, 0x260a6940, 0x0e14213c, 0x3d4c2058, 0x4b2c4f44, 0x0c393f43, 0x130f6613, 0x2a2c4321, 
	0x55332d47, 0x47620e12, 0x82345431, 0x000231e3, 0x01000008, 0x009402e7, 0x0011000e, 0x11364039, 0x0528dd82, 0x0d020001, 0x0401020c, 0x4c30d382, 
	0x03020105, 0x02040001, 0x01006700, 0x064d5401, 0x55261582, 0x00004e04, 0x32820f10, 0x11110e31, 0x0b071312, 0x35332b1a, 0x35213537, 0x47113301, 
	0x013e0586, 0x5ac13533, 0x5401edfe, 0x50777714, 0x10b4a7fe, 0x01148928, 0x4370febf, 0x01102889, 0x7282f504, 0xff380025, 0x82bf01f6, 0x21210877, 
	0x31403400, 0x0502011c, 0x01020a17, 0x004c0202, 0x01020005, 0x00690205, 0x5f030404, 0x54030300, 0x2177824d, 0xab826100, 0x4e005b2e, 0x25131122, 
	0x0b062327, 0x14252b1c, 0x22067a67, 0x67173737, 0x49080773, 0x07062223, 0x21152113, 0x32333607, 0xbf011616, 0x454c7342, 0x3d2c0e41, 0x4f2f0e0b, 
	0x175e5930, 0x010a1d35, 0x07ebfe47, 0x553b383e, 0x6c4de82e, 0x111a2b39, 0x0154210a, 0x3e304727, 0x01070654, 0x19ca4d4f, 0x02004f2f, 0x9b822500, 
	0x9e02d737, 0x25001600, 0x2f403200, 0x02020c24, 0x094c0103, 0x4a010208, 0x06b55d00, 0xb0430020, 0x00012c0a, 0x1a1c2022, 0x16000e10, 0x41051601, 
	0x362509d5, 0x06061537, 0x08be4107, 0x7a270621, 0x36220562, 0xa8833435, 0xff143c08, 0x5d366341, 0x937a76ac, 0x34501b0f, 0x302b4f36, 0x3923c45f, 
	0x1b362921, 0x1441277b, 0x456f400a, 0x217dad69, 0x78b0271d, 0x57322d25, 0x3d5e3337, 0x295c4afd, 0x93233f28, 0x82051f24, 0x00343385, 0x02ce0100, 
	0x000f0094, 0x0a224025, 0x01010001, 0x1282004c, 0x08825f20, 0x034d5427, 0x55020201, 0xda7e1902, 0x162b0807, 0x2b180b04, 0x37043e33, 0x15213521, 
	0x5307030e, 0x3a2a2515, 0xb3fe3d53, 0x50239a01, 0x320f3d4c, 0x966d5652, 0x45144d6a, 0x82a7a89e, 0x00032233, 0x20ff8229, 0x2fff82cb, 0x002a001d, 
	0x40310038, 0x1622352e, 0x02030408, 0x02216282, 0x07bb4c02, 0x44030321, 0x012b08b1, 0x292d2f00, 0x000e1027, 0x411d011d, 0x74660c00, 0x15162508, 
	0x16070614, 0x0e250582, 0x16140302, 0x05386b16, 0x69222321, 0x66080616, 0x26263435, 0xfc020e27, 0x173b6038, 0x3542363b, 0x34315938, 0x3d453457, 
	0x3e26484a, 0x38148d48, 0x3e2b2635, 0x0e392833, 0x40383745, 0x22324b29, 0x260a0b21, 0x3b202f46, 0x4a28213d, 0x2f4e2e37, 0x29314b2c, 0x512c2047, 
	0x2d442d3e, 0x1c1c0217, 0x171e2f2e, 0x40412637, 0x406afe32, 0x28343a47, 0x191c2e35, 0x82002d2b, 0x00022200, 0x20db821e, 0x06db41d0, 0x2540282e, 
	0x0202041c, 0x014c0103, 0x49000200, 0x02820382, 0x96456520, 0x4e033108, 0x26262827, 0x2b1a0b04, 0x36363517, 0x23060637, 0x260e6d65, 0x32331403, 
	0x83343736, 0x21cb82be, 0xcb415106, 0x50353605, 0x4860302b, 0x5d366242, 0x277b4dac, 0x38231441, 0x1b372822, 0x09ca410a, 0x3c5f2408, 0x69466e40, 
	0xcf017dad, 0x051f2493, 0x295b4b06, 0x00003f28, 0x1500ffff, 0x07020000, 0x06009402, 0x8314a804, 0x8214200f, 0x82ea20ab, 0x040623ab, 0x0f830aa9, 
	0xb0ff3626, 0xe402cb01, 0xaa211f82, 0x260f8307, 0x011a0037, 0x827b02b7, 0xfdab210f, 0x28260f83, 0xd5010000, 0x0f829d02, 0x1f83ac20, 0xffb5ff25, 
	0x84ed0169, 0x05ad213f, 0x3c201f83, 0xf0201f82, 0xbd205f84, 0x3c205f84, 0x2206535f, 0x85be0406, 0x201f820f, 0x2a1f84f4, 0x00001ebf, 0xff3c0004, 
	0x820d04fb, 0x000d283f, 0x002d0021, 0x48c80031, 0x173905d2, 0x0312171a, 0x1b1e0207, 0x06041116, 0x151f2007, 0x04050f10, 0x1b4c0309, 0x20199340, 
	0x49198205, 0x2b20060b, 0x490ea248, 0x09491315, 0x31d04808, 0x2e274028, 0x0e22232e, 0xf551010e, 0x27293506, 0x2d232d22, 0x210e210e, 0x18191c1d, 
	0x06081314, 0x0d010d00, 0x2009cf48, 0x064e4736, 0x2006d148, 0x99cf1801, 0x0dd1480b, 0x15216708, 0x464b7a03, 0x4d2f4121, 0xfc422246, 0x934f5093, 
	0xf9647401, 0x6dfe254f, 0x234c0264, 0x22272118, 0x0164221b, 0x5581010d, 0x2941243a, 0x42243b53, 0x107ffe29, 0x2a220228, 0x0122fe10, 0x101026a8, 
	0x029efd27, 0x2734fe08, 0x389f0110, 0x364b3726, 0x6c4d3726, 0xffff2f2f, 0x00001400, 0x94020402, 0xae040600, 0x0f820012, 0xf6ff3c26, 0x9e02ee01, 
	0xc1210f82, 0x200f8d1b, 0x820f84c2, 0x6801212f, 0xc3212f84, 0x241f83d0, 0x01000030, 0x212f84d7, 0x0f8309c4, 0x3f822820, 0x0f84e420, 0x8307c521, 
	0x8205200f, 0x84e4201f, 0xfdc6212f, 0x3d200f83, 0xc4201f82, 0xc7210f84, 0x200f8305, 0x200f822d, 0x212f84df, 0x0f8308c8, 0x2f823220, 0x1f84cc20, 
	0x83fec921, 0x8237200f, 0x84d9201f, 0x0eca211f, 0x23200f83, 0xd5200f82, 0xcb200f84, 0x22085a82, 0x00040002, 0x02f00100, 0x001b0013, 0x4047001f, 
	0x04010644, 0x07850403, 0x0f030205, 0x01020208, 0x62680203, 0x10250b51, 0x0b0b020d, 0x1d3d6221, 0x3d620720, 0x2e382a21, 0x63277062, 0x2b322b70, 
	0x32038282, 0x62276f62, 0x2e322e70, 0x823c2e82, 0x2f9e8227, 0x82922f85, 0x24068200, 0xcd9e9e9e, 0x219e8285, 0xb3821f00, 0x1c02d62e, 0x83003100, 
	0x10140b40, 0x29040202, 0x22063b62, 0x6258501a, 0x20201e0c, 0x2d083962, 0x1b4e0a26, 0x03002840, 0x03020400, 0xfd596904, 0x087a620c, 0x82066462, 
	0x4059322a, 0x00000016, 0x2f310031, 0x1126282d, 0x29121114, 0x20058222, 0x62dd820d, 0x1b460937, 0x15376208, 0x0806c15f, 0x1f272689, 0x4004033f, 
	0x5d781548, 0x06243c25, 0x0d3e2809, 0x0c45370d, 0x0501bdb8, 0x4d10b2b9, 0x03314040, 0x5c355016, 0x26aa116a, 0x1c1e1c1a, 0x15635326, 0x0c08111f, 
	0x02561e07, 0x0e263f51, 0x26252e0f, 0x17243d41, 0x5460271c, 0x48000500, 0xbe01b0ff, 0x33006202, 0x44003e00, 0x53004d00, 0x2b40b500, 0x1114181b, 
	0x43020804, 0x2224373b, 0x51080405, 0x3c42484b, 0x080b2536, 0x4c520400, 0x05080a47, 0x2e320009, 0x6204012b, 0x1a22052f, 0xfa615850, 0x62202025, 
	0x2626092f, 0x401b4e06, 0x2f620330, 0x0002271b, 0x08020408, 0x62620b69, 0x2c328207, 0x46184059, 0x45000045, 0x3a4d464d, 0x24b18238, 0x251b2233, 
	0x21038212, 0xea52070c, 0x33332307, 0xf4521615, 0x0e2b6206, 0x35232325, 0x62152726, 0x2b62172a, 0x2126830b, 0x05823437, 0xc7369308, 0x2c1c4936, 
	0x353e2116, 0x13233241, 0x230c0c13, 0x26203532, 0x353e120f, 0x17232e45, 0x36080916, 0x0f0d0404, 0x1b0b1012, 0x2615116f, 0x0d13155f, 0x7f0a121f, 
	0x50281612, 0x25420c4c, 0x0916461a, 0x333c1cd4, 0x53124c2e, 0x47010349, 0x1c370b4d, 0x060b3f1c, 0x33421ec8, 0x54114635, 0x4701054b, 0x01028601, 
	0xa30402c0, 0x15650b06, 0x18820e1e, 0xab0552fe, 0xcc080e07, 0x21165401, 0x00188910, 0x3e000200, 0xbe01d9ff, 0x20003a02, 0x71002800, 0x23621340, 
	0xb04b2612, 0x40585032, 0x0f25621c, 0x0403002e, 0x00690302, 0x01200101, 0x23401b4e, 0x22224962, 0x620f4059, 0x07230c4c, 0x62172b1a, 0xac20264c, 
	0x20214c62, 0x244c6227, 0x62000021, 0x45220c4f, 0x4f624240, 0x25228212, 0x02010002, 0x57620369, 0x6205200a, 0x2120054d, 0x20104d62, 0x6f4d6207, 
	0x220b4b62, 0x623f4042, 0x00260d4b, 0x85030203, 0x50620106, 0x01012f06, 0x01045702, 0x60010202, 0x02010105, 0x53625001, 0x62072010, 0x24086e53, 
	0x002c0002, 0x02c10100, 0x001c0012, 0x40520025, 0x09010c4f, 0x021a1b04, 0x00080401, 0x010b4c02, 0x004b0109, 0x23138204, 0x69090403, 0x3013b953, 
	0x0808010b, 0x1e4e0821, 0x2100001d, 0x1e251d1f, 0x23478225, 0x2411111c, 0x2005ae53, 0x15ae5307, 0x2211ad53, 0x8238442c, 0x443f0800, 0x818071a4, 
	0xbdbd0a71, 0x2122385a, 0x103a3b41, 0x5c264b22, 0x1022bb26, 0x4c45483a, 0x224b265c, 0xbbe00110, 0x2d2d2c35, 0x00020000, 0x01f6ff32, 0x001c02c2, 
	0x00340018, 0x1ab04b9c, 0x53405850, 0x20202c66, 0x2508a253, 0x1b4e0a26, 0xa2533740, 0x0300270f, 0x03020100, 0xaa536901, 0x06dc5314, 0x59343982, 
	0x19191e40, 0x34190000, 0x2c2e3419, 0x23252829, 0x1a1b1c1d, 0x18279482, 0x24132315, 0x53070e11, 0xa44e05a0, 0x23072106, 0x22059f53, 0x53061415, 
	0x0621089f, 0x05164c15, 0x33373723, 0x08614a07, 0x32376108, 0x27150d01, 0x0e1f0b2d, 0x280e1a44, 0x56491d4c, 0xfe280509, 0xfe900170, 0x181217fc, 
	0x2b152b34, 0x0a133713, 0x35324f1f, 0x0a0b3154, 0x1a263d01, 0x032a2424, 0x16695604, 0x1c373b0b, 0x82260a21, 0x1d0e2626, 0x1b27111b, 0x71620807, 
	0x3c201418, 0x0b1e1828, 0x02000000, 0x00002100, 0x1202d401, 0x1322de82, 0xa7537600, 0x500b240c, 0x53214058, 0x002708a7, 0x04010108, 0x53670100, 
	0x09290889, 0x21070701, 0x401b4e07, 0x22238622, 0x97008007, 0x1aa35324, 0x2b170726, 0x15213513, 0x080fa353, 0xb301212d, 0x5a50abfe, 0xb1011044, 
	0x505a4410, 0x2626ec01, 0x221014fe, 0xa3741b01, 0xe5fe74a3, 0x00001022, 0xff120004, 0x02ef01fb, 0x820d001c, 0x002f24c5, 0x4a330133, 0x1820058f, 
	0x240e894a, 0x171a4c02, 0x05a05312, 0x05211a8d, 0x201a8809, 0x05166e59, 0x914a2720, 0x07002a12, 0x035f0107, 0x01010202, 0x05975320, 0x4e042123, 
	0x0561421b, 0x01032e29, 0x01070102, 0x96800702, 0x00612137, 0x2d24358e, 0x2c405850, 0x00273588, 0x06070001, 0x92690701, 0x050b243d, 0x83040402, 
	0x30402169, 0x052a2e9f, 0x0b670908, 0x21050501, 0x3284004d, 0x59595926, 0x30302740, 0x6d05fa4a, 0x2a250506, 0x232f2228, 0x10fa4a2f, 0xca530720, 
	0x0efa4a07, 0x185a1320, 0x0bcc5305, 0x0806cd53, 0x3507165b, 0xa2011533, 0x21122328, 0x12232a18, 0x3158fe23, 0x357b6b31, 0x971e2f96, 0x0d000135, 
	0x0c0e0606, 0x0f07080d, 0x3b01813a, 0x331c2d44, 0x1c2c4421, 0xc5fe2134, 0xa0012810, 0xd8fe102a, 0x101028f0, 0x0121fe28, 0x28cffe6e, 0x2f540110, 
	0x20301916, 0x3219172c, 0x28285620, 0x08008200, 0x0800012d, 0xec010000, 0x25001202, 0x48404b00, 0x13141619, 0x070d1011, 0x23240403, 0x0a040102, 
	0x054c0200, 0x04030401, 0x03010685, 0x66020107, 0x0b260dac, 0x210a0a01, 0x45824e0a, 0x25002524, 0xa3662122, 0x11212505, 0x1f070c13, 0x23082558, 
	0x33352327, 0x0819a466, 0x67448c25, 0x42660167, 0x32c92c77, 0xa6326376, 0x74537333, 0x10447474, 0x6f267822, 0x18812601, 0x02161313, 0x82027b7d, 
	0x172e0807, 0x26702682, 0x00102278, 0xff140003, 0x02e001f6, 0x0017001c, 0x0027001f, 0x0a134067, 0x26000401, 0x0d1a1b25, 0x04050601, 0x05020116, 
	0x2c424c03, 0x00192a05, 0x61000404, 0x00000101, 0x60ba1820, 0x401b220e, 0x24168317, 0x04000504, 0x0aae5469, 0x4e022627, 0x21144059, 0x23308220, 
	0x1e272127, 0x17256383, 0x08261326, 0x0ab15407, 0xb2541620, 0x2726260a, 0x17140307, 0x79ba1813, 0x03272d08, 0x3b3b1416, 0x2a496736, 0x3a221b45, 
	0x66210982, 0x2909834a, 0x2bec300c, 0xb8655339, 0x08826553, 0x4b500a29, 0x487c4f78, 0x822e1618, 0x7d4e2108, 0x01340883, 0x01375b13, 0xfe6f1b43, 
	0x5b5d6fd7, 0x1bbdfe37, 0x02000000, 0x0f24e788, 0x4d001b00, 0x1720d085, 0x2107194f, 0xb0544d20, 0x00262509, 0x15401b4e, 0x8c071651, 0x40592c17, 
	0x01101113, 0x10151700, 0x741b111b, 0x062405b7, 0x172b1607, 0x200e454f, 0x0a3c5627, 0x6749fa23, 0x29c08236, 0x3636664a, 0x65534a66, 0x03825365, 
	0x7d480a23, 0x22b2824e, 0x824f7c48, 0x6f4724af, 0x836f5d5d, 0x82002003, 0x82582072, 0x029d2804, 0x000b0012, 0x7c234026, 0x18820cff, 0x02850028, 
	0x21010101, 0xce824e01, 0x0dcbdf18, 0x07152136, 0x58151711, 0x45017878, 0x28107878, 0x1028a201, 0x5efe2810, 0x2005cf54, 0x083a8238, 0x1c02bc21, 
	0x88001c00, 0x0c0d0b40, 0x01000302, 0x02020401, 0x0db04b4c, 0x1d405850, 0x02000300, 0x82720302, 0x43012053, 0x0e8205eb, 0x05600425, 0x44040401, 
	0x1e200925, 0x00232483, 0x96800203, 0x1c402125, 0x01262088, 0x01030000, 0x448b6900, 0x40595923, 0x8238820d, 0x17112b81, 0x07062825, 0x35332b1a, 
	0x4146033e, 0x36272106, 0x0805b943, 0x07020e34, 0x07333733, 0x3d664a3b, 0x3036331b, 0x2022143c, 0x55523a6a, 0x34604a2b, 0x0a1032e0, 0x47604619, 
	0x4329253e, 0x4a102e2f, 0x2d445a4a, 0x2f4c474c, 0x5582a461, 0x2a000137, 0xd40175ff, 0x2c001c02, 0x0c406b00, 0x031c1d26, 0x01070403, 0x20e08401, 
	0x20e0821a, 0x229a831b, 0x7f020301, 0x043409ca, 0x00610504, 0x04200505, 0x21401b4e, 0x04000500, 0x69040503, 0x00202589, 0x2e12ca7f, 0x181a1f21, 
	0x10111214, 0x2c000a0c, 0x41072c01, 0x372408f3, 0x16161737, 0x2006df54, 0x22078627, 0x87070622, 0x052152d4, 0xec060635, 0x0e2d573e, 0x20113e32, 
	0x69524117, 0x4c030e70, 0x8435355e, 0x3a713ce2, 0x36455b47, 0x693d5154, 0x1031268b, 0x69240a0b, 0x364b0507, 0x462b5e4c, 0x84352d37, 0x4a2308eb, 
	0x144d323e, 0x36446815, 0x0200385d, 0x7eff0800, 0x1202e701, 0x0d000a00, 0x37403a00, 0x0102010d, 0x82000103, 0x820020eb, 0x06852d09, 0x04000401, 
	0x02010586, 0x57020000, 0x02220682, 0x1d835f00, 0x004f0025, 0x820b0c00, 0x110a2933, 0x07111211, 0x052b1a07, 0x0809da54, 0x35330122, 0xedfe1b01, 
	0x771e4a01, 0xbbf0fe77, 0x011ed382, 0x4382fea3, 0xf21601d3, 0x38000100, 0xbf0174ff, 0x21256f82, 0x34403700, 0x0ad3541c, 0x04000326, 0x67040305, 
	0x2008db54, 0x08354101, 0x00210882, 0x06d65451, 0xd6540720, 0x40462128, 0x2517d654, 0x396c4d66, 0xd654192c, 0x2ed75413, 0x4e002622, 0x410cd754, 
	0x362008c4, 0x2b5ed754, 0xce017eff, 0x0f001202, 0x27402a00, 0x3005d754, 0x00020103, 0x01008602, 0x57010000, 0x00010100, 0x2e08825f, 0x00004f00, 
	0x0f000f00, 0x07041611, 0x54172b18, 0x822019dc, 0x210edd54, 0xdf540000, 0x402f220f, 0x09df542c, 0x08e46c18, 0x2206dd54, 0x544e0026, 0x06410cdd, 
	0x8edd540b, 0x1e000231, 0xd00174ff, 0x16001c02, 0x4c002500, 0x541c0c40, 0xc1450adb, 0x54122005, 0x20250ee2, 0x401b4e03, 0x09d35618, 0x02000028, 
	0x02020059, 0x08826100, 0x59510029, 0x262827b6, 0x54070426, 0x8c2044ff, 0x2b22ff54, 0x01000004, 0x021302f0, 0x00e20406, 0x2007ff54, 0x23cf82cb, 
	0xf5e30406, 0x2d2b0f83, 0xa301b0ff, 0x06006202, 0x85e5e404, 0x01d9240f, 0x823a02ad, 0xefe5210f, 0x19200f83, 0xc6223f82, 0x0f829d02, 0x82f8e621, 
	0xa8ff270f, 0xe00169ff, 0x0f829e02, 0x0f83e720, 0x821e0021, 0x02b3221f, 0x210f8212, 0x1f82f2e8, 0xff1e0025, 0x84ae01f6, 0xece9215f, 0x1b4b0f83, 
	0x04062c07, 0x000000ea, 0xff320004, 0x4a7203fb, 0x3124066f, 0x51013500, 0x5405344a, 0x012005e5, 0x220e754a, 0x551b4c03, 0x8d4a381e, 0x323221d0, 
	0x2b058d4a, 0x35323532, 0x292b3334, 0x31233122, 0x22138d4a, 0x5d262225, 0x162b0589, 0x06061415, 0x11373505, 0x55333527, 0x36200f88, 0x08076057, 
	0x16141573, 0x33350716, 0x3de90215, 0x263e234a, 0x3e244a3f, 0x444422fd, 0x7b110196, 0xfe2142e9, 0xd4017bbe, 0x0c081717, 0x18171a1d, 0x681e0c08, 
	0x424dfff9, 0x4c254029, 0x25412942, 0x012210ff, 0xfe1022ae, 0x283a018e, 0xfe281010, 0xfeaa0121, 0x0110228d, 0x142c1e1d, 0x1d273b20, 0x3d20152a, 
	0x32326f27, 0xffff0000, 0x0000fbff, 0x1202df01, 0xec040600, 0x270f82f3, 0xf6ff3200, 0x1c02fe01, 0xed210f82, 0x210f8d1e, 0x2a821eee, 0x823a0021, 
	0x82702004, 0x000a241f, 0x5d0c403e, 0x75430b53, 0x000c2505, 0x4d200000, 0x21068d48, 0x0e82401b, 0x9c480120, 0x40592208, 0x251d820a, 0x160a000a, 
	0x6c5d0703, 0x5a71340c, 0x5014d291, 0x7d012810, 0xfe962352, 0xff10281c, 0x823200ff, 0x84b62067, 0xfaf02187, 0x16248783, 0xc00175ff, 0xf1210f84, 
	0x240f83ec, 0x017eff0a, 0x21b784e9, 0x0f8302f2, 0x74ff2e24, 0x0f84b501, 0x83f6f321, 0x8228200f, 0x02da22c7, 0x21c7829e, 0xff4203f4, 0x017e2205, 
	0x211f84b8, 0xeb55eaf5, 0x0ef6210d, 0x74222f85, 0x5f84da01, 0x840af721, 0xef01292f, 0x84033b01, 0x2c050703, 0xf9388982, 0x00b10900, 0xf901b802, 
	0x002b35b0, 0xffff0000, 0xf9010f00, 0x7a03f400, 0x2d201f82, 0x01201f87, 0x14241f8b, 0x2801f901, 0x2e203f84, 0xef221f96, 0x1f842c01, 0x1f932f20, 
	0xf922bd82, 0x5f842e01, 0x7f943020, 0x9f821e20, 0x1f841420, 0x3f933120, 0x1f830020, 0x5f843820, 0x3f943220, 0x9f820520, 0x3f840620, 0x3f943320, 
	0x5f821420, 0x3f842120, 0x1f873420, 0xdf8b0320, 0x35205f89, 0x1e265f94, 0x3b0110ff, 0x3f41a500, 0x1aff2105, 0x21053f41, 0x3f411aff, 0x22138209, 
	0x419b00f4, 0x1f85053f, 0x8ab80121, 0xff14241f, 0x8428011a, 0x002e223f, 0x221f9400, 0x842c0110, 0x932f201f, 0xf6ff211f, 0x2e203f82, 0x30205f84, 
	0x02201f87, 0x9f835f8b, 0x1f841420, 0x3f933120, 0x1f830020, 0x5f843820, 0x3f943220, 0x5f820520, 0x3f840620, 0x3f943320, 0xff821420, 0x3f842120, 
	0x1f873420, 0x7f8f0320, 0x35205f85, 0x1e265f94, 0x3b015901, 0x3f41ee02, 0x63012105, 0x21053f41, 0x3f416301, 0x22138209, 0x41e402f4, 0x1f85053f, 
	0x8ab80121, 0x0114241f, 0x84280163, 0x002e223f, 0x221f9400, 0x842c0159, 0x932f201f, 0xf6ff211f, 0x2e203f82, 0x30205f84, 0x02201f87, 0x9f835f8b, 
	0x1f841420, 0x3f933120, 0x1f830020, 0x5f843820, 0x3f943220, 0x5f820520, 0x3f840620, 0x3f943320, 0xff821420, 0x3f842120, 0x1f873420, 0x7f8f0320, 
	0x35205f85, 0x00235f91, 0x821e0002, 0x013b2ac1, 0x000d008b, 0x402b001d, 0x11b44d28, 0x4e003435, 0x00010e0f, 0x1d0e1517, 0x06081d0f, 0x0d010d00, 
	0x18160806, 0x5b07704c, 0x4218062e, 0x2c080f63, 0x254c43ad, 0x4b432941, 0x13234025, 0x1f0e0c19, 0x0d191218, 0x700a1f0f, 0x355c395b, 0x5c385c6f, 
	0x4a2e1a36, 0x34573529, 0x342a492e, 0x27b88358, 0x00000f00, 0x8101f400, 0x26148362, 0x01025f01, 0x622f0101, 0x08200983, 0x2f0c1645, 0x8e683740, 
	0x150f3126, 0x1c361f01, 0x15a3fe58, 0x01224a82, 0xed821400, 0xd7822820, 0x6d002025, 0x620b0a40, 0x15240a83, 0x22405850, 0x200e8362, 0x222c8202, 
	0x62690002, 0x2f210881, 0x062e5705, 0x01000427, 0x04008004, 0x21028203, 0x2592007e, 0x0e405930, 0x20000000, 0x17112000, 0x07282225, 0x984d1b08, 
	0x62072009, 0x9c4d057e, 0x1b30080d, 0x0b23463a, 0x17231f1b, 0x280a0a2d, 0x3e352842, 0x3f4e280e, 0x060f1ba8, 0x3a574214, 0x241e152b, 0x0e084d14, 
	0x3b233218, 0x3028172f, 0x6f3b3747, 0xcb825d82, 0x01f6ff23, 0x29cb822c, 0x40540030, 0x06011d51, 0x73622c05, 0x00072619, 0x05070605, 0x087b6269, 
	0x22077162, 0x624e0034, 0x162c0771, 0x0d111314, 0x0006080b, 0x09300130, 0x6205ca41, 0x72620771, 0x6223200e, 0x15240d71, 0x16070614, 0x4e080482, 
	0x203d299a, 0x0c2a0b0b, 0x24241320, 0x0f22352a, 0x0c3a342a, 0x0a2a0b1a, 0x253c250b, 0x2d374035, 0x1a0a5378, 0x070f1025, 0x2c090a34, 0x1b2d2922, 
	0x053f2b2d, 0x10094408, 0x321b2915, 0x0a31232b, 0x4231590e, 0xff020000, 0x010000f6, 0x6281012e, 0x00241867, 0x85010201, 0x26086c62, 0x04010668, 
	0x62042f04, 0x08210d67, 0x06d7511a, 0x69331321, 0x273a06ee, 0x37653533, 0x4626cca6, 0x6ce93146, 0x0f45150f, 0x27f10901, 0x900f1545, 0x6e820090, 
	0xff1e0033, 0x011401f6, 0x001f0081, 0x1a2f4032, 0x15050201, 0x05636209, 0x22108f4d, 0x82610001, 0x00343031, 0x1311224e, 0x06223624, 0x252b1c08, 
	0x79230614, 0x322006de, 0x2309ab4e, 0x23153337, 0x08065f62, 0x465b142e, 0x22083025, 0x29030223, 0x0f322e3a, 0xcf071422, 0x263205b0, 0x7d183025, 
	0x1021493e, 0x3a170509, 0x3221252f, 0x38d30605, 0x32211673, 0x24067f43, 0x008b0138, 0x2e918212, 0x0a324035, 0x1e010301, 0x02030201, 0x6206074c, 
	0x8e82135a, 0x1d00012c, 0x0d15171b, 0x0112000b, 0x89430512, 0x15372308, 0x84840606, 0x06141525, 0x41142706, 0x330807c8, 0xad140722, 0x7383503f, 
	0x210c5144, 0x203a3337, 0x1d236b3e, 0x1f1e1c1d, 0x530a1626, 0x16876045, 0x3f59151a, 0x232f4026, 0x3e9a253d, 0x27213b41, 0x0008232f, 0x012f0082, 
	0x00000500, 0x81010601, 0x23000b00, 0x62082040, 0x012c054b, 0x01020000, 0x01036700, 0x022f0202, 0x2c064351, 0x08041411, 0x3e332b18, 0x35233702, 
	0x33838321, 0x3d2c132a, 0x0101cc2b, 0x2d1a4b29, 0x44486d5b, 0x6db24e14, 0x36062353, 0x008b0121, 0x00250018, 0x402f0032, 0x131d2f2c, 0x02030406, 
	0x4d004c01, 0xe3840f5f, 0x24282a29, 0x000c0e22, 0x8a180118, 0x085d4de3, 0x0722e482, 0x05821616, 0x200c3962, 0x08f68707, 0x06232755, 0x4c389806, 
	0x1d252e20, 0x32233b23, 0x2d212642, 0x0c6c4f26, 0x18102323, 0x21191a26, 0x1c212c1b, 0x01362b26, 0x340a1716, 0x18361b2a, 0x1f1e2c18, 0x29331c31, 
	0x1b112a1c, 0x3d322533, 0x180e4201, 0x230d131a, 0x1d212016, 0x1f2622f2, 0x1e252019, 0x62002710, 0xaf41082b, 0x00202905, 0x192e4031, 0x04030201, 
	0x0221c082, 0x052e624c, 0x4d080a64, 0x26250d36, 0x04252527, 0x07344d08, 0xe14a2320, 0x62c1820b, 0x37080731, 0x41062223, 0x210b5145, 0x203a3237, 
	0x503f2e3d, 0x1e1e4585, 0x220b1e13, 0x0a1c1d1d, 0x405d1517, 0x232e4026, 0x4653253c, 0x05018360, 0x0f132e26, 0x433a0808, 0x00ffff3a, 0x2706c345, 
	0x2c050602, 0xffff0000, 0x82074b45, 0x842d200f, 0x060b450f, 0x2e200f82, 0x2208434d, 0x828b012c, 0x832f200f, 0x0787430f, 0x30200f82, 0x23431f84, 
	0x200f8206, 0x820f8831, 0x200f82f3, 0x420f8432, 0x0f82061b, 0x4f883320, 0x4f842120, 0x2f8e3420, 0x00352808, 0xff010000, 0x01f6ff36, 0x00ee022b, 
	0xb3060003, 0x32010103, 0x1701272b, 0xd101ca01, 0x0d2ffe24, 0xfd17e102, 0x87ffff1f, 0x20538223, 0x24438440, 0x02f6ff31, 0x2b3382b8, 0x002d0527, 
	0x00630122, 0x01400527, 0x0125ad82, 0x012e0507, 0x22558290, 0x4700b109, 0x2f200cc7, 0xba202f82, 0x20202f86, 0x2d202f86, 0x07247c82, 0x8e012f05, 
	0x1c202f92, 0xd2202f82, 0x2e222f84, 0x2f860800, 0x2f864520, 0x2f92a620, 0x2f823520, 0x2f84c220, 0x26002d22, 0x51202f86, 0x30222f84, 0x2f929401, 
	0x2f822120, 0x2f84dc20, 0x0d002f22, 0x6b202f86, 0xae202f86, 0x34202f92, 0xb4202f82, 0x2d222f84, 0x2f862500, 0x2f843220, 0x93013422, 0x20202f92, 
	0xce202f82, 0x2f222f84, 0x2f860c00, 0x2f864c20, 0x2f92ad20, 0x2f823120, 0x2f84c720, 0x13003122, 0x3421ef8c, 0x20ef9301, 0x202f822e, 0x222f84b1, 
	0x41290033, 0x34200c7f, 0x20147f41, 0x202f820c, 0x222f84e2, 0x86eeff2c, 0x8446202f, 0x012c228f, 0x498f85a7, 0x0c240c17, 0x2204f6ff, 0x47202f8e, 
	0x27212782, 0x252f8405, 0x2c050701, 0x378fe702, 0x01002508, 0x3e002800, 0xe201cc01, 0x2c000b00, 0x02002940, 0x57020501, 0x04010103, 0x01050001, 
	0x02006700, 0x065f0502, 0x05211382, 0x233a824f, 0x110b000b, 0x07230083, 0x7e2b1b0b, 0x2346059e, 0xb8e02905, 0xb8b834b8, 0xb932b93e, 0xa2820282, 
	0xf7205382, 0x59185382, 0x06211f97, 0x27458217, 0x01281521, 0x3232f7a4, 0x02205e82, 0x0f248b8a, 0x3a403d00, 0x2208878b, 0x06050108, 0x00670502, 
	0x06070706, 0x06060057, 0x01095f07, 0x4f070607, 0x00000c0c, 0x0f0c0f0c, 0x87000d0e, 0x8e0a209e, 0x3507239e, 0xa2851521, 0xa401ec2a, 0x91328798, 
	0x5a873291, 0x01287182, 0x58004200, 0xc801b201, 0x06283982, 0x010004b3, 0x27372b32, 0x172d0182, 0x17071737, 0x24662707, 0x94249393, 0x26058494, 
	0x93932558, 0x84949425, 0x03002105, 0x0322a788, 0x3b820700, 0x3d404034, 0x01060000, 0x01000201, 0x07020067, 0x02040301, 0x46186703, 0x082c1067, 
	0x00040408, 0x080b0800, 0x04090a0b, 0x09e25a18, 0x170b0927, 0x3335132b, 0x20a48315, 0x33078207, 0x01f240da, 0x0140f2a4, 0xab4040a2, 0x40b93232, 
	0x02000040, 0x91246f82, 0x8f01cc01, 0x07217982, 0x476d1800, 0x186d8507, 0x180e425b, 0x82133f5b, 0x820520fd, 0x01282b03, 0x015cfea4, 0x325d01a4, 
	0xfc82cc32, 0x41000021, 0x23080afb, 0x4ba40013, 0x58500fb0, 0x04002a40, 0x70040303, 0x0009010a, 0x05710900, 0x01060301, 0x02030102, 0x01010768, 
	0x57202f82, 0x01240682, 0x01085f00, 0x4f243a82, 0x10b04b1b, 0x29203182, 0x04213182, 0x2130a485, 0x2b882840, 0x9c860921, 0x5959235b, 0xa0821240, 
	0x13001323, 0x28008711, 0x2b1f060b, 0x35233737, 0x20038233, 0xec461821, 0x07212b08, 0x6f464628, 0x1a01f182, 0x08844446, 0x46e6fe28, 0x9a32533e, 
	0x04845332, 0xc926e385, 0x5701cc01, 0x8d181600, 0x162725eb, 0x22231600, 0x18222312, 0x3f07eb8d, 0x33363437, 0x33021e32, 0x33353632, 0x22230614, 
	0x2223022e, 0x343e2815, 0x28293324, 0x341d2019, 0x292c0984, 0x44c93d18, 0x1b251b4a, 0x4b432e2d, 0x5b260682, 0x28000200, 0x77826d00, 0x7782b320, 
	0x002d4408, 0x024c404f, 0x04000001, 0x69040001, 0x050c0100, 0x01080302, 0x010a6903, 0x06010d08, 0x69060809, 0x07070900, 0x09005909, 0x0b610709, 
	0x07090701, 0x00171851, 0x26282a00, 0x1e212325, 0x17191a1c, 0x822d182d, 0x24988547, 0x2b1b060e, 0x23949313, 0x23152217, 0xa9921790, 0x853d3d21, 
	0x21be8ab4, 0xbd8c2501, 0x8b5b5d21, 0x0100210e, 0xfa25cb82, 0x9e02cc01, 0x4f901800, 0x13373629, 0x03231333, 0x32b92803, 0x9b9b37b9, 0xfea401fa, 
	0xfe5f015c, 0x0a7342a1, 0x06000631, 0x010003b3, 0x25252b32, 0x05152535, 0x82cc0105, 0xfea42522, 0x3e5f01a1, 0x2b8e3485, 0x20059f43, 0x222d8235, 
	0x83281505, 0xa401224b, 0x235a823e, 0x0032b937, 0x300c3b44, 0x000a0006, 0x06254028, 0x02030405, 0x00070001, 0xb364184a, 0x07072910, 0x0a070a07, 
	0x17060318, 0x0d247b85, 0x15213502, 0xab227e86, 0x86835501, 0x328c9827, 0x6f6f368c, 0x0e974490, 0x37205bac, 0x7b43ab85, 0xfe552405, 0x84a401ab, 
	0x23568259, 0xe6328c36, 0x7b455982, 0x00292607, 0x40240005, 0x18815721, 0x0500052b, 0x0b041111, 0x35252b18, 0x22a98321, 0x828efe9a, 0x32b922fb, 
	0x08f78ceb, 0x2f00233a, 0x20406b00, 0x03020a10, 0x07131900, 0x03020401, 0x01021c22, 0x124c0302, 0x04080911, 0x1b234a00, 0x4901031a, 0x5020b04b, 
	0x04134058, 0x01000201, 0x00650102, 0x61000303, 0x57254782, 0x401b4e03, 0x2408821a, 0x03000203, 0x231d8269, 0x59020101, 0x02220682, 0x27836101, 
	0x40595133, 0x2b24250e, 0x252f2429, 0x2c1e202f, 0x2b170b05, 0x05c56437, 0x3727372b, 0x33363617, 0x37171632, 0x05414a17, 0x0717072b, 0x23060627, 
	0x07272622, 0x0a755c37, 0x0e4f282e, 0x4f0e1111, 0x31144f24, 0x14311a1a, 0x0f8d0882, 0x3f2fae24, 0x03822f3f, 0x20976220, 0x40852420, 0x31425f24, 
	0x03834231, 0x00030038, 0x017d000e, 0x009a01e6, 0x002a001b, 0xb7ae0036, 0x030b1931, 0x0f750706, 0x00282907, 0x07050002, 0x00690502, 0x2a061160, 
	0x00040600, 0x04005906, 0x82040000, 0x00042505, 0x02080361, 0x52180d82, 0x272007c0, 0x01242d82, 0x01025905, 0x40202e9f, 0x593c59a8, 0x01174059, 
	0x2f333500, 0x2226282d, 0x0f151720, 0x0007090d, 0x091b011b, 0x372b1606, 0x4109a25d, 0x16200541, 0x26052473, 0x06062726, 0x5b070637, 0x222208c4, 
	0x874b0606, 0x377a0805, 0x22232626, 0x36208406, 0x22341e20, 0x1f17341e, 0x33262c3d, 0x21311c1a, 0x1c1d3c1f, 0x0101663a, 0x221f2e18, 0x1220232e, 
	0x24f7241f, 0x1d2a1e1f, 0x261f2f10, 0x412b7f24, 0x283e2322, 0x38322c3a, 0x24264027, 0x2f252a42, 0x026d272b, 0x35131e02, 0x152a2628, 0x2e1d1434, 
	0x251d3624, 0x0200002f, 0xf6ff2d00, 0x9e02c701, 0x09000500, 0x1e402100, 0x04070809, 0x00010501, 0xea5d4c01, 0x76280808, 0x05000000, 0x03120500, 
	0x172b1706, 0x13331303, 0x13130303, 0xb4b4e103, 0xaab4b432, 0x0a919191, 0x54015401, 0xacfeacfe, 0xef240582, 0x12011101, 0x02222f82, 0x5c822300, 
	0x99025f22, 0x082a3982, 0x28402b00, 0x00020108, 0x254e0104, 0x05307905, 0x5f01022d, 0x01010103, 0x004e013c, 0x84060700, 0x04240861, 0x332b1709, 
	0x01330135, 0x03212515, 0x2d090123, 0x1dfe0601, 0x1cb87001, 0x83fd7d02, 0xc901501c, 0x32000100, 0xf4205782, 0x2d3daf82, 0x2cb66700, 0x0105021c, 
	0xb04b4c01, 0x40585011, 0x00010420, 0x00010106, 0x06060072, 0x05e57202, 0x01010330, 0x08600501, 0x05050207, 0x1b4e0555, 0x22842140, 0x01000623, 
	0x2c239780, 0x00104059, 0x002d0000, 0x1111282d, 0x22038218, 0x821d0b09, 0x17332491, 0x57032e33, 0x162d064f, 0x020e1415, 0x33373307, 0x3e352115, 
	0x0b415702, 0x15174808, 0x99281032, 0x253b411c, 0x605f9757, 0x3b255796, 0x28991c41, 0x3fc6fe10, 0x6a3c2e58, 0x3c6a4646, 0xa03f582e, 0x46371750, 
	0x84553a5b, 0x55844c4c, 0x37465b3a, 0x28a05017, 0x557d612d, 0x38386746, 0x7d554667, 0x82282d61, 0x00023e81, 0x01f6ff18, 0x00ee02d2, 0x002a001c, 
	0x10424045, 0x0b020101, 0x25010501, 0x03050401, 0x0a265e4c, 0x01040524, 0xdf426905, 0x0106210a, 0x51320c82, 0x26280001, 0x13151f21, 0x07090d0f, 
	0x1c011c00, 0x6d520607, 0x023e2d06, 0x17163233, 0x22232626, 0x36352307, 0xcf840b82, 0x16142727, 0x023e3233, 0x08168237, 0xbb060645, 0x4b2a554e, 
	0x25193d67, 0x4c58060f, 0x4c034335, 0x3e663c4d, 0x86644e2d, 0x422b3328, 0x2502192e, 0x2d50343b, 0x384a620a, 0x0532556b, 0x28887404, 0x96473324, 
	0x74985677, 0x4e37ab42, 0x3f7f6940, 0x82764723, 0x010035c2, 0x10fffbff, 0xed02ef01, 0x1c002100, 0x1e1f1940, 0x090d0e1a, 0x5a429e82, 0x01002c06, 
	0x252f7601, 0x2b180602, 0x84341137, 0x14152c96, 0x27070706, 0x11150606, 0x4d020e14, 0x373105df, 0x36361737, 0x554326cd, 0x02181d2f, 0x207b0a02, 
	0x210b8529, 0x0b830103, 0xdf010432, 0x35535b27, 0x0d040d13, 0x131c2506, 0x21fe3f62, 0x05210f85, 0x200f840c, 0x20838200, 0x2c0482ee, 0x00e402f3, 
	0x40210008, 0x0304051e, 0x12dd4202, 0x00086508, 0x06031608, 0x03332b17, 0x13372707, 0xe4033313, 0x8b0e47a1, 0xfa28c88a, 0x19306401, 0x02ccfe65, 
	0x001cfd66, 0xff410001, 0x0239021a, 0x000f0094, 0x030f40ab, 0x0a000201, 0x01040202, 0x03050101, 0xb04b4c03, 0x4058500b, 0x02010026, 0x72010204, 
	0x03030400, 0x00007004, 0x00010200, 0x03006702, 0x57030505, 0x26071953, 0x1b500503, 0x820cb04b, 0x8927202d, 0x0402232d, 0x2e997e03, 0x85284021, 
	0x80042429, 0x9c030400, 0x5359202a, 0x2808054d, 0x110f000f, 0x14111112, 0x2b1b0607, 0x01013517, 0x23152135, 0x01012127, 0x15333721, 0xfe2c0141, 
	0x10e901d4, 0x01f0fe3e, 0x32038201, 0xe6103e2e, 0x019f0110, 0x6ba210bb, 0x87fe86fe, 0x8600c474, 0x82e920eb, 0x00132aeb, 0x0737403a, 0x00020204, 
	0x8b7d1912, 0x2388820d, 0x86010201, 0x0222e282, 0xba835700, 0x02005f25, 0x494f0200, 0x132505c3, 0x06051515, 0x227a8219, 0x82271137, 0x1107287b, 
	0x35231517, 0x82211137, 0x50413607, 0x50a80250, 0xfe50fa50, 0x10e650ac, 0x280a0328, 0xfc281010, 0x250583f6, 0xf5fc0b03, 0x41821028, 0x44ffff21, 
	0x0223073f, 0x825f0506, 0x00032a10, 0x02f6ff43, 0x003c02ac, 0x3a198219, 0x403f002d, 0x020c0d3c, 0x2a2b0002, 0x0e181c1d, 0x0308010b, 0x01011902, 
	0x824c0303, 0x0302272b, 0x04690200, 0x0f820301, 0x06825920, 0x61010323, 0x290c8200, 0x24242551, 0x292d252d, 0x9883272b, 0x4606c946, 0xbf460cc4, 
	0x13200805, 0x26011714, 0x06222326, 0x36321306, 0x27343536, 0x43161601, 0x4c1e1c4b, 0x663b5483, 0x4c224c26, 0x84210a82, 0x080a8253, 0x282a4b22, 
	0x511e6001, 0x39694730, 0x3a6845e9, 0x1ea0fe28, 0x25442352, 0x8451325b, 0x4524294e, 0x5a254525, 0x283c0a83, 0x1c014424, 0x40013c52, 0x6b3e1f1c, 
	0x6c3ecdfe, 0xfe3c4f45, 0x001f1cc1, 0x2d000100, 0x2e30d382, 0x2200c201, 0x32403500, 0x0100010b, 0x03091718, 0x4c21bd82, 0x2bda8205, 0x005f0100, 
	0x4d3d0101, 0x3c060600, 0x08794b18, 0x043e2508, 0x2413114e, 0x16261123, 0x2b1d0907, 0x35033e37, 0x07060635, 0x36363523, 0x23152133, 0x33161415, 
	0x06173732, 0x3b08c983, 0x11231135, 0x0b078123, 0x362a0509, 0x40160311, 0x4c590131, 0x19201314, 0x2332120d, 0x52a12a29, 0x40351d04, 0x025a3f57, 
	0x122c0e10, 0x2bf83c1e, 0x45033d21, 0x01313b41, 0x007afe24, 0x5b239b83, 0x83021aff, 0x00213a9b, 0x12464049, 0x0102020f, 0x0204011e, 0x04000103, 
	0x04054c03, 0x03490002, 0x829d8401, 0x05612ba9, 0x00000206, 0x04004d3e, 0x0b860004, 0x014e003f, 0x161a1c00, 0x0d101114, 0x0007080b, 0x07210121, 
	0x172b1609, 0x17272622, 0x33112307, 0x21a88311, 0x08823736, 0x18161621, 0x08072954, 0x2327263e, 0x1bfb0606, 0x4e121730, 0x2b385002, 0x5013411b, 
	0x26161b07, 0x222f0c03, 0x06062823, 0x0e0a3c20, 0x0214ec16, 0x2cd8fea8, 0x0111122e, 0x0781fe5f, 0x1603020a, 0x26212821, 0x00ffff23, 0x0225af86, 
	0x00690506, 0x05d35b00, 0x02f40223, 0x390f829e, 0x00000060, 0x01780002, 0x027c019a, 0x000f009e, 0xb139001b, 0x40446406, 0x6852002e, 0x01052206, 
	0x20218202, 0x08636559, 0x51000222, 0x27105f65, 0xb12b160b, 0x13440006, 0x2f1b6365, 0x22223b25, 0x3a26253b, 0x263a2222, 0x25333325, 0x01270382, 
	0x233b249a, 0x85243b23, 0x31272405, 0x83312a2a, 0x248f8203, 0x01f6ff28, 0x3b8f82de, 0x002a001f, 0x2539403c, 0x08131b1c, 0x02070305, 0x004c0103, 
	0x03010501, 0x69030102, 0x10309818, 0x0120213e, 0x212a2000, 0x0e17192a, 0x011f000c, 0x1606061f, 0x2622052b, 0x27070627, 0x033e3736, 0x22054858, 
	0x41151407, 0x5708055e, 0x13020e17, 0x07020e22, 0x3435023e, 0x43370e01, 0x03363102, 0x27023139, 0x26315641, 0x37798735, 0x173b2b20, 0x4a43131d, 
	0x27311c42, 0x574d0419, 0x66720a24, 0x14171115, 0x7b9c5418, 0x5b323448, 0x0d0d41a9, 0x2b394d56, 0x25432c10, 0x673d8502, 0x68304280, 0x00422963, 
	0x02260082, 0xf6ff3c00, 0xbf82e402, 0x001e3a08, 0x40500027, 0x0221274d, 0x010e0605, 0x01130502, 0x4c030403, 0x03020400, 0x80030402, 0x06000100, 
	0x69060105, 0x02000500, 0x67020504, 0x00000300, 0x03005903, 0x07610003, 0x330c8201, 0x25000151, 0x1b1f2023, 0x1215171a, 0x00080a10, 0x081e011e, 
	0x6508d385, 0x3e343526, 0x1e323302, 0x06141502, 0x16152115, 0x36323316, 0x0e333736, 0x35210102, 0x22232626, 0x90010706, 0x34569a64, 0x4b477c5d, 
	0x01325a7d, 0x6d22d5fd, 0x4e6d4449, 0x5d182615, 0x01dffe7c, 0x4b751fb7, 0x0a206f49, 0x4c669955, 0x35315a7d, 0x04467b5e, 0x23ce0509, 0x3050302f, 
	0x0138603a, 0x3826c365, 0xca822331, 0x21055755, 0xcb82b702, 0x36002a3c, 0x7a004400, 0x3d411440, 0x1f23282e, 0x14181b1c, 0x02050b06, 0x05030125, 
	0x454b4c02, 0x00202f05, 0x61010404, 0x5a010100, 0x0202004d, 0xca824d57, 0x004d5531, 0x61000505, 0x00000106, 0x1b4e005b, 0x82002340, 0x020423ea, 
	0x2a8a8005, 0x8d030321, 0x40593225, 0x3c000113, 0x2733353a, 0x0f1d1e26, 0x012a000d, 0x8166182a, 0x2e372209, 0x066c4802, 0x0724fb82, 0x17171616, 
	0x2730f982, 0x07153335, 0x17070606, 0x27231517, 0x14030606, 0x080cec77, 0x32331653, 0x26262737, 0xd4020e27, 0x4b416a56, 0x2d0b2325, 0x564e3652, 
	0x10084a56, 0x311da009, 0x55ee6216, 0x6d223f20, 0x2b58a153, 0x28227168, 0x2630342f, 0x26343324, 0x4151263f, 0x0e221492, 0x0a091e20, 0x5f2f4e5f, 
	0x2a332732, 0x3148231b, 0x482e3848, 0x083a832d, 0x44712c20, 0x25101027, 0x6c347f4a, 0x2f581024, 0x21200233, 0x3c222939, 0x302f2829, 0x3b2a7afe, 
	0x3d823c1f, 0x2a190f23, 0x0947412d, 0x38027433, 0x36002a00, 0x97004300, 0x501db04b, 0x40144058, 0x0d4c413c, 0x02050024, 0x16911b4c, 0x16820320, 
	0x32855920, 0x39412320, 0x4d252c07, 0x00020200, 0x02060361, 0x41260000, 0x0b850566, 0x1b4e0023, 0x088a4140, 0x03252584, 0x0303005f, 0x098a4121, 
	0x4e002629, 0x01134059, 0x41393b00, 0x07280c64, 0x22172b16, 0x36343526, 0x41326441, 0x8b080863, 0x3a5f4ec1, 0x0a202144, 0x47314929, 0x06424d4d, 
	0x1a90080f, 0xd759142c, 0x1f381c4e, 0x4f914b62, 0x1f655e27, 0x2b2f2924, 0x2f2e2022, 0x3a49334a, 0x0d1e1283, 0x0a081b1d, 0x50284251, 0x242c212b, 
	0x293e1e16, 0x3d27303d, 0x070e0627, 0x3a602588, 0x1f0e0e21, 0x5c2b6d3f, 0x284b0e1f, 0x1cce012b, 0x331d2330, 0x29282223, 0x3b35b4fe, 0x1d117c33, 
	0x2724150d, 0x00040000, 0x03f6ff46, 0x00ee023e, 0x00270013, 0x00450035, 0x004a404d, 0x0ef46018, 0x06010b2b, 0x0204010a, 0x09690406, 0x0ab65a01, 
	0x36372108, 0x14152829, 0x3d3f0001, 0x45374536, 0x35282e30, 0x1d1f3529, 0x27152714, 0x1300090b, 0x080c1301, 0x13905d18, 0x35023e2e, 0x23022e34, 
	0x15020e22, 0x37021e14, 0x5c0c5362, 0x01290fad, 0x688a50c2, 0x8a683a3a, 0x27078750, 0x345e7f4a, 0x4a7f5e34, 0xce5c0787, 0x83318b15, 0x361d3639, 
	0x4a498060, 0x3636607f, 0x494a7f60, 0x97366080, 0x5c395b6f, 0x12f05c36, 0x0f410320, 0x0032300c, 0x32404043, 0x2c2d2e2f, 0x0407282b, 0x414c0105, 
	0x04280a19, 0x67040502, 0x02020107, 0x2a05a543, 0x154e0034, 0x31000114, 0x41292a30, 0x08200b03, 0x21230341, 0xb77f2315, 0x26f0a007, 0x6837b49f, 
	0xa00a268e, 0x0fb02be0, 0x2301150f, 0xfe581c36, 0xd38d009f, 0x00482308, 0x330a40a6, 0x29040501, 0x02070901, 0x15b04b4c, 0x34405850, 0x08040500, 
	0x80080504, 0x07070800, 0xe6837008, 0x03010635, 0x00060069, 0x04060504, 0x0c070069, 0x07020901, 0x840b6809, 0x010a29ef, 0x00340000, 0x35401b4e, 
	0x0423368a, 0xa57e0708, 0x40593637, 0x15282823, 0x28000114, 0x47482848, 0x3d444546, 0x3234363b, 0x0b364130, 0x36410d20, 0x6b272022, 0xd05d0769, 
	0x20494114, 0xf15d3a20, 0x4d292610, 0x0f1ba83f, 0x215c4106, 0x145ea120, 0x2233210c, 0x410a145e, 0x3d080d6b, 0x40760058, 0x0a014573, 0x07015409, 
	0x06013108, 0x004c0305, 0x0908090a, 0x0080080a, 0x07060705, 0x00800605, 0x0b030001, 0x00690301, 0x0a09000b, 0x0069090b, 0x05070008, 0x00690708, 
	0x72430e06, 0x010d2605, 0x61000202, 0x0572410c, 0x31057043, 0x46484d4f, 0x3c3e4143, 0x3335393b, 0x58282e30, 0x3b415829, 0x410f200b, 0x3350223b, 
	0x33332106, 0x18050347, 0x5e0a9d6c, 0x4e411659, 0x5e412020, 0x3d27187a, 0x38403524, 0x4153782c, 0x97202157, 0x251a9c5e, 0x5a0d0b30, 0xaf444231, 
	0x0036370e, 0x40a30039, 0x07013811, 0x05012f06, 0x2b2c3607, 0x05040428, 0x094d4c03, 0x2f220805, 0x07030600, 0x80070603, 0x02050400, 0x00720405, 
	0x06030001, 0x0c690301, 0x08070209, 0x07040501, 0xcf426705, 0x8d30200e, 0x80022131, 0x5934329f, 0x37372340, 0x00011415, 0x39373937, 0x32333435, 
	0x2d2e3031, 0x420d0144, 0x372723ca, 0x37352315, 0x5f352335, 0x2722062b, 0x6f410735, 0xb4b52120, 0x21054b5f, 0x57416d4c, 0x0fb02d21, 0x0f45150f, 
	0x27f50d01, 0x94946c45, 0x2f0e0f44, 0x405a0046, 0x06014157, 0x02313c09, 0x4c020605, 0x073bf283, 0x00690301, 0x09080007, 0x00670807, 0x05060009, 
	0x00690609, 0x02040005, 0x41690405, 0xfa830c32, 0x4042442b, 0x3a3d3e3f, 0x2c323438, 0x2ffe452a, 0xb75f1320, 0x53332009, 0x072007e3, 0x450ab65f, 
	0xc2201fff, 0x2006d65f, 0x0fd55f05, 0x21211441, 0xf85f1e01, 0x47002014, 0x3a350f13, 0x5c004600, 0x2e2f5940, 0x32030502, 0x43050701, 0x03070601, 
	0x2622474c, 0x433b3c21, 0x422b05b1, 0x3c463b40, 0x28333546, 0x413a293a, 0x22472f23, 0x0d466005, 0x23062b41, 0x16141507, 0x20202942, 0x0c666048, 
	0x1c1d2b27, 0x16261f1e, 0x21204123, 0x87609720, 0x3b1b280e, 0x232f2721, 0x49413e10, 0x37480597, 0x00332a0b, 0x31444047, 0x01060501, 0x056b434c, 
	0x31093943, 0x05000600, 0x67050604, 0x02020108, 0x01076100, 0x29470000, 0x2f302506, 0x28292d2e, 0x200b0c41, 0x23b84409, 0xd0602320, 0x21f8a008, 
	0xf1604e3b, 0x22eda108, 0x615a2ea1, 0x00220513, 0x03480500, 0x00402e0c, 0x005a004d, 0x54534056, 0x042e3b45, 0x49e28307, 0x062c091e, 0x69060507, 
	0x0a07010b, 0x07020401, 0x210e1e49, 0xfb414e4f, 0x5a4e2b05, 0x4a4c5a4f, 0x40283436, 0xfb414029, 0x1e5e6136, 0x36321329, 0x27263435, 0x42060623, 
	0x4520230f, 0x26137f61, 0x1a261711, 0x61322119, 0x2c20067d, 0x20212f41, 0x20a06197, 0x61c6fe21, 0x2623059f, 0x4526221d, 0x3a330eb7, 0x57004700, 
	0x013e5440, 0x012c0706, 0x28290604, 0x43040202, 0x0a231153, 0x4a000601, 0x3c2f1175, 0x0114153b, 0x3b414300, 0x36473c47, 0x412d2f34, 0x0b200b52, 
	0x25224142, 0x36363527, 0xe9610637, 0x3227230c, 0x4b183736, 0x56420812, 0x621c2020, 0x3e2d0709, 0x85503f2d, 0x0a1f1309, 0x1c1d1d22, 0x2232411e, 
	0x5c161722, 0x2a0a2a62, 0x100f13b1, 0x213a433a, 0x42002e26, 0x353c0f73, 0x50004000, 0x0f40a300, 0x3b3c3d40, 0x0908053a, 0x06023639, 0x4b4c0208, 
	0x585026b0, 0x34056350, 0x69030105, 0x05080900, 0x01075909, 0x04060005, 0x0d670605, 0x9c6c1801, 0x0002220a, 0x08a64961, 0xad442f20, 0x2232830a, 
	0x82070069, 0x98072031, 0x40592431, 0x42414227, 0x4a2905bc, 0x42504148, 0x383e3f50, 0x11df4b37, 0x6d410e20, 0x0edf4b22, 0x2009e94a, 0xfc6a1817, 
	0x2076410e, 0xea4bcc20, 0xb4dc2c08, 0x268e6837, 0x0c1913ea, 0x68181e0f, 0x0f4b05bf, 0x68972020, 0x192009e1, 0x20091a4b, 0x0cec6814, 0x260bbb49, 
	0x00310021, 0x4139403c, 0x08260938, 0x05020401, 0xf04b6904, 0x2223250c, 0x00011415, 0x2505306f, 0x21141a1c, 0xf84c2115, 0x15c84405, 0x42363621, 
	0x06230563, 0x49161415, 0x2b57067f, 0x06062106, 0x2934fd91, 0x434b2540, 0x4c254129, 0x0f1f1749, 0x1812190d, 0x190c0e1f, 0x39106342, 0x385c36b4, 
	0x5c366f5c, 0x1a6f5b39, 0x2a345834, 0x57342e49, 0x2e4a2935, 0xc3440200, 0x001e2c0a, 0x1c2f4032, 0x18191a1b, 0x65071415, 0x67220ad8, 0x38730300, 
	0x00342806, 0x1e00014e, 0x8516171d, 0x410520bf, 0x372a12d8, 0x07231127, 0x07113715, 0xac903315, 0x26310526, 0xb437688e, 0xcd2b9d90, 0x58610115, 
	0xddfe361c, 0x82000f15, 0x08938b00, 0x4d00342c, 0x012a4a40, 0x01340706, 0x4c020402, 0x04060300, 0x80040306, 0x05000100, 0x69050107, 0x04000700, 
	0x67040702, 0x30060600, 0x734e004d, 0x00012d0a, 0x27292b2d, 0x18192022, 0x14151617, 0x241a6e41, 0x07233721, 0x078a7723, 0x14150626, 0x35333316, 
	0x90088e77, 0x01d43ac1, 0x1b0f0607, 0x294d3fa8, 0x28353e0e, 0x0a0a2842, 0x1f23172d, 0x46230b1b, 0x37d5903a, 0x373b6fbe, 0x17283047, 0x33223b2f, 
	0x4d080e18, 0x151e2414, 0x42573a2b, 0x290c7341, 0x405f0044, 0x0401285c, 0x59821905, 0x08013c23, 0x0cde4409, 0x05070623, 0x2ee38306, 0x08070208, 
	0x09090069, 0x04006104, 0x494d3504, 0x3f31105a, 0x34383a3d, 0x2c2f3132, 0x2025272a, 0x1544141e, 0x1b594f44, 0x34353623, 0x0b644227, 0xf282f183, 
	0x06141525, 0x53152323, 0x232a05c6, 0x35272622, 0x15062223, 0x38481614, 0x59210811, 0x2c78533f, 0x24354038, 0x0a0b253d, 0x0c1a0b2a, 0x0f2a343a, 
	0x242a3522, 0x0c201324, 0x200b0b2a, 0x100b413d, 0x42b42308, 0x0b0d5a31, 0x322b2330, 0x1015291b, 0x05084409, 0x1b2d2b3f, 0x2c22292d, 0x07340a09, 
	0x1a25100f, 0x6f4a0000, 0x0022350c, 0x40810025, 0x03012511, 0x02011c04, 0x151f2003, 0x02060414, 0x2107b14b, 0x17820724, 0x03040239, 0x01058002, 
	0x02060602, 0x00010070, 0x04010304, 0x06060067, 0x48086200, 0x1b22053c, 0x268c2540, 0x06020423, 0x2e27937e, 0x01174059, 0x22232400, 0x1b1d1e21, 
	0x4218191a, 0x9c4307dc, 0x27373113, 0x23353335, 0x15032335, 0x15071533, 0x37232733, 0x2a102142, 0x4646311b, 0x37a6cc26, 0x4b6d7db4, 0xcd2c1171, 
	0xf5274515, 0x450ff3fe, 0x94900f15, 0x2f0c0742, 0x40490032, 0x05011a46, 0x021f2a02, 0x4c020506, 0x0329a888, 0x03050200, 0x05006902, 0x060c4200, 
	0x61000722, 0x0126e086, 0x282f3100, 0xb7822327, 0x191b1c23, 0x19e34217, 0x26341327, 0x07222326, 0x21ba8237, 0xdb423607, 0x23062505, 0x06072723, 
	0x9005aa55, 0x182838c2, 0x32262530, 0x07cfb005, 0x320f2214, 0x05293a2e, 0x30082223, 0x415b4625, 0x013610d6, 0x21321c3b, 0xd3387316, 0x21320506, 
	0x173a2f25, 0x21100905, 0xcb410049, 0x0026300e, 0x404b0032, 0x02202148, 0x011d0103, 0x5c2b0305, 0x1d490546, 0x13324508, 0x15272831, 0x2e000114, 
	0x2832272c, 0x141a1c32, 0x99261526, 0x060d52df, 0x3624e282, 0x06353736, 0x20063745, 0x06c64335, 0x35113345, 0x203e2d52, 0x2137333a, 0x7344510c, 
	0x1d415083, 0x1f261623, 0xdc901c1e, 0x3d25b438, 0x26402f23, 0x1a15593f, 0x45608716, 0x3e411b53, 0x272f2310, 0xa3443b21, 0x001f2f0f, 0x1738403b, 
	0x01020301, 0x0203004c, 0x9f440204, 0x28ec8205, 0x01066702, 0x61000404, 0x05904205, 0x0114142b, 0x141f1400, 0x191a1b1f, 0x20cd8518, 0x12404507, 
	0xc4832720, 0x33152124, 0xdc4d020e, 0x1a5f2a11, 0xfffe294b, 0x2c3d2bcc, 0x29ae9013, 0x4eb26dbe, 0x6d484414, 0x9f832e5a, 0xd7450420, 0x002c2f0a, 
	0x00460039, 0x40424045, 0x041a2736, 0xa6820405, 0x0300012e, 0x69030104, 0x01080400, 0x05040205, 0x220dae46, 0x82153a3b, 0x463a2ba9, 0x2f31463b, 
	0x2c141f21, 0x7b412c15, 0x3435221c, 0x0c4e4426, 0x06061727, 0x13161415, 0x06694234, 0x022e072e, 0x35262213, 0x33373634, 0x14151616, 0x08118e41, 
	0x4f3a5522, 0x26212d26, 0x3b233242, 0x2e251d23, 0x21064c20, 0x17261a19, 0x0c232311, 0x172c2132, 0x2b360116, 0x0811c852, 0x323db42d, 0x111b3325, 
	0x33291c2a, 0x1e1f311c, 0x3618182c, 0x01342a1b, 0x211d1742, 0x0d231620, 0xfe181a13, 0x1d2226eb, 0x251e1026, 0x441f1920, 0x21080d5b, 0x00330026, 
	0x31434046, 0x23050401, 0x26040301, 0x03000214, 0x01004c03, 0x01050200, 0x05006902, 0x0e7d0107, 0x53032006, 0x282d08b2, 0x2e000127, 0x2833272c, 
	0x1b202233, 0x050e4119, 0x4514b253, 0x32250c57, 0x07060637, 0x66551837, 0x47152008, 0xb63712bf, 0x3f508572, 0x3a203e2d, 0x0b213732, 0x1e694551, 
	0x1d1d1c1e, 0x411f0a22, 0xb43810de, 0x46608319, 0x233c2553, 0x4026402e, 0x2eb3165c, 0x433a2126, 0x130f103a, 0x350d874e, 0x002c0021, 0x4092003c, 
	0x2728290f, 0x06052326, 0x02222a07, 0x114a0605, 0x00282c07, 0x85010301, 0x07030104, 0x82008503, 0x05022a16, 0x0a070072, 0x07050601, 0x05b25506, 
	0x20093b45, 0x222a842c, 0x82040300, 0x07042229, 0x322e9d04, 0x2e1f4059, 0x0114152d, 0x2d343600, 0x2c3c2e3c, 0x4824252b, 0x6e4b0be7, 0x32372113, 
	0x200b2a41, 0x09354827, 0x2020f248, 0x08f24832, 0x26317027, 0xb437688e, 0x06f948b9, 0x480f1e21, 0x352518f9, 0x705b395c, 0x09664819, 0x04491020, 
	0x0037080c, 0x00030000, 0x03f6ff27, 0x00ee0255, 0x00340016, 0x406a0042, 0x02252667, 0x03000401, 0x05080106, 0x2e333839, 0x32080904, 0x0603152f, 
	0x044c0409, 0x164a0301, 0x82490101, 0x85033435, 0x0502070a, 0x045f0205, 0x30020201, 0x08010b4d, 0x82610008, 0x352e084f, 0x0606004d, 0x09004d2f, 
	0x00610109, 0x01340101, 0x1735364e, 0x353b3d17, 0x17423642, 0x13341734, 0x15251a11, 0x080c2926, 0x11052b1d, 0x84193527, 0x93630851, 0x01072308, 
	0x855a3335, 0x20128205, 0x86c61807, 0x06cb5e08, 0x06220524, 0x965a1107, 0x352d0805, 0xbd012634, 0x04067e34, 0x33284826, 0x6a3e2d4e, 0x1f472942, 
	0x4e64fe19, 0x24493b24, 0x0a03151d, 0x841d196b, 0x3fd64784, 0x3318fb01, 0x92891918, 0x952d0808, 0xfe32062b, 0x341e20a0, 0x7352425f, 0x1a0b0f3c, 
	0x1b2f9d01, 0x35535b27, 0x0c090b11, 0x5d19192c, 0xfe2f313a, 0x10101e9b, 0x0c630120, 0xac89190f, 0x0330080c, 0xf6ff2700, 0xee02ab04, 0x4e001600, 
	0x7a005c00, 0x37387740, 0x01022526, 0x06030006, 0x53070c01, 0x45484d52, 0x0c0d0640, 0x4144494c, 0x0d080515, 0x38093141, 0x00030105, 0x0b0e8503, 
	0x07070309, 0x04065f02, 0x30020202, 0x0c010f4d, 0x0634410c, 0x08010a28, 0x004d2f08, 0x35410d0d, 0x4f503d07, 0x55571717, 0x5c505c4f, 0x4e174e17, 
	0x46474a4b, 0x251a1113, 0x2615251a, 0x1f081029, 0x202a3b41, 0x194c4121, 0x54412120, 0x13032114, 0x21105441, 0x54410efd, 0x0601210b, 0x260f6141, 
	0xd647fafe, 0x4151033f, 0x75412e66, 0x147d4117, 0x00013d08, 0x02000027, 0x00ed02ed, 0x40980038, 0x21252615, 0x01051213, 0x33363702, 0x022e2f32, 
	0x00070801, 0xb04b4c02, 0x4058501b, 0x0201041c, 0x084d5602, 0x00000206, 0x03055f01, 0x57010102, 0x08696218, 0x214e1b20, 0x22238305, 0x96850201, 
	0x20402823, 0x04020400, 0x98020085, 0x6b592022, 0x382a0537, 0x13133800, 0x1a251b11, 0x62181125, 0x34200cb4, 0x42065963, 0x824106be, 0x42062009, 
	0x212610d0, 0x36151711, 0x5f414e3f, 0x056e630d, 0x2b057a63, 0xd6478484, 0x47fafe3f, 0x63012010, 0x630fa842, 0x88630678, 0x42372007, 0x2b0808b8, 
	0x101e9bfe, 0x00020000, 0x03000027, 0x00ee028b, 0x003d001f, 0x2f634066, 0x0403042e, 0x3b3c0500, 0x1d1e3738, 0x1114151c, 0x0d010210, 0x0a0fc518, 
	0x004a0531, 0x85050005, 0x0702090b, 0x065f0407, 0x4c040401, 0x003f065c, 0x4d350000, 0x03030a08, 0x012f0101, 0x0020204e, 0x203d2000, 0x36393a3d, 
	0x29333435, 0x82212227, 0x251f2a60, 0x080c2b15, 0x35212b19, 0x0bd74337, 0x63421520, 0x34352605, 0x06222326, 0x430c8207, 0x01361cde, 0x863c3f9b, 
	0x47260406, 0x3f4b3b2b, 0x2c3747d6, 0x4713411b, 0xd243b6fd, 0x20103d10, 0x07344c02, 0x2694fe37, 0xfe3a3b24, 0x101020d9, 0x2e2cfb1d, 0xcefe1112, 
	0x9301101d, 0x410f2641, 0xc6820816, 0x27000228, 0xe1040000, 0xb282ee02, 0x78005735, 0x40417540, 0x03042e2f, 0x56050006, 0x4e515255, 0x41494a4d, 
	0x11200819, 0x300c1941, 0x00050107, 0x0d0f8505, 0x0909030b, 0x06085f04, 0x0d1c4102, 0x0e0a0c24, 0x1d410403, 0x20572e09, 0x50535457, 0x484b4c4f, 
	0x3b454647, 0x0c254139, 0x25411020, 0x22c84335, 0x41f10221, 0xfc21123e, 0x0d5c4260, 0x4114bc43, 0xb9432d50, 0x0767411f, 0x5a024808, 0x2300e702, 
	0x02012f00, 0x1a1b1240, 0x22080702, 0x06090a21, 0x08010205, 0x4c020001, 0x500ab04b, 0x00244058, 0x4d560404, 0x0707010a, 0x08006108, 0x024d5608, 
	0x03000001, 0x0301055f, 0x094d5703, 0x01010206, 0x654e0155, 0x222206ba, 0x28820800, 0x07080323, 0x96348469, 0xaa152029, 0x821b2055, 0x2655a32b, 
	0x04002240, 0x88850408, 0x207a937f, 0x25008259, 0x24251740, 0xbf6b0000, 0x2bf98205, 0x11251a23, 0x0b131313, 0x212b1c0b, 0x20068965, 0x20078223, 
	0x11e24623, 0x17112123, 0x79bb1815, 0x8c01260b, 0x47fafe3f, 0x0e1944d6, 0x6a3f5626, 0x1a22221a, 0x10230382, 0x45630120, 0xef420728, 0x6efe270f, 
	0x45021020, 0x26821923, 0x23191a22, 0x3f070744, 0x00e702b0, 0x0149003d, 0x25184021, 0x04121324, 0x3b3c0c0b, 0x33343738, 0x2b2c2f30, 0x060c0102, 
	0x20089141, 0x05404528, 0x0b010e2c, 0x00610c0b, 0x4d560c0c, 0x4b450709, 0x0a0d270b, 0x06060308, 0x95410655, 0x00262207, 0x232b820c, 0x690b0c01, 
	0x2d993885, 0x58501523, 0x205dab40, 0xa72f821b, 0x2640215d, 0x0c227d82, 0x8c888502, 0x59208696, 0x403b0082, 0x003e3f1c, 0x3e434500, 0x00493f49, 
	0x3a3d003d, 0x13131339, 0x251a251a, 0x180f1311, 0x450aa167, 0xc54518c6, 0x073f4706, 0x6018078b, 0xd7450b5c, 0x0a7a4310, 0x3f560123, 0x05e141ce, 
	0x47fafe24, 0xd5413a02, 0x0fcd410a, 0x230e6c43, 0x10206efe, 0x220bfc41, 0x411e9bfe, 0x023e0bec, 0x1aff2700, 0xe7022c02, 0x32002600, 0x44404700, 
	0x06021d1e, 0x090c0d07, 0x00010408, 0x03824c02, 0x0049012f, 0x85040704, 0x01080700, 0x06070306, 0x09ca4269, 0x004d3029, 0x012f0101, 0x4e27284e, 
	0x1a2f057f, 0x13131125, 0x1c080916, 0x3e35052b, 0x87113502, 0x14be42e7, 0x4c061421, 0x475105ed, 0x8c012405, 0x420c1c17, 0x3c2113c0, 0x27ea8611, 
	0x331610e6, 0x9d01384b, 0x2418c442, 0x03724c3e, 0x08c44203, 0x0321d784, 0x33d78282, 0x004c0040, 0x2558405b, 0x04121324, 0x3e3f0b0a, 0x36373a3b, 
	0x33060048, 0x07022e2f, 0x02010449, 0x0085020b, 0x0a010d0b, 0x690a0b01, 0x3a0be347, 0x090c4d30, 0x2f070702, 0x41424e07, 0x46480000, 0x4c424c41, 
	0x40004000, 0x411a1313, 0x0e2405fd, 0x332b1f08, 0x4916a043, 0x21240f47, 0x07061411, 0x230c1741, 0x15171121, 0x2129ff41, 0x2241533c, 0x2f014207, 
	0x724c3e23, 0x0e3d4128, 0x430e0542, 0x540807f3, 0x00ee0268, 0x0037001d, 0x22564059, 0x040e0f21, 0x292c0100, 0x36000302, 0x2e303435, 0x1f202627, 
	0x17181b1c, 0x0303040d, 0x0101244c, 0x0001004a, 0x05098501, 0x00030302, 0x0202065f, 0x4d300000, 0x0307080a, 0x042f0404, 0x001e1e4e, 0x1e371e00, 
	0x2b313237, 0x2851822a, 0x1a11131d, 0x080b1125, 0xeb76181b, 0x10dc480c, 0xcf180120, 0x27201801, 0x3010d247, 0x3c3f1101, 0x31a10686, 0xcaa540be, 
	0xa9268440, 0x1ac74747, 0x466dfe21, 0x112107af, 0x428e1989, 0x05df470e, 0xf782be20, 0x00372b08, 0x40670051, 0x213b3c64, 0x060e0f20, 0x43460100, 
	0x50000502, 0x484a4e4f, 0x393a4041, 0x31323536, 0x292a2d2e, 0x03050611, 0xfd823e4c, 0x83010321, 0x0d2b08fe, 0x05030709, 0x0a5f0005, 0x00030204, 
	0x0e4d3000, 0x04080b0c, 0x062f0606, 0x0038384e, 0x38513800, 0x454b4c51, 0x00370044, 0x4b131337, 0x11230590, 0x411f080f, 0xae471305, 0x261e4122, 
	0x21166f4b, 0x30416702, 0x0e3a4420, 0x230c1e4a, 0x63012010, 0x081f4741, 0x02500223, 0x000a00ee, 0x40750028, 0x04191a18, 0x02010403, 0x22232627, 
	0x01020809, 0x02040008, 0x0201064c, 0x05744b4a, 0x4b001a21, 0x04210673, 0x05617004, 0x054d572b, 0x00000207, 0x1b4e0055, 0x251c8240, 0x08850201, 
	0x1c910206, 0x19405934, 0x00000b0b, 0x280b280b, 0x20212425, 0x12141e1f, 0x72820c0d, 0x0b090a23, 0x094a4a16, 0x4a151721, 0x82271d35, 0x067e343f, 
	0x42d7fd3f, 0x10291054, 0x2b5b0220, 0x42fd3206, 0x1e164a20, 0x00020027, 0x03000027, 0x26ef84a6, 0x408b0042, 0x832b2c1e, 0x27e182f1, 0x3c3d4041, 
	0x34353839, 0x0c22f583, 0xf58b0600, 0xf0461e20, 0x0a0c2505, 0x06060308, 0x23086b4c, 0x030b0709, 0x2083f986, 0x2097fa82, 0x21405922, 0x4222fd84, 
	0xc744420b, 0x32332505, 0x24263031, 0x20090541, 0x2005410d, 0x28226642, 0x343fd802, 0xfc3f067e, 0x25074a81, 0x42193041, 0x00201f4e, 0x56080082, 
	0xff270001, 0x029a02f6, 0x003300ed, 0x1a4a404d, 0x040f1314, 0x01260201, 0x31320006, 0x09040102, 0x004c0306, 0x85020102, 0x00020508, 0x045f0100, 
	0x01010203, 0x010a4d30, 0x4d2f0909, 0x07060600, 0x07070061, 0x004e0734, 0x00330000, 0x23261333, 0x251b1311, 0x450b1311, 0x4b4d1297, 0x33372508, 
	0x23153315, 0x2106dd6c, 0x886d1533, 0x05584d08, 0x300b4b4d, 0x840647f8, 0x131f2e84, 0x0a030c21, 0x402c2f3b, 0x05554df5, 0x2f0f464d, 0xfe2f6e6e, 
	0x041919d7, 0x29160a03, 0x3a012f34, 0x82054d4d, 0x21db83ae, 0xdb82f003, 0x98004d3e, 0x262c1a40, 0x12132125, 0x38020106, 0x4c000801, 0x4447484b, 
	0x08010243, 0x4c03080b, 0x2205644e, 0x83010428, 0x0a0c23e9, 0x3b820307, 0x05065f24, 0xeb830303, 0x020d0e24, 0xec820b0b, 0x0908082d, 0x09090061, 
	0x1b4e0934, 0x4e002c40, 0x2ea10870, 0x1a405933, 0x4d000000, 0x494a4d00, 0x41424546, 0x11233c3e, 0x05834e13, 0x26410f20, 0x19834e12, 0x70193741, 
	0xc0480735, 0x1d4c4110, 0x4128a74e, 0x10201360, 0x4206d04a, 0x00370543, 0x02970100, 0x001a00ed, 0x140f4095, 0x01030f13, 0x02181902, 0x4a030401, 
	0x162508a4, 0x56020200, 0x2b2c834d, 0x0101005f, 0x01044d57, 0x03550303, 0x8207924a, 0x0201221d, 0x231d9385, 0x40585015, 0x18833b97, 0x59243693, 
	0x0c405959, 0x1a284c82, 0x11251a00, 0x190b0513, 0x42102348, 0xcb4f068b, 0x0b254106, 0x23146142, 0x101e35fe, 0x323fe784, 0xff03f6ff, 0x4e00ee02, 
	0x5e406100, 0x06030139, 0x03091e2b, 0x4c4d0004, 0x0a0b0e0f, 0x82080102, 0x444c37f1, 0x4b010001, 0x02000700, 0x69020706, 0x06030300, 0x06010861, 
	0xfb833506, 0x0a310a87, 0x01010209, 0x04004d2f, 0x00610504, 0x05340505, 0x315d824e, 0x264e004e, 0x26252527, 0x2515252c, 0x2b1f080b, 0xc35f3521, 
	0x07177206, 0x5a263421, 0x172005e8, 0x83056853, 0x1506230d, 0x7f181614, 0x2620096d, 0x2005106d, 0x095d6117, 0x7e191520, 0x032109e0, 0x069e4f29, 
	0x3fd62708, 0x4635463b, 0x15122d21, 0x07094820, 0x23294a31, 0x4a373d4d, 0x3d5b1703, 0x70427061, 0x13171a45, 0x32502d17, 0xd54f5e61, 0x0aa94f06, 
	0x20102a08, 0x5744fa01, 0x4c254044, 0x110e122d, 0x015b1a11, 0x2f315130, 0x0a283150, 0x61763e2b, 0x0542734a, 0x35243d16, 0x5e712c4f, 0x07e74f9d, 
	0x01002108, 0xf6ff3200, 0xee022303, 0x5b004a00, 0x01345840, 0x19260608, 0x49010402, 0x03040a01, 0x08010a4c, 0x300e2b41, 0x35060600, 0x0101094d, 
	0x005f0801, 0x4d300808, 0x08975800, 0x0a004d23, 0x08a2580a, 0x42454724, 0x2d411341, 0x22132605, 0x2b1f080b, 0x07464425, 0x22073541, 0x41161415, 
	0x91442c28, 0x23032a09, 0x2c2f3b0a, 0x39585240, 0x21274143, 0x44585c21, 0x352007a1, 0x22057c44, 0x41682906, 0x5d202523, 0x0806b444, 0x0100005e, 
	0xf6ff3f00, 0xee02f402, 0x80005600, 0x01397d40, 0x01430305, 0x012d050c, 0x01030107, 0x4c040200, 0x01050118, 0x060b004b, 0x010b0601, 0x07010080, 
	0x7e070106, 0x0a000400, 0x690a0403, 0x030c0c00, 0x03030061, 0x01094d5d, 0x5f050606, 0x57050500, 0x0707004d, 0x0d086100, 0x5b000002, 0x84066d5e, 
	0x002b080b, 0x4a00014e, 0x3e444548, 0x3336373c, 0x26292b31, 0x20232425, 0x0915171e, 0x00040507, 0x0e560156, 0x172b160b, 0x35272622, 0x66161733, 
	0x262105be, 0x074c4227, 0x450c5542, 0x774112be, 0x2315210b, 0xac423682, 0x1e200806, 0x06141502, 0x442fd506, 0x1f200e23, 0x1c2c2946, 0x37332333, 
	0x2423412a, 0x30171323, 0x59603352, 0x2a0ce145, 0x453c5852, 0x251d4936, 0x1910210e, 0x3c080a73, 0x100a4630, 0x37377012, 0x201d2126, 0x37171019, 
	0x243c2532, 0x243e170a, 0x712c5037, 0x0745415e, 0x0806fa45, 0x662b067a, 0x41465744, 0x6d294724, 0x22181b35, 0x1623221e, 0x2f331d0d, 0x001f3d2c, 
	0x00020000, 0x031aff3f, 0x00ee02b7, 0x00600052, 0x2298409b, 0x38040801, 0x3f080301, 0x030a0219, 0x0a0b0123, 0x0b090156, 0x010c0157, 0x00020331, 
	0x33363702, 0x00070432, 0x09004c08, 0x090b010b, 0x01008001, 0x0c010b0c, 0x0004007e, 0x08040308, 0x0a0a0069, 0x01056103, 0x4d350303, 0x0b0b010e, 
	0x002a0b87, 0x61000c0c, 0x00020d06, 0x7b413400, 0x3a0b8705, 0x07320707, 0x0153544e, 0x53595b00, 0x46605460, 0x3b404144, 0x30343539, 0x4126282e, 
	0x52240884, 0x080f5201, 0x20198441, 0x05854116, 0x16323324, 0xda431117, 0x06875705, 0x76152721, 0x2244053b, 0x410b8205, 0x01200f80, 0x23088857, 
	0x26263435, 0x2c118e41, 0x10112212, 0x1e6d8115, 0x26052545, 0xf6961947, 0x3fd62609, 0x5e5b2128, 0x0d8e413f, 0x18dc012b, 0x3e1e1833, 0x28463026, 
	0x119a4144, 0x1404053f, 0x645f1d37, 0xaefe0706, 0x5f341d20, 0x3c735242, 0x1020b60a, 0x75032010, 0x414d4d08, 0x0f984142, 0x0f91013d, 0x18e7fe0f, 
	0x3e5f5112, 0x0100254e, 0x00002d00, 0x94021f04, 0x51002800, 0x82274e40, 0x1f3208d0, 0x15161d1e, 0x01021112, 0x0105040d, 0x0501094c, 0x01004b01, 
	0x01030503, 0x01078005, 0x5f020000, 0x2e020200, 0x0505004d, 0x03006103, 0x094d3503, 0x044d0608, 0x00003005, 0x28002800, 0x15251513, 0x13111124, 
	0x461e080a, 0x07230507, 0x41213523, 0xed54063d, 0x35232e10, 0x11231137, 0x64c01517, 0x021044a3, 0x0ed95491, 0xf03fd62b, 0x02281064, 0xfeca9325, 
	0x12c954ee, 0x02201027, 0x28dbfd2d, 0x2d778210, 0x4100ffff, 0x9e040000, 0x2600c302, 0x10820c00, 0x4d012724, 0x07820703, 0xf2030727, 0x0000fa03, 
	0x251f82ff, 0x4e031aff, 0x1f82bd02, 0x17831420, 0x023d0123, 0x20178478, 0x2017823c, 0x201784f5, 0x21178516, 0x07821f03, 0x00012908, 0x023e001f, 
	0x00080274, 0x402a0008, 0x00010427, 0x004c0103, 0x85020302, 0x01000100, 0x00030086, 0x00570300, 0x60000303, 0x23080882, 0x12115000, 0x08041011, 
	0x21252b1a, 0x37272317, 0x02210733, 0xb43cfe74, 0x69dcdc69, 0xfbc401b4, 0xbde5e5bd, 0x243d538e, 0x03002140, 0x00850302, 0x86000100, 0x01010200, 
	0x02005702, 0x00600102, 0x50010201, 0x83008211, 0x07012a4d, 0x35213723, 0x02332721, 0x2b488274, 0xc4013cfe, 0x230169b4, 0xbd50bde5, 0x64263582, 
	0x2e020000, 0x9f825502, 0x1440172c, 0x05060708, 0x07020304, 0x67824a00, 0x4e002f33, 0x17080110, 0x1123212b, 0x17373507, 0x71012715, 0x83828350, 
	0x8291833e, 0x223f8c22, 0x82114014, 0x0203253f, 0x49000601, 0x76211b82, 0x293c8414, 0x11173527, 0x15371133, 0x70834901, 0xd283c884, 0x01282082, 
	0x27006600, 0xf0012e02, 0x1f237b82, 0x82081c40, 0x01042139, 0x01233982, 0x48570001, 0x2c080653, 0x114f0100, 0x18080214, 0x0301252b, 0x17251327, 
	0xf6010105, 0x4a06c0fe, 0x4b3d0106, 0x3f01fbfe, 0xfe400127, 0x3e014afb, 0xfe074a06, 0x8d8f85c1, 0x06072353, 0x8d820401, 0x58180120, 0x11210d06, 
	0x31538312, 0x25012737, 0x07130537, 0x01389e03, 0x4bfbfe3f, 0x58823d01, 0x0139272b, 0x064a073f, 0x014ac2fe, 0x2aa38e05, 0x061d4020, 0x02030405, 
	0x184a0105, 0x210f5758, 0xa4841016, 0x3703252b, 0x01170113, 0xfea90105, 0x2b4b82c3, 0xfe384001, 0x270501c1, 0x4a3e0106, 0x4024ad82, 0x07c1fe39, 
	0x08215391, 0x92558207, 0x85112053, 0x27053653, 0x01370125, 0x28021713, 0x014bc3fe, 0x38c1fe05, 0x4a064001, 0x27f1822d, 0xfe393f01, 0x4a0501c0, 
	0x2d085282, 0x1f000100, 0xc9043e00, 0x0d000802, 0x2b402e00, 0x04010107, 0x01054c01, 0x85030403, 0x01000102, 0x04008600, 0x57040101, 0x01040400, 
	0x1b82005f, 0x11114f2e, 0x11111112, 0x2b1c0606, 0x37230701, 0x28076e42, 0xc9043327, 0xfcb469dc, 0x05734278, 0x42880321, 0xbd240528, 0xbdbde5e5, 
	0x7b314582, 0xb7017700, 0x0300b301, 0xb04b2d00, 0x40585022, 0x06a7410b, 0x00300126, 0x10401b4e, 0x210f1641, 0xc486b459, 0x2111212b, 0xc4feb701, 
	0x01773c01, 0x2624823c, 0x0136003a, 0x82f401f8, 0xb3063047, 0x32010002, 0x3727252b, 0xdf190117, 0x8236dfdf, 0x82538203, 0x00782623, 0x01b9016c, 
	0x20cf82bf, 0x25588213, 0x61010000, 0x66830100, 0x02232527, 0x012b1808, 0x05b16d15, 0x3634353a, 0x01163233, 0x484759b9, 0x47485959, 0x111e0159, 
	0x4c55554c, 0x56564b11, 0x8d204382, 0x02216786, 0x20678200, 0x2e678201, 0x01110501, 0x0195fef8, 0xbe01df15, 0x89000200, 0x000724cf, 0x82264029, 
	0x03022b31, 0x04670201, 0x00000301, 0x06825703, 0x5f000322, 0x002f0982, 0x0404044f, 0x12070407, 0x06051011, 0x82252b19, 0x350723cd, 0xd1851523, 
	0x82a44c21, 0xa4f023d3, 0x4f8200a4, 0x0728d789, 0x07b50800, 0x02000205, 0x2322db85, 0xdf850727, 0x74746b23, 0x82e38374, 0x02002206, 0x24e38900, 
	0x4022001b, 0x187f861f, 0x26102dc7, 0x23252525, 0x8e1a0604, 0x590720f4, 0x152005ec, 0x41066563, 0x48280802, 0x31282731, 0x31272831, 0x250a0b41, 
	0x30290a59, 0x04832930, 0x00000024, 0x17410002, 0x82052009, 0x040523a7, 0xa7820102, 0x11050133, 0x01152717, 0xe795fef8, 0xdf15019f, 0x62dfbe01, 
	0x209182c4, 0x2230821d, 0x82800272, 0x06ab4135, 0x0101212c, 0xabfd7202, 0x40015502, 0x4e824001, 0x6e202382, 0xc3202382, 0x012e2387, 0x012b3201, 
	0xc3021101, 0x4001abfd, 0x1682c0fe, 0x01222482, 0x23823000, 0x2384b020, 0x0c400f26, 0x4a000102, 0x762e1582, 0x17060110, 0x0121212b, 0x80fdb002, 
	0x1d824001, 0x0a21278b, 0x202283b7, 0x23228411, 0x70012101, 0x22824b83, 0x93898982, 0x0423bf83, 0x82000203, 0x229782bf, 0x85051103, 0xfe52229a, 
	0x249d83a1, 0x780104fe, 0x892f82bc, 0x23ef8b9f, 0x25011101, 0xb120a685, 0x5e832e83, 0xbcc0fe24, 0x758288fe, 0xaf893382, 0x24000530, 0x02042140, 
	0x024a0102, 0x00000101, 0x06825701, 0x5f000122, 0x00290982, 0x0303034f, 0x10050305, 0x22c68503, 0x85030313, 0xbcbc28c9, 0xfd8002bc, 0x837801d3, 
	0x8a02204d, 0x000524fb, 0x18154018, 0x2b0ac145, 0x01000100, 0x0211124f, 0x212b1806, 0x1320e382, 0x8784e686, 0xfe800225, 0x82780135, 0x3b00272c, 
	0xa6013600, 0x8341f401, 0x022d2a09, 0x95fea601, 0xdf366b01, 0x421f83df, 0x01261de7, 0x89003a00, 0x3f84f801, 0x2a0f7b41, 0x01132125, 0xdf42fef8, 
	0x826b0189, 0x4127898a, 0x25270a7b, 0x19012103, 0x83be01df, 0x89818222, 0x0a7b418b, 0x03022d24, 0x92850735, 0x829f4821, 0xbffe2394, 0x674262c4, 
	0x8a02202c, 0x266f41a3, 0x1322ba82, 0xbd840727, 0x62626222, 0xfe239d82, 0x419f9fdd, 0xc78905bb, 0x821a6f41, 0x370722d7, 0x22da8423, 0x82c462df, 
	0x82e7203f, 0x0002303d, 0x02dbff37, 0x007d02e9, 0x00070003, 0x8227402a, 0x02032450, 0x47670300, 0x5f2c095b, 0x02010104, 0x00004f01, 0x04050607, 
	0x20082682, 0x06051103, 0x11172b17, 0x21251121, 0x02372111, 0x027dfdb2, 0x25acfd54, 0x5efda202, 0x004a022c, 0x08538600, 0x00680331, 0x001e000b, 
	0x1a3a403d, 0x04131617, 0x4c010403, 0x00020506, 0x0001014a, 0x03040105, 0x00670400, 0x03020203, 0x03030057, 0x01065f02, 0x82020302, 0x1d1e2563, 
	0x0c0d0e0f, 0x0b253882, 0x06071117, 0x27668318, 0x17373636, 0x33070606, 0x232b6e83, 0x07070206, 0x37272626, 0x82171616, 0x287d8217, 0x1d3a1b0d, 
	0x17321a27, 0x3085836f, 0x2b613653, 0x3053252d, 0x1b402442, 0xfe2d5121, 0x26948236, 0x123b753b, 0x84376c36, 0xfe802e9b, 0x590484fa, 0x442954b3, 
	0xcc684788, 0x33eb8264, 0xff3b0001, 0x034802fc, 0x000e0021, 0x070cb306, 0x132b3201, 0x12205c84, 0x6b847482, 0x4c833b20, 0x55983826, 0x419b5c27, 
	0x01215b82, 0x283c835c, 0xa95501b1, 0x77febe12, 0x3b4d82c8, 0x22000100, 0xd701f3ff, 0x2200ed02, 0x28402b00, 0x0312131c, 0x01050100, 0x4c020002, 
	0x01271b82, 0x02000085, 0x82590002, 0x61022b6c, 0x02000200, 0x121f2151, 0xdb820322, 0x3634372e, 0x11173233, 0x17021e33, 0x14151616, 0xf765e382, 
	0x27440805, 0x11272626, 0x22230614, 0x3e4c2226, 0x061f1c23, 0x292d3217, 0x0d1d1428, 0x190c0b15, 0x15241025, 0x3628474d, 0x0b3b2d3c, 0x2d1d5402, 
	0x51222532, 0x3844242e, 0x38180912, 0x2143241f, 0xfe111c0f, 0x245f5370, 0x01366e82, 0x00004600, 0x8a02fc02, 0x19001c00, 0x010f1640, 0x4c010100, 
	0x06820102, 0x002c9282, 0x102a2476, 0x2b190603, 0x052e2321, 0x2005904f, 0xc6461816, 0x0e320808, 0x28b50104, 0x4b4a3c0f, 0x51322740, 0x195b3430, 
	0x30345b19, 0x40273251, 0x2f3c4a4b, 0x4740414b, 0x533e3756, 0x4141362a, 0x3e532a36, 0x40475637, 0x6f824b41, 0x6f8a0220, 0x36003536, 0x010f3340, 
	0x012a0403, 0x4c020300, 0x00040300, 0x80000304, 0x84202582, 0x04238182, 0x82590104, 0x04012c06, 0x04010561, 0x34510401, 0x821a2232, 0x0606228e, 
	0x228e961b, 0x4c262303, 0x1e240532, 0x043e1703, 0x99050846, 0x231134a2, 0x2e324517, 0x463b243b, 0x461d1d46, 0x3a243b46, 0x9645312f, 0x014108b7, 
	0x4054477a, 0x3746313e, 0x2e2e4236, 0x46373642, 0x54403e31, 0x00100000, 0x03c5ff15, 0x00ca021a, 0x0017000b, 0x002f0023, 0x0047003b, 0x005f0053, 
	0x0077006b, 0x008f0083, 0x00a7009b, 0x02bf00b3, 0x056f5e02, 0x007a6e08, 0x00012001, 0x69000107, 0x22030105, 0x02032104, 0x69020306, 0x24070109, 
	0x06032308, 0x6906070b, 0x01250b00, 0x0a0b0c0a, 0x260d0069, 0x0d0f0c01, 0x0111690c, 0x2710280f, 0x0f130e03, 0x1300690e, 0x14120129, 0x00691213, 
	0x14012a15, 0x69141517, 0x2c170119, 0x16032b18, 0x6916171f, 0x1e1a1f00, 0x011d591f, 0x2d1c2e1b, 0x1b1e1a03, 0x2711821a, 0x2f611e1f, 0x1e1f1e01, 
	0x07fe4818, 0x81be7420, 0x13011528, 0x0329142a, 0x84821712, 0x40207ba9, 0x6b08f8fa, 0x83405959, 0xa8a9b4b5, 0x90919c9d, 0x78798485, 0x60616c6d, 
	0x48495455, 0x30313c3d, 0x18192425, 0x00010c0d, 0xbfb4b9bb, 0xadafbfb5, 0xb3a9b3a8, 0xa79ca1a3, 0x9597a79d, 0x9b919b90, 0x8f84898b, 0x7d7f8f85, 
	0x83798378, 0x776c7173, 0x6567776d, 0x6b616b60, 0x5f54595b, 0x4d4f5f55, 0x53495348, 0x473c4143, 0x3537473d, 0x3b313b30, 0x34057b5f, 0x23181d1f, 
	0x11132319, 0x170d170c, 0x0b000507, 0x06300b01, 0xf97d1816, 0x6807200c, 0x1421089e, 0x059c7e06, 0x16323326, 0x05061415, 0x0baf178a, 0x3bba2120, 
	0x8f8b6b8b, 0x0129a78b, 0x18181098, 0x17171110, 0x20078695, 0x210786fb, 0x088672fe, 0x86d90121, 0xbbfd2108, 0x02210886, 0x2108866e, 0x088654fd, 
	0x90a40221, 0x876f2011, 0x86b92011, 0xda012108, 0xfc20598f, 0x02217a8e, 0x2589827b, 0x10111616, 0x08871a18, 0x08870220, 0x11904920, 0x11876b20, 
	0x08870520, 0x08878420, 0x04201090, 0x6c201187, 0x58914690, 0x00207c88, 0x1a240083, 0x01003e01, 0x04820883, 0x07821720, 0x01240b85, 0x17001900, 
	0x02241786, 0x30001400, 0x03240b86, 0x44001600, 0x04240b86, 0x5a000600, 0x052a0b86, 0x60000800, 0x01000300, 0x43820904, 0x6800b022, 0x01240b86, 
	0x18011000, 0x02240b86, 0x28010e00, 0x03240b86, 0x36013600, 0x04240b86, 0x6c012000, 0x05240b86, 0x8c015400, 0x06200b86, 0xe0201782, 0x07240b86, 
	0x00027a00, 0x08240b86, 0x7a021e00, 0x09240b86, 0x98022600, 0x0b240b86, 0xbe023e00, 0x0c200b86, 0x0d240b8a, 0xfc022201, 0x0e241786, 0x1e043600, 
	0xe8820b85, 0x54042e22, 0x01240b86, 0x82043200, 0x02240b86, 0xb4042800, 0x03240b86, 0xdc042c00, 0x04240b86, 0x08050c00, 0x21080b86, 0x05100005, 
	0x72655314, 0x6e616962, 0x636f4c20, 0x7a696c61, 0x46206465, 0x736d726f, 0x676c7542, 0x18927261, 0x65704f29, 0x6963206e, 0x826c6372, 0x69662a2a, 
	0x65727567, 0x6f6c4373, 0x8e0d8273, 0x41290815, 0x776f7272, 0x6e694473, 0x74616267, 0x00430073, 0x0070006f, 0x00720079, 0x00670069, 0x00740068, 
	0x00320020, 0x00310030, 0x20098237, 0x20118254, 0x20078265, 0x22238253, 0x82630065, 0x0072241d, 0x826c0061, 0x82502011, 0x006f2331, 0x1585006a, 
	0x41002024, 0x1d827500, 0x4d826820, 0x73007222, 0x28201f82, 0x74204b84, 0x73243782, 0x2f003a00, 0x67200182, 0x74206182, 0x75241582, 0x2e006200, 
	0x6f224b82, 0x15826d00, 0x47847020, 0x3d826420, 0x69205d83, 0x6e203f82, 0x79204782, 0x2f216f84, 0x20778f00, 0x20119029, 0x20818252, 0x203d8267, 
	0x2097826c, 0x22b98272, 0x8230002e, 0x00352a01, 0x0050003b, 0x004f0052, 0x8f098244, 0x822d2045, 0x82652019, 0x827520ed, 0x826120c9, 0x201f8f7f, 
	0x201f8e20, 0x20638256, 0x85d58272, 0x8c20209d, 0x82202065, 0x007422ad, 0x837d8266, 0x826f20ff, 0x006922df, 0x2613826e, 0x00280020, 0x82310076, 
	0x823820e9, 0x82342003, 0x00372603, 0x0035002d, 0x21038264, 0xc7910062, 0x692093a1, 0x20208182, 0x20206782, 0xbd83b182, 0x74200f83, 0x65209984, 
	0x87835582, 0x1d827220, 0x11826420, 0x07826d20, 0x6b007226, 0x6f002000, 0x20229982, 0x63415000, 0x00202412, 0x82790053, 0x20418351, 0x2259846d, 
	0x82410053, 0x962e2013, 0x8254202d, 0x8270202d, 0x824a205b, 0x82612003, 0x002d22e1, 0x20658242, 0x87e98270, 0x00202287, 0x201b824c, 0x20038276, 
	0x10fb4165, 0x83007721, 0x002e2101, 0x421bed41, 0x54200913, 0xed853f82, 0x0f424620, 0x82202006, 0x826f2099, 0x827420cb, 0x84612047, 0x002021ff, 
	0x6c202185, 0x63200782, 0x6e207382, 0x0741c382, 0x82752005, 0x8264209d, 0x82722011, 0x427420ff, 0x492008bf, 0x20229d82, 0x81824f00, 0x1f826520, 
	0x89002021, 0x8c4c2059, 0x822c2041, 0x0fef4135, 0x2e003123, 0x21038300, 0x99890020, 0x8d87778d, 0x76006124, 0x4f826100, 0x05826c20, 0x6c006222, 
	0x20208582, 0x6921b182, 0x41878300, 0x462405bb, 0x51004100, 0x61206382, 0x3a201382, 0x68200782, 0x25430782, 0x866f200b, 0x866620a1, 0x20678df9, 
	0x2115822e, 0xa7430072, 0x2035b105, 0x248f8253, 0x00620072, 0x209d8269, 0x207b826e, 0x204d824c, 0x830b8263, 0x827a2063, 0x8264201b, 0x84462013, 
	0x006d2661, 0x00420073, 0x20c18275, 0x201f8267, 0x4131a672, 0x6320095d, 0x72223182, 0x3f826300, 0x20059341, 0x200f8266, 0x204f8267, 0x22658272, 
	0x82430073, 0x416f2017, 0x2b9d08af, 0x72004122, 0x6f220182, 0x2f827700, 0x45824420, 0xfd826e20, 0x93826220, 0x0f827420, 0x02000023, 0x23008400, 
	0x320088ff, 0x048e0884, 0x82c80521, 0x012a0810, 0x03000201, 0x04010301, 0x06010501, 0x24000701, 0x26002500, 0x28002700, 0x2a002900, 0x2c002b00, 
	0x2e002d00, 0x30002f00, 0x45823100, 0x00335e08, 0x00350034, 0x00370036, 0x00390038, 0x003b003a, 0x003d003c, 0x00c900ad, 0x00ae00c7, 0x01080162, 
	0x01630009, 0x010b010a, 0x010d010c, 0x010f010e, 0x01110110, 0x01130112, 0x01150114, 0x01170116, 0x00190118, 0x001a0190, 0x001b01fd, 0x001c01ff, 
	0x011d0164, 0x011f011e, 0x00210120, 0x07ff82cb, 0x01c8000b, 0x00230122, 0x012401ca, 0x01260125, 0x01280127, 0x012a0129, 0x012c012b, 0x012e012d, 
	0x0130012f, 0x01320131, 0x00340133, 0x013501f8, 0x01370136, 0x01390138, 0x013b013a, 0x00cf003c, 0x01cd00cc, 0x01ce003d, 0x003f013e, 0x014001fa, 
	0x01420141, 0x01440143, 0x01460145, 0x01480147, 0x014a0149, 0x004c014b, 0x014d01e2, 0x014f014e, 0x01510150, 0x01660052, 0x01540153, 0x00560155, 
	0x00d000d3, 0x00af00d1, 0x01570167, 0x01590158, 0x015b015a, 0x015d015c, 0x015f015e, 0x01610160, 0x01630162, 0x01650164, 0x01670166, 0x01690168, 
	0x0191006a, 0x016c016b, 0x016e016d, 0x0170016f, 0x01b00071, 0x01730172, 0x01750174, 0x01770176, 0x01790178, 0x007b017a, 0x01fb00e4, 0x017d017c, 
	0x017f017e, 0x01810180, 0x01830182, 0x01850184, 0x00870186, 0x00d400d6, 0x008801d5, 0x01890168, 0x018b018a, 0x018d018c, 0x018f018e, 0x01910190, 
	0x01930192, 0x01950194, 0x01970196, 0x01990198, 0x019b019a, 0x019d019c, 0x01eb009e, 0x01bb009f, 0x01a101a0, 0x01a301a2, 0x00a501a4, 0x01a601e6, 
	0x01a801a7, 0x00e900a9, 0x01aa01ed, 0x01ac01ab, 0x01ae01ad, 0x01b001af, 0x01b201b1, 0x01b401b3, 0x01b601b5, 0x01b801b7, 0x01ba01b9, 0x01bc01bb, 
	0x01be01bd, 0x01c001bf, 0x01c201c1, 0x01c401c3, 0x01c601c5, 0x01c801c7, 0x01ca01c9, 0x01cc01cb, 0x01ce01cd, 0x01d001cf, 0x01d201d1, 0x01d401d3, 
	0x01d601d5, 0x01d801d7, 0x01da01d9, 0x01dc01db, 0x01de01dd, 0x01e001df, 0x01e201e1, 0x01e401e3, 0x01e601e5, 0x01e801e7, 0x01ea01e9, 0x01ec01eb, 
	0x01ee01ed, 0x00f001ef, 0x00450044, 0x00470046, 0x00490048, 0x004b004a, 0x004d004c, 0x004f004e, 0x00510050, 0x00530052, 0x00550054, 0x00570056, 
	0x00590058, 0x005b005a, 0x005d005c, 0x0069006a, 0x006d006b, 0x01f1016c, 0x016e00f2, 0x01f401f3, 0x01f601f5, 0x01f801f7, 0x01fa01f9, 0x01fc01fb, 
	0x01fe01fd, 0x020002ff, 0x00020201, 0x000302a0, 0x010402fe, 0x00050200, 0x0206026f, 0x02010107, 0x00090208, 0x00700071, 0x020a0272, 0x0273000b, 
	0x020d020c, 0x020f020e, 0x02110210, 0x02130212, 0x02150214, 0x02170216, 0x02190218, 0x021b021a, 0x02f9001c, 0x021e021d, 0x0220021f, 0x02220221, 
	0x00240223, 0x00740075, 0x00250276, 0x02260277, 0x02280227, 0x022a0229, 0x022c022b, 0x022e022d, 0x0230022f, 0x02320231, 0x02340233, 0x02360235, 
	0x00380237, 0x023902e3, 0x023b023a, 0x023d023c, 0x0278003e, 0x0240023f, 0x00420241, 0x0079007a, 0x007d007b, 0x0243027c, 0x02450244, 0x02470246, 
	0x02490248, 0x024b024a, 0x024d024c, 0x024f024e, 0x02510250, 0x02530252, 0x02550254, 0x02a10056, 0x02580257, 0x025a0259, 0x025c025b, 0x02b1005d, 
	0x025f025e, 0x02610260, 0x02630262, 0x02650264, 0x00e50066, 0x026702fc, 0x02690268, 0x026b026a, 0x0289006c, 0x026e026d, 0x0270026f, 0x02720271, 
	0x007f0073, 0x0280007e, 0x02810074, 0x02760275, 0x02780277, 0x027a0279, 0x027c027b, 0x027e027d, 0x0280027f, 0x02820281, 0x02840283, 0x02860285, 
	0x02880287, 0x008a0289, 0x008b02ec, 0x028c02ba, 0x028e028d, 0x0290028f, 0x02e70091, 0x02930292, 0x00950294, 0x02ee00ea, 0x02970296, 0x02990298, 
	0x029b029a, 0x029d029c, 0x029f029e, 0x02a102a0, 0x02a302a2, 0x02a502a4, 0x02a702a6, 0x02a902a8, 0x02ab02aa, 0x02ad02ac, 0x02af02ae, 0x02b102b0, 
	0x02b302b2, 0x02b502b4, 0x02b702b6, 0x02b902b8, 0x02bb02ba, 0x02bd02bc, 0x02bf02be, 0x02c102c0, 0x02c302c2, 0x02c502c4, 0x02c702c6, 0x02c902c8, 
	0x02cb02ca, 0x02cd02cc, 0x02cf02ce, 0x02d102d0, 0x02d302d2, 0x02d502d4, 0x02d702d6, 0x02d902d8, 0x02db02da, 0x02dd02dc, 0x02df02de, 0x02e102e0, 
	0x02e302e2, 0x02e502e4, 0x02e702e6, 0x02e902e8, 0x02eb02ea, 0x02ed02ec, 0x02ef02ee, 0x02f102f0, 0x02f302f2, 0x02f502f4, 0x02f702f6, 0x02f902f8, 
	0x02fb02fa, 0x02fd02fc, 0x03ff02fe, 0x03010300, 0x03030302, 0x03050304, 0x03070306, 0x03090308, 0x030b030a, 0x030d030c, 0x030f030e, 0x03110310, 
	0x03130312, 0x03150314, 0x03170316, 0x03190318, 0x031b031a, 0x031d031c, 0x031f031e, 0x03210320, 0x03230322, 0x03250324, 0x03270326, 0x03290328, 
	0x032b032a, 0x032d032c, 0x032f032e, 0x03310330, 0x03330332, 0x03350334, 0x03370336, 0x03390338, 0x033b033a, 0x033d033c, 0x033f033e, 0x03410340, 
	0x03430342, 0x03450344, 0x03470346, 0x03490348, 0x034b034a, 0x034d034c, 0x034f034e, 0x03510350, 0x03530352, 0x03550354, 0x03570356, 0x03590358, 
	0x035b035a, 0x035d035c, 0x035f035e, 0x03610360, 0x03630362, 0x03650364, 0x03670366, 0x03690368, 0x036b036a, 0x036d036c, 0x036f036e, 0x03710370, 
	0x03730372, 0x03750374, 0x03770376, 0x03790378, 0x037b037a, 0x037d037c, 0x037f037e, 0x03810380, 0x03830382, 0x03850384, 0x03870386, 0x03890388, 
	0x038b038a, 0x038d038c, 0x038f038e, 0x03910390, 0x03930392, 0x03950394, 0x03970396, 0x03990398, 0x039b039a, 0x039d039c, 0x039f039e, 0x03a103a0, 
	0x03a303a2, 0x03a503a4, 0x03a703a6, 0x03a903a8, 0x03ab03aa, 0x03ad03ac, 0x03af03ae, 0x03b103b0, 0x03b303b2, 0x03b503b4, 0x03b703b6, 0x03b903b8, 
	0x03bb03ba, 0x03bd03bc, 0x03bf03be, 0x03c103c0, 0x03c303c2, 0x03c503c4, 0x03c703c6, 0x03c903c8, 0x03cb03ca, 0x03cd03cc, 0x03cf03ce, 0x03d103d0, 
	0x03d303d2, 0x03d503d4, 0x03d703d6, 0x03d903d8, 0x03db03da, 0x03dd03dc, 0x03df03de, 0x03e103e0, 0x03e303e2, 0x03e503e4, 0x03e703e6, 0x03e903e8, 
	0x03eb03ea, 0x03ed03ec, 0x03ef03ee, 0x03f103f0, 0x03f303f2, 0x03f503f4, 0x03f703f6, 0x03f903f8, 0x03fb03fa, 0x03fd03fc, 0x04ff03fe, 0x04010400, 
	0x04030402, 0x04050404, 0x04070406, 0x04090408, 0x040b040a, 0x040d040c, 0x040f040e, 0x04110410, 0x04130412, 0x04150414, 0x04170416, 0x04190418, 
	0x041b041a, 0x041d041c, 0x041f041e, 0x04210420, 0x04230422, 0x04250424, 0x04270426, 0x04290428, 0x042b042a, 0x042d042c, 0x042f042e, 0x04310430, 
	0x04330432, 0x04350434, 0x04370436, 0x04390438, 0x043b043a, 0x043d043c, 0x043f043e, 0x04410440, 0x04430442, 0x04450444, 0x04470446, 0x04490448, 
	0x044b044a, 0x0443004c, 0x048d004d, 0x04d8004e, 0x04e1004f, 0x00510450, 0x005204d9, 0x0053048e, 0x005404da, 0x005504db, 0x005604dd, 0x005704df, 
	0x005804dc, 0x04e000de, 0x045a0459, 0x045c045b, 0x045e045d, 0x0460045f, 0x04620461, 0x04640463, 0x04660465, 0x04680467, 0x046a0469, 0x046c046b, 
	0x046e046d, 0x0470046f, 0x04720471, 0x04740473, 0x04760475, 0x04780477, 0x047a0479, 0x047c047b, 0x047e047d, 0x0480047f, 0x04820481, 0x04840483, 
	0x04860485, 0x04880487, 0x048a0489, 0x048c048b, 0x048e048d, 0x0490048f, 0x04920491, 0x04940493, 0x04960495, 0x04980497, 0x049a0499, 0x049c049b, 
	0x049e049d, 0x04a0049f, 0x04a204a1, 0x04a404a3, 0x04a604a5, 0x04a804a7, 0x04aa04a9, 0x04ac04ab, 0x04ae04ad, 0x04b004af, 0x04b204b1, 0x04b404b3, 
	0x04b604b5, 0x04b804b7, 0x04ba04b9, 0x04bc04bb, 0x000f00bd, 0x001d001e, 0x00ab0011, 0x04be0410, 0x000400bf, 0x00c004a3, 0x04a20022, 0x00b600c1, 
	0x00b400b7, 0x00c400b5, 0x000a00c5, 0x04c20405, 0x00be00c3, 0x04c404bf, 0x00a900c5, 0x04c604aa, 0x04c804c7, 0x04ca04c9, 0x04cc04cb, 0x04ce04cd, 
	0x04d004cf, 0x001200d1, 0x04d2043f, 0x005f00d3, 0x04b200e8, 0x00d504d4, 0x04b30042, 0x00d704d6, 0x00d80487, 0x04d904c3, 0x000b00da, 0x04db040c, 
	0x003e00dc, 0x04dd0440, 0x005e00de, 0x04df0460, 0x000d00e0, 0x00c20082, 0x00880086, 0x04e10423, 0x008b00e2, 0x00e3048a, 0x00e4048c, 0x009e009d, 
	0x00e50406, 0x00840007, 0x00a60085, 0x00e60496, 0x04e704f7, 0x04e904e8, 0x04eb04ea, 0x04ed04ec, 0x04ef04ee, 0x04f104f0, 0x04f304f2, 0x04f504f4, 
	0x00f704f6, 0x00140013, 0x00160015, 0x00180017, 0x001a0019, 0x041c001b, 0x04f904f8, 0x04fb04fa, 0x04fd04fc, 0x05ff04fe, 0x05010500, 0x05030502, 
	0x05050504, 0x05070506, 0x05090508, 0x050b050a, 0x050d050c, 0x050f050e, 0x05110510, 0x05130512, 0x05150514, 0x05170516, 0x05190518, 0x051b051a, 
	0x051d051c, 0x051f051e, 0x05210520, 0x05230522, 0x05250524, 0x05270526, 0x05290528, 0x052b052a, 0x052d052c, 0x052f052e, 0x05310530, 0x05330532, 
	0x05350534, 0x05370536, 0x05390538, 0x00f1003a, 0x05f300f2, 0x053c053b, 0x053e053d, 0x0540053f, 0x05420541, 0x05440543, 0x05460545, 0x05480547, 
	0x054a0549, 0x054c054b, 0x054e054d, 0x0550054f, 0x05520551, 0x05540553, 0x05560555, 0x05580557, 0x055a0559, 0x055c055b, 0x055e055d, 0x0560055f, 
	0x05620561, 0x05640563, 0x05660565, 0x00680567, 0x006905bc, 0x056a05f4, 0x00f5006b, 0x056c05f6, 0x056e056d, 0x0008006f, 0x000e00c6, 0x009300ef, 
	0x00b800f0, 0x008f0020, 0x00a70061, 0x001f0041, 0x00940021, 0x00a40095, 0x009200bd, 0x00a800b9, 0x0098009f, 0x00a5009c, 0x059a0099, 0x00710570, 
	0x0597009b, 0x00730572, 0x05740583, 0x05090075, 0x05770576, 0x05790578, 0x057b057a, 0x057d057c, 0x057f057e, 0x05810580, 0x05830582, 0x05850584, 
	0x05870586, 0x05890588, 0x058b058a, 0x058d058c, 0x058f058e, 0x00910590, 0x059205c0, 0x05940593, 0x00960595, 0x059705c1, 0x05990598, 0x059b059a, 
	0x059d059c, 0x059f059e, 0x05a105a0, 0x05a305a2, 0x05a505a4, 0x05a705a6, 0x05a905a8, 0x05ab05aa, 0x05ad05ac, 0x05af05ae, 0x05b105b0, 0x05b305b2, 
	0x05b505b4, 0x05b705b6, 0x05b905b8, 0x05bb05ba, 0x05bd05bc, 0x05bf05be, 0x05c105c0, 0x05c305c2, 0x05c505c4, 0x05c705c6, 0x05c905c8, 0x02cb05ca, 
	0x500b5243, 0x7030069e, 0x10656361, 0x636e7570, 0x74617574, 0x736e6f69, 0x09231083, 0x86696874, 0x61682309, 0x13847269, 0x657a0e29, 0x69776f72, 
	0x84687464, 0x072b080e, 0x63616d41, 0x066e6f72, 0x65726241, 0x410a6576, 0x676e6972, 0x74756361, 0x64410965, 0x6562746f, 0x07776f6c, 0x6f676f41, 
	0x826b656e, 0x6c623011, 0x76617267, 0x69410e65, 0x7265766e, 0x84646574, 0x850b2035, 0x2036843c, 0x870b850e, 0x841a863b, 0x850f2035, 0x6f68281a, 
	0x62616b6f, 0x8665766f, 0x6974301b, 0x1065646c, 0x72696341, 0x666d7563, 0x8478656c, 0x8a132047, 0x8b4c8710, 0x20518424, 0x88248a14, 0x84258b56, 
	0x410a215b, 0x07221b88, 0x5d844541, 0x89430b21, 0x430a216e, 0x612e5f82, 0x6e656363, 0x63430d74, 0x6c696465, 0x2484616c, 0x63440626, 0x6e6f7261, 
	0x72250682, 0x0974616f, 0x2c868744, 0x696c440a, 0x6562656e, 0x06776f6c, 0x20228545, 0x21688445, 0x4c414507, 0x62452706, 0x65766572, 0x5888450a, 
	0x41450721, 0x12830642, 0x09223984, 0x4c416445, 0x41452007, 0x10210c4c, 0x0f094145, 0x0941108a, 0x41138a08, 0x108a0509, 0x4a8bed88, 0x0a21a084, 
	0x201b8845, 0x84ab860c, 0x840c873d, 0x450d21f6, 0x84060441, 0x470b21c4, 0x0a218e89, 0x26d08847, 0x6f63470c, 0x41616d6d, 0x06280536, 0x72616347, 
	0x47076e6f, 0x0b21fe85, 0x26328948, 0x61624804, 0x42480972, 0x4820080e, 0x62265484, 0x776f6c65, 0x93844906, 0x85490721, 0x49062135, 0x07211a84, 
	0x06294149, 0x33874920, 0x41490921, 0x49200829, 0x210c2941, 0xcd88490a, 0x64490e29, 0x65726569, 0x84736973, 0x490224c2, 0x844a064a, 0x4a0b2109, 
	0x0c218b89, 0x20b38b4b, 0x211f844c, 0xba844c06, 0x8a4c0c21, 0x4c04211a, 0x09207a82, 0xa7840483, 0x414c0a21, 0x092108ee, 0x2194874d, 0x3e854e06, 
	0x3e854e20, 0x3e8a4e20, 0x414e0a21, 0x09200825, 0x44850a83, 0x44884e20, 0x864f0721, 0x844f20f0, 0x4f0d2ff0, 0x676e7568, 0x6d757261, 0x7475616c, 
	0x75434f09, 0x414f2008, 0x4f200608, 0x4f20fe88, 0x0f21fe8c, 0x85f3874f, 0x4f0c264f, 0x646c6974, 0x200c8565, 0x41478310, 0x1087059d, 0x200f5642, 
	0x4210894f, 0x138a0856, 0x61726725, 0x8a146576, 0x086c4110, 0x148a1020, 0x0a217284, 0x201b884f, 0x2584850b, 0x74756361, 0x0b850e65, 0x0c20a587, 
	0x5884f786, 0x28840c87, 0x734f0b26, 0x6873616c, 0x05200b84, 0x72214b82, 0x2151836e, 0x10846e72, 0x10840d20, 0x84087b43, 0x2042840d, 0x880a840e, 
	0x84328579, 0x5206218f, 0x06213984, 0x059c4152, 0x9c415220, 0x5209210a, 0x20084d41, 0x0c4d4152, 0xee441882, 0x520a2106, 0x2608aa41, 0x7265470a, 
	0x826e616d, 0x06732232, 0x21538453, 0x3541530b, 0x530c2109, 0x0a21588a, 0x09f54153, 0x62250a83, 0x776f6c65, 0x8834850f, 0x530f2119, 0x0f889184, 
	0x29881220, 0x06211288, 0x20b48554, 0x265b8a54, 0x61625404, 0x43540872, 0x09210696, 0x080c4154, 0xa9885420, 0x84550621, 0x550721f9, 0x2e05ed41, 
	0x72625506, 0x05657665, 0x6e697255, 0x42550d67, 0x07210b61, 0x06574255, 0x60435520, 0x41552008, 0x55200813, 0x210c1341, 0x5d41550a, 0x850b2008, 
	0x6361255f, 0x0f657475, 0xd8416486, 0x82052007, 0x6e722126, 0xb2412c83, 0x88108407, 0x410d84a5, 0x0a8405b2, 0x32855488, 0x0621b884, 0x21208457, 
	0x61845706, 0x41570b21, 0x09210965, 0x21678757, 0x23845906, 0x89590b21, 0x5906211c, 0x07213d84, 0x21f68559, 0x74885909, 0x65895920, 0x0a431483, 
	0x5a062105, 0x0a215e84, 0x086e415a, 0x0a830920, 0x6c656236, 0x5305776f, 0x61776863, 0x676e4503, 0x696e7507, 0x34433130, 0x37200786, 0x41200786, 
	0x34220784, 0x07863230, 0x34221f85, 0x0f863530, 0x07863620, 0x34222f85, 0x0f863830, 0x07863920, 0x42203f87, 0x46200f86, 0x31210785, 0x20078630, 
	0x86078631, 0x3331215f, 0x30200f85, 0x39200786, 0x77861787, 0x77873120, 0x7f863787, 0x7f863120, 0x7f863120, 0x7f863120, 0x3f874520, 0x43208787, 
	0x31205f85, 0x31208f86, 0x44200f87, 0x45201786, 0xa7860786, 0x85303221, 0x8632200f, 0x8632206f, 0x8632204f, 0x8630209f, 0x8645202f, 0x86322007, 
	0x863220a7, 0x863220a7, 0x8632209f, 0x8632209f, 0x8632209f, 0x8632209f, 0x86322097, 0x8632208f, 0x8632208f, 0x8732208f, 0x218f8657, 0x8f853039, 
	0x37863920, 0x5f863920, 0x97864220, 0x07864120, 0x17864220, 0x3f864120, 0x37864220, 0x37864220, 0x0f864320, 0x8f864420, 0x07864520, 0x3f863620, 
	0x07873720, 0x750b342c, 0x3430696e, 0x622e3431, 0x0b867267, 0x0b8a3620, 0x0b8a4120, 0x0b834220, 0x42610721, 0x06210595, 0x055b4961, 0x5b496120, 
	0x45612009, 0x612008e5, 0x20068d43, 0x08834361, 0x83436120, 0x850b200c, 0x055b493c, 0x4c470b85, 0x490e8508, 0x0b85055b, 0x8608f442, 0x055b4936, 
	0xfa456120, 0x45108a0f, 0x138a08fa, 0x8a055b49, 0x20568810, 0x49148a10, 0x6120055b, 0x07221b88, 0xa5846561, 0x89630b21, 0x630a216e, 0x21086943, 
	0x5b49630d, 0x6364270c, 0x6e6f7261, 0xb0436409, 0x44642008, 0x652009cb, 0x06211b84, 0x05544965, 0x2106d146, 0x45416506, 0x88652005, 0x65072151, 
	0x83063b41, 0x65622612, 0x09776f6c, 0x08454165, 0x45416520, 0x6510210c, 0x8a0f0241, 0x08024110, 0x0241138a, 0x88108a05, 0x494a8be6, 0x65200554, 
	0x0c201b88, 0x5449ab86, 0x490c8605, 0x65200554, 0x200c5449, 0x218e8967, 0xd088670a, 0x45670c21, 0x06210af4, 0x05544967, 0x44426720, 0x680b2105, 
	0x04263289, 0x72616268, 0x07426809, 0x49682008, 0x69200a54, 0x20055449, 0x21358569, 0x1a846906, 0x88690a21, 0x69072163, 0x83063441, 0x65622512, 
	0x08776f6c, 0x6c250983, 0x09737365, 0x083d4169, 0x3d416920, 0x690a210c, 0x0e21e188, 0x0d684969, 0x066a6923, 0x21e0846a, 0x9f896a0b, 0x826a0821, 
	0x2151836e, 0xd08a6b0c, 0x676b0c2e, 0x6e656572, 0x646e616c, 0x6c066369, 0x06213584, 0x21e4846c, 0x278a6c0c, 0x826c0421, 0x8309203d, 0x057e4904, 
	0x18426c20, 0x6d092108, 0x48087e49, 0x0621051b, 0x203e856e, 0x213e8a6e, 0xeb886e0a, 0x0a830920, 0x6e204485, 0x07214488, 0x061a416f, 0x72626f27, 
	0x0d657665, 0x0b1c476f, 0x436f0921, 0x6f200898, 0x20062741, 0x0814416f, 0x14416f20, 0x6f0f210c, 0x200e7e49, 0x0b7e496f, 0x7e494783, 0x426f200c, 
	0x108a0f80, 0x10207387, 0x6725138a, 0x65766172, 0x41108a14, 0x258b0882, 0x20057e49, 0x201b886f, 0x2584850b, 0x74756361, 0x0b850e65, 0x86087e49, 
	0x057e49f7, 0x28840c86, 0x496f0b21, 0x4b820a7e, 0x0a6e7222, 0x7e490584, 0x430a8405, 0x0d8408a5, 0x84057e49, 0x8579880a, 0x218f8432, 0x39847206, 
	0x41720621, 0x7220059c, 0x210a9c41, 0x4d417209, 0x41722008, 0x18820c4d, 0x20077e49, 0x08aa4172, 0xcd4b0620, 0x730b2105, 0x21093b41, 0x4d8a730c, 
	0x41730a21, 0x0a8309ea, 0x85057349, 0x21198834, 0x7349730f, 0x8829880e, 0x74062122, 0x7420a985, 0x04265b8a, 0x72616274, 0xb5437408, 0x74092106, 
	0x20080141, 0x829e8874, 0x06744c14, 0x49750621, 0x7520057d, 0x27065a42, 0x65726275, 0x75056576, 0x6722e382, 0x7d49750d, 0x4275200c, 0x75200656, 
	0x20087d49, 0x08124175, 0x12417520, 0x750a210c, 0x20085c41, 0x255f850b, 0x74756361, 0x64860f65, 0x82087d49, 0x6e722126, 0x7d492c83, 0x88108407, 
	0x410d84af, 0x0a8405b1, 0x32855488, 0x20057d49, 0x21208477, 0x61847706, 0x41770b21, 0x0921096f, 0x21678777, 0x23847906, 0x89790b21, 0x7906211c, 
	0x20057d49, 0x21f68579, 0x74887909, 0x65897920, 0x09431483, 0x7a062105, 0x20057d49, 0x0878417a, 0x0a830920, 0x6c65622c, 0x7305776f, 0x61776863, 
	0x7d496503, 0x05b54708, 0x48433121, 0x3121051d, 0x060d4843, 0x47303321, 0x332105f5, 0x47078631, 0x3320069d, 0x20068548, 0x20078635, 0x20078639, 
	0x06854833, 0x85483320, 0x87352006, 0x215f8537, 0x8d483334, 0x47332006, 0x332006f5, 0x34216f85, 0x483f8745, 0x35200625, 0x9d487f87, 0x87332006, 
	0x069d480f, 0x5d483320, 0x48332006, 0x3421069d, 0x219f8530, 0x07863134, 0x3420a786, 0x35205786, 0x45202f86, 0xa7862f87, 0xa7863420, 0x9f863420, 
	0x9f863420, 0x9f863420, 0x9f863420, 0x97863420, 0x8f863420, 0x8f863420, 0x8f863420, 0x5f863420, 0x5f863420, 0x7f863520, 0x67863520, 0x67863520, 
	0x67863520, 0x67863520, 0x67863520, 0x67863520, 0x67863520, 0x67863520, 0x4f863520, 0x85313921, 0x863920d7, 0x86392017, 0x8642203f, 0x864120df, 
	0x86422007, 0x86412017, 0x86422037, 0x86422037, 0x86432037, 0x86442017, 0x8645206f, 0x86362007, 0x8737203f, 0x0b352807, 0x30696e75, 0x49323334, 
	0x33210965, 0x490b8a33, 0x33200a95, 0x210a9549, 0x238a3733, 0x0b8a3820, 0x0b8a3920, 0x210ab949, 0x178a4233, 0x0b8a4420, 0x0b894620, 0x838a3420, 
	0x6b8a3420, 0x6b8a3420, 0x6b8a3420, 0x6b8a3420, 0x6b8a3420, 0x8a433421, 0x83452053, 0x850c200b, 0x2e3125e3, 0x6c636f6c, 0x33200c86, 0x34200c8b, 
	0x46200c8b, 0x93820c8a, 0x04263383, 0x63732e61, 0x04836204, 0x04836320, 0x04836420, 0x04836520, 0x04836620, 0x04836720, 0x04836820, 0x04836920, 
	0x04836a20, 0x04836b20, 0x04836c20, 0x04836d20, 0x04836e20, 0x04836f20, 0x04837020, 0x04837120, 0x04837220, 0x04837320, 0x04837420, 0x04837520, 
	0x04837620, 0x04837720, 0x04837820, 0x04837920, 0x04827a20, 0x67610926, 0x65766172, 0x61230984, 0x83747563, 0x4a0e2009, 0x18840a35, 0x6c697423, 
	0x21188364, 0x5d44610c, 0x20168207, 0x062e4b0a, 0x62222184, 0x44846572, 0x72610825, 0x82676e69, 0x4b0d2012, 0x0d82093d, 0x2e463882, 0x45388406, 
	0x17850553, 0x82065553, 0x4b11200c, 0x11820d49, 0x4c4b0e20, 0x8420840a, 0x07b54466, 0xc2872089, 0x554b1220, 0x8721890e, 0x4b1320c1, 0x22820f5b, 
	0x5e4b1620, 0x8b168212, 0x2060872a, 0x13644b17, 0x6a872b8e, 0x6a4b0d20, 0x22218209, 0x84656105, 0x05734bfa, 0x09210a82, 0x086e4163, 0x840a804b, 
	0x61632418, 0x826e6f72, 0x4b0d2009, 0x0d82098d, 0x904b0b20, 0x200b8207, 0x0c9c4b10, 0x09201082, 0x85059f4b, 0x6f722309, 0x09827461, 0xac4b0c20, 
	0x200c8208, 0x09af4b0d, 0x09210d82, 0x08f54165, 0x0e209088, 0x840a3d4b, 0x20868722, 0x05d84b09, 0x0c211382, 0x0bff4165, 0x84062f4b, 0x4162202b, 
	0x0d2006ff, 0x8209ee4b, 0x4b0a2017, 0x3a8506f1, 0x82090142, 0x0af64147, 0x820dfa4b, 0x4b13202b, 0x13820ffd, 0x004c1620, 0x412a8e12, 0x064c08a4, 
	0x412b8e13, 0x0c4c08a4, 0x20218209, 0x87d2860f, 0x410f8749, 0x102007a9, 0x820c154c, 0x4c0e2030, 0x0e820a18, 0x41670921, 0x254c0807, 0x20178209, 
	0x0b284c0f, 0x5b412784, 0x670a2107, 0x82058b47, 0x4c0e2014, 0x0e820a31, 0x62680724, 0x07827261, 0x374c0c20, 0x4c238408, 0x0e82093a, 0x41690921, 
	0x692008c6, 0x20084d42, 0x09f04769, 0xbc432284, 0x080a4c08, 0x0a201682, 0x8406704c, 0x4cb48821, 0x22840976, 0x4c09a643, 0x1782087c, 0x7f4c0b20, 
	0x200b8207, 0x08824c0c, 0x11200c82, 0x820d854c, 0x4c0d2011, 0x1f840988, 0x820c8b4c, 0x69052211, 0x2005826a, 0x05914c09, 0x0e200982, 0x820a944c, 
	0x4c0f200e, 0x0f840b8e, 0x820a914c, 0x4c09200f, 0x09840594, 0x20075041, 0x0b9a4c0f, 0x73241984, 0x6873616c, 0x07240982, 0x746f646c, 0x0c200782, 
	0x62240783, 0x776f6c65, 0x0d200c82, 0x8209ad4c, 0x4c0c200d, 0x0c8208b0, 0xb34c0920, 0x43098405, 0x6e20080a, 0x20074d41, 0x0bc34c0f, 0x0d202382, 
	0x8209c64c, 0x4c0c200d, 0x1a8408c9, 0x8208824a, 0x6f09210d, 0x2008b341, 0x08b3416f, 0x840a374c, 0x08b34122, 0x8208b44c, 0x4c0a2016, 0x21840604, 
	0x2007b341, 0x0c0f4d10, 0x0c201a82, 0x8408124d, 0x09c34132, 0x8208184d, 0x4d112017, 0x11820d1b, 0x1e4d1220, 0x2012820e, 0x0b214d0f, 0x13200f82, 
	0x840f244d, 0x0e274d13, 0x16201382, 0x8e122a4d, 0x08aa432a, 0x8e13304d, 0x08aa432b, 0x8209364d, 0x062d4d21, 0x20074141, 0x0d3c4d11, 0x5943bd84, 
	0x08cb4305, 0x820b424d, 0x4d09201f, 0x4a840545, 0x82094f4d, 0x8208200e, 0x6e722167, 0x0d200882, 0x8209554d, 0x4d10200d, 0x1e880c58, 0x11205e87, 
	0x880d5e4d, 0x22bd871f, 0x82656f05, 0x4d092013, 0x0984056a, 0x4d08b142, 0x19820b70, 0x734d0c20, 0x200c8208, 0x0d764d11, 0x48451e85, 0x4d0d2009, 
	0x1a82097c, 0x56670d21, 0x0d8208fe, 0x584d0920, 0x20098205, 0x0a904d0e, 0x7a871884, 0x4d730b21, 0x1582062f, 0xa94d0f20, 0x200f820b, 0x09ac4d0d, 
	0x0c200d82, 0x8208854d, 0x4d12200c, 0x12840eb2, 0x820db54d, 0x4d152012, 0x158211b8, 0xbb4d0920, 0x20098205, 0x0bbe4d0f, 0x07210f82, 0x05f04474, 
	0xc44d0b20, 0x20138207, 0x08c74d0c, 0x0d200c82, 0x8509ca4d, 0x06cd4d1a, 0x09210c82, 0x08544375, 0x54437520, 0x45752008, 0x934d0d08, 0x212c8205, 
	0xc546750c, 0x069e4d0b, 0xc5484484, 0x48752008, 0x102006c5, 0x820c0c4e, 0x4e0a2023, 0x4685060f, 0x82098841, 0x0ad14653, 0x820d184e, 0x4e0d202b, 
	0x0d82091b, 0x1e4e0e20, 0x200e820a, 0x0e214e12, 0x08201282, 0x83422f82, 0x46088405, 0x2a4e087f, 0x2157860c, 0x83426e72, 0x0d304e08, 0x83421f88, 
	0x4e092007, 0x17820536, 0x394e0920, 0x20098205, 0x0a3c4e0e, 0x0c200e82, 0x82083f4e, 0x4e09200c, 0x09840542, 0x4e085541, 0x18820a4f, 0x41790c21, 
	0x09200a4b, 0x82055f4e, 0x4e0a2016, 0x21850662, 0x20092641, 0x09684e0d, 0x0d201a82, 0x82096b4e, 0x4e09200d, 0x0984056e, 0x4e080149, 0x1782097b, 
	0x7e4e0c20, 0x250c8208, 0x68637308, 0x08826177, 0x6e650623, 0x21068467, 0x06826874, 0x68740825, 0x826e726f, 0x640a2208, 0x2245877a, 0x826a6c05, 
	0x6e052110, 0x0a270583, 0x30696e75, 0x82323534, 0x200a8610, 0x200a8934, 0x200a8935, 0x200a8936, 0x200a8937, 0x200a8938, 0x200a8939, 0x200a8941, 
	0x200a8942, 0x210a8846, 0x0a893033, 0x0a893120, 0x33218389, 0x20158833, 0x200a8935, 0x200a8939, 0x20a48933, 0x8aa48a33, 0x20af894c, 0x20af8933, 
	0x20af8933, 0x20af8933, 0x8a578a45, 0x884320ba, 0x89332083, 0x8a3320c5, 0x89442015, 0x89452020, 0x20e6890a, 0x20e68934, 0x20998934, 0x20e68934, 
	0x20788934, 0x20418935, 0x89418a45, 0x893420e6, 0x893420e6, 0x893420db, 0x893420db, 0x893420db, 0x893420db, 0x893420d0, 0x893420c5, 0x893420c5, 
	0x893420c5, 0x89342083, 0x89362083, 0x8a3720a4, 0x208e890a, 0x20db8939, 0x208e8939, 0x206d8939, 0x20368941, 0x20578941, 0x20368942, 0x20208942, 
	0x20418942, 0x20418942, 0x20368943, 0x20db8944, 0x200a8345, 0x05564f0e, 0x622e3427, 0x732e7267, 0x200e8663, 0x200e8642, 0x0b904e0f, 0x32201e89, 
	0x33202d8d, 0xb14e2d8d, 0x862d8205, 0x05b44e3d, 0x36203d89, 0x37203d8d, 0x38200e8d, 0x39200e8d, 0x41200e8d, 0x44200e8d, 0x46200e8d, 0x204f888d, 
	0x4f788805, 0x978805b7, 0x8906324f, 0x4f978d1e, 0x1d8905cd, 0xd34f978d, 0x8d1d8905, 0x05d94f97, 0x45201d89, 0x0a2c9786, 0x75732e61, 0x69726570, 
	0x620a726f, 0x63200a89, 0x64200a89, 0x65200a89, 0x66200a89, 0x67200a89, 0x68200a89, 0x69200a89, 0x6a200a89, 0x6b200a89, 0x6c200a89, 0x6d200a89, 
	0x6e200a89, 0x6f200a89, 0x70200a89, 0x71200a89, 0x72200a89, 0x73200a89, 0x74200a89, 0x75200a89, 0x76200a89, 0x77200a89, 0x78200a89, 0x79200a89, 
	0x7a200a89, 0x77460a89, 0x61632405, 0x460a6573, 0x0a83051e, 0x75470f20, 0x451a840a, 0x0a830585, 0x0a840d20, 0x6d6f6328, 0x6c612e62, 0x96460a74, 
	0x46188405, 0x0d830844, 0xb8490b20, 0x842e2005, 0x0592473d, 0x09240a83, 0x676e6972, 0x11201484, 0x840ba155, 0x540e2011, 0x0e8408a2, 0x99840920, 
	0x0e206883, 0x18850988, 0x1884a784, 0x18840988, 0xb5890e20, 0x13201d83, 0x22840e8d, 0xbd880920, 0x09880e20, 0xc8841885, 0x09885484, 0x0c201884, 
	0x1b83d687, 0x0c8b1120, 0x0a201e84, 0x1c83e785, 0x0a890f20, 0x09201a84, 0x5284f684, 0x18840988, 0x69720824, 0x1783676e, 0x08870d20, 0x10201684, 
	0x830b1141, 0x8f15201e, 0x20268410, 0x0826410d, 0x12202383, 0x20850d8c, 0x84080756, 0x840d8c20, 0x84112020, 0x07f7568e, 0x16202483, 0x28841190, 
	0x25570c20, 0x49fb8507, 0x0c83061c, 0x08241e84, 0x6e726f68, 0x0887c784, 0x0c201684, 0x8507db51, 0x06384835, 0x43413588, 0x65622408, 0x84776f6c, 
	0x0755417d, 0x47841188, 0x19580f20, 0x210a820a, 0x0f8e1462, 0x14852484, 0x7275742a, 0x6164656e, 0x65766f62, 0x62212482, 0x8e298419, 0x202e8414, 
	0x062b4b0b, 0x62212082, 0x840b8a10, 0x4d0a201c, 0x1b830567, 0x0a890f20, 0x0e201a84, 0x8309b24f, 0x8d13201e, 0x4122840e, 0xc38806fe, 0x0e421420, 
	0x37d38d05, 0x72657016, 0x63646f69, 0x65746e65, 0x2e646572, 0x6c636f6c, 0x1b544143, 0x57841695, 0x1b961920, 0x08637331, 0x6d697270, 0x646f6d65, 
	0x756f640e, 0x87656c62, 0x610d290e, 0x74736f70, 0x68706f72, 0x0c411c84, 0x2e2b820a, 0x6e69720d, 0x6c616867, 0x67697266, 0x870c7468, 0x656c2f0d, 
	0x760f7466, 0x69747265, 0x6c6c6163, 0x39836e69, 0x6966102b, 0x74747372, 0x63656e6f, 0x28118268, 0x73116573, 0x6e6f6365, 0x25118b64, 0x72756f66, 
	0x118a6874, 0x448b1220, 0x776f6c22, 0x32507283, 0x8c12200c, 0x24e2840d, 0x6c69740d, 0x08965264, 0x0d8c1220, 0x0e202084, 0x200df65b, 0x840e8d13, 
	0x0ab24422, 0x75636125, 0x4e146574, 0xd7440fd3, 0x7267230e, 0x248b7661, 0x44090745, 0x3b430a37, 0x89182008, 0x8f13884d, 0x8ab68476, 0x091a4576, 
	0x72620a24, 0xa3537665, 0x890f2005, 0x0a1b450a, 0x1a857c84, 0x73428789, 0x426e8805, 0x7d8d0573, 0x68845885, 0x73893d85, 0x25068045, 0x74756361, 
	0x8a421065, 0x09df4505, 0x6b841c86, 0x77891c86, 0x535d0b20, 0x840b8a0b, 0x440f20af, 0x5385086f, 0x0f8e1420, 0x15462484, 0x206e8405, 0x8940840f, 
	0x850e2079, 0x07c04136, 0x0e8d1320, 0x0e203d84, 0x57882d84, 0x0e8d1320, 0xa84e2285, 0x8d13200d, 0x2922840e, 0x72796308, 0x76657262, 0x08870d65, 
	0x0c201684, 0x632e0d87, 0x09626d6f, 0x68707968, 0x77746e65, 0x09850b6f, 0x0f2a2284, 0x6c637865, 0x6f646d61, 0x0f846e77, 0x75711128, 0x69747365, 
	0x11886e6f, 0x696d0627, 0x6574756e, 0x050e4306, 0x7567122d, 0x69736c69, 0x6c6c676e, 0x84746665, 0x88132032, 0x69722312, 0x13856867, 0x6c242684, 
	0x746f6d65, 0x1284268d, 0x09202689, 0x2e237d85, 0x8a0d6373, 0x63732287, 0x8285870b, 0x8c0f2019, 0x63732791, 0x6f75710e, 0x82846574, 0x1e826520, 
	0x0e822a82, 0x6c626422, 0x0b852a85, 0x73227484, 0x2a841063, 0x71851b82, 0x0c637322, 0x1d861084, 0x0c840d20, 0x0a251a87, 0x73616c73, 0x24d08468, 
	0x6361620e, 0x230e896b, 0x646e650b, 0x0a201a87, 0x83050d6d, 0x650b220f, 0x3d16886d, 0x726f680d, 0x6e6f7a69, 0x626c6174, 0x620e7261, 0x656c6c75, 
	0x65706f74, 0x6f746172, 0xd3441372, 0x6163240e, 0x8e116573, 0x24d68213, 0x65726170, 0x082d416e, 0x0e840f20, 0x22092941, 0x82726210, 0x41652094, 
	0x1120094e, 0x22891086, 0x11830e20, 0x41896520, 0x1e890e84, 0x74610526, 0x0763732e, 0x80830582, 0x75072a08, 0x3132696e, 0x730b3731, 0x69767265, 
	0x616d6563, 0x45046b72, 0x096f7275, 0x6f6c6f63, 0x6769736e, 0x696c046e, 0x6e056172, 0x34058261, 0x73657006, 0x03617465, 0x046e6f77, 0x676e6f64, 
	0x70696b03, 0x3a138204, 0x7567076f, 0x6e617261, 0x65630469, 0x720b6964, 0x65657075, 0x69646e49, 0x830b6e61, 0x7554323c, 0x73696b72, 0x616d0568, 
	0x0574616e, 0x6c627572, 0x22778465, 0x86344230, 0x84382007, 0x31312807, 0x657a0936, 0x832e6f72, 0x6e0d2604, 0x65626d75, 0x23818372, 0x07504c2e, 
	0x07829383, 0x6f640926, 0x72616c6c, 0x07240982, 0x746e6563, 0x0b280782, 0x72657473, 0x676e696c, 0x09260b82, 0x726f6c66, 0x09826e69, 0x65840820, 
	0x0a200882, 0x6882e083, 0x38200a89, 0x6e820a87, 0x06220a82, 0x30836579, 0x78840c20, 0x616c7324, 0x6d826873, 0x4c250c84, 0x6e6f0650, 0x22228365, 
	0x826f7774, 0x74082406, 0x83657268, 0x6607230f, 0x8284756f, 0x76696622, 0x73221f84, 0x1f837869, 0x76657322, 0x08244b84, 0x68676965, 0x07229b83, 
	0x4084696e, 0x4f21cb8b, 0x21cb8554, 0xcb87544f, 0xcb841182, 0x89544f21, 0x861d82cb, 0x544f21cb, 0x4f21cb86, 0x88cb8854, 0x2e38210a, 0xcb830a86, 
	0x84544f21, 0x544f21cb, 0x5b82cb8a, 0x1b82cb84, 0x0682cb83, 0x5382cb83, 0x1e82cb85, 0x0783cb84, 0x1f82cb83, 0x1f82cb83, 0x0882cb85, 0x2082cb85, 
	0x4f21cb84, 0x41cb8c54, 0x4f210697, 0x20cb8850, 0x05974150, 0x8a504f21, 0x415020cb, 0x4f210797, 0x20cb8750, 0x87cb8950, 0x85cb820a, 0x20cb840a, 
	0x20cb8550, 0x21cb8b50, 0xcb850750, 0x22059741, 0x8406504f, 0x415020cb, 0x4f210697, 0x05974150, 0xcb840783, 0x84065021, 0x085021cb, 0x5020cb86, 
	0x82069741, 0x85cb8520, 0x07284d5c, 0x6f660c24, 0x0c897275, 0x0c874282, 0x47820b20, 0x0d200b87, 0x0d884c84, 0x67696524, 0x34887468, 0x0c885683, 
	0x692bab83, 0x7265666e, 0x0b726f69, 0x88656e6f, 0x87b5820b, 0x740d240b, 0x88657268, 0x87818419, 0x660c211a, 0x33888182, 0x33888182, 0x0d888184, 
	0x34888184, 0x0c878183, 0x82054b43, 0x0873258f, 0x2e656e6f, 0x7b820884, 0x0a200884, 0x0a847884, 0xf7830920, 0x72820986, 0x08200984, 0x08846f82, 
	0x6c840a20, 0x69840a85, 0x09200a84, 0x09856683, 0x2e24e583, 0x666e6973, 0x08836385, 0x08826384, 0x0a826387, 0x09846386, 0x09826384, 0x08826385, 
	0x0a836387, 0x0a826386, 0x09836386, 0x75216385, 0x82c78762, 0x82638408, 0x21c78811, 0x63867362, 0x09211482, 0x82638466, 0x82638509, 0x22c78808, 
	0x860a7362, 0x86158263, 0x2d098263, 0x7669640d, 0x6f697369, 0x616c736e, 0xcb836873, 0x69687425, 0x82096472, 0x24088467, 0x6e6f0973, 0x25388465, 
	0x68740c68, 0x0b866572, 0x660b7322, 0x17856a82, 0x730c7326, 0x6e657665, 0x3e080c86, 0x636e6909, 0x656d6572, 0x6508746e, 0x7974706d, 0x05746573, 
	0x7263696d, 0x684f036f, 0x696c096d, 0x53726574, 0x096e6769, 0x69747365, 0x6574616d, 0x6d610c64, 0x73726570, 0x2e646e61, 0x840d6373, 0x706f2ff2, 
	0x69636e65, 0x75076372, 0x3732696e, 0x07863038, 0x07863120, 0x07863220, 0x07863320, 0x22054c45, 0x86353837, 0x8636200f, 0x86372007, 0x05644507, 
	0x39383723, 0x245d840e, 0x736f6c63, 0x205e8a65, 0x20268641, 0x20078642, 0x20078643, 0x20078644, 0x20078645, 0x6b078546, 0x32210516, 0x05a06137, 
	0x8e860782, 0x03333928, 0x05625f66, 0x05825f66, 0x66200982, 0x68200382, 0x05850d84, 0x0f826920, 0x0f846a20, 0x09826a20, 0x09846b20, 0x6c200585, 
	0x74200f82, 0x742a0f84, 0x6e6f6c05, 0x63037367, 0x0382685f, 0x73037423, 0x2403835f, 0x5f540370, 0x227b8368, 0x84433130, 0x840782e2, 0x2b0782d2, 
	0x72610942, 0x6c776f72, 0x0a746665, 0x72250984, 0x74686769, 0x210a8407, 0x1c857075, 0x776f6424, 0x11860b6e, 0x0c202883, 0x2a840b86, 0x0c840d20, 
	0x1a832283, 0x0d880e20, 0xf0851c84, 0x0b37462e, 0x63616c62, 0x7571736b, 0x0c657261, 0x64260b84, 0x6f6d6169, 0x1885646e, 0x72696326, 0x0d656c63, 
	0x742d1884, 0x6e616972, 0x0b656c67, 0x74696877, 0x84328665, 0x8432870b, 0x8432860c, 0x2032870b, 0x83408419, 0x6f702786, 0x69746e69, 0x1987676e, 
	0x19841a20, 0x1a8f9284, 0x1a841720, 0x8f707521, 0x834c8517, 0x841990d7, 0x84669474, 0x84669519, 0x8466921a, 0x26669317, 0x696e7507, 0x42433532, 
	0x3522051c, 0x0f853842, 0x2106f847, 0x54424235, 0x43352105, 0x2205c342, 0x86394235, 0x8635201f, 0x08462a07, 0x63656863, 0x786f626b, 0x2108840a, 
	0x0a826465, 0x0a840520, 0x2b05c743, 0x746f6e68, 0x65680565, 0x0e747261, 0x73230584, 0x84746975, 0x2441838d, 0x30413030, 0x0564410c, 0x746f642d, 
	0x00646574, 0xff010001, 0x820f00ff, 0x00022607, 0x0200000e, 0x26038222, 0x000200cc, 0x82090058, 0x00012401, 0x820d000b, 0x000f221b, 0x22058217, 
	0x821d001a, 0x001f2205, 0x2205821f, 0x82220021, 0x003b2205, 0x2205823b, 0x82a100a1, 0x00a32205, 0x220582a3, 0x82d200d2, 0x00f22205, 0x220582f3, 
	0x82f500f5, 0x00fa2205, 0x240582fa, 0x00fd00fd, 0x82008301, 0x01052205, 0x22058205, 0x82080108, 0x010b2105, 0x01235f82, 0x82120110, 0x0127220b, 
	0x22058227, 0x822a012a, 0x01322205, 0x22058232, 0x82340134, 0x01362205, 0x22058238, 0x8242013a, 0x01452205, 0x22058248, 0x824a014a, 0x014c2205, 
	0x2205824d, 0x82660166, 0x019c2205, 0x2205829c, 0x82a401a4, 0x01cf2205, 0x250582cf, 0x00d101d1, 0x01820201, 0x02010024, 0xb382021f, 0x02220222, 
	0x0223b382, 0x82260226, 0x022a2111, 0x02236582, 0x822d022d, 0x0232210b, 0x02236b82, 0x82350235, 0x0237220b, 0x22058237, 0x82410241, 0x02432205, 
	0x22058245, 0x82490248, 0x024b2205, 0x2205824b, 0x82580258, 0x02642205, 0x22058264, 0x82660266, 0x02692205, 0x2205826a, 0x82770277, 0x02792205, 
	0x2205827b, 0x8285027d, 0x02882205, 0x2205828b, 0x828d028d, 0x028f2205, 0x22058290, 0x82a902a9, 0x02df2205, 0x280582df, 0x00e802e8, 0x03110301, 
	0x22058211, 0x82130313, 0x03432205, 0x22058243, 0x82640363, 0x03662205, 0x22058266, 0x826b036b, 0x036e2205, 0x2205826e, 0x82720372, 0x03762205, 
	0x22058276, 0x82790379, 0x037c2205, 0x2205827e, 0x82830381, 0x03992205, 0x22058299, 0x829e039e, 0x03a52205, 0x220582a6, 0x82aa03aa, 0x03ac2205, 
	0x220582ad, 0x82b103b0, 0x03b92205, 0x220582b9, 0x82bd03bb, 0x03bf2205, 0x220582c7, 0x82cd03ca, 0x03cf2205, 0x220582cf, 0x82d203d1, 0x03db2e05, 
	0x030300db, 0x001904ec, 0x04280403, 0x2705824e, 0x00500450, 0x05c70503, 0x00252f82, 0x00170032, 0x20018252, 0x20058442, 0x2205824a, 0x8c62005a, 
	0x6a260801, 0x7a007200, 0x8a008200, 0x9a009200, 0x0200a200, 0x87050200, 0x00009505, 0x9e059705, 0x01000f00, 0x01000400, 0x07866d01, 0x07867720, 
	0x07868120, 0x07866320, 0x07865920, 0x0786e520, 0x0786db20, 0x07869520, 0x4783c182, 0x85030221, 0x0c03210f, 0x02210785, 0x2107856c, 0x07821b03, 
	0x00000224, 0x03820c00, 0x0b822e20, 0xec030f3e, 0xf003ee03, 0xf403f203, 0xf803f603, 0xfc03fa03, 0x0004fe03, 0x04040204, 0x10040604, 0x0420a582, 
	0x0928f382, 0x10040000, 0x1e001104, 0x2021f984, 0x20f98304, 0x20418247, 0x08038201, 0x30001c46, 0x08000a00, 0x6c004400, 0x4c007600, 0x5c005400, 
	0x80006400, 0x46440300, 0x2e00544c, 0x6c727963, 0x616c8c00, 0xa8006e74, 0x70630400, 0x64007073, 0x6e72656b, 0x616d7000, 0x88006b72, 0x6b6d6b6d, 
	0xf2006a00, 0x01204982, 0xa4200384, 0x0024bf82, 0xb6000100, 0xba200786, 0xbe200786, 0xc2220786, 0x6d820900, 0x86000224, 0x9d828e00, 0x03820820, 
	0x2c01d62a, 0x10000600, 0xc0000100, 0x3b830382, 0x09824882, 0x06820720, 0x02000222, 0x942b0982, 0x47420200, 0x94002052, 0x82425253, 0x35178205, 
	0x00030004, 0x00050004, 0x00780006, 0x455a4107, 0x43780020, 0x05835441, 0x05835220, 0x4c4f4d22, 0x4e220b82, 0x0582444c, 0x4d4f5222, 0x54220582, 
	0x05824b52, 0x0c010023, 0x20358200, 0x20f18205, 0x22598201, 0x4164b300, 0x1c21054f, 0x22198262, 0x8280103e, 0x0f702805, 0x0b01008a, 0x82180ce4, 
	0x0bf22205, 0x220582fc, 0x825e0dfa, 0x0c182217, 0x2c0582e6, 0x009a1330, 0x12541101, 0xff000076, 0x208182ff, 0x203f8400, 0x22198203, 0x82de0b16, 
	0x0b3a2619, 0x0e0100ba, 0x3a19849e, 0x0e580c26, 0x0de40d1a, 0x0ca60ce4, 0x0c980c68, 0x0e5e0c7c, 0x0c1a0e1a, 0x84720c8a, 0x84982003, 0x241b8317, 
	0x0e500e72, 0x250383ee, 0xb20d900d, 0x0191160d, 0x00a60c25, 0x83441402, 0xaa142855, 0x23009e15, 0xac002900, 0xf6ff2100, 0xe220af82, 0xff233287, 
	0x85ecffec, 0xceff210b, 0xff200783, 0x00221988, 0x2982ff00, 0x03851383, 0x82b0ff21, 0x82ba2011, 0xffec2403, 0x88f6ffe2, 0x202f8435, 0x8c1383ff, 
	0x211f8339, 0x3985c4ff, 0x4f870587, 0x17873b87, 0xf58407e3, 0xaf82cf88, 0x0541db8d, 0x8db18306, 0xa6ff259d, 0x9cff0000, 0x21820382, 0x3582f582, 
	0xec20d984, 0xe2211184, 0x870182ff, 0x841d83bd, 0x00b0221b, 0x8c0b8400, 0xa5258761, 0x41838e07, 0x3b8706a1, 0x13829384, 0x87baff21, 0x2107a111, 
	0x8d419cff, 0x25338b0f, 0x000092ff, 0x0382d8ff, 0x178b0782, 0xff210b9b, 0x871d9b74, 0x9cff211b, 0x07bf0987, 0x41087142, 0x579f0e0d, 0x410bc542, 
	0x158d1557, 0x0a204f84, 0x048e0584, 0x31922789, 0xf5c92b8c, 0x0cb4568c, 0x8543ab8f, 0x3a9f4208, 0x47878883, 0x41000021, 0x51a20899, 0x830d8743, 
	0x83038747, 0x0d714445, 0x07b31987, 0x658bf58f, 0x07a30b87, 0x0f8f918f, 0x238543a3, 0x0d8d398d, 0xa3882185, 0x87224741, 0x9507d72b, 0x0523469f, 
	0x43457385, 0x20058205, 0x094346ec, 0x058d1985, 0x6146498f, 0x8729830b, 0xd8ff2153, 0x03a90d83, 0x3989578f, 0x46372944, 0x51870ff1, 0x738f9989, 
	0x8f096542, 0x423b8519, 0x0b840bed, 0x4300ec21, 0x8543062d, 0x874d8d1d, 0x85538939, 0x00002109, 0x41154d43, 0x2d870f61, 0x55b307bd, 0x230da146, 
	0x9cffd8ff, 0xce22b382, 0x1f45e2ff, 0x855b830f, 0xecff21cb, 0x09422182, 0x0e054106, 0x7b471582, 0x42cb8709, 0xff21053d, 0x1bdd46ec, 0x27852b83, 
	0x8209ab44, 0x820a2013, 0x0669430d, 0x820fa741, 0x0efd481d, 0x03871183, 0x159d978d, 0xeb411d83, 0x8e21831d, 0x08e14689, 0x82095f42, 0x093b4221, 
	0x5741ce20, 0xb0ff2107, 0x8517e744, 0xb5059755, 0x474d8a35, 0x1f8a141f, 0x89950aa8, 0x410b3141, 0x609b156d, 0x022631a6, 0x09000100, 0x4982ef00, 
	0x02000125, 0x82040004, 0x880b2905, 0x02008e0b, 0x8e0b0000, 0x94340382, 0x900b0400, 0x9c0b960b, 0x0100a20b, 0xdb030300, 0x15041404, 0x02240982, 
	0xfd03fc03, 0x042a0782, 0x3f011400, 0xc4038202, 0x2d820300, 0x03828020, 0x03848620, 0x03000234, 0x0f040a04, 0x12040000, 0x06001304, 0x19041604, 
	0x7d4d0800, 0x820c201c, 0x96522037, 0x824c2003, 0x8d038317, 0x0501241f, 0x82e2ff00, 0xffbf26b5, 0xffd404d8, 0x200984d8, 0x200982ce, 0x200984ce, 
	0x200982ec, 0x228582ec, 0x82baffbf, 0x82ba2009, 0x84ba202b, 0x822b840d, 0x841b850d, 0x870d8825, 0x00ce2c1b, 0x0ad00a30, 0x0a660bd6, 0x826c0bca, 
	0x84662001, 0x0b6c340d, 0x0a600b66, 0x0bf40adc, 0x0ae20a00, 0x0be80afa, 0x82ee0a06, 0x0af43211, 0x0b000bfa, 0x0b180b06, 0x0b2a0b1e, 0x0b240b0c, 
	0x85078212, 0x20138305, 0x340d8224, 0x0b360b30, 0x0b420b3c, 0x0b4e0b48, 0x0b5a0b54, 0x04050072, 0x20998251, 0x20038254, 0x20038255, 0x08038263, 
	0xbaff6468, 0x30000100, 0x0d000900, 0x14001100, 0x1d001700, 0xfa00f300, 0x0d010101, 0x34012a01, 0x38013701, 0x3f013c01, 0x47014201, 0x9c014801, 
	0x26021f02, 0x49023202, 0x77026402, 0x7f027b02, 0x85028202, 0xdf028b02, 0x43031303, 0x6b036403, 0x7e037203, 0xb9039e03, 0xbd03bc03, 0xc403c103, 
	0xcc03c703, 0xc705cd03, 0x79820800, 0x5404b026, 0x5504b0ff, 0x63200382, 0x64200382, 0x69240382, 0x6d04f6ff, 0x7b240382, 0x0c00ecff, 0x21859b86, 
	0xceff5623, 0x239f8604, 0xecff6904, 0xec212582, 0x21258204, 0x17828104, 0xceff852a, 0xceff4e05, 0xbf040d00, 0xd4244382, 0x0005b0ff, 0x0e240382, 
	0x0f05baff, 0x10200382, 0x11200382, 0x12200382, 0x13200382, 0x14200382, 0x15200382, 0x16200382, 0x17200382, 0x3583ed82, 0xd404c424, 0x3582c4ff, 
	0xa705c421, 0x8c132035, 0x825620bf, 0x22c38991, 0x846b04ec, 0x04ec22c7, 0x8507826f, 0x04ec22a5, 0x20238285, 0x200f828e, 0x20038290, 0x20038292, 
	0x22038294, 0x82f6ff98, 0xec3a08b9, 0x26000100, 0x5104e802, 0x55045404, 0x58045604, 0x5d045a04, 0x63045e04, 0x6a046404, 0x6e046c04, 0x7c047004, 
	0x82048104, 0x86048504, 0xbd049e04, 0xd204bf04, 0xfe04d404, 0x4b180005, 0x4e2214e3, 0x3b411400, 0x04d8220e, 0x0c3f4158, 0xa182d820, 0x6d04ec24, 
	0xa182d8ff, 0x22074741, 0x828204d8, 0x82852023, 0x82862013, 0x829e2007, 0x00bf26ad, 0x00d4040a, 0x08a1820a, 0x7a00d828, 0x2e091009, 0x1609ec08, 
	0x2209f208, 0x46094009, 0x1c09f808, 0x2809fe08, 0x0a09e809, 0xd4083409, 0x04093a09, 0x07822809, 0x1d820a20, 0x16091026, 0x1c094609, 0x28242982, 
	0x34092e09, 0x31821b82, 0x096a0931, 0x094c097c, 0x09a00970, 0x099a098e, 0x82e00852, 0x09762c09, 0x08880958, 0x099409da, 0x825e0982, 0x09642217, 
	0x200b8276, 0x2025826a, 0x222d8276, 0x82880982, 0x82a02013, 0x099a2211, 0x202f82a0, 0x3e6d82d0, 0x09d609a6, 0x09000ae8, 0x09fa09f4, 0x09dc09ac, 
	0x09e209b2, 0x0aca09b8, 0x09c40906, 0x84be09ee, 0x82e22017, 0x82ca200b, 0x82d02009, 0x09fa222b, 0x202d82dc, 0x203382e2, 0x821f8206, 0x000a2335, 
	0x0182060a, 0x120a0c30, 0x1e0a180a, 0x420a360a, 0x2a0a240a, 0x0982300a, 0x0b823c20, 0x4e0a483c, 0x5a0a540a, 0xe608600a, 0x7a000100, 0x0b000900, 
	0x0d000c00, 0x10000f00, 0x4d181100, 0x1a300a93, 0x1c001b00, 0x21001d00, 0xa3002200, 0xf200d200, 0x08062743, 0x0b010827, 0x0d010c01, 0x11011001, 
	0x2a012701, 0x34013201, 0x37013601, 0x3b013801, 0x3e013c01, 0x40013f01, 0x42014101, 0x79561801, 0x014c2a07, 0x019c014d, 0x02d101a4, 0x064d4301, 
	0x3702353e, 0x49024802, 0x64025802, 0x69026602, 0x77026a02, 0x7a027902, 0x7d027b02, 0x7f027e02, 0x0a975318, 0x89028834, 0x8b028a02, 0x90028f02, 
	0xe802df02, 0x43031303, 0x77436303, 0x79220806, 0x7d037c03, 0x81037e03, 0x99038203, 0xac039e03, 0xb003ad03, 0xb903b103, 0xbc03bb03, 0xc003bd03, 
	0x5118c103, 0x51180a53, 0xd12a074f, 0xc705d203, 0x00004800, 0x03827808, 0x03827e20, 0x03828420, 0x03828a20, 0x0382a820, 0x07b2ae20, 0x33829020, 
	0x378a9620, 0x0b829c20, 0x0f8aa220, 0x0b82b420, 0x0382ba20, 0x0382c020, 0x0382c620, 0x0382cc20, 0x0382d220, 0x0382e420, 0x0740ea20, 0x82d82082, 
	0x8ade2083, 0x82f02087, 0x00f0300b, 0x080a0891, 0x08d4072e, 0x08da0716, 0x82400822, 0x07463801, 0x081c08e0, 0x08e60728, 0x07340804, 0x08ec07fe, 
	0x07f2073a, 0x822808f8, 0x82fe2013, 0x24238313, 0x0810080a, 0x20258216, 0x26338246, 0x082e0828, 0x823a0834, 0x08402e01, 0x087c0846, 0x088808a0, 
	0x08ca084c, 0x2e0182c4, 0x08d60852, 0x0858089a, 0x085e08be, 0x826408d0, 0x086a221b, 0x20178270, 0x20158276, 0x2211829a, 0x8282087c, 0x088e222d, 
	0x200f8294, 0x261d82a0, 0x08ac08a6, 0x82b808b2, 0x203d832f, 0x082182ca, 0x1809d628, 0x1e092409, 0xdc083c09, 0x36094e09, 0x48091209, 0xe808e208, 
	0xee081e09, 0x54090c09, 0xf4080609, 0xfa083009, 0x1b820009, 0x27824820, 0x06091e22, 0x27831782, 0x3c091822, 0x42220182, 0x37824809, 0x43821e20, 
	0x2a095424, 0x25823009, 0x54201589, 0x5a2a3f82, 0x66096009, 0x72096c09, 0x01827809, 0x84097e38, 0x90098a09, 0x9c099609, 0xa809a209, 0xb409ae09, 
	0x0100ba09, 0x3d439100, 0x0012290e, 0x00140013, 0x00170016, 0x28073d43, 0x0021001f, 0x003b0022, 0x084343a1, 0xfa00f52a, 0x0101fd00, 0x08010501, 
	0x20084743, 0x0a494312, 0x3a01382a, 0x3c013b01, 0x3f013d01, 0x2c0c4743, 0x014c014a, 0x0166014d, 0x01a4019c, 0x064d43cf, 0x02222008, 0x022a0226, 
	0x0232022d, 0x02370235, 0x02430241, 0x02450244, 0x02490248, 0x0258024b, 0x43690264, 0x80290e59, 0x82028102, 0x85028402, 0x07594302, 0x8f028d2c, 
	0xa9029002, 0xe802df02, 0x5f431103, 0x03662a08, 0x036e036b, 0x03760372, 0x08634379, 0x9903832a, 0xa5039e03, 0xaa03a603, 0x200c6b43, 0xc15418bd, 
	0x03c42408, 0x18c703c6, 0x2108b954, 0x6b4303cf, 0x00012205, 0x205b8231, 0x08fd4532, 0x5c045a24, 0x53185d04, 0x29080c9b, 0x046e046a, 0x0481047c, 
	0x048e0485, 0x04990492, 0x04a504a4, 0x04d704d6, 0x04d904d8, 0x04dc04db, 0x04de04dd, 0x04e004df, 0x521805e1, 0x08200709, 0x0a055218, 0x4e054d34, 
	0x02005105, 0xe8022800, 0x1400e802, 0x32033203, 0x6d821f00, 0x0100512e, 0x55045404, 0x5a040400, 0x0f005a04, 0x5c227582, 0x79821900, 0x1a005d22, 
	0x5f2c7d82, 0x60040600, 0x07006004, 0x61046104, 0x62220b82, 0x0b826204, 0x64046322, 0x6a243582, 0x05006a04, 0x6e209382, 0x7c240582, 0x0c007c04, 
	0x8e229782, 0x9b820200, 0x05829220, 0x99049924, 0xa3830b00, 0x82080021, 0x00d622a5, 0x21a98321, 0xab820900, 0x1700d922, 0xdb22af82, 0xb3822000, 
	0x1200dc22, 0xdd22b782, 0xbb821000, 0x1d00de22, 0xdf22bf82, 0xc3821b00, 0x0d00e028, 0xe104e104, 0xcb821500, 0x22000229, 0x04050305, 0x82050a00, 
	0x18002700, 0x08050805, 0xd9821300, 0x00092208, 0x050a0511, 0x051e000a, 0x000b050b, 0x050c051c, 0x050e000c, 0x000d050d, 0x054d0516, 0x0503004d, 
	0x20f18251, 0x26f38203, 0x02df0235, 0x840900df, 0x840920f9, 0x842320f9, 0x040226f9, 0x00530452, 0x24ff8404, 0x04560406, 0x22d58256, 0x825c045c, 
	0x045d2881, 0x041c005d, 0x825e045e, 0x045f2893, 0x040a005f, 0x82600460, 0x046122e1, 0x220b8261, 0x82620462, 0x0463220b, 0x28e78264, 0x00690469, 
	0x046a0407, 0x22e7826a, 0x826d046d, 0x046e220b, 0x220b826e, 0x82770477, 0x047822ff, 0x22c98278, 0x82790479, 0x047a220b, 0x280b827a, 0x007b047b, 
	0x04810422, 0x226b8281, 0x82850485, 0x048d2805, 0x0403008d, 0x82910491, 0xd6470805, 0x2800d604, 0xd804d704, 0xd9040e00, 0x1900d904, 0xda04da04, 
	0xdb042600, 0x2400db04, 0xdc04dc04, 0xdd041500, 0x1300dd04, 0xde04de04, 0xdf042000, 0x1e00df04, 0xe004e004, 0xe1041000, 0x1700e104, 0x04050305, 
	0x82050f00, 0x00410800, 0x0506051a, 0x05270006, 0x00070507, 0x05080525, 0x05160008, 0x00090509, 0x050a0514, 0x0521000a, 0x000b050b, 0x050c051f, 
	0x0511000c, 0x000d050d, 0x054d0518, 0x0505004d, 0x004e054e, 0x05510501, 0x2a0b8251, 0x00520552, 0x00010012, 0x83dd0200, 0x89032105, 0x6a200b84, 
	0x17820b84, 0x01ea0129, 0x0101005b, 0x822c0127, 0x01d12205, 0x22178223, 0x829602b1, 0x026c2205, 0x260582e4, 0x00000011, 0x83f9ff01, 0x82038205, 
	0xdb01270b, 0x01009402, 0x0d826602, 0x84010121, 0x41022117, 0x01212983, 0x20058439, 0x20358435, 0x851d84aa, 0x84322023, 0x84af203b, 0x84c92011, 
	0x02b52605, 0x01010030, 0x210b8388, 0x05832502, 0x84b90121, 0x847c2005, 0x84c42029, 0x82e02005, 0x0101285b, 0x007c033d, 0x83c50001, 0x6400210b, 
	0xb5200584, 0xa4201184, 0xb2200b84, 0xf3200b84, 0x92202984, 0xd4203584, 0x6b854784, 0xa0ff9826, 0x84010100, 0x9f201184, 0x62200584, 0xa4200584, 
	0x4d200584, 0x10200584, 0x78200584, 0x5e200584, 0xd8200584, 0x95200584, 0xa1200584, 0x90200584, 0x51200584, 0x6b200584, 0xc3206584, 0x81200b84, 
	0x0f200584, 0x93201184, 0x9b200584, 0xf3200584, 0x8f260584, 0x01005eff, 0x2384ed00, 0x05840820, 0x05841420, 0x05840420, 0xe4ff2a22, 0xd7201d82, 
	0x00210b83, 0x2011849d, 0x2005840e, 0x20058427, 0x20058428, 0x2005845a, 0x20058445, 0x2005847d, 0x2005844a, 0x20058437, 0x203b846e, 0x200b84fd, 
	0x20058447, 0x2005843a, 0x200584a6, 0x20058470, 0x2005846f, 0x20298446, 0x200b84b4, 0x2005845c, 0x20058473, 0x26178433, 0x00f9017f, 0x848c0001, 
	0x84962005, 0x848e2005, 0x84ab2005, 0x84542005, 0x84e62005, 0x84a22005, 0x84922005, 0x84572005, 0x84732005, 0x84742005, 0x84972005, 0x018f2605, 
	0x00010081, 0x220b8485, 0x82fe014e, 0x024f260b, 0xff0100c6, 0x210b83ab, 0x0b84b0ff, 0x0b84cc20, 0x0b84c720, 0x0b84f620, 0x0b83f520, 0x84000021, 
	0x8400202f, 0x843c200b, 0x843d200b, 0x84632023, 0x84412023, 0x840a2017, 0x840a2017, 0x84aa200b, 0x84ab200b, 0x84fa200b, 0x84fa200b, 0x0100260b, 
	0x010100f6, 0x210b8384, 0x11849001, 0x0b84be20, 0x01204d84, 0x01212384, 0x2111834d, 0x17841702, 0x05849f20, 0x05841020, 0x05847820, 0x05844a20, 
	0x0121b984, 0x200b849a, 0x20058495, 0x20058487, 0x20058485, 0x20058451, 0x205f8476, 0x200b84c3, 0x20058481, 0x22898407, 0x82fd0293, 0x84de20fb, 
	0x029b220b, 0x208f8262, 0x200b848b, 0x210583f3, 0x0b847901, 0x05849720, 0x0584e120, 0xb384f820, 0x1d840420, 0x0b842d20, 0x05842320, 0x11840b20, 
	0x05840820, 0x29846f20, 0x0b84e920, 0x05845420, 0x11842c20, 0x0584d720, 0x11849d20, 0x77832820, 0x850e0121, 0x2205840b, 0x82670262, 0x83b12089, 
	0x74012105, 0x1f200584, 0xd4200584, 0x37200584, 0xd2200584, 0x7a200584, 0xfd202984, 0xa1200584, 0x47201184, 0x5a200584, 0x67200584, 0x55200584, 
	0x4c200584, 0xb4202384, 0x2d200b84, 0x77200584, 0x5c200584, 0x73200584, 0x33200584, 0x7e222384, 0x7d820303, 0x05848d20, 0x05848b20, 0x05848920, 
	0x8903a222, 0x57201782, 0x54200b84, 0xa2200b84, 0x8f200b84, 0x88200584, 0x73200584, 0x61220584, 0x29823803, 0x0b849720, 0x0584d320, 0x05849120, 
	0x05838520, 0x02980134, 0x850200e0, 0x000400f0, 0x87fe8e00, 0x009900aa, 0x00870070, 0x08870a20, 0x82e2ff21, 0x06955201, 0x15880020, 0xff000025, 
	0x511400d8, 0x75550d2b, 0x83142010, 0x11fb5043, 0x8309bd54, 0x2303851f, 0xfbffc4ff, 0x2d831783, 0x51541f8d, 0x87358515, 0x0bf55a05, 0x078e1387, 
	0xb3541420, 0x881d820d, 0x054754cb, 0xf753a791, 0x942d8209, 0x07fd5302, 0xbf8d1c8d, 0xff211b89, 0x8b0b85c4, 0x22f5821f, 0x41f6ffe2, 0x22850a61, 
	0xc58305b2, 0x20081155, 0x87408605, 0xb10e8607, 0xf6ff2106, 0x29413382, 0x820b8208, 0x13294102, 0x02841682, 0x2311675c, 0x0000ceff, 0x212da955, 
	0x6554fbff, 0x087b580c, 0x7c84779b, 0x8d4204e2, 0x15034211, 0xd1bb8aa5, 0x9d913bbb, 0x910dc943, 0xb8119d1f, 0x409f428b, 0x9f429784, 0x9a13840e, 
	0x21ad8d04, 0x8357e2ff, 0x9f379a0c, 0x9f578d1a, 0xb11f832d, 0x97358331, 0x3dc34103, 0x17875597, 0xff21ab89, 0x075d61ec, 0x0d841383, 0xef58d820, 
	0x06815b05, 0x3383f620, 0xffb0ff29, 0x00b0ffd8, 0x82e2ff00, 0xffec2201, 0x114d45ce, 0xce201f82, 0xe2203d84, 0x4946b98f, 0x06a35a10, 0x2008ab5a, 
	0x614f84e2, 0xa6200501, 0xd7611582, 0x8b7f830e, 0x208b8203, 0x430f85ec, 0x8f4405ad, 0xd8ff250b, 0xceff0000, 0xb0208b82, 0x33857591, 0xff230589, 
	0x8afbfff6, 0x8b0b880d, 0x831f8915, 0x10754609, 0x03ac1483, 0xc962b184, 0x8d3ca10a, 0x095b418d, 0x5388178e, 0xb5462185, 0xb0ff2113, 0xc1456d87, 
	0x63338315, 0x2b870979, 0x898a0797, 0x7343ce20, 0xa6ff2109, 0xc4200182, 0x891f2d5b, 0x0f0f4153, 0xcb828384, 0x4742ab83, 0xe335890f, 0x15234109, 
	0xd14179db, 0x0000230d, 0x0385fbff, 0x8f0fa747, 0x851f8927, 0x851f9519, 0x44058d25, 0x3f4511b1, 0x41438d31, 0x138f05b3, 0x220ad964, 0x82ceffd8, 
	0xfff624d5, 0x48ecfff6, 0xe35e055d, 0x4215820f, 0x458d06cb, 0x2b83b983, 0x0d844b85, 0x5f059944, 0xff2312d7, 0x5c0000ba, 0xe22008c3, 0x8305c744, 
	0x4203b331, 0x0f850f85, 0x4fb3bf85, 0x214133cb, 0x48ff4612, 0x6989a78d, 0x42135944, 0x0f850fa1, 0xb1920593, 0x5f00ce21, 0xbf41140b, 0x08334a0a, 
	0x13af5193, 0xaf0fcf41, 0xbf2fdd3f, 0x115f419d, 0x1420af82, 0x02830382, 0x1f8c0782, 0x84056949, 0x87178205, 0x000a2125, 0x95411184, 0x861f8310, 
	0x874c8319, 0x86518c03, 0x0b6b6514, 0x26861f93, 0xab8706b9, 0x6f994192, 0x46891999, 0x11912391, 0x95662d85, 0xce31852b, 0x128b4105, 0x614261a3, 
	0x68fb852b, 0x6fa319e1, 0x7f4123bf, 0x09ff450f, 0x2b8f5991, 0x13932183, 0x03831783, 0x4512ff4d, 0x5f97303f, 0xff231787, 0x82baffd8, 0x00c42403, 
	0x82baff00, 0xffb02203, 0x24058292, 0xffecffce, 0x05494bce, 0xf6201d82, 0xf6201f82, 0x93840d83, 0xa6ffce22, 0xa9413b85, 0x83ff200d, 0x82a62099, 
	0x45c42029, 0x2d820d81, 0x838fce20, 0x009cff24, 0x6782ff00, 0xe2220582, 0x7f84b0ff, 0xe2ffce22, 0xdb6a3b82, 0x07614124, 0x8d054565, 0x201b825b, 
	0x640386d8, 0x214e331b, 0x225f8d12, 0x42000000, 0x1f900ed7, 0x02872282, 0x4e439f50, 0x6d9b0d2f, 0x07cd7587, 0x8d0dcd41, 0x0a3f535b, 0x8d0ac345, 
	0x890dc523, 0x09254c85, 0x07445989, 0x8d1b8911, 0xecff2109, 0x830bc369, 0xa6ff211b, 0x03910583, 0x22065d42, 0x4bb0ffe2, 0x239107f3, 0xff2111b1, 
	0x83c985f6, 0x0fdd43b1, 0xe2200f84, 0x410f174e, 0x674417f1, 0x4d2b9113, 0xd184152f, 0x5406974a, 0x3991050d, 0x7993db99, 0x1b8d2d9b, 0x4405b74c, 
	0x218d0d3b, 0x2f410d97, 0x9727850f, 0x05674149, 0x490ceb71, 0xbf414aa7, 0x238f8313, 0xf6ffecff, 0x830c1b55, 0x21038214, 0x1782baff, 0x0000c422, 
	0x20065d4c, 0x720982e2, 0x1e820879, 0xc9930284, 0xb369f399, 0x00002313, 0x594cb0ff, 0x92548409, 0x0dfd4e04, 0x84117d4c, 0x41ce20bf, 0xf94412e5, 
	0x84a79406, 0x0b9349d1, 0x00223f92, 0xcd440a00, 0x939c850d, 0x8519854f, 0x6fa18b05, 0x194f2325, 0x13db420f, 0x1d8f1389, 0x8f053742, 0x20898343, 
	0x086f72ff, 0x510f4344, 0x65420ced, 0x47618926, 0x39820889, 0x82b0ff21, 0x6cba2001, 0x5d850d37, 0xc1900599, 0x0000ce24, 0x1f4bc4ff, 0x10b94610, 
	0x990fc946, 0x93198b61, 0x8f1f8b6d, 0x47ff202b, 0x3d8f0cfd, 0x0b8f2d8b, 0x6c151742, 0x6542234d, 0x21094413, 0x8f09816d, 0x4a0f9d89, 0xff210d7f, 
	0x14f942ec, 0x1341429a, 0x0da1760f, 0x1ac5389a, 0x841aab4c, 0x0eef4860, 0x04ac1384, 0x200ed559, 0xc13cac1e, 0x41df8c2c, 0x00220f6b, 0x1f8c000a, 
	0x4f9d6ec1, 0x2d72ff20, 0x0fdb4206, 0xff200f83, 0x420c4345, 0x11821145, 0x20241f4b, 0x05654600, 0x90087752, 0x46e49ef3, 0x30911111, 0x2756c784, 
	0x07fd4212, 0xb75a738f, 0x941b850b, 0x103b45df, 0x850f2741, 0x82ff2089, 0x90038479, 0x9d1f852f, 0x78dfa405, 0x498306e9, 0x83ceff21, 0x78002005, 
	0x0b580521, 0x0a437a05, 0x200e0b46, 0x86d7820a, 0x8b35852f, 0x4b798305, 0xff210f4f, 0x82418eba, 0x0bc54730, 0x4db0ff21, 0x38822717, 0x3b41028c, 
	0x26434216, 0x0c8c4a8c, 0x8c0fdb41, 0x9b0c901c, 0x421b832d, 0x44901307, 0x5f97109a, 0xff841798, 0x78131b41, 0x8b491fdf, 0x419a9715, 0x299711d5, 
	0x057417af, 0x0abd7308, 0xf18d4383, 0x8d077b4e, 0x42278415, 0xe1931801, 0x83130949, 0x84038345, 0x5fd82063, 0x99430c3f, 0xb31d8306, 0x19974903, 
	0xc1574d87, 0x411b8513, 0x358713d3, 0xdd930783, 0x03951783, 0x3195f79b, 0xc74a15ab, 0x994fab23, 0x1f4b4a2b, 0x59991f9f, 0x574119b5, 0x0f57433f, 
	0x2750bf97, 0x37237607, 0x6542dd97, 0x11614311, 0x19993b87, 0x07bd2187, 0xdb438b92, 0x21699718, 0x1997f1ff, 0xff2317c7, 0x410500d8, 0x03420d09, 
	0x090f470b, 0x0d83cd83, 0x2f47d58d, 0x115b4f0d, 0x174c4b87, 0x067d4708, 0xcb97458d, 0x840b315f, 0x66d8205b, 0xec210817, 0x05f15fff, 0x3b83ec20, 
	0x49f6ff21, 0xa166077d, 0x0feb530c, 0x3382d820, 0x0f45f620, 0xd8ff210d, 0x5012e146, 0xec200709, 0x33861b82, 0x8a0f675c, 0x8f0a9c5a, 0x828184e7, 
	0x09e56583, 0x8f135152, 0x412d836d, 0x395c0549, 0x0f6d4a07, 0x4109c149, 0x674e0dcb, 0x41002012, 0xec200eb3, 0xd09c318f, 0x9f490020, 0x83df8f0d, 
	0x498b846f, 0x258f0cfb, 0x79447193, 0x050b421f, 0xaf933993, 0x9319157d, 0x8913af2d, 0x418f8fe1, 0x578b0d5b, 0x1b8b298f, 0x258f0b89, 0x25524f97, 
	0xf6ff2305, 0xb97dd8ff, 0x086f4808, 0x5d89438f, 0xa94109a1, 0x9a31a10f, 0x440a2021, 0x2d83112f, 0x5ee2ff21, 0x77550f0f, 0x0f436a06, 0xff8dd182, 
	0x21092348, 0xf158ecff, 0x21058205, 0x015e00fb, 0x0b856a06, 0x1b41c797, 0x8fbb833b, 0x21679303, 0x7543baff, 0x93398f13, 0xb0ff210f, 0x9f4c3982, 
	0x20318a18, 0x09574714, 0x6a092141, 0x428a22f9, 0xe58a0aab, 0xc1541e20, 0x41ff2017, 0x014806ad, 0x2800210f, 0x55506982, 0xc4ff2306, 0xb741d8ff, 
	0x8d138205, 0x06c75002, 0x1e203d86, 0x4529bf43, 0xa383073f, 0x7b415d82, 0x08c54e06, 0x420e054f, 0xb96a0669, 0x44998314, 0xeb820ddd, 0xe141c420, 
	0x0c1f6211, 0x5742d186, 0x10274131, 0xb10c6556, 0xb03e844f, 0x179f4904, 0x1f9f4887, 0x07b92787, 0x4808095f, 0xbb4108e9, 0x47f62008, 0x00230f1b, 
	0x46ecff00, 0x81421927, 0x0daf4105, 0xa58d0d8d, 0xffe2ff22, 0xe2206183, 0x6c09ad43, 0x59852b9f, 0xed4ca191, 0x8d258525, 0x85ab8905, 0x059b48e3, 
	0x8507e944, 0x0d37592b, 0xce20f184, 0x2b84bf83, 0xceffe222, 0x634a0182, 0x06474108, 0xe348ec20, 0x0b254809, 0xec20fd82, 0x820b4548, 0x18ce2067, 
	0x421fa942, 0x91416795, 0x0faf5309, 0x210e0f4b, 0x37440014, 0x051d4106, 0x0f200594, 0x05851584, 0x049c0a84, 0x854f6f54, 0x2155886c, 0x1082ceff, 
	0x4b450d88, 0x84d18714, 0x0e1f4d25, 0x85001e21, 0x42448201, 0x0d850d0f, 0x2820058a, 0x1e210b88, 0x07254100, 0x79573220, 0x9e298815, 0x0f954a08, 
	0x5f432e83, 0x0daf470f, 0x7f436f9d, 0x0f7b422d, 0x13474718, 0xa183238f, 0xff2303bf, 0x44ceffd8, 0xb5450973, 0x83638315, 0xa14d1819, 0x55002011, 
	0x716c05ed, 0x872d830c, 0x72c58f03, 0x4941097f, 0x4131830f, 0x13830f6d, 0x859303dd, 0x09597187, 0x5f5f600a, 0x6909d344, 0x8f8712af, 0x354d07a1, 
	0x192d6e0f, 0x20083f68, 0x39c956c4, 0xc1418f93, 0x07ef4312, 0x93452e82, 0x8c088205, 0x05b35602, 0x00ceff23, 0x058d410a, 0x00200982, 0x21057746, 
	0x0182d8ff, 0x6342ce20, 0x15ad4109, 0xd8203f82, 0x4605b742, 0xe2202cdf, 0x4b05554f, 0xce200a73, 0xce201182, 0x53497182, 0x82ac8c0e, 0x206f840c, 
	0x828b95f6, 0x4602a81e, 0x369f0deb, 0x9a125941, 0x65ff2032, 0xff210627, 0x20cf82ba, 0x37c357ec, 0x1a93609a, 0x20072543, 0x06b54600, 0x24841920, 
	0x14000a22, 0x210db744, 0x1782e2ff, 0x2f852b83, 0xf5481e20, 0x19fb4809, 0x82280021, 0x63002033, 0xff230f0b, 0x821400ec, 0x5b002001, 0x1d840547, 
	0x2783f620, 0x41280021, 0x4784419d, 0x3f4304a2, 0x0c915d11, 0x910cd175, 0x0e194195, 0x41103f53, 0x21410ff5, 0x05394106, 0x22df9da2, 0x201e3f4b, 
	0x411f8214, 0x8c8509e9, 0x850a0f44, 0x21059210, 0xa75d000a, 0x05e14109, 0x8b000021, 0xc9329213, 0x17854212, 0x4f0dab41, 0x7f441303, 0x8941891f, 
	0x0c8d5463, 0xc910ff41, 0x414995d5, 0x27701ebf, 0x403d9508, 0x67429c15, 0x0f534318, 0xff20c5dd, 0x0f9d5718, 0x854cc420, 0x0c254405, 0xe2ffba24, 
	0x1783baff, 0x4fd8ff21, 0xff230593, 0x56f6ffc4, 0xe220085b, 0xce200d82, 0x490d5363, 0x1f820da7, 0x6784b020, 0x0983a620, 0xff21cfa9, 0x442b82ba, 
	0x8182084b, 0xa6ffc422, 0x82057968, 0x82029817, 0x57561863, 0x13594116, 0xc35ee783, 0x08fb5108, 0xe983ad82, 0x411a0b52, 0xce200c1f, 0x660ba742, 
	0xa6950d41, 0x21110949, 0x85850000, 0x45d8ff21, 0x43951185, 0xab7d158b, 0x851d8b11, 0x4a97890b, 0xe1820ae5, 0x4c110f54, 0x7f5f0937, 0x830a2006, 
	0x200382af, 0x0ed741f1, 0xa6fff622, 0x44058f48, 0xec20107b, 0xff236d85, 0x82c9ffc4, 0x5cbf2003, 0x14201097, 0x41085744, 0x002008df, 0xdb440982, 
	0x41c18317, 0xfb6a1f57, 0x058d4109, 0xd8207982, 0x89829f82, 0x43859d89, 0x4aecff21, 0x7e20085f, 0x0f82d183, 0xe2ffd324, 0x0382ceff, 0xd741ba20, 
	0xff7e220e, 0x20bf82ba, 0x0f9341ce, 0x9c202982, 0xec220382, 0x1f829cff, 0xa1ffb022, 0xec203b82, 0xa9844185, 0x0000d822, 0x9315896b, 0xbd318315, 
	0x0d7d4103, 0x59870d8d, 0x41453765, 0x155005c7, 0xf163870f, 0x1b134207, 0x9568f184, 0x07ad4705, 0x92160573, 0x8a2820b7, 0x07a14213, 0x8a09f347, 
	0x210abf1c, 0x4358d8ff, 0x0fa34305, 0x7f6d0f86, 0x08d56308, 0x200afd4b, 0x077f6dff, 0x5d189747, 0x957708e7, 0x431e200f, 0x14211269, 0x42354cff, 
	0x0a20b784, 0xff200583, 0x20055b4a, 0x11e15b0a, 0xff000022, 0x1e24b183, 0x32001e00, 0x180d5f48, 0x210e7d41, 0x33510032, 0x0ad9420c, 0x09cf4218, 
	0x0a002825, 0x83001400, 0x866f82bb, 0x09534421, 0x03858883, 0x2005bd41, 0xb30c853c, 0x337f5105, 0x8f0a274a, 0x831e2072, 0x410020b5, 0x9f490c87, 
	0x0cd5431b, 0x4c890a20, 0x830a634c, 0x83322014, 0x5503cd04, 0xff450b63, 0x8c67820d, 0x0c6f5a6f, 0x2822df83, 0xdf683200, 0xf6ff210b, 0x8211f371, 
	0x86028343, 0x066745d1, 0x220dbf41, 0x821e0014, 0x82038222, 0x3abf414b, 0x02b04382, 0x21817f4a, 0x6147ecff, 0x00ec2406, 0x82e2ff00, 0x82e2200d, 
	0x86d82005, 0x59f6200b, 0xff23052f, 0x49e2ffce, 0x2184057f, 0xec202983, 0x860ddf43, 0x0e694f37, 0x410bfb48, 0x4165091a, 0x6b39820d, 0x431808b3, 
	0xc143235f, 0x0d71490d, 0x08a34018, 0xf956ce20, 0x08bb7f0c, 0x09b38389, 0xb30c2143, 0xb2334040, 0x20829f42, 0xeb5f18f6, 0x176f740f, 0x8909cf68, 
	0x0cdd6f21, 0x4118c546, 0xd9420d98, 0x891b8d0d, 0x0d79420d, 0x21421785, 0x2d096725, 0x05a75985, 0x7110474a, 0x41950835, 0x951fdf41, 0x4115ab35, 
	0x7b482313, 0x41299105, 0xb3412929, 0x9f401805, 0x20c98b31, 0x05f544ff, 0x8b0abd60, 0x5c298c1d, 0x178b0a53, 0xcf490b8e, 0x20638a54, 0x890b8a50, 
	0x0ddb460a, 0x09b61789, 0x60f6ff21, 0x0d820d77, 0x230efb45, 0xb0ff0000, 0xb0201582, 0x07822982, 0xec220d84, 0x0782c4ff, 0x83056156, 0x4b17823f, 
	0xe7470d49, 0xb0ff210d, 0xf6220182, 0x0582ceff, 0x1178d820, 0x42be9317, 0x3d840dbd, 0x9cffb022, 0x8d114742, 0xd8ff213b, 0x259f2383, 0x0da7338d, 
	0x440f1544, 0xf9551c4b, 0x0b954405, 0x00211182, 0x416b8232, 0x188215d9, 0x3c200288, 0x64206988, 0x32211384, 0x24f74100, 0x3b849f8f, 0xceff0023, 
	0x092f4f00, 0x4f4f1284, 0x56c18609, 0x24840ec3, 0xff23048a, 0x85f6ffce, 0x2d574143, 0x830cad67, 0x0cad4c85, 0x0a8b608a, 0x1a89ab8e, 0x0021dd95, 
	0x11854100, 0x418da5ad, 0x25673ba5, 0x83e22012, 0x838b91a9, 0x7d03a515, 0x818f07a5, 0x00baff23, 0x09557a00, 0xd8207984, 0xe2200586, 0xec201784, 
	0xb3441f82, 0xd8ff231a, 0x2f84baff, 0x2782c420, 0x82261f52, 0xfff6228b, 0x055b4ece, 0x8405754b, 0xffc42185, 0x930e817e, 0x793582d9, 0x2783107f, 
	0x5968ab84, 0x0d055f0c, 0x4a09df41, 0x4b410505, 0x05617f27, 0x00204b85, 0x870e1f69, 0x82078d15, 0x4cd820d1, 0x1d830b97, 0x85d8ff21, 0x17654205, 
	0x03951d83, 0x44099547, 0x0b4505f7, 0x1857850e, 0x9508d74a, 0x214383d5, 0x3745ceff, 0x846d950d, 0x085954a5, 0x0c6d4318, 0xd383ec20, 0x5183bfb1, 
	0xff200383, 0x45067973, 0x8b4405dd, 0x18002008, 0x89295348, 0xa7094033, 0x56ecff21, 0x4a180a89, 0x45410abb, 0x0cbf4405, 0xd383ec20, 0x5e12597a, 
	0x714524d3, 0x0088240a, 0x836aff00, 0x8203994b, 0x83c42093, 0xc4ff211d, 0xa9423783, 0xab19830f, 0x0fbf5403, 0x2ba73bab, 0xa50fb344, 0x47531837, 
	0x26bb4b08, 0x6b445591, 0xe2ff2507, 0xa6ffecff, 0x82075d48, 0x00e2220b, 0x0d8f5200, 0x84d8ff21, 0x6a9c2011, 0x4d73086f, 0x08cb5506, 0xc7948384, 
	0x33820a20, 0x05823d82, 0xf6ffec22, 0x82214158, 0x82d82027, 0x00f6228b, 0x2005820a, 0x0d8162d8, 0x1193c191, 0x8542858d, 0x2b3d4909, 0xff225787, 
	0x1d5100e2, 0x93118706, 0x11cf4607, 0x138f2593, 0x8f0d3b41, 0x890f401d, 0x5008274e, 0x93413a2b, 0x21dbe10d, 0x0182f6ff, 0x2d46ec20, 0x0c454716, 
	0x1808436b, 0x5d107d51, 0xb98313c5, 0x82fbff21, 0x18f12033, 0x710d2f6c, 0x298311fd, 0x0a2003e2, 0x200d5941, 0x134c18ff, 0x08cd4310, 0x0b56e720, 
	0x83358d0b, 0xd8ff21a7, 0x2008fd47, 0x440f8414, 0x0f820955, 0x18d8ff21, 0x830f5974, 0x47038b23, 0x45833939, 0x210fe178, 0x8d47e2ff, 0x47078205, 
	0xe22009ad, 0x82103f7c, 0x222182a3, 0x82e7ffb0, 0xffba229f, 0x093b48c9, 0x3d854f85, 0x53180b86, 0x5b820a1f, 0x1d46e220, 0x82f62008, 0xfff62255, 
	0x053f6db0, 0xc4208b84, 0x5708db41, 0x0d4508ef, 0xbe25830d, 0x0ce96803, 0xab414b9d, 0xfbff2105, 0xc74c2582, 0x18bd8224, 0x4110ad58, 0x0b4d095f, 
	0xad6b8225, 0x88cf8702, 0x051d5535, 0x9f420020, 0x201e880e, 0x098d4200, 0x83e2ff21, 0x202f82db, 0x0d6b45fb, 0x5c0da342, 0xec200c1b, 0x8509fd50, 
	0x0a696309, 0x89262341, 0x5f09b989, 0xff200dbf, 0x18f97518, 0xdf709d84, 0x18ff2012, 0x4c0dff53, 0x4d180e1f, 0x4f5a0f27, 0x18c42008, 0x830de377, 
	0xe2ff21bf, 0x830fdd52, 0x4103d115, 0x5f8a0d93, 0x8a10ff41, 0x980a841b, 0x8a1d8439, 0x0a195204, 0x3e8a33a8, 0x5d900aa9, 0x5b8dc3a0, 0x5f533f8d, 
	0xf3598d3d, 0x0e5d6e0d, 0x0f4182b2, 0x2e454106, 0x328668b2, 0x860d7f41, 0x9b068a14, 0x3bdf7f1f, 0x8a13535d, 0x180aca76, 0x21273559, 0xc350f1ff, 
	0x4492951d, 0x3d71105f, 0xe935950e, 0x1fcf4f15, 0xa9a41f9f, 0x836a2d46, 0x2725498f, 0x4411dd57, 0xf742295f, 0x83119111, 0x8d03c58b, 0x159341d1, 
	0x49f6ff21, 0xff4f053f, 0x23838911, 0xe2ffc4ff, 0x84161f77, 0xbd441824, 0x49458a09, 0x6d71089f, 0xecff211b, 0x84151164, 0x4d048656, 0x0021078b, 
	0x05434a00, 0xffd8ff25, 0x82b0ffec, 0x86958203, 0x20198622, 0x20078900, 0x82ed85a6, 0x82d82099, 0x82e2202f, 0x0a594c2f, 0xa622cb82, 0xbf4ebaff, 
	0xf1ff2113, 0xe7202982, 0xba264782, 0xb5ffbaff, 0x2982a1ff, 0x4384ec20, 0xff23cd84, 0x410a00f6, 0x814a1345, 0x88d68750, 0x0f254207, 0x701b5148, 
	0x0f5a50ff, 0x0b3d4c54, 0x50115d7a, 0xff21090f, 0xb17918e7, 0x223b8211, 0x4dc4ffb0, 0x25410813, 0x49088908, 0x3745088f, 0x0a595d06, 0x4112d552, 
	0x2f8211bf, 0x4d0c4b62, 0x5b180561, 0x7f820da9, 0x09575518, 0x6806cd63, 0x2d4411bf, 0x5e378211, 0xb38a0a1b, 0x40189982, 0xfb910f97, 0x098d2f89, 
	0x8d0ded5a, 0x230d831b, 0x0000f6ff, 0x0b674018, 0xec206988, 0xa6221782, 0x0582c4ff, 0xdb4d2183, 0x7ff62005, 0x354308d5, 0x4d398206, 0x894206eb, 
	0x05bb410f, 0x210dc953, 0xc14df6ff, 0x89778305, 0x92ff2103, 0xa6202b82, 0x53820382, 0x18baff21, 0x8921037d, 0x4c098539, 0x27500c65, 0x09e7580c, 
	0x47096561, 0xdf830841, 0xceffb022, 0x0d3f4a18, 0x77080555, 0x7f7b0d01, 0x611f8211, 0xdf8211dd, 0x08756018, 0x02863282, 0x8288ff21, 0x06855387, 
	0x7bb0ff21, 0x24860fb1, 0x41410698, 0x84288d0f, 0x180f47af, 0x59baff21, 0x3b870de9, 0x4108a972, 0x9f42082d, 0x882b8711, 0x38b15433, 0x07954187, 
	0x8d1f9f42, 0x20a78235, 0x057146ce, 0x00ceff23, 0x06675d00, 0x84055150, 0x4e15849f, 0xe2200b69, 0x22197155, 0x63ffceff, 0x51820edf, 0x4145a620, 
	0x7eff2111, 0x03821782, 0xe2260582, 0xc4ff9cff, 0x4318d8ff, 0xab8d17b5, 0x794a0d85, 0x051f4607, 0x6e0d2543, 0x51430c13, 0x64e22009, 0xd3820851, 
	0xa5822382, 0xc9554b85, 0x83b98309, 0x20078213, 0x11b957f6, 0x84000021, 0x53198235, 0xdf92114d, 0xc7466583, 0x20378206, 0x2da142d8, 0x1f822d9f, 
	0xe2ffec22, 0x41497f4b, 0x00200d41, 0xf7910096, 0x168c2896, 0x43825b8d, 0x8c0cad67, 0xa50c8b2a, 0x94318b25, 0x0a99440b, 0x821f5947, 0x462d821f, 
	0x50940a89, 0xff21148c, 0x200e82c4, 0x87431814, 0x51ec2008, 0x1b820db7, 0x654702ca, 0x5e00200f, 0x461806b1, 0x6c9d090d, 0x08274418, 0x28ff4b18, 
	0x0d435c18, 0x3d830d86, 0x10a15918, 0x114b7995, 0x4923870d, 0x1b8713d3, 0x8bd507ef, 0x1b4155d5, 0x456f996f, 0x2d85131b, 0x4f1f2144, 0x214415c7, 
	0x8349850d, 0x11514705, 0xcf491584, 0xad198314, 0x1ba95803, 0x22118548, 0x7bff0000, 0x82180a63, 0x75870beb, 0x1b873393, 0xff210783, 0x052f49ec, 
	0x831b5f6d, 0x49039427, 0xff210c39, 0x1f6741ce, 0xa17b6f84, 0x11e7491e, 0x3b841185, 0x830ef149, 0x9b039913, 0x11f1718d, 0x0faf6918, 0x19955799, 
	0x8b172d42, 0x14074c2d, 0x0000c423, 0x09d158ff, 0x850adf48, 0xdf551839, 0x8d11850b, 0x05917605, 0x8d192d7e, 0x840d972d, 0x22fd6281, 0x951b6f4d, 
	0x2317415b, 0x15873995, 0x4b4941c1, 0x3cd74a08, 0x18199f5e, 0x83217b52, 0x0f774681, 0x870d4963, 0x202982ed, 0x200b8592, 0x05d764ff, 0x4985b3bc, 
	0x174d0585, 0x2c47430a, 0x05b13d85, 0x910de168, 0x911f9f3f, 0x8d114031, 0x1f9fbf9f, 0x154acdc2, 0x17314316, 0x89b11797, 0x67464991, 0x9163911f, 
	0x44239143, 0x7f660b6f, 0x935d933f, 0x5d274913, 0x890f7f66, 0x05494b81, 0x44131541, 0x33890f39, 0x37910989, 0x21174f79, 0x358588ff, 0x850d0f55, 
	0x4905bb13, 0xafa3097f, 0x5948699e, 0x20279e08, 0x45595d00, 0x9f1b2b48, 0x851f4081, 0x4011eb4f, 0x85d38597, 0x420ba143, 0x71a511f7, 0x82e2ff21, 
	0x7eec2001, 0xff250551, 0xff0000ec, 0x05696bd8, 0x210f5356, 0x1b8274ff, 0xecff7422, 0x20068d47, 0x200d82ba, 0x061752a6, 0x4182f620, 0x1783d820, 
	0x76a6ff21, 0x79930563, 0x41821f82, 0x95183582, 0x418524f5, 0x4105cb41, 0xff210bd1, 0x229d8274, 0x4288ff74, 0x25821fa7, 0x69528820, 0x55651809, 
	0x1647480c, 0x5708bf4f, 0x43820813, 0x1e775518, 0x200c8555, 0x0b6744d8, 0x9125f943, 0x44438525, 0x154117b1, 0x4705ef05, 0x1f9f1fbf, 0xa16bafc1, 
	0x41e2200c, 0xfb4e1bfb, 0x9185c119, 0x7b898441, 0x23910c9d, 0x41811140, 0x1f9f1f9f, 0xba81c140, 0x283f4781, 0x3a8e63ba, 0x8e1b9f42, 0x440ebc2a, 
	0xca8a8d25, 0x87168d4b, 0x0fa94621, 0x5d1bb147, 0x698f3dbf, 0x07938187, 0x4a09b541, 0x2f4e1a7f, 0x07a55822, 0x2f4f6389, 0x057f4a17, 0xffe2ff23, 
	0x134c189c, 0xb13b890f, 0x07f54609, 0x15dd6c18, 0x25414f93, 0x8b119111, 0x8b1d9d37, 0x00002129, 0x11116a18, 0x8d11f346, 0x180d8b31, 0x8b101146, 
	0x410b8e1c, 0xe36f0abf, 0x23994318, 0x8e11bf41, 0x180e8868, 0x1808277a, 0x880caf5e, 0x8308be1e, 0xf6ff295d, 0x49000200, 0xd1000900, 0xd8264c82, 
	0xc900ef00, 0x0182f100, 0x00e13408, 0x00f800f6, 0x01fa00e2, 0x01e50004, 0x00090108, 0x010d01f0, 0x01f2000d, 0x00100110, 0x011201f3, 0x01f40014, 
	0x00170117, 0x011a01f7, 0x01f8001b, 0x821f011d, 0x2260082d, 0xfd002901, 0x2e012b01, 0x31010501, 0x0901d001, 0x0002d701, 0x0702a901, 0xd3011e02, 
	0x29022002, 0x2d02eb01, 0xf5012e02, 0x32023202, 0x3502f701, 0xf8013a02, 0x3c023c02, 0x3f02fe01, 0xff014002, 0x44024202, 0x46020102, 0x04024702, 
	0x4e024b02, 0x51020602, 0x0a025802, 0x5b025a02, 0x5d021202, 0x14220182, 0x01826202, 0x66021522, 0x44080182, 0x02690216, 0x0217026b, 0x0274026e, 
	0x0276021a, 0x0221027d, 0x02d00280, 0x03e40229, 0x037a0242, 0x025c0349, 0x035e03d9, 0x03ed0260, 0x02620362, 0x036703f0, 0x03f10269, 0x0275036b, 
	0x037903f4, 0x03ff027a, 0x2201827e, 0x82810301, 0x03022801, 0x03850383, 0x82880303, 0x06260801, 0x8c038b03, 0x8e030703, 0x09039003, 0x93039203, 
	0x96030c03, 0x0e039d03, 0xa0039f03, 0xa2031603, 0x1803a903, 0x0182ac03, 0xb2032022, 0x78080182, 0x03b50321, 0x042203d2, 0x03560451, 0x04580440, 
	0x04460358, 0x0370045a, 0x04770447, 0x045e037c, 0x03820481, 0x04850464, 0x04660386, 0x038d048d, 0x048f0468, 0x0469038f, 0x03910491, 0x0493046a, 
	0x046b0393, 0x03970497, 0x0499046c, 0x046d0399, 0x03a0049e, 0x054b056e, 0x0571034b, 0x034e054e, 0x056f0572, 0x0573036f, 0x03950587, 0x05970574, 
	0x0083039e, 0x00380102, 0x26018409, 0x000a000a, 0x820b0001, 0x00042401, 0x820e000c, 0x000f280b, 0x0004000f, 0x82110010, 0x0012280b, 0x002f0012, 
	0x82140013, 0x0015260b, 0x003d0015, 0x22018216, 0x82170001, 0x00042201, 0x22018218, 0x82190001, 0x00042201, 0x2201821a, 0x821b0001, 0x00132201, 
	0x2201821c, 0x821d0019, 0x000b2201, 0x2201821e, 0x821f005b, 0x001e2201, 0x22018220, 0x8221005c, 0x00152201, 0x24018222, 0x0023001f, 0x2285823a, 
	0x823c003b, 0x003d2201, 0x22778242, 0x825c0043, 0x005d226b, 0x220b8262, 0x82750063, 0x0076220b, 0x22838277, 0x827f0078, 0x0080220b, 0x22838280, 
	0x82870081, 0x0088220b, 0x222382a9, 0x82b000aa, 0x00b1220b, 0x22a582bb, 0x82c100bc, 0x00c2228b, 0x22cd82d7, 0x82db00d8, 0x00dc2279, 0x22b582e4, 
	0x82e800e5, 0x00e9227f, 0x222f82e9, 0x82ef00ea, 0x00f0262f, 0x003500f0, 0x220182f1, 0x82f60020, 0x004e2201, 0x220182f8, 0x82fa0035, 0x014f3c01, 
	0x00030103, 0x01040121, 0x01500004, 0x000a010a, 0x010d014e, 0x0120000d, 0x82100110, 0x01112e05, 0x01350011, 0x00140112, 0x01160136, 0x28298216, 
	0x00180118, 0x011e0151, 0x222f821e, 0x82240123, 0x01262211, 0x28118226, 0x00280127, 0x012c0158, 0x2235822c, 0x822e012e, 0x01312205, 0x081d8231, 
	0x33013338, 0x34014f00, 0x07003401, 0x35013501, 0x36016200, 0x03003801, 0x39013901, 0x3a010f00, 0x1b003a01, 0x3b013b01, 0x3c011000, 0x11003c01, 
	0x3d013d01, 0x3e012b00, 0x11823f01, 0x41014028, 0x42010e00, 0x2f824201, 0x43014322, 0x44220b82, 0x0b824401, 0x45014522, 0x32080b82, 0x00460146, 
	0x01470112, 0x011a0047, 0x00480148, 0x0149010c, 0x016c0049, 0x004a014a, 0x014b0126, 0x016e004b, 0x004c014c, 0x014d0116, 0x0128004d, 0x8267014e, 
	0x01682283, 0x22418287, 0x828d0188, 0x018e2277, 0x22658291, 0x82a10192, 0x01a22277, 0x227782a4, 0x82a501a5, 0x01a62211, 0x225f82a6, 0x82ad01a7, 
	0x01ae220b, 0x220b82b5, 0x82d701b6, 0x01d82235, 0x220b82de, 0x82e801df, 0x01e92277, 0x22bf82e9, 0x82f001ea, 0xf126087d, 0x0c000602, 0x0a020702, 
	0x0b022600, 0x16001302, 0x17021402, 0x18022800, 0x03001802, 0x19021902, 0x1a020e00, 0x0b821a02, 0x1b021b28, 0x1c021000, 0x0b821c02, 0x1d021d22, 
	0x1e220b82, 0x1d821e02, 0x02212008, 0x02080023, 0x00250225, 0x02260253, 0x02180027, 0x00280228, 0x02290222, 0x02540029, 0x822e022a, 0x022f281d, 
	0x0255002f, 0x82310231, 0x0232220b, 0x22238232, 0x82330233, 0x0235220b, 0x2e0b8235, 0x00360236, 0x0237022e, 0x02380039, 0x823a023a, 0x023b2211, 
	0x2241823b, 0x823c023c, 0x023d2823, 0x023a003d, 0x823f023e, 0x0240220b, 0x22298240, 0x82420241, 0x0243220b, 0x225f8243, 0x82440244, 0x0246280b, 
	0x02570046, 0x82470247, 0x024c223b, 0x226b824c, 0x824d024d, 0x024e2217, 0x2217824e, 0x8251024f, 0x0252220b, 0x22538253, 0x82540254, 0x0255220b, 
	0x2e538255, 0x00570256, 0x02580259, 0x022d0059, 0x825b025b, 0x025d223b, 0x2205825d, 0x82620262, 0x02642829, 0x021d0065, 0x82660266, 0x0268221d, 
	0x2235826a, 0x826b026b, 0x026c2211, 0x223b826c, 0x826e026d, 0x026f220b, 0x228f826f, 0x82700270, 0x0271220b, 0x22298271, 0x82720272, 0x02732241, 
	0x282f8273, 0x00740274, 0x02750253, 0x220b8275, 0x82760276, 0x02773429, 0x020a0077, 0x00780278, 0x02790202, 0x02050079, 0x827c027a, 0x027d220b, 
	0x220b827d, 0x827f027e, 0x0280280b, 0x02340080, 0x82820281, 0x0283280b, 0x02480083, 0x82840284, 0x0285220b, 0x22238285, 0x82860286, 0x0287220b, 
	0x220b8287, 0x82880288, 0x8932080b, 0x14008902, 0x8a028a02, 0x8b021c00, 0x0d008b02, 0x8c028c02, 0x8d026d00, 0x27008d02, 0x8e028e02, 0x8f026f00, 
	0x17008f02, 0x90029002, 0x91022900, 0x8382a802, 0xaa02a928, 0xab023e00, 0x4782b002, 0xca02b122, 0xcb224782, 0x0b82d002, 0xde02d122, 0xdf280b82, 
	0x4700df02, 0xe402e002, 0xe5220b82, 0x8f82e602, 0xe702e722, 0xe8220b82, 0x1782e802, 0xef02e922, 0xf0220b82, 0x9b82f002, 0xf702f122, 0x38080b82, 
	0x001903f8, 0x031a0305, 0x03020020, 0x002b0321, 0x032c0314, 0x031c0031, 0x00320332, 0x0333036b, 0x030d0048, 0x004c0349, 0x034d0327, 0x03170055, 
	0x00590356, 0x035a0329, 0x2235825a, 0x8260035b, 0x03613a35, 0x03250061, 0x00620362, 0x03640324, 0x03060065, 0x00670367, 0x03680356, 0x220b8268, 
	0x82690369, 0x036a221d, 0x280b826a, 0x006b036b, 0x036c0352, 0x220b826f, 0x82730372, 0x03742e05, 0x03230074, 0x00750375, 0x03760337, 0x2211827a, 
	0x827b037b, 0x037d223b, 0x220b827d, 0x827e037e, 0x037f2253, 0x220b8280, 0x82810381, 0x0382220b, 0x284d8282, 0x00850383, 0x03870339, 0x223b8287, 
	0x82880388, 0x0389281d, 0x033b0089, 0x828b038a, 0x038d220b, 0x2205828e, 0x828f038f, 0x03902253, 0x220b8290, 0x82930393, 0x0395223b, 0x220b8295, 
	0x82960396, 0x03972235, 0x280b8298, 0x009a0399, 0x039b035a, 0x2211829b, 0x829c039c, 0x039d2241, 0x2217829e, 0x82a003a0, 0x03a2222f, 0x22ad82a2, 
	0x82a603a3, 0x03a82211, 0x222382a8, 0x82a903a9, 0x03aa2253, 0x221182af, 0x82b103b0, 0x03b22289, 0x220b82b2, 0x82b303b3, 0x03b4223b, 0x080b82b5, 
	0xb803b73e, 0x51040600, 0x32005104, 0x53045204, 0x54044100, 0x42005504, 0x56045604, 0x58042a00, 0x33005804, 0x59045904, 0x5c046700, 0x69005c04, 
	0x5f045f04, 0x60044900, 0x4b006004, 0x61046104, 0x62220b82, 0x0b826204, 0x64046322, 0x20084182, 0x00680465, 0x0469042c, 0x04430069, 0x006a046a, 
	0x046b0445, 0x0444006b, 0x006c046c, 0x046d0446, 0x2217826d, 0x826e046e, 0x046f2217, 0x2217826f, 0x82700470, 0x04772e17, 0x044a0077, 0x00780478, 
	0x0479044c, 0x220b8279, 0x827a047a, 0x047b2e0b, 0x046a007b, 0x007c047c, 0x04810463, 0x228f8281, 0x82820482, 0x0485228f, 0x220b8285, 0x82860486, 
	0x048d3a0b, 0x043f008d, 0x008e048e, 0x048f0440, 0x0430008f, 0x00900490, 0x04910431, 0x22178291, 0x82920492, 0x04932217, 0x22178293, 0x82940494, 
	0x04952e17, 0x04640095, 0x00960496, 0x04970465, 0x22178297, 0x82980498, 0x99580817, 0x5e009904, 0x9a049a04, 0x9e046600, 0x5f009e04, 0x9f049f04, 
	0xa0046100, 0x6000a004, 0xa504a404, 0x4b054d00, 0x68004b05, 0x4e054e05, 0x6f052a00, 0x5d006f05, 0x96058705, 0x97050f00, 0x03009805, 0x9a059905, 
	0x9b051200, 0x19009b05, 0x9e059c05, 0x02000100, 0x09005401, 0x07220182, 0x01820a00, 0x0b007522, 0x21220182, 0x01820d00, 0x0e000422, 0x76220182, 
	0x01820f00, 0x10002224, 0x1f821100, 0x12001226, 0x13002c00, 0x50220182, 0x01821400, 0x15001a22, 0x51220182, 0x01821600, 0x83001821, 0x00772201, 
	0x2101821a, 0x0183001b, 0x1c001022, 0x23220182, 0x01821d00, 0x1e000c22, 0x79220182, 0x01821f00, 0x20003322, 0x7a220182, 0x01822100, 0x22001422, 
	0x2d300182, 0x3a002300, 0x3b000700, 0x04003c00, 0x42003d00, 0x47221982, 0x0b825c00, 0x62005d22, 0x63221f82, 0x9d847400, 0x7d827720, 0x78007828, 
	0x79005000, 0x67827f00, 0x80008028, 0x81005100, 0x7b828700, 0x5947a920, 0x001b2408, 0x82bb00b1, 0x00bc22b1, 0x2e5782c1, 0x00d100c2, 0x00d8000c, 
	0x003300db, 0x82e400dc, 0x00e526b5, 0x002d00e8, 0x220182ea, 0x82ec0018, 0x00782201, 0x240182ed, 0x00ee002d, 0x2c5f82ef, 0x00f100f1, 0x00f60064, 
	0x003f00f7, 0x220182f8, 0x82fa0065, 0x00662201, 0x220182fb, 0x82fc0067, 0x68220801, 0xff00fd00, 0x00014700, 0x37000001, 0x02010101, 0x03016300, 
	0x36000301, 0x04010401, 0x08016800, 0x0b820901, 0x0d010d34, 0x10013000, 0x64001001, 0x14011201, 0x17014800, 0x2f821701, 0x1a011a22, 0x1b280582, 
	0x3f001b01, 0x1d011d01, 0x1e220582, 0x29821f01, 0x24012228, 0x25014c00, 0x1d822601, 0x2801272e, 0x29017200, 0x65002901, 0x2c012b01, 0x2d281d82, 
	0x67002d01, 0x2e012e01, 0x31220b82, 0x5f823201, 0x01334408, 0x01660033, 0x00340134, 0x01350108, 0x01020035, 0x00360136, 0x01370124, 0x010f0037, 
	0x00380138, 0x01390105, 0x01580039, 0x003a013a, 0x013b0126, 0x010b003b, 0x003d013c, 0x013e0103, 0x0135003e, 0x823f013f, 0x01402229, 0x22178241, 
	0x82430142, 0x442f0841, 0x8c004401, 0x45014501, 0x46011d00, 0x13004601, 0x47014701, 0x48011200, 0x0d004801, 0x49014901, 0x4a019500, 0x3b004a01, 
	0x4b014b01, 0x47019700, 0x2a240995, 0x65014e01, 0x66228982, 0x77826701, 0x6d016822, 0x6e288982, 0x56006e01, 0x71016f01, 0x72226582, 0x17828701, 
	0x8d018822, 0x8e228982, 0x71829101, 0xa4019222, 0xa5228982, 0x8982a601, 0xa701a722, 0xa8222382, 0x2f82a801, 0xad01a922, 0xae220b82, 0x2382b501, 
	0xd001b622, 0xd7229582, 0x3b82d701, 0xde01d822, 0xdf229582, 0x9582e801, 0xe901e92e, 0xea018800, 0x9300ea01, 0xf001eb01, 0xf12aa182, 0x0d000002, 
	0x0a020702, 0xb9473b00, 0x022a360a, 0x00180218, 0x02190202, 0x020b0019, 0x001a021a, 0x021b0282, 0x0811821b, 0x1c021c32, 0x1d022a00, 0x03001e02, 
	0x20022002, 0x21021500, 0x6a002102, 0x24022202, 0x25024100, 0x1f002502, 0x27022602, 0x28026b00, 0x39002802, 0x29022902, 0x2d221d82, 0x0b822e02, 
	0x32023222, 0x35342f82, 0x6d003502, 0x36023602, 0x37026f00, 0x4a003902, 0x3a023a02, 0x3c221782, 0x3b823c02, 0x3f023f22, 0x40280582, 0x31004002, 
	0x42024202, 0x43220582, 0x1d824402, 0x46024628, 0x47027000, 0x3b824702, 0x4b024b22, 0x4c220b82, 0x1d824d02, 0x4e024e2e, 0x51024200, 0x4d005302, 
	0x55025402, 0x56283b82, 0x73005702, 0x58025802, 0x5a221782, 0x3b825b02, 0x5d025d22, 0x62220582, 0x83826202, 0x66026622, 0x69220582, 0x1d826a02, 
	0x6b026b22, 0x6e222f82, 0x05826e02, 0x70026f22, 0x71224d82, 0x29827202, 0x73027322, 0x7422cb82, 0x17827402, 0x76027622, 0x4a08a782, 0x00770277, 
	0x02780209, 0x02800078, 0x00790279, 0x027a0225, 0x0201007a, 0x007b027b, 0x027c0206, 0x0285007c, 0x007d027d, 0x02800227, 0x022f0080, 0x00810281, 
	0x0282025d, 0x021c0082, 0x00830283, 0x0284025e, 0x02190084, 0x82850285, 0x02862835, 0x028a0086, 0x82870287, 0x8828080b, 0x1e008802, 0x89028902, 
	0x8a021100, 0x29008a02, 0x8b028b02, 0x8c020e00, 0x96008c02, 0x8d028d02, 0x8e023c00, 0x98008e02, 0x240a7d47, 0x0291022e, 0x228f82a8, 0x82aa02a9, 
	0x02ab227d, 0x228f82b0, 0x82b402b1, 0x02b5224d, 0x221182ca, 0x82d002cb, 0x02e42289, 0x228982e6, 0x82e702e7, 0x02e82889, 0x028900e8, 0x82ef02e9, 
	0x02f0228f, 0x228f82f0, 0x82f702f1, 0xf82e088f, 0x01001803, 0x19031903, 0x1a030600, 0x1e002003, 0x2b032103, 0x2c031100, 0x29003103, 0x32033203, 
	0x33039400, 0x0e004203, 0x4c034903, 0x77473c00, 0x032e240a, 0x825a035a, 0x035b283b, 0x0319005b, 0x825c035c, 0x5e4a080b, 0x2e005e03, 0x60035f03, 
	0x62032f00, 0x6e006203, 0x68036703, 0x69033200, 0x71006903, 0x6b036b03, 0x6c036900, 0x49006c03, 0x6d036d03, 0x6e034000, 0x38007003, 0x71037103, 
	0x72032000, 0x6c007303, 0x74037403, 0x75033a00, 0x1d827503, 0x7a037922, 0x7e280b82, 0x2b007e03, 0x81038103, 0x83284d82, 0x4b008503, 0x88038803, 
	0x8b222f82, 0x05828b03, 0x8c038c22, 0x8e225f82, 0x05828e03, 0x90038f22, 0x92222982, 0x5f829203, 0x93039322, 0x96280b82, 0x4e009703, 0x98039803, 
	0x99282982, 0x74009a03, 0x9b039b03, 0x9c221182, 0x11829c03, 0x9d039d22, 0x9f229582, 0x2982a003, 0xa203a222, 0xa3229b82, 0x3b82a303, 0xa403a422, 
	0xa5227d82, 0x9b82a603, 0xa703a722, 0xa8222982, 0x8982a803, 0xa903a922, 0xac221782, 0x0b82ac03, 0xb203b222, 0xb5221782, 0x0582b503, 0xb703b622, 
	0xb8227d82, 0x4782b803, 0xb903b93a, 0xba035200, 0x4300ba03, 0xbb03bb03, 0xbc035400, 0x3400bc03, 0xbd03bd03, 0xbe340b82, 0x8600be03, 0xbf03bf03, 
	0xc0038700, 0x2800c003, 0xc203c103, 0xc3221d82, 0x0b82c303, 0xc403c422, 0xc5220b82, 0x0b82c603, 0xc803c722, 0xc9224182, 0x1182c903, 0xca03ca28, 
	0xcb039000, 0x5982cb03, 0xcc03cc28, 0xcd039200, 0x2382cd03, 0xcf03ce28, 0xd0034f00, 0x0b82d003, 0xd103d122, 0x4d080b82, 0x00d203d2, 0x04510428, 
	0x04450051, 0x00530452, 0x04540455, 0x04570055, 0x00560456, 0x0458043d, 0x04460058, 0x005a045a, 0x045b0483, 0x0484005b, 0x005c045c, 0x045d048d, 
	0x048e005d, 0x005e045e, 0x045f048f, 0x045f005f, 0x00600460, 0x01820461, 0x62220b82, 0x0b826204, 0x64046322, 0x20085382, 0x00680465, 0x0469043e, 
	0x04590069, 0x006a046a, 0x046b045b, 0x045a006b, 0x006c046c, 0x046d045c, 0x2217826d, 0x826e046e, 0x046f2217, 0x2217826f, 0x82700470, 0x04772e17, 
	0x04600077, 0x00780478, 0x04790462, 0x220b8279, 0x827a047a, 0x047b2b0b, 0x0491007b, 0x007c047c, 0x01820481, 0x8222a182, 0xa1828204, 0x85048522, 
	0x86220b82, 0x0b828604, 0x8d048d2e, 0x8f045300, 0x44008f04, 0x91049104, 0x93220b82, 0x0b829304, 0x97049722, 0x56080582, 0x00990499, 0x049e047c, 
	0x047d009e, 0x009f049f, 0x04a0047f, 0x057e00a0, 0x004b054b, 0x054e058b, 0x053d004e, 0x006f056f, 0x0587057b, 0x05020088, 0x00890589, 0x058a0558, 
	0x050b008b, 0x008f058c, 0x05900503, 0x05350091, 0x00930592, 0x0594050f, 0x05120095, 0x82970597, 0x0598221d, 0x220b8299, 0x829a059a, 0x059b2235, 
	0x0811829b, 0x9c059c46, 0x9d052a00, 0x03009e05, 0xbc2a0100, 0x00000400, 0xec100c03, 0xfe08680a, 0x2806f009, 0xe0078c0b, 0x7011460f, 0x2206b409, 
	0xf009bc08, 0xf40fb60b, 0xd209a608, 0x1a0ee00b, 0x5e0de80d, 0xfc11300d, 0xec10ce0a, 0x062501ad, 0x08280628, 0x210189fe, 0x0185f009, 0x03a71783, 
	0x89e00721, 0x460f2101, 0xa5830183, 0x89b40921, 0x21b18301, 0x0189bc08, 0x05bb6385, 0xa621b582, 0x21018a08, 0x0193d209, 0x89e00b21, 0x1a0e2101, 
	0x0d21019d, 0x2101855e, 0x018ffc11, 0x85ce0a21, 0xf0092901, 0xf009bc08, 0xce0af207, 0x1c35e383, 0x3e8a0aca, 0x144c58f6, 0x12221422, 0x13861746, 
	0x15321028, 0x39018350, 0x04080a0c, 0x10170408, 0x10173210, 0x8e1e1017, 0x9c4c7010, 0x46528a0a, 0x0183b219, 0x26a43127, 0x0c0a0cd4, 0x2737830a, 
	0x70107010, 0x2c16e82c, 0x13830183, 0x19081925, 0x83461208, 0x244d8215, 0x6be66070, 0x2d418384, 0x82088617, 0x18093406, 0x4a0a9408, 0x01829408, 
	0x0f828220, 0x40063a2a, 0x16088806, 0x3406d207, 0x092101ad, 0x84018918, 0x2551824d, 0x4a0a4a0a, 0x0d872e06, 0x67820788, 0x03b00820, 0x3a218d82, 
	0x20018b06, 0x8ea98240, 0x38072303, 0x01898806, 0x85d20721, 0x2c6b8201, 0x07820894, 0x0b0024d2, 0x0698061a, 0x080184b6, 0x8e068e22, 0x98065e0c, 
	0x5e0c5e0c, 0x422f1a0b, 0x1a0b4606, 0xac06ba28, 0x1a0bac06, 0xec1b1a0b, 0x4c0ef40a, 0x08230d83, 0x83340c94, 0xa2062501, 0x9408a206, 0x0e331b83, 
	0x181a0b7e, 0x0d460776, 0x0c54078c, 0x0cb00e5e, 0x83cc135e, 0x823b87d9, 0x0746365d, 0x07c00662, 0x0610079a, 0x06ca0664, 0x085e06e8, 0x077e0728, 
	0x200f8206, 0x320382d4, 0x064c06f2, 0x06fc0652, 0x065e06de, 0x068c07e8, 0xad620758, 0x20558201, 0x205d8264, 0x2103889a, 0x01840710, 0x03a81783, 
	0x9782e820, 0x5e200387, 0xa3838982, 0xa5827020, 0x038a7e20, 0x8b070621, 0x85638401, 0x8205b569, 0x06f2219b, 0x4c21018b, 0x21019306, 0x018b0652, 
	0x9d06fc21, 0x23bb8401, 0x8c075e06, 0x0621018f, 0x82018558, 0x070622ab, 0x820b8210, 0xbe152929, 0x881f9a07, 0xdc0c0e34, 0xb2280182, 0x3a08400b, 
	0x0e0aa807, 0x07210183, 0x349d82b6, 0x07e20e64, 0x0ee20ea8, 0x08ac1de2, 0x0752254c, 0x0d9c219a, 0x270183ba, 0x7c36601a, 0xb607b607, 0xdc223582, 
	0x01824c08, 0x4c083a30, 0x9e161239, 0x880c880c, 0xac0ab607, 0x0783ac0a, 0x82b20c21, 0x3b4c2219, 0x215789c4, 0x5185b607, 0x123f3b89, 0x0a2c0a90, 
	0x11b6112c, 0x20ba0fb6, 0x07660982, 0x0624071a, 0x0d32096a, 0x12c40706, 0x848014da, 0x12902403, 0x852e1190, 0xd2082701, 0x2e07ae10, 0x07884c09, 
	0x5e08e823, 0x29038208, 0x660b140f, 0x6609ba0f, 0x0583161b, 0x09e61427, 0x06700680, 0x83058570, 0x800f2d09, 0x76069a09, 0x7a137c06, 0x4c43a647, 
	0x222b0383, 0x06fc17ba, 0x08ba0f82, 0x82820870, 0x079d4301, 0x88068825, 0x83069408, 0x08822a05, 0x00d20794, 0xff2b0101, 0x220582fb, 0x82f6ff2f, 
	0x00352805, 0x02010028, 0x8405001f, 0x820a2005, 0x83482005, 0x87042717, 0x01001e00, 0x0b83a103, 0xe2200582, 0x94220b82, 0x1184ecff, 0x0b84d820, 
	0x2f203b83, 0x01211183, 0x20298630, 0x214d82ce, 0x0583ff30, 0x32001522, 0x34244782, 0x02000a00, 0x4b825983, 0x1e2c0985, 0x14002002, 0x57040200, 
	0x8304f6ff, 0x02265982, 0xecff5e02, 0x1384a804, 0x09826f82, 0x03232782, 0x82e2ff94, 0x00ec2271, 0x22058202, 0x830005a6, 0x20138227, 0x200d82ec, 
	0x221382b0, 0x88f6ff94, 0x83138309, 0x86318227, 0x84662027, 0x88d8201d, 0x84e22027, 0x824f8309, 0x1b012309, 0xad841400, 0x2f010224, 0x5382d8ff, 
	0x09822782, 0x3001e222, 0x03206382, 0x0a269b82, 0x0a005a02, 0xb7826102, 0x6a040326, 0x6e040a00, 0x9d830382, 0x5f040326, 0x6104d8ff, 0x7c200382, 
	0x0320f182, 0xb0203982, 0xec208382, 0xe2247382, 0x63030300, 0xc4204b84, 0xce201182, 0x94210d82, 0x200983ff, 0x831b82d8, 0x8263200d, 0x83b1878f, 
	0x82b18437, 0x82ec201b, 0x00862229, 0x22eb8814, 0x82660303, 0x8271200d, 0x83a12003, 0x2b01237d, 0x9982f6ff, 0x9982b020, 0x02252982, 0x02f6ff20, 
	0x2003825a, 0x20a78261, 0x20178204, 0x821783ec, 0x82f6203b, 0x00f62173, 0xc3831183, 0xbf04ba26, 0xd404f6ff, 0xf6212386, 0x247b8302, 0x030a0071, 
	0x2051829f, 0x20438404, 0x8b478b48, 0x21c984b7, 0x2d830304, 0x1e008622, 0xec205982, 0x03213585, 0x89bf8271, 0x00e221a7, 0x11832382, 0x03ecff25, 
	0x82e2ff91, 0x859c207d, 0x5e02257d, 0x60023200, 0x0225a187, 0x0205001f, 0x20038220, 0x2a03825a, 0x00050061, 0xff1f0204, 0x824902fb, 0x824b2003, 
	0x825e2003, 0x820520a1, 0x82e220c5, 0x820a2027, 0x88f6206b, 0x231583b7, 0xff3001f6, 0x4b821982, 0x0324ad82, 0x00ecffa1, 0xd8201583, 0x14226182, 
	0x77826702, 0x20071d42, 0x229b8405, 0x8214008c, 0x03f62289, 0x24e78292, 0x00c4ffa1, 0x0a1d4106, 0x3d83ec20, 0xec225b82, 0x4582d404, 0x83820620, 
	0x2002f622, 0x34205782, 0x51415b85, 0x01062808, 0x01f6ff00, 0x820a001b, 0x02ec2279, 0x207d8245, 0x22678261, 0x82e2ffa1, 0x2019834d, 0x20198215, 
	0x2221821b, 0x41e2ff20, 0x06220893, 0x1182f200, 0xecff0023, 0x20198501, 0x201982ec, 0x823f83d8, 0x822b2033, 0xff302219, 0x08b541ec, 0x0221ef82, 
	0x21f38261, 0x49830106, 0xc4ff2f24, 0x1d826302, 0xceff6722, 0x2008c141, 0x203d8207, 0x06d341c4, 0xb582ce20, 0xb582f620, 0xb582ce20, 0x0005ce22, 
	0x07208582, 0xf6261982, 0x14001f02, 0x03822002, 0x0a004824, 0x07825a02, 0x03825e20, 0x14006126, 0x2b010700, 0x2f209f82, 0x30209b82, 0x1582b982, 
	0x00660323, 0x24598614, 0x030700e2, 0x240d828c, 0x030a0091, 0x82078292, 0x57042bd3, 0x8304ecff, 0xa804e2ff, 0x3b820a00, 0x82ff2f21, 0x280021b5, 
	0xa782ab88, 0x27059342, 0x07001e00, 0xf1ff1f02, 0xec221982, 0xaf824802, 0x03824920, 0x03824b20, 0x03825a20, 0xecff6124, 0x39430800, 0x84e78206, 
	0x020a2291, 0x22658261, 0x83ecff94, 0x20b782bf, 0x232185f6, 0xf6ff4502, 0xe224ef82, 0xf6ff6702, 0x93415982, 0x0308220d, 0x242f8263, 0x03d8ff86, 
	0x43078291, 0xc4200527, 0xce20a182, 0xff27a185, 0x010900f6, 0x82ecff2b, 0x82658269, 0x82482077, 0x824b204b, 0x20838303, 0x8487855e, 0x04092669, 
	0x04f6ff54, 0x20038255, 0x20038259, 0x20e1825f, 0x20038260, 0x20038261, 0x20038262, 0x2013828e, 0x424b8392, 0x04240f97, 0x040a0057, 0xf62c2585, 
	0x00007c04, 0x0a008704, 0x86030900, 0x8c20a982, 0x92229382, 0xb182e2ff, 0x9f03b022, 0xa1200f82, 0x57224382, 0x9782e2ff, 0x2605f543, 0x00000109, 
	0x82150114, 0xff2f2c03, 0x003001e2, 0x00660328, 0x8271031e, 0x053f4303, 0xa103e22c, 0x0a001400, 0xa6ff3001, 0xa9821f02, 0xe2ff2024, 0x03823402, 
	0x03824820, 0xc5844920, 0x5a02ec22, 0x61200b82, 0xa1226382, 0x2982c4ff, 0xe7822f20, 0xb0ff3022, 0xec202d86, 0xf6222d82, 0x6f414802, 0x005e2306, 
	0x93420214, 0x84ce2005, 0x82e22053, 0x02d82425, 0x86ceff20, 0x82ce2053, 0x82ce204b, 0x03ce2621, 0x04ceffa1, 0x20d582bf, 0x22c982d4, 0x82f5000a, 
	0x82ff2083, 0x00002631, 0xff2f0119, 0x24a782f6, 0x0063031e, 0x086b440a, 0x0b829120, 0x1e00a124, 0xe9410a00, 0x8604201b, 0xa80421f7, 0x29a45383, 
	0xecff8722, 0x69855982, 0x7103322a, 0x94032800, 0x9f03d8ff, 0xfd456d85, 0x82ec2006, 0x051e244f, 0x84e2ff00, 0x0c1d447d, 0x0a223182, 0x2d828603, 
	0xecff8c24, 0x03829203, 0x82ff9421, 0x867d83d9, 0x03282119, 0x15831983, 0x0a265385, 0x1e005704, 0xf7828304, 0x28008722, 0x32205782, 0x2b22f382, 
	0xf382d8ff, 0x30018824, 0x5341d8ff, 0x05374208, 0x6102d822, 0x882a5384, 0xd8ffa103, 0x2b010b00, 0x3544e2ff, 0x45298807, 0xec210529, 0x06654202, 
	0xe220bf82, 0xec20ab82, 0xec202d84, 0x4d44538c, 0x02e22105, 0x2205d541, 0x425a02f6, 0x5b820597, 0x0b00ba2c, 0xf6ff5c04, 0xe2ff5f04, 0x07826004, 
	0x07826120, 0x07826220, 0x07826520, 0x03826620, 0x03826720, 0x03826820, 0xecff7c2e, 0xf6ff9904, 0x63030b00, 0x7103f6ff, 0x11820382, 0x45860321, 
	0x94220663, 0x8142e2ff, 0x04ba2606, 0x04d8ff57, 0x202d8283, 0x202d82a8, 0x20b7860c, 0x208d82f6, 0x20b782b0, 0x0c0f42ce, 0x4205a943, 0x63200513, 
	0xa1234982, 0x8300b0ff, 0x412d8331, 0x3420090f, 0xdb43ab82, 0x02f62105, 0x41075743, 0xf620051b, 0xce22bf82, 0x57430c00, 0x0a00230d, 0x03826004, 
	0x03826120, 0x03826220, 0x1e007c24, 0x5b438e04, 0x99042705, 0x4b051e00, 0x31821400, 0xc420f185, 0xd826f182, 0xc4ff6104, 0xb3826204, 0x07826520, 
	0x03826620, 0x03826720, 0x03826820, 0x13827c20, 0xd8ff9924, 0x31846f05, 0xf1ff5f22, 0x20061f41, 0x222d82f1, 0x826504f6, 0x826620e1, 0x82672003, 
	0x82682003, 0x827b2003, 0xff7c2667, 0xff9904e2, 0x223182f6, 0x440c000a, 0xe2260635, 0xe2ff8c03, 0xdd829103, 0x81479220, 0x849f2006, 0x42e220e9, 
	0xd82806b1, 0xe2ff8704, 0xe2ff0005, 0x1b24f982, 0x2d011e00, 0x20063b43, 0x28f58220, 0x02f6ff45, 0x020a004a, 0x460b825a, 0xec2105b7, 0x216f8202, 
	0x25458c03, 0x0e002105, 0x2106e341, 0x2d8302e2, 0x200d2741, 0x453584ec, 0xec2205d5, 0xd7446603, 0x82d82008, 0x82f6206b, 0x226b8339, 0x84e2ff20, 
	0xff452441, 0x844802d8, 0x021e266b, 0x02e2ff60, 0x206f8261, 0x240f8263, 0x03baff67, 0x20ad8271, 0x203d8286, 0x22bd8291, 0x83c4ffa1, 0xecff2539, 
	0xf6ff2001, 0x82064b46, 0x0659457b, 0x0b826b84, 0x3d82a183, 0x8c207384, 0xd8267784, 0xecffa103, 0x03460f00, 0x8002250f, 0xe5021400, 0xe6200382, 
	0x0f46cf82, 0x8e04290a, 0x90041400, 0x92041e00, 0x94200782, 0x98220782, 0x3d821e00, 0x19001522, 0xfb207782, 0x73857782, 0xfbff4522, 0x20070949, 
	0x2ead8502, 0x007103ec, 0x00860305, 0x008c031e, 0x8294030a, 0x009f227b, 0x21ef8414, 0x2347010f, 0x841e2005, 0x098b46b9, 0x4502f622, 0x5e20e782, 
	0x60208382, 0x45870782, 0x20051d45, 0x050b44f6, 0x82e2ff21, 0x203d857b, 0x203d8214, 0x060547ec, 0x3984e220, 0xec243585, 0xd8ff6702, 0x23088548, 
	0x03ecff8c, 0x20052946, 0x22f782ce, 0x431000e2, 0xb0240603, 0xecff3001, 0x2106df47, 0x254602ec, 0x07a54105, 0x6102d822, 0x66203582, 0x94220382, 
	0x1148b0ff, 0x04e22406, 0x82e2ffd4, 0x82ce20bd, 0xff002241, 0x207b82ec, 0x204182ce, 0x08a945ba, 0xc4ff4522, 0xe2214582, 0x051d4202, 0x4182e220, 
	0x0741d820, 0x82b02006, 0x03e2218b, 0x2005b541, 0x264d82ec, 0x001100ba, 0x82f6fff2, 0x47d82087, 0xe220060f, 0x200a4344, 0x061544ec, 0xec208b87, 
	0x94218b84, 0x20bd83ff, 0x07f548ec, 0xec248782, 0x15011100, 0x1b228782, 0xd184c4ff, 0x83ff2d21, 0x019c244d, 0x47320030, 0x5c260899, 0x5e02d8ff, 
	0x4182ceff, 0x8b82f620, 0x8c208385, 0xa5464982, 0x039c2605, 0x000a00a1, 0x208b8a12, 0x20d182f6, 0x208b82b0, 0x224182ba, 0x823402ba, 0xff482239, 
	0x228f82ba, 0x824b02ce, 0x825a2049, 0x825e200b, 0xff612707, 0xff6303ba, 0xc54203d8, 0x82f62005, 0x059224d1, 0x82f6ff00, 0x05374649, 0x15011426, 
	0x1b011e00, 0x21079342, 0xc9491400, 0xff5c220c, 0x839382f6, 0x03f1248f, 0x460a0063, 0x142106ff, 0x059b4203, 0x20050347, 0x05294712, 0xce20dd84, 
	0x3c20dd8e, 0x1b419b82, 0xff5c2205, 0x204982e2, 0x20dd82c4, 0x204582ec, 0x0a834714, 0x9403d823, 0x24dd83ff, 0x01130028, 0x20458200, 0x268b8215, 
	0x0114001b, 0x82e2ff20, 0x20e5834d, 0x08f941c4, 0x200db741, 0x06b741d8, 0x6702ec22, 0x71204182, 0x2008b74a, 0x24e582d8, 0x001400c4, 0x224582f2, 
	0x840a0000, 0x822b20e1, 0x822d2007, 0xff2f2c0f, 0x001f02ec, 0x0020020a, 0x8224020f, 0x07b74207, 0x1e006322, 0x24083547, 0x03280086, 0x24ed828c, 
	0x03140091, 0x20038292, 0x201b829f, 0x484f82a1, 0x1820050f, 0x1b244582, 0x26011e00, 0x2d280782, 0x30012800, 0x2f02f6ff, 0x45200382, 0x4c200382, 
	0x67240382, 0x6703ceff, 0x6b248b82, 0x7503ecff, 0x7b200782, 0x8c200382, 0x8f204582, 0xa3490782, 0x03ec2205, 0x2a1b82a2, 0x00f6ffa9, 0xff560415, 
	0x825704ec, 0x825c2003, 0xff5f2403, 0x826004ce, 0x82612003, 0x82622003, 0x0f554503, 0x23826920, 0x03826d20, 0x1b827c20, 0x07828120, 0x03828320, 
	0x03828520, 0x0f829920, 0xecff9e2c, 0xd8ff4b05, 0xecff4e05, 0xf9861700, 0x3226af83, 0xf6ff1b01, 0xf9842b01, 0x3001ce24, 0xfd821e00, 0x20021e22, 
	0x24200782, 0x240a6b4a, 0x020a005f, 0x20f18260, 0x20e98263, 0x23ab8271, 0x033c0086, 0x9420fd87, 0x9f2cab82, 0xa1032800, 0xa8041e00, 0x19003200, 
	0x2c06a541, 0x001b01ec, 0xff20010a, 0xff2b01ce, 0x060749ec, 0x2002ce2e, 0x2402d8ff, 0x3002e2ff, 0x3402ecff, 0x45230382, 0x4202b0ff, 0x81460597, 
	0x02c42207, 0x20238260, 0x20178261, 0x22078263, 0x43a6ff67, 0xce250671, 0xc4ff9103, 0x05e14503, 0x1a00a624, 0x55821201, 0x03821320, 0x03821420, 
	0x1e001528, 0xe2ff2701, 0x03822801, 0x5d822f20, 0xbb822020, 0xb3822420, 0x61822820, 0xcb823620, 0x07823b20, 0x07824020, 0x07825220, 0x03825320, 
	0x03826220, 0x0f826f20, 0xcf827620, 0xe2ff7428, 0xf6ff8303, 0x03828403, 0x03828520, 0x0f828720, 0x03829620, 0x03829b20, 0xe2ffa825, 0x42011b00, 
	0xf1200971, 0x20064346, 0x066f47d8, 0xd820cb83, 0xc420cb82, 0xd821cb82, 0x20cb8502, 0x065746ce, 0x5e02ce22, 0x60286582, 0x6102c4ff, 0x6302baff, 
	0xcb820782, 0x00720223, 0x05cd4400, 0x2008c944, 0x0cb349f6, 0x61031b22, 0x63248382, 0x67031400, 0x69200382, 0x71200b82, 0x7b20a382, 0x82200b82, 
	0x83200b82, 0x84203582, 0x85200382, 0x86200382, 0x89201782, 0x91201382, 0x94201b82, 0x99200f82, 0x9a200b82, 0x9c200382, 0x15490382, 0x03142205, 
	0x200b82b0, 0x200382b1, 0x127548b3, 0xecff9934, 0xf2001c00, 0xf5000a00, 0x00012800, 0x0b011e00, 0xeb840a00, 0x32003022, 0x2a066d4c, 0x0030020a, 
	0x00340214, 0x8248020a, 0x82492007, 0x824a2003, 0x824b2003, 0xff5c2203, 0x82df85f1, 0x8261201b, 0x8263200f, 0x82b18303, 0x66032507, 0x71032800, 
	0x91230382, 0x42030a00, 0x0a30051d, 0x2800a103, 0x1e00a804, 0x62031c00, 0x6303d8ff, 0x6720af82, 0x6b240382, 0x7103ceff, 0x74209f82, 0x75200b82, 
	0x7b200382, 0x7c200382, 0x7e200f82, 0x81202382, 0x86200382, 0x87200382, 0x89201382, 0x8f200382, 0x20063141, 0x201f8292, 0x20178293, 0x20078294, 
	0x20138296, 0x2003829b, 0x2003829c, 0x201382a0, 0x204f82a1, 0x200382a2, 0x200f82a8, 0x200382a9, 0x24e382b3, 0xfff2001d, 0x21d782f6, 0xa94d01e2, 
	0x01f62605, 0x01d8ff2b, 0x2113822d, 0xab45ff2f, 0xff242109, 0x4b056d4b, 0xec21099b, 0x05714502, 0x5f02e222, 0x23481b82, 0xff632407, 0x828603e2, 
	0x05e14459, 0x4d05ab4d, 0xd8200551, 0x220ccf45, 0x88f5001d, 0x47e22075, 0xff210519, 0x247582e2, 0xff2f01e2, 0x08af44a6, 0x8d4e3020, 0x84452006, 
	0x02f6217d, 0x2005b549, 0x247982ec, 0xff5e02ce, 0x247982d8, 0xff6002ec, 0x063548f1, 0x6603dd22, 0x4b063148, 0xf6240517, 0xb0ff9403, 0xcd467582, 
	0x021e2209, 0x20d38277, 0x20038291, 0x20038292, 0x20038293, 0x20038294, 0x20038295, 0x20038296, 0x20038297, 0x20038298, 0x20038299, 0x2003829a, 
	0x2003829b, 0x2003829c, 0x2003829d, 0x2003829e, 0x2003829f, 0x200382a0, 0x200382a1, 0x200382a2, 0x200382a3, 0x200382a4, 0x200382a5, 0x200382a6, 
	0x200382a7, 0x2b0382a8, 0x02b0ffa9, 0x03b0ffaa, 0x03e2ff6b, 0x032b2b82, 0x00e2ffa2, 0x00470124, 0x82ea010a, 0x82eb2003, 0x82ec2003, 0x82ed2003, 
	0x82ee2003, 0x82ef2003, 0x00f02c03, 0xff51040a, 0x005204ce, 0x82530414, 0xff542403, 0x825504c4, 0xff562403, 0x825704f6, 0x82592003, 0x825c2013, 
	0x825f2023, 0x82612007, 0x82632003, 0x8264202b, 0x006a2403, 0x826e041e, 0x82812003, 0x82852023, 0x828d2003, 0x828e201b, 0x82912007, 0x82922007, 
	0x82952007, 0x00993c1b, 0xff9e0428, 0x00a804e2, 0x004b0514, 0xff4e0528, 0x006f05f6, 0x002a0014, 0x48f6fff2, 0xff27059b, 0xff1b01d8, 0x822001fb, 
	0x05154c07, 0xed47f620, 0x051b4706, 0xceff2424, 0xd3823002, 0x9cff3428, 0xa6ff4502, 0x03824802, 0x13824920, 0x20052747, 0x068d41b0, 0x0742c420, 
	0x02b02206, 0x241f8261, 0x02b5ff63, 0x22078267, 0x47ceff72, 0xb94b083f, 0x03e22d05, 0x03d8ff86, 0x03f6ff8c, 0x03e2ff91, 0x0320a582, 0x2009c14b, 
	0x22ed82b0, 0x828304c4, 0x838720f9, 0xe2ff27b1, 0xf6ff0005, 0xa9822b00, 0xa984e220, 0xe2ff0b26, 0xddff1501, 0xbf20a982, 0x2006a542, 0x060b4afb, 
	0x1f02b022, 0x20246d82, 0x2402baff, 0x30207982, 0x34220382, 0xad82a1ff, 0xad888820, 0x0a004a22, 0x2006d947, 0x0e3f42a1, 0xb1829c20, 0x63029c24, 
	0xb182abff, 0x8d027921, 0x03e224b1, 0x82ecff7c, 0x86d320b1, 0x86d320b1, 0x03f624b1, 0x4f92ffa1, 0xce270689, 0xd8ff8704, 0x4affa804, 0x2d2205df, 
	0xdb826103, 0x14006228, 0x0a006303, 0x0b826903, 0x03826b20, 0xeb827420, 0x07827520, 0x17827e20, 0xad448120, 0x03e22208, 0x20178284, 0x23038285, 
	0x03280086, 0x0324f382, 0x03f1ff89, 0x2007e946, 0x43278293, 0xe22605c5, 0xd8ff9903, 0x03829a03, 0x2b829b20, 0x23829c20, 0x1b82a020, 0x4f82a120, 
	0x0382a220, 0x1382a820, 0x0782a920, 0x2409cd44, 0xff5104f1, 0x089b4cf6, 0x0b826320, 0x03826420, 0x03826520, 0x03826620, 0x03826720, 0x03826820, 
	0x03829920, 0x2800a833, 0x1e006f05, 0xf0003500, 0xf600e2ff, 0xf800f6ff, 0x056b41ff, 0xd8ff0328, 0xf6ff0a01, 0x0f821101, 0x0b821220, 0x03821320, 
	0x03821420, 0x03821620, 0x03822320, 0x03822420, 0xc4ff2724, 0x03822801, 0x0b822f20, 0xd8ff312c, 0xecff2802, 0xf6ff2f02, 0x07823b02, 0x07824c20, 
	0x480b4f46, 0xe2260529, 0xecff6103, 0x03826903, 0x03826b20, 0xd1827420, 0x07827520, 0x03828220, 0x200bbb45, 0x20178287, 0x06454489, 0x2007d744, 
	0x20e58294, 0x20178296, 0x20078299, 0x2003829a, 0x200b829b, 0x4123829c, 0xec220505, 0x0f82a803, 0x0f82a920, 0x0382b020, 0xdb44b120, 0x01372206, 
	0x20c18235, 0x2003823a, 0x20038246, 0x20038247, 0x2003824b, 0x2003824d, 0x20038288, 0x20038289, 0x2003828a, 0x2003828b, 0x2003828c, 0x2003828d, 
	0x200382df, 0x200382e0, 0x200382e1, 0x200382e2, 0x200382e3, 0x200382e4, 0x200382e5, 0x200382e6, 0x200382e7, 0x200382e8, 0x200382ea, 0x200382eb, 
	0x200382ec, 0x200382ed, 0x200382ee, 0x200382ef, 0x20f582f0, 0x20038214, 0x20038215, 0x20038216, 0x20038217, 0x20038228, 0x06c1443b, 0x07825220, 
	0x03825320, 0xf6ff6222, 0x4f0ca341, 0xec210907, 0x05074f04, 0x4104ec21, 0x7c2007b7, 0x2509a351, 0xf6ff9e04, 0x03829905, 0xf6ff9a36, 0xf0003800, 
	0xf600ecff, 0xf8000a00, 0x0001ecff, 0x0a010a00, 0x11200382, 0x12200b82, 0x13208982, 0x14200382, 0x15240382, 0x18011e00, 0x26200782, 0x03480382, 
	0x01ec2909, 0x020a0030, 0x030a0020, 0x2205a942, 0x82660328, 0x4a67200b, 0x742406a3, 0x7b031400, 0xad420b82, 0x0d574707, 0x87032322, 0x89201f82, 
	0xe5491f82, 0x031e2205, 0x420b8292, 0x1b8208ad, 0xf1ff9924, 0x03829a03, 0x0b829b20, 0x1b829c20, 0x1e009f24, 0x0b82a003, 0x0782a120, 0x0782a820, 
	0x0a00b323, 0x0f855204, 0x820fd54e, 0x380027e5, 0xfbff7902, 0x03827d02, 0x03828520, 0x03828720, 0x0382ab20, 0x0382ac20, 0x0382ad20, 0x0382ae20, 
	0x0382af20, 0x0382b020, 0x0382cb20, 0x0382cc20, 0x0382cd20, 0x0382ce20, 0x0382cf20, 0x0382d020, 0x0382f820, 0x0382f920, 0x0382fa20, 0x0382fb20, 
	0x0382fc20, 0x0382fd20, 0x0382fe20, 0xfbffff24, 0x03820003, 0x03820120, 0x03820220, 0x03820320, 0x03820420, 0x03820520, 0x03820620, 0x03820720, 
	0x03820820, 0x03820920, 0x03820a20, 0x03820b20, 0x03820c20, 0x03820d20, 0x03820e20, 0x03820f20, 0x03821020, 0x03821120, 0x03821220, 0x03821320, 
	0x03821420, 0x03821520, 0x03821620, 0x03821720, 0x03821820, 0x03821920, 0x03825a20, 0x03826220, 0x03827e20, 0x03828120, 0x03829320, 0xfbffa026, 
	0x0b003e00, 0x0f200582, 0x17200382, 0x19200382, 0x3d200382, 0x3e200382, 0x3f200382, 0x40200382, 0x41200382, 0x42200382, 0x5d200382, 0x5e200382, 
	0x5f200382, 0x60200382, 0x61200382, 0x51820382, 0x82880021, 0x82892007, 0x828a2003, 0x828b2003, 0x828c2003, 0x828d2003, 0x828e2003, 0x828f2003, 
	0x82902003, 0x82912003, 0x82922003, 0x21758203, 0x07829400, 0x03829520, 0x03829620, 0x03829720, 0x03829820, 0x03829920, 0x03829a20, 0x03829b20, 
	0x03829c20, 0x03829d20, 0x03829e20, 0x03829f20, 0x0382a020, 0x0382a120, 0x0382a220, 0x0382a320, 0x0382a420, 0x0382a520, 0x0382a620, 0x0382a720, 
	0x0382a820, 0x0382a920, 0x0382e920, 0xfbfff124, 0x03820d01, 0x03821020, 0x03822b20, 0x03822c20, 0x03822e20, 0x15434d20, 0x3e002311, 0x15827702, 
	0x03828f20, 0x03829020, 0x03829120, 0x03829220, 0x03829320, 0x03829420, 0x03829520, 0x03829620, 0x03829720, 0x03829820, 0x03829920, 0x03829a20, 
	0x03829b20, 0x03829c20, 0x03829d20, 0x03829e20, 0x03829f20, 0x0382a020, 0x0382a120, 0x0382a220, 0x0382a320, 0x0382a420, 0x0382a520, 0x0382a620, 
	0x0382a720, 0x0382a820, 0xecffa927, 0xecffaa02, 0x25898203, 0xf6ff4e03, 0x03824f03, 0x03825020, 0x03825120, 0x03825220, 0x03825320, 0x03825420, 
	0x03825520, 0x03825620, 0x03825720, 0x03825820, 0xbf455920, 0x03ec2108, 0x220d0543, 0x8287030a, 0x4a96204f, 0x9b200a59, 0x24088d44, 0xffa803f6, 
	0x0cdf43ec, 0x2506cb43, 0x14006f05, 0x6b454600, 0xff03260c, 0xff0401ec, 0x0a6b45f6, 0x1301e226, 0x1401e2ff, 0x16200382, 0x18201b82, 0x1b200782, 
	0x1e200382, 0x20202382, 0x23200f82, 0x24200382, 0x26200382, 0x27241382, 0x2801d8ff, 0x2f200382, 0x31200b82, 0x2024e182, 0x25020f00, 0x2822ed82, 
	0x8745e2ff, 0x052b5006, 0x22058b45, 0x825302e2, 0x20d58217, 0x21d58202, 0x0b826202, 0x02219582, 0x202f8266, 0x200b8267, 0x20078271, 0x20ed8274, 
	0x20c58261, 0x45078267, 0xe22205a3, 0x0f827103, 0x2205bd46, 0x827b03ec, 0x05ab4517, 0x8403ce26, 0x8503ceff, 0x87240382, 0x8903e2ff, 0x8c200382, 
	0xab450382, 0x51922007, 0x9620067b, 0x99201382, 0x9a202382, 0xb9460382, 0x03e22105, 0x2105af45, 0xb54603e2, 0x03ec2105, 0x2209af45, 0x494700e2, 
	0x61246c9f, 0x62030a00, 0xed84a982, 0x6b200b82, 0x7420ad82, 0xe583ed82, 0x17827e20, 0x03828120, 0x17828220, 0x07828620, 0x17828720, 0x0b828c20, 
	0x0b829120, 0x594b9320, 0x82a0200a, 0x06e3490b, 0xcd82d182, 0xb1222382, 0xc6180a00, 0xce2a0e7f, 0xecff5704, 0x14006004, 0x03826204, 0xbaff6324, 
	0x03826404, 0x20078f4e, 0x20138278, 0x2003827a, 0x2323827b, 0x04ceff81, 0x0805974e, 0x9904ce20, 0x9e041e00, 0x4b05f6ff, 0x4e051400, 0x5100ceff, 
	0xb0ff7702, 0xf6ff8b02, 0xecff8c02, 0x03828e02, 0x03828f20, 0x22053d43, 0x829202b0, 0x8293201b, 0x82942003, 0x82952003, 0x82962003, 0x82972003, 
	0x82982003, 0x82992003, 0x829a2003, 0x829b2003, 0x829c2003, 0x829d2003, 0x829e2003, 0x829f2003, 0x82a02003, 0x82a12003, 0x82a22003, 0x82a32003, 
	0x82a42003, 0x82a52003, 0x82a62003, 0x82a72003, 0x82a82003, 0xffa92803, 0xffaa0288, 0x82330388, 0x823420ed, 0x82352003, 0x82362003, 0x82372003, 
	0x82382003, 0x82392003, 0x823a2003, 0x823b2003, 0x823c2003, 0x823d2003, 0x823e2003, 0x823f2003, 0x82402003, 0x82412003, 0x82422003, 0x82432003, 
	0x82442003, 0x82452003, 0x82462003, 0x82472003, 0x82482003, 0xff4d2403, 0x824e03ec, 0x824f2003, 0x82502003, 0x82512003, 0x82522003, 0x82532003, 
	0x82542003, 0x82552003, 0x11954303, 0x7403b022, 0x22103748, 0x439403ec, 0xec220895, 0x0b829a03, 0x2f059543, 0xffa203b0, 0xffa803b0, 0x015400ec, 
	0x01fbff35, 0x0121b182, 0x2007823a, 0x2003823b, 0x2003823e, 0x2003823f, 0x2003824b, 0x05ad444c, 0x82880121, 0x82892007, 0x828a2003, 0x828b2003, 
	0x828c2003, 0x828d2003, 0x828e2003, 0x828f2003, 0x82902003, 0x82912003, 0x82a52003, 0x82a72003, 0x82a82003, 0x82a92003, 0x82aa2003, 0x82ab2003, 
	0x82ac2003, 0x82ad2003, 0xffe92803, 0xff0b02f6, 0x820c02fb, 0x820d2003, 0x820e2003, 0x820f2003, 0x82102003, 0x82112003, 0x82122003, 0x82132003, 
	0x0f334803, 0x13821b20, 0x03821d20, 0x03822820, 0x03823720, 0x03823820, 0x03823920, 0x0221af82, 0x20078246, 0x2003824e, 0x20038252, 0x24038253, 
	0x04fbff62, 0x08035156, 0x6004ec25, 0x5904e2ff, 0xe22105b5, 0x134b5704, 0xf7508120, 0x05ec2a08, 0x05ecff4e, 0x05f6ff87, 0x20038288, 0x20038289, 
	0x2003828a, 0x2003828b, 0x2003828c, 0x2003828d, 0x2003828e, 0x2003828f, 0x20038290, 0x20038291, 0x20038292, 0x20038293, 0x20038294, 0x24038295, 
	0x00f6ff96, 0x97021060, 0xbb520c01, 0x059b4205, 0x4607bf52, 0xe54b1339, 0x15af4207, 0xaf42ce20, 0xa9032707, 0x5104f6ff, 0xcc18b0ff, 0x792a1c2b, 
	0xf6fff000, 0xd8fff100, 0x0782f200, 0x0382f820, 0xf6fffa24, 0x03820301, 0xf1ff0428, 0xd8ff0d01, 0x03821001, 0x0f821120, 0x230c1552, 0x1601e2ff, 
	0x18201382, 0x1b200382, 0x1e200382, 0x20202b82, 0x23200782, 0x24200382, 0x2608314a, 0xff2801ec, 0x822b01ec, 0x822c200f, 0x822e2043, 0x822f2003, 
	0x8231200f, 0xff33230f, 0x2f8202f6, 0x82210221, 0x82222007, 0x25378203, 0xecff2602, 0x03822702, 0x0f822920, 0x03822a20, 0x02213782, 0x2007822c, 
	0x2003822d, 0x2303822e, 0x02fbff2f, 0x02213b82, 0x83238232, 0x8234203f, 0x82352013, 0xff36240b, 0x823702e2, 0x82382007, 0x82392003, 0x823a2003, 
	0x823c2003, 0xff3d241b, 0x823e02c9, 0x823f2007, 0x82402003, 0x82412023, 0x82422007, 0x82432003, 0x82442003, 0x82472003, 0x004a2427, 0x824c020a, 
	0x824d2057, 0x824f200f, 0x82502003, 0x82512003, 0x82542003, 0x82552003, 0x8256203f, 0x82572023, 0x825a2003, 0x825b200f, 0x825c2007, 0x825d2003, 
	0xff5e2203, 0x06b34ee7, 0x6302f622, 0x68205b82, 0x69201f82, 0x6a200382, 0x6c200382, 0x6f203782, 0x72201382, 0x73202782, 0x75200f82, 0x76280382, 
	0x6103e2ff, 0x6203ecff, 0x2108c14c, 0x178203f6, 0x827e0321, 0x8281200f, 0x05194703, 0x8403d826, 0x8503d8ff, 0x86230382, 0x4c03f6ff, 0xf62209c5, 
	0x23829303, 0x44058952, 0x95510599, 0x03ec2205, 0x4d2782a2, 0xec2105bf, 0x06b94c03, 0xff6b0429, 0xff6c04d8, 0x826f04ec, 0x82702007, 0xff9e2a07, 
	0x018000f6, 0x01f6ff35, 0x20038236, 0x20038237, 0x20038238, 0x2003823a, 0x20038242, 0x20038244, 0x82038246, 0x820120c1, 0x6a0121c1, 0x6b200b82, 
	0x6c200382, 0x6d200382, 0x6e200382, 0x6f200382, 0x70200382, 0x71200382, 0x72200382, 0x73200382, 0x74200382, 0x75200382, 0x76200382, 0x77200382, 
	0x78200382, 0x79200382, 0x7a200382, 0x7b200382, 0x7c200382, 0x7d200382, 0x7e200382, 0x7f200382, 0x80200382, 0x81200382, 0x82200382, 0x83200382, 
	0x84200382, 0x85200382, 0xe9820382, 0x4d870121, 0xb6201a55, 0xb7201b82, 0xb8200382, 0xb9200382, 0xba200382, 0xbb200382, 0xbc200382, 0xbd200382, 
	0xbe200382, 0xbf200382, 0xc0200382, 0xc1200382, 0xc2200382, 0xc3200382, 0xc4200382, 0xc5200382, 0xc6200382, 0xc7200382, 0xc8200382, 0xc9200382, 
	0xca200382, 0xcb200382, 0xcc200382, 0xcd200382, 0xce200382, 0xcf200382, 0xd0200382, 0xd1200382, 0xd2200382, 0xd3200382, 0xd4200382, 0xd5200382, 
	0xd6200382, 0xd7200382, 0x2529dd4d, 0xf6ff1802, 0x03821a02, 0xe1421c20, 0x82262006, 0x82272007, 0x82322003, 0x82352003, 0x823a2003, 0x61472003, 
	0x5b200a25, 0x5d200b82, 0x61200382, 0x72200382, 0x260a794f, 0x04d8ff56, 0x5ce2ff57, 0xec2406e5, 0xecff6104, 0x08bdcf18, 0x27827c20, 0x1f828120, 
	0x2205ed47, 0x4d8704d8, 0xe22a0ce5, 0xd8ff4e05, 0xf6ff9705, 0xf14d9805, 0x0254080a, 0x09005c00, 0x00000f00, 0x62001200, 0x75000700, 0x5800d100, 
	0xf200d800, 0xf500b500, 0xd000f800, 0x0401fa00, 0x0801d400, 0xdf000901, 0x0b010b01, 0x0d01e100, 0xe2000d01, 0x17010f01, 0x1a01e300, 0xec001b01, 
	0x1f011d01, 0x2101ee00, 0xf1002901, 0x33012b01, 0x35263382, 0x03013501, 0x01823801, 0x3a010428, 0x05013b01, 0x01823e01, 0x40010724, 0x4b824301, 
	0x47014526, 0x4b010c01, 0x0f220182, 0x01824d01, 0x66011034, 0x11016701, 0x91017201, 0xa5011301, 0x3301a601, 0x0182a801, 0x0135a309, 0x01d001ae, 
	0x01d70136, 0x015901e9, 0x01f001eb, 0x0214026c, 0x02720119, 0x011c021b, 0x021f0278, 0x027a0124, 0x01290226, 0x022d0280, 0x0284012e, 0x01320232, 
	0x02340286, 0x02870134, 0x01360236, 0x023a0288, 0x0289013b, 0x01400240, 0x0242028b, 0x028c0144, 0x014a0248, 0x024c028f, 0x0292014e, 0x01530251, 
	0x02560295, 0x02980158, 0x0163025a, 0x0266029b, 0x02a50167, 0x016a0269, 0x026f02a7, 0x02a90173, 0x017d0276, 0x028002ae, 0x02b60182, 0x01d00284, 
	0x02e402b9, 0x020602ef, 0x024203f1, 0x03490312, 0x0364025c, 0x0263035e, 0x03660378, 0x037e0269, 0x0275036b, 0x03790382, 0x038d027a, 0x027c037c, 
	0x037e038f, 0x0390027e, 0x02880380, 0x038b0391, 0x039a028c, 0x0290038e, 0x0392039c, 0x039f029d, 0x02a9039f, 0x03ac03ab, 0x03b602ac, 0x02b203b2, 
	0x03b503b7, 0x04b802b8, 0x02700451, 0x047704bc, 0x04dc027c, 0x02830481, 0x048504e2, 0x04e50287, 0x028d048d, 0x048f04e8, 0x04e90291, 0x02940493, 
	0x049704ec, 0x04ee0299, 0x02a0049e, 0x04a804f1, 0x04f402a8, 0x02bd04bd, 0x04bf04f5, 0x04f602bf, 0x02d204d2, 0x04d404f7, 0x04f802d4, 0x02fe04fe, 
	0x050005f9, 0x05fa0200, 0x024b054b, 0x054e05fb, 0x05fc024e, 0x026f056f, 0x058705fd, 0x05fe0288, 0x038b058a, 0x05900500, 0x05020391, 0x03950594, 
	0x05970504, 0x0006039c, 0xfff10096, 0xfff200ce, 0xfff600ec, 0xfffa00e2, 0xff0001c4, 0x6d4c01ec, 0x01ec2e05, 0x01e2ff0a, 0x01f6ff0b, 0x01ceff0d, 
	0x46038210, 0xce220d17, 0x2b821601, 0x03821e20, 0xd8ff2023, 0x07714c01, 0x0f822b20, 0x2b822c20, 0x03822e20, 0x22058d61, 0x823101ce, 0xff333013, 
	0xff1f02c4, 0xff2002b0, 0xff2102ce, 0x822202ba, 0x82232003, 0x82242003, 0x82252003, 0xff262417, 0x822702a6, 0x82282003, 0x82292003, 0x822a200f, 
	0x822b2017, 0x822c2003, 0x822d2003, 0x822e2003, 0x822f2003, 0x8230201b, 0x82312047, 0x8232200b, 0x8233200b, 0x82342007, 0x8235202b, 0x8236200b, 
	0x82372007, 0x8238200f, 0x82392003, 0x823a2003, 0x823b2013, 0x823c2003, 0xff3d240b, 0x823e029c, 0x823f2007, 0x82402003, 0x82412027, 0x82422007, 
	0x82432003, 0x8244200b, 0x82452007, 0xff462427, 0x824702f6, 0x82482007, 0xff49242b, 0x824c02ec, 0x824d200b, 0x824e201b, 0x824f2017, 0x82502007, 
	0x82512003, 0x82522003, 0x82532017, 0x82542003, 0x8255200b, 0x8256202b, 0x82572007, 0x825a2003, 0x825b2003, 0xff5c2417, 0x825d02e2, 0x825e2007, 
	0x825f205b, 0xff602447, 0x82610288, 0x8262200f, 0x82632003, 0x82642013, 0x82652027, 0x82672003, 0x8268203b, 0x82692007, 0x826a2003, 0x826b2003, 
	0x826c2003, 0x826d2013, 0x826e2007, 0x826f2003, 0x8270202b, 0x82722007, 0x82732037, 0x82742007, 0x8275200f, 0xff762207, 0x065f46b0, 0x6303ce2c, 
	0x6603baff, 0x6703e2ff, 0x2d53d8ff, 0x03b02206, 0x530f8271, 0xd8220531, 0x17827b03, 0xecff7c28, 0xceff7e03, 0x03828103, 0x54057b46, 0x3f820a4f, 
	0x22054553, 0x828c03e2, 0x828f2027, 0x8291202f, 0x82922027, 0x82932043, 0x094d5307, 0x53058b46, 0xe222054d, 0x27829f03, 0x1f82a020, 0x3f82a120, 
	0x2205314b, 0x82a903d8, 0x0ba54d13, 0x3401982a, 0x35010500, 0x3601fbff, 0x37200782, 0x38200382, 0x42200382, 0x44200382, 0x61530382, 0x824e2007, 
	0x824f200b, 0x82502003, 0x82512003, 0x82522003, 0x82532003, 0x82542003, 0x82552003, 0x82562003, 0x82572003, 0x82582003, 0x82592003, 0x825a2003, 
	0x825b2003, 0x825c2003, 0x825d2003, 0x825e2003, 0x825f2003, 0x82602003, 0x82612003, 0x82622003, 0x82632003, 0x82642003, 0x82652003, 0x82662003, 
	0x82672003, 0x82682003, 0x82692003, 0x826a2003, 0x826b2003, 0x826c2003, 0x826d2003, 0x826e2003, 0x826f2003, 0x82702003, 0x82712003, 0x82722003, 
	0x82732003, 0x82742003, 0x82752003, 0x82762003, 0x82772003, 0x82782003, 0x82792003, 0x827a2003, 0x827b2003, 0x827c2003, 0x827d2003, 0x827e2003, 
	0x827f2003, 0x82802003, 0x82812003, 0x82822003, 0x82832003, 0x82842003, 0x82852003, 0x82862003, 0x82872003, 0x82b62003, 0x82b72003, 0x82b82003, 
	0x82b92003, 0x82ba2003, 0x82bb2003, 0x82bc2003, 0x82bd2003, 0x82be2003, 0x82bf2003, 0x82c02003, 0x82c12003, 0x82c22003, 0x82c32003, 0x82c42003, 
	0x82c52003, 0x82c62003, 0x82c72003, 0x82c82003, 0x82c92003, 0x82ca2003, 0x82cb2003, 0x82cc2003, 0x82cd2003, 0x82ce2003, 0x82cf2003, 0x82d02003, 
	0x82d12003, 0x82d22003, 0x82d32003, 0x82d42003, 0x82d52003, 0x82d62003, 0x00d72303, 0x414c0205, 0x8218200f, 0x821a2013, 0x821c2003, 0x681f2003, 
	0x2620066f, 0x27200782, 0x28240382, 0x3202f6ff, 0x35200782, 0x3a200382, 0x3b200382, 0x47200f82, 0x52200782, 0x53200782, 0x5a200382, 0x5b200b82, 
	0x5d200382, 0x21059f68, 0x13826202, 0x05007227, 0xf6ff5104, 0x20238204, 0x56238204, 0x5622085d, 0xdf460a00, 0x4cce2006, 0xce240679, 0xe2ff6204, 
	0x5308bd54, 0x7c240fd7, 0x8104ecff, 0x85203382, 0x1d630382, 0xff210808, 0x004e05ec, 0x0097050a, 0x00980505, 0x009a0005, 0x00baff09, 0x00ecff12, 
	0x00f6ff1c, 0x00e2ff1d, 0x2003821e, 0x200b821f, 0x24078220, 0x00d8ff21, 0x201b8222, 0x20238223, 0x20038224, 0x20038225, 0x20038226, 0x20038227, 
	0x20038228, 0x20038229, 0x2003822a, 0x2003822b, 0x2003822c, 0x2003822d, 0x2003822e, 0x2003822f, 0x20038230, 0x20038231, 0x20038232, 0x20038233, 
	0x20038234, 0x20038235, 0x20038236, 0x20038237, 0x20038238, 0x20038239, 0x2003823a, 0x20638276, 0x20038277, 0x207782bc, 0x200382bd, 0x200382be, 
	0x200382bf, 0x200382c0, 0x200382c1, 0x208b82c2, 0x200382c3, 0x200382c4, 0x200382c5, 0x200382c6, 0x200382c7, 0x200382c8, 0x200382c9, 0x200382ca, 
	0x200382cb, 0x200382cc, 0x200382cd, 0x200382ce, 0x200382cf, 0x200382d0, 0x200382d1, 0x200382d2, 0x200382d3, 0x200382d4, 0x200382d5, 0x200382d6, 
	0x200382d7, 0x205b82d8, 0x200382d9, 0x200382da, 0x200382db, 0x20ef82dc, 0x200382dd, 0x200382de, 0x200382df, 0x200382e0, 0x200382e1, 0x200382e2, 
	0x200382e3, 0x200382e4, 0x20a782e5, 0x200382e6, 0x200382e7, 0x200382e8, 0x243782f0, 0x001e00f1, 0x200782f6, 0x240382f8, 0x01e2fffa, 0x52038203, 
	0x0d240769, 0x10011e00, 0x134c0382, 0x09715205, 0x28001524, 0x6d521601, 0x82232006, 0x52242007, 0x2c200a65, 0x2e202f82, 0x2f200382, 0x30241382, 
	0x3101f6ff, 0x33220782, 0x0f60e2ff, 0x02232a06, 0x02140029, 0x02190036, 0x20078237, 0x20038238, 0x24038239, 0x021e003d, 0x20138240, 0x200b8243, 
	0x200b8255, 0x20078256, 0x20038257, 0x2003825a, 0x2003825c, 0x2403825e, 0x02ddff67, 0x201b826c, 0x2c27826f, 0x03190076, 0x03140061, 0x031e0062, 
	0x20078263, 0x24038269, 0x030a0071, 0x200f827e, 0x20038281, 0x280f8282, 0x03320086, 0x03280089, 0x5f03828c, 0x32220565, 0x1b829303, 0x0f829c20, 
	0x1f829f20, 0x0b82a020, 0x0782b020, 0x0382b120, 0x2800b328, 0xecff5404, 0x03825504, 0x1e008722, 0x3208835c, 0x051e006f, 0x00f6ff9b, 0xff77029b, 
	0xff7802d8, 0x827a02f6, 0x827b2003, 0x827c2003, 0x827e2003, 0x827f2003, 0x82812003, 0x82822003, 0x82842003, 0x82862003, 0x82882003, 0x828f2003, 
	0x82912003, 0x82922033, 0x82932003, 0x82942003, 0x82952003, 0x82962003, 0x82972003, 0x82982003, 0x82992003, 0x829a2003, 0x829b2003, 0x829c2003, 
	0x829d2003, 0x829e2003, 0x829f2003, 0x82a02003, 0x82a12003, 0x82a22003, 0x82a32003, 0x82a42003, 0x82a52003, 0x82a62003, 0x82a72003, 0x82a82003, 
	0xffa92403, 0x82aa02c4, 0x82b12003, 0x82b2206b, 0x82b32003, 0x82b42003, 0x82b52003, 0x82b62003, 0x82b72003, 0x82b82003, 0x82b92003, 0x82ba2003, 
	0x82bb2003, 0x82bc2003, 0x82bd2003, 0x82be2003, 0x82bf2003, 0x82c02003, 0x82c12003, 0x82c22003, 0x82c32003, 0x82c42003, 0x82c52003, 0x82c62003, 
	0x82c72003, 0x82c82003, 0x82c92003, 0x82ca2003, 0x82d12003, 0x82d22003, 0x82d32003, 0x82d42003, 0x82d52003, 0x82d62003, 0x82d72003, 0x82d82003, 
	0x82d92003, 0x82da2003, 0x82db2003, 0x82dc2003, 0x82dd2003, 0x82de2003, 0x82df2003, 0x82e02003, 0x82e12003, 0x82e22003, 0x82e32003, 0x82e42003, 
	0x82e72003, 0x82e82003, 0x82e92003, 0x82ea2003, 0x82eb2003, 0x82ec2003, 0x82ed2003, 0x82ee2003, 0x82ef2003, 0x82f12003, 0x82f22003, 0x82f32003, 
	0x82f42003, 0x82f52003, 0x82f62003, 0xfff72403, 0x821a03f6, 0x821b2003, 0x821c2003, 0x821d2003, 0x821e2003, 0x821f2003, 0x82202003, 0x23c15503, 
	0x27825b20, 0x03825c20, 0x03825d20, 0x03825e20, 0x03825f20, 0x03826020, 0xd8ff6b24, 0x07827503, 0x200b8f4f, 0x200f828f, 0x20038299, 0x2003829a, 
	0x201f82a1, 0x4f0382a2, 0xd8200573, 0x290aeb44, 0xff5504d8, 0xff5604d8, 0x478204f6, 0x82620421, 0x82632007, 0x8264200f, 0x82692003, 0xff6a240b, 
	0x826d04ec, 0x826e2007, 0x82782007, 0x827a2007, 0x05cd5303, 0x8504f622, 0x9e320b82, 0x4e05f6ff, 0xa500f6ff, 0xecff7702, 0xe2ff7902, 0x03827d02, 
	0x03828520, 0x03828720, 0x2209d153, 0x828f02f6, 0x8290200f, 0x82912023, 0x82922003, 0x82932003, 0x82942003, 0x82952003, 0x82962003, 0x82972003, 
	0x82982003, 0x82992003, 0x829a2003, 0x829b2003, 0x829c2003, 0x829d2003, 0x829e2003, 0x829f2003, 0x82a02003, 0x82a12003, 0x82a22003, 0x82a32003, 
	0x82a42003, 0x82a52003, 0x82a62003, 0x82a72003, 0x82a82003, 0x82a92003, 0x82aa2003, 0x82ab2003, 0x82ac206f, 0x82ad2003, 0x82ae2003, 0x82af2003, 
	0x82b02003, 0x82cb2003, 0x82cc2003, 0x82cd2003, 0x82ce2003, 0x82cf2003, 0x82d02003, 0x82f82003, 0x82f92003, 0x82fa2003, 0x82fb2003, 0x82fc2003, 
	0x82fd2003, 0x82fe2003, 0xffff2403, 0x820003e2, 0x82012003, 0x82022003, 0x82032003, 0x82042003, 0x82052003, 0x82062003, 0x82072003, 0x82082003, 
	0x82092003, 0x820a2003, 0x820b2003, 0x820c2003, 0x820d2003, 0x820e2003, 0x820f2003, 0x82102003, 0x82112003, 0x82122003, 0x82132003, 0x82142003, 
	0x82152003, 0x82162003, 0x82172003, 0x82182003, 0x82192003, 0x59895403, 0x4e03e222, 0x4f205f82, 0x50200382, 0x51200382, 0x52200382, 0x53200382, 
	0x54200382, 0x55200382, 0x56240382, 0x5703ecff, 0x58200382, 0x59200382, 0x5a200382, 0x20081750, 0x0ad95cce, 0x7503f624, 0x9f49d8ff, 0x0b1b500e, 
	0x8703e226, 0x8903f6ff, 0x8c203b82, 0x8f200782, 0x92262b82, 0x9303f1ff, 0xc154ceff, 0x03f62106, 0x2209e95c, 0x829c03f6, 0x829f2027, 0x059b4927, 
	0xa203ec22, 0xa8207782, 0x9b490f82, 0x119d470e, 0x5606814e, 0x714e076b, 0x04d82205, 0x42178285, 0xd8260595, 0x7702ac00, 0x9542b0ff, 0x02f62616, 
	0x02f6ff8e, 0x4203828f, 0x67560595, 0x10022064, 0x11019502, 0xb55af620, 0x11954222, 0xecff622a, 0xceff6b03, 0xf6ff7403, 0x6508a552, 0xf6220dcb, 
	0x21728c03, 0x059d5206, 0x9603f622, 0x200a0f45, 0x200b829b, 0x584382a0, 0xce2805e1, 0xf6ffa803, 0xa6ff5104, 0x250a6542, 0xff55049c, 0xe750049c, 
	0x04ec2605, 0x041e005f, 0x20038260, 0x20038261, 0x20038262, 0x202b8263, 0x24038264, 0x040a0065, 0x20038266, 0x20038267, 0x23038268, 0x04d8ff69, 
	0x26053345, 0xff6e04d8, 0x827704ec, 0x0078242b, 0x82790428, 0x827a2007, 0xff7b2307, 0xa94204e2, 0x04f62205, 0x202b8285, 0x59138299, 0x28260509, 
	0xd8ff4e05, 0x4745cc00, 0xff8a2c14, 0xff8b02e2, 0xff8c02d8, 0x828d02b0, 0xff8e2407, 0x828f02ec, 0xff90230b, 0x051002f6, 0x241f014f, 0x03e2ff2c, 
	0x2003822d, 0x2003822e, 0x2003822f, 0x20038230, 0x20038231, 0x24038232, 0x03d8ff33, 0x20038234, 0x20038235, 0x20038236, 0x20038237, 0x20038238, 
	0x20038239, 0x2003823a, 0x2003823b, 0x2003823c, 0x2003823d, 0x2003823e, 0x2003823f, 0x20038240, 0x20038241, 0x20038242, 0x20038243, 0x20038244, 
	0x20038245, 0x20038246, 0x20038247, 0x20038248, 0x20038249, 0x2003824a, 0x2003824b, 0x2403824c, 0x03b0ff4d, 0x2003824e, 0x2003824f, 0x20038250, 
	0x20038251, 0x20038252, 0x20038253, 0x20038254, 0x5a038255, 0x7b450f05, 0x03e22205, 0x24a78262, 0x03140066, 0x24078269, 0x03f6ff6b, 0x200b8271, 
	0x06356774, 0x13827e20, 0x03828120, 0x03828220, 0xc4ff8324, 0x03828403, 0x03828520, 0x27828620, 0x4f053d67, 0xec220723, 0x33829203, 0x27829320, 
	0xbaff9423, 0x05db5d03, 0x9a03c422, 0x45672b82, 0x03e22205, 0x241b82a0, 0x031e00a1, 0x203b82a2, 0x622b82a8, 0xe2220571, 0x1782b103, 0xe2ffb32c, 
	0x28005104, 0x1e005204, 0x03825304, 0x03825420, 0x03825520, 0xecff5634, 0xf6ff5704, 0xd8ff5c04, 0xa6ff5f04, 0xc4ff6004, 0x07826104, 0x07826220, 
	0x2f826320, 0x03826420, 0x2211ab6a, 0x826a04ce, 0xff6d2433, 0x826e04ce, 0x82772007, 0x8278202f, 0x8279202f, 0x827a2007, 0x6f7b2007, 0x812006f3, 
	0x83205b82, 0x85201f82, 0x99200782, 0x9f201782, 0xa8280782, 0x00050a00, 0x4b05e2ff, 0x4e2e0382, 0x6f05ecff, 0x15011400, 0xf6ff0900, 0x03822100, 
	0x03822220, 0x03822320, 0x03822420, 0x03822520, 0x03822620, 0x03822720, 0x03822820, 0x03822920, 0x03822a20, 0x03822b20, 0x03822c20, 0x03822d20, 
	0x03822e20, 0x03822f20, 0x03823020, 0x03823120, 0x03823220, 0x03823320, 0x03823420, 0x03823520, 0x03823620, 0x03823720, 0x03823820, 0x03823920, 
	0x03823a20, 0xecff3b24, 0x03823c00, 0x0b82dc20, 0x0382dd20, 0x0382de20, 0x0382df20, 0x0382e020, 0x0382e120, 0x0382e220, 0x0382e320, 0x0382e420, 
	0x0382e520, 0x0382e620, 0x0382e720, 0x0382e820, 0x0a00f62b, 0xf6fffa00, 0x0a000a01, 0x0fc76201, 0x17822720, 0x0121a782, 0x201b822d, 0x200b8233, 
	0x20d98234, 0x20038236, 0x20038237, 0x20038238, 0x20178239, 0x2003823a, 0x200b8242, 0x20038244, 0x200b8246, 0x20038247, 0x200b8249, 0x2003824a, 
	0x2003824c, 0x200f824d, 0x2007824e, 0x2003824f, 0x20038250, 0x20038251, 0x20038252, 0x20038253, 0x20038254, 0x20038255, 0x20038256, 0x20038257, 
	0x20038258, 0x20038259, 0x2003825a, 0x2003825b, 0x2003825c, 0x2003825d, 0x2003825e, 0x2003825f, 0x20038260, 0x20038261, 0x20038262, 0x20038263, 
	0x20038264, 0x20038265, 0x20038266, 0x20038267, 0x20038268, 0x20038269, 0x2003826a, 0x2003826b, 0x2003826c, 0x2003826d, 0x2003826e, 0x2003826f, 
	0x20038270, 0x20038271, 0x20038272, 0x20038273, 0x20038274, 0x20038275, 0x20038276, 0x20038277, 0x20038278, 0x20038279, 0x2003827a, 0x2003827b, 
	0x2003827c, 0x2003827d, 0x2003827e, 0x2003827f, 0x20038280, 0x20038281, 0x20038282, 0x20038283, 0x20038284, 0x20038285, 0x20038286, 0x20038287, 
	0x20eb8288, 0x20038289, 0x2003828a, 0x2003828b, 0x2003828c, 0x2003828d, 0x201b82b6, 0x200382b7, 0x200382b8, 0x200382b9, 0x200382ba, 0x200382bb, 
	0x200382bc, 0x200382bd, 0x200382be, 0x200382bf, 0x200382c0, 0x200382c1, 0x200382c2, 0x200382c3, 0x200382c4, 0x200382c5, 0x200382c6, 0x200382c7, 
	0x200382c8, 0x200382c9, 0x200382ca, 0x200382cb, 0x200382cc, 0x200382cd, 0x200382ce, 0x200382cf, 0x200382d0, 0x200382d1, 0x200382d2, 0x200382d3, 
	0x200382d4, 0x200382d5, 0x200382d6, 0x200382d7, 0x208b82df, 0x200382e0, 0x200382e1, 0x200382e2, 0x200382e3, 0x200382e4, 0x200382e5, 0x200382e6, 
	0x200382e7, 0x200382e8, 0x1d3b69e9, 0x00070225, 0x82080214, 0x82092003, 0x820a2003, 0x820b2003, 0x820c2003, 0x820d2003, 0x820e2003, 0x820f2003, 
	0x82102003, 0x82112003, 0x82122003, 0x82132003, 0x00142403, 0x8215020a, 0x82162003, 0x82172003, 0x82182003, 0x821a2013, 0x821c2003, 0x821f2003, 
	0x82202003, 0x82252003, 0x82262017, 0x82272007, 0x82322003, 0x82352003, 0x0bdd4e03, 0x0f823a20, 0x03824720, 0x27824820, 0x200bd94e, 0x2013825b, 
	0x0983785d, 0x82720221, 0x8274200b, 0xffa92c23, 0xffaa02f6, 0x006103f6, 0x8262030a, 0x00672403, 0x65690314, 0x7b200673, 0x7e200b82, 0x81200b82, 
	0x82200382, 0x83240382, 0x8403fbff, 0x85200382, 0x86240382, 0x89032800, 0x8c201f82, 0x91201782, 0x93200782, 0x9c200782, 0x9f240782, 0xa0031e00, 
	0xa1200b82, 0xb0200382, 0x23057960, 0x1400b303, 0x25177962, 0x0a008705, 0x03828805, 0x03828920, 0x03828a20, 0x03828b20, 0x05215382, 0x2007828d, 
	0x2003828e, 0x2003828f, 0x20038290, 0x20038291, 0x20038292, 0x20038293, 0x20038294, 0x20038295, 0x24038296, 0x05140097, 0x20038298, 0x2e0b8299, 
	0x010a009a, 0xff090016, 0x001c00e2, 0x8223000a, 0x82242007, 0x82252003, 0x82262003, 0x82272003, 0x82282003, 0x82292003, 0x822a2003, 0x822b2003, 
	0x822c2003, 0x822d2003, 0x822e2003, 0x822f2003, 0x82302003, 0x82312003, 0x82322003, 0x82332003, 0x82342003, 0x82352003, 0x82362003, 0x82372003, 
	0x82382003, 0x82392003, 0x823a2003, 0xff3b2403, 0x823c00b0, 0x82bc2003, 0x82bd206b, 0x82be2003, 0x82bf2003, 0x82c02003, 0x82c12003, 0x82f02003, 
	0x82f82003, 0xfffa2403, 0x741101e2, 0x012105c7, 0x280b8233, 0x01d8ff34, 0x01ceff36, 0x20038237, 0x20038238, 0x2003823a, 0x20178240, 0x20038241, 
	0x200b8242, 0x20078243, 0x20078244, 0x20078245, 0x24078246, 0x01f6ff47, 0x24038248, 0x01ecff4d, 0x203b824e, 0x2003824f, 0x20038250, 0x20038251, 
	0x20038252, 0x20038253, 0x20038254, 0x20038255, 0x20038256, 0x20038257, 0x20038258, 0x20038259, 0x2003825a, 0x2003825b, 0x2003825c, 0x2003825d, 
	0x2003825e, 0x2003825f, 0x20038260, 0x20038261, 0x20038262, 0x20038263, 0x20038264, 0x20038265, 0x20038266, 0x20038267, 0x20778268, 0x20038269, 
	0x2003826a, 0x2003826b, 0x2003826c, 0x2003826d, 0x2003826e, 0x2003826f, 0x20038270, 0x20038271, 0x20038272, 0x20038273, 0x20038274, 0x20038275, 
	0x20038276, 0x20038277, 0x20038278, 0x20038279, 0x2003827a, 0x2003827b, 0x2003827c, 0x2003827d, 0x2003827e, 0x2003827f, 0x20038280, 0x20038281, 
	0x20038282, 0x20038283, 0x20038284, 0x20038285, 0x20038286, 0x20038287, 0x20038288, 0x20038289, 0x2003828a, 0x2003828b, 0x2003828c, 0x2403828d, 
	0x01e2ffa6, 0x200382ae, 0x200382af, 0x200382b0, 0x200382b1, 0x200382b2, 0x200382b3, 0x200382b4, 0x200382b5, 0x202782b6, 0x200382b7, 0x200382b8, 
	0x200382b9, 0x200382ba, 0x200382bb, 0x200382bc, 0x200382bd, 0x200382be, 0x200382bf, 0x200382c0, 0x200382c1, 0x200382c2, 0x200382c3, 0x200382c4, 
	0x200382c5, 0x200382c6, 0x200382c7, 0x200382c8, 0x200382c9, 0x200382ca, 0x200382cb, 0x200382cc, 0x200382cd, 0x200382ce, 0x200382cf, 0x200382d0, 
	0x200382d1, 0x200382d2, 0x200382d3, 0x200382d4, 0x200382d5, 0x200382d6, 0x200382d7, 0x208b82d8, 0x200382d9, 0x200382da, 0x200382db, 0x200382dc, 
	0x200382dd, 0x200382de, 0x201f82df, 0x200382e0, 0x200382e1, 0x200382e2, 0x200382e3, 0x200382e4, 0x200382e5, 0x200382e6, 0x200382e7, 0x690382e8, 
	0x01251ad3, 0x01f6fff1, 0x200382f2, 0x200382f3, 0x200382f4, 0x200382f5, 0x200382f6, 0x200382f7, 0x200382f8, 0x200382f9, 0x200382fa, 0x200382fb, 
	0x200382fc, 0x200382fd, 0x240382fe, 0x02f6ffff, 0x20038200, 0x20038201, 0x20038202, 0x20038203, 0x20038204, 0x20038205, 0x24038206, 0x02ecff14, 
	0x20038215, 0x20038216, 0x28038217, 0x02ceff18, 0x02e2ff19, 0x2007821a, 0x2003821c, 0x240b821e, 0x02d8ff1f, 0x200b8220, 0x20038226, 0x20038227, 
	0x20038232, 0x20178234, 0x20078235, 0x2003823a, 0x20038247, 0x20038248, 0x2003825a, 0x2003825b, 0x2003825d, 0x20038261, 0x205f8264, 0x20038265, 
	0x2003826b, 0x2003826d, 0x2003826e, 0x20038270, 0x201b8272, 0x4b038277, 0xce220517, 0x0b829202, 0x03829320, 0x03829420, 0x03829520, 0x03829620, 
	0x03829720, 0x03829820, 0x03829920, 0x03829a20, 0x03829b20, 0x03829c20, 0x03829d20, 0x03829e20, 0x03829f20, 0x0382a020, 0x0382a120, 0x0382a220, 
	0x0382a320, 0x0382a420, 0x0382a520, 0x0382a620, 0x0382a720, 0x0382a820, 0xbaffa927, 0xbaffaa02, 0x0fb74903, 0xceff6b23, 0x068d7003, 0xff970524, 
	0x6b8205ce, 0x82990521, 0x829a2007, 0x009b3203, 0x003d010a, 0x00b0ff09, 0x00f6ff1d, 0x00ecff1e, 0x20038220, 0x20038221, 0x200f8222, 0x20178223, 
	0x20038224, 0x20038225, 0x20038226, 0x20038227, 0x20038228, 0x20038229, 0x2003822a, 0x2003822b, 0x2003822c, 0x2003822d, 0x2003822e, 0x2003822f, 
	0x20038230, 0x20038231, 0x20038232, 0x20038233, 0x20038234, 0x20038235, 0x20038236, 0x20038237, 0x20038238, 0x20038239, 0x2403823a, 0x0088ff3b, 
	0x2003823c, 0x206b82c2, 0x200382c3, 0x200382c4, 0x200382c5, 0x200382c6, 0x200382c7, 0x200382c8, 0x200382c9, 0x200382ca, 0x200382cb, 0x200382cc, 
	0x200382cd, 0x200382ce, 0x200382cf, 0x200382d0, 0x200382d1, 0x200382d2, 0x200382d3, 0x200382d4, 0x200382d5, 0x200382d6, 0x200382d7, 0x20c782dc, 
	0x200382dd, 0x200382de, 0x200382df, 0x200382e0, 0x200382e1, 0x200382e2, 0x200382e3, 0x490382e4, 0xfa260f13, 0x0301b0ff, 0xd373ecff, 0x8216200c, 
	0x8223200f, 0x82242003, 0x82272003, 0x82282003, 0x822f2003, 0x5beb8203, 0xb0220695, 0x0f823401, 0xf6ff3524, 0x07823601, 0x03823720, 0x03823820, 
	0x2205f964, 0x824001ce, 0x82412017, 0x82422003, 0x82432013, 0x82442007, 0x82452007, 0x82462007, 0x0c2f4907, 0x4e200f82, 0x4f200382, 0x50200382, 
	0x51200382, 0x52200382, 0x53200382, 0x54200382, 0x55200382, 0x56200382, 0x57200382, 0x58200382, 0x59200382, 0x5a200382, 0x5b200382, 0x5c200382, 
	0x5d200382, 0x5e200382, 0x5f200382, 0x60200382, 0x61200382, 0x62200382, 0x63200382, 0x64200382, 0x65200382, 0x66200382, 0x67200382, 0x68200382, 
	0x69200382, 0x6a200382, 0x6b200382, 0x6c200382, 0x6d200382, 0x6e200382, 0x6f200382, 0x70200382, 0x71200382, 0x72200382, 0x73200382, 0x74200382, 
	0x75200382, 0x76200382, 0x77200382, 0x78200382, 0x79200382, 0x7a200382, 0x7b200382, 0x7c200382, 0x7d200382, 0x7e200382, 0x7f200382, 0x80200382, 
	0x81200382, 0x82200382, 0x83200382, 0x84200382, 0x85200382, 0x86200382, 0x87200382, 0x09450382, 0x01f62619, 0x01f6ffae, 0x200382af, 0x200382b0, 
	0x200382b1, 0x200382b2, 0x200382b3, 0x200382b4, 0x200382b5, 0x203f82b6, 0x200382b7, 0x200382b8, 0x200382b9, 0x200382ba, 0x200382bb, 0x200382bc, 
	0x200382bd, 0x200382be, 0x200382bf, 0x200382c0, 0x200382c1, 0x200382c2, 0x200382c3, 0x200382c4, 0x200382c5, 0x200382c6, 0x200382c7, 0x200382c8, 
	0x200382c9, 0x200382ca, 0x200382cb, 0x200382cc, 0x200382cd, 0x200382ce, 0x200382cf, 0x200382d0, 0x200382d1, 0x200382d2, 0x200382d3, 0x200382d4, 
	0x200382d5, 0x200382d6, 0x200382d7, 0x208b82d8, 0x200382d9, 0x200382da, 0x200382db, 0x200382dc, 0x200382dd, 0x200382de, 0x201f82df, 0x200382e0, 
	0x200382e1, 0x200382e2, 0x200382e3, 0x200382e4, 0x200382e5, 0x200382e6, 0x200382e7, 0x220382e8, 0x49f6ffe9, 0xcd443553, 0x02ec2210, 0x204b8219, 
	0x2017821a, 0x2003821c, 0x200b821e, 0x2007821f, 0x20038220, 0x20038226, 0x20038227, 0x64038232, 0x5b490705, 0x2017820c, 0x20038247, 0x49038248, 
	0x0b82085b, 0xbd635b20, 0x14002307, 0x0b826102, 0x03827220, 0xceff7724, 0x03829102, 0x255dc944, 0xffaa029c, 0xb944039c, 0x3e39670b, 0xff970525, 
	0x829805ec, 0x82992003, 0xff9a2403, 0x106a01ec, 0x0c01f504, 0xf6fff627, 0xbafffa00, 0x0b216d01, 0xc3660b20, 0x14002b0f, 0xecff1601, 0x0a001801, 
	0x0b821b01, 0x1f821e20, 0x03822020, 0x8208256d, 0x071d4517, 0x1f822d20, 0x20052145, 0x062145d8, 0x0510ba20, 0x23980221, 0x02f6ff25, 0x2b07ef49, 
	0x02ecff2f, 0x02fbff30, 0x02ceff32, 0x20052945, 0x0c635dce, 0x17823a20, 0xddff4523, 0x05074a02, 0x4c02ec22, 0x22103145, 0x825d02ce, 0x005e2423, 
	0x82600214, 0x8261201b, 0x82632003, 0x8267204f, 0x82722013, 0x82742003, 0x6f41456b, 0x35083d74, 0x9203f6ff, 0x9c031400, 0xa1030a00, 0xa203d8ff, 
	0xb303ceff, 0xf16a0a00, 0xff56230c, 0xf61804ec, 0x0420365d, 0x6c05e358, 0xa94540e3, 0x4e812010, 0xf1228cf9, 0xe95ff6ff, 0x06014f05, 0x72ff0321, 
	0x0d20054f, 0x10200782, 0x11200382, 0x2006b97c, 0x230b8216, 0x011e001b, 0x200be56b, 0x2013822c, 0x201f822d, 0x2407822e, 0x01e2ff30, 0x10078231, 
	0xcd02390f, 0x2102ec26, 0x2202e2ff, 0x23200382, 0x25200382, 0x26240382, 0x2702c4ff, 0x282c0382, 0x2902ecff, 0x2a02d8ff, 0x2b02e2ff, 0x2c200382, 
	0x2d200382, 0x2e200382, 0x2f240382, 0x3002ceff, 0x31201f82, 0x32200b82, 0x33202b82, 0x34200782, 0x35202b82, 0x36200b82, 0x3a200b82, 0x3b200782, 
	0x3c201f82, 0x3d200b82, 0x3e200382, 0x3f200382, 0xa56e0382, 0x02e22205, 0x200b8242, 0x202f8243, 0x20078244, 0x202b8245, 0x20038247, 0x6e538248, 
	0xce2205ad, 0x17824d02, 0x03824f20, 0x03825020, 0x03825120, 0x4b825220, 0x03825320, 0x0b825420, 0x03825520, 0x2b825a20, 0x33825b20, 0x03825d20, 
	0x03826020, 0x03826120, 0x1f826220, 0x53826320, 0x1f826420, 0x03826520, 0xbaff6724, 0x07826802, 0x03826920, 0x03826a20, 0x03826b20, 0x03826c20, 
	0x03826d20, 0x03826e20, 0x03826f20, 0xc56e7020, 0x02e22208, 0x200b8274, 0x20038275, 0x50038276, 0x62237f01, 0x7103f1ff, 0xce26052b, 0xf6ff7103, 
	0x03827503, 0x22057975, 0x828103f1, 0xff86231b, 0x254603ec, 0x828f2007, 0x0579751b, 0x9c03f126, 0xa0030a00, 0x3d501f82, 0xa9032106, 0x31461b82, 
	0x71ba2005, 0x8f5c0823, 0x04e22105, 0x1df5fb18, 0x2c05635c, 0x04ceff82, 0x04e2ff83, 0x04d8ff85, 0x750b8286, 0xec200575, 0x07254c18, 0x004b0523, 
	0x068b6d1e, 0x2b10a550, 0x09002602, 0x0a00d8ff, 0x0c00f6ff, 0x0d200382, 0x0e200382, 0x10200382, 0x11200382, 0x13200382, 0x14200382, 0x16200382, 
	0x18200382, 0x1a200382, 0x21200382, 0x23200382, 0x24203382, 0x25200382, 0x26200382, 0x27200382, 0x28200382, 0x29200382, 0x2a200382, 0x2b200382, 
	0x2c200382, 0x2d200382, 0x2e200382, 0x2f200382, 0x30200382, 0x31200382, 0x32200382, 0x33200382, 0x34200382, 0x35200382, 0x36200382, 0x37200382, 
	0x38200382, 0x39200382, 0x3a200382, 0x3b240382, 0x3c00c4ff, 0x43200382, 0x44206b82, 0x45200382, 0x46200382, 0x47200382, 0x48200382, 0x49200382, 
	0x4a200382, 0x4b200382, 0x4c200382, 0x4d200382, 0x4e200382, 0x4f200382, 0x50200382, 0x51200382, 0x52200382, 0x53200382, 0x54200382, 0x55200382, 
	0x56200382, 0x57200382, 0x58200382, 0x59200382, 0x5a200382, 0x5b200382, 0x5c200382, 0x63200382, 0x64200382, 0x65200382, 0x66200382, 0x67200382, 
	0x68200382, 0x69200382, 0x6a200382, 0x6b200382, 0x6c200382, 0x6d200382, 0x6e200382, 0x6f200382, 0x70200382, 0x71200382, 0x72200382, 0x73200382, 
	0x74200382, 0x75200382, 0x78200382, 0x79200382, 0x7a200382, 0x7b200382, 0x7c200382, 0x7d200382, 0x7e200382, 0x7f200382, 0x81200382, 0x82200382, 
	0x83200382, 0x84200382, 0x85200382, 0x86200382, 0x87200382, 0xaa200382, 0xab200382, 0xac200382, 0xad200382, 0xae200382, 0xaf200382, 0xb0200382, 
	0x895a0382, 0x82ea2023, 0x82eb2027, 0x82ec2003, 0x82ed2003, 0x82ee2003, 0x82ef2003, 0xfffa2203, 0x0c895ad8, 0x2407855a, 0x01ecff30, 0x241b8233, 
	0x01e2ff34, 0x510b8235, 0xec220d65, 0x17823a01, 0x17823b20, 0xf6ff3c24, 0x07823d01, 0x03823e20, 0x03823f20, 0x03824020, 0x03824120, 0x21057951, 
	0x795101ec, 0x01ec2205, 0x20138246, 0x20338247, 0x202f8248, 0x20038249, 0x2003824a, 0x200f824b, 0x2007824c, 0x2067824d, 0x200b824e, 0x2003824f, 
	0x20038250, 0x20038251, 0x20038252, 0x20038253, 0x20038254, 0x20038255, 0x20038256, 0x20038257, 0x20038258, 0x20038259, 0x2003825a, 0x2003825b, 
	0x2003825c, 0x2003825d, 0x2003825e, 0x2003825f, 0x20038260, 0x20038261, 0x20038262, 0x20038263, 0x20038264, 0x20038265, 0x20038266, 0x51038267, 
	0xe2228185, 0x87828901, 0x03828a20, 0x03828b20, 0x03828c20, 0x03828d20, 0xecff8e24, 0x03828f01, 0x03829020, 0x03829120, 0xf6ff9224, 0x03829301, 
	0x03829420, 0x03829520, 0x03829620, 0x03829720, 0x03829820, 0x03829920, 0x03829a20, 0x03829b20, 0x03829c20, 0x03829d20, 0x03829e20, 0x03829f20, 
	0x0382a020, 0x0382a120, 0x4382a220, 0x0382a320, 0x0382a420, 0x0382a520, 0x0382a620, 0x0382a720, 0x0382a820, 0x0382a920, 0x0382aa20, 0x0382ab20, 
	0x0382ac20, 0x0382ad20, 0x0382ae20, 0x0382af20, 0x0382b020, 0x0382b120, 0x0382b220, 0x0382b320, 0x0382b420, 0x0382b520, 0x22890152, 0x82d901ec, 
	0x82da208f, 0x82db2003, 0x82dc2003, 0x82dd2003, 0x82de2003, 0x29015203, 0xea01ec26, 0xeb01e2ff, 0xec200382, 0xed200382, 0xee200382, 0xef200382, 
	0xf0200382, 0x0f570382, 0xff072457, 0x820802f6, 0x82092003, 0x820a2003, 0x820b2003, 0x820c2003, 0x820d2003, 0x820e2003, 0x820f2003, 0x82102003, 
	0x82112003, 0x82122003, 0x82132003, 0xff142403, 0x821502d8, 0x82162003, 0x82172003, 0xff182403, 0x821902ec, 0x821a2003, 0x521b2003, 0x1d200679, 
	0x1e200782, 0x1f230382, 0x5202e2ff, 0x297d0b7d, 0x02ec2105, 0x21058552, 0x8b7602ec, 0x02f62205, 0x20578237, 0x20038238, 0x20038239, 0x2037823a, 
	0x2037823b, 0x2007823d, 0x200f8240, 0x20038245, 0x0a9d5246, 0x0f824920, 0x0a004a24, 0x13824b02, 0x03824c20, 0x03824e20, 0x2f825220, 0x03825320, 
	0x0b825520, 0x1f825620, 0x03825720, 0x0b825a20, 0x03825b20, 0x0b825c20, 0x07825d20, 0x07825e20, 0xf1ff6024, 0x0b826102, 0x2b826220, 0x07826320, 
	0x2007b357, 0x200f8267, 0x201f826b, 0x5713826c, 0x6f2007bb, 0x2208bf57, 0x827602ec, 0x8277200b, 0x828020eb, 0x828a2007, 0x828c2003, 0x828d2027, 
	0x05ad6507, 0x9002ec22, 0xa56a0f82, 0x02ce2661, 0x02ceffaa, 0x247782e5, 0x03f6ffe6, 0x2003822c, 0x2003822d, 0x2003822e, 0x2003822f, 0x20038230, 
	0x20038231, 0x20038232, 0x20038249, 0x2003824a, 0x2003824b, 0x28f17b4c, 0x200dd164, 0x20378261, 0x20038266, 0x24038269, 0x03d8ff6b, 0x18078274, 
	0x200ff549, 0x79138287, 0xf6230551, 0x70ff9903, 0xf62007db, 0x22065b4e, 0x18a803d8, 0x22092745, 0x69ff5104, 0x582015e1, 0x2614e569, 0xff6a04ec, 
	0x826b04ec, 0x826c201b, 0x826d2007, 0x826e2003, 0x826f2003, 0x8270200f, 0x07ed6907, 0x04218f82, 0x20138285, 0x20038286, 0x2417828e, 0x04e2ff90, 
	0x20078292, 0x20078294, 0x24038298, 0x05f6ff9e, 0x050d6a00, 0xff870525, 0x828805ec, 0x82892003, 0x828a2003, 0x828b2003, 0x828c2003, 0x828d2003, 
	0x213b8203, 0x07828f05, 0x03829020, 0x03829120, 0x05214382, 0x20078293, 0x20038294, 0x20038295, 0x54038296, 0x05210e3d, 0x2057829c, 0x8203829d, 
	0xa7022b63, 0xb0ff0900, 0xe2ff0b00, 0x03820f00, 0x03821720, 0x03821920, 0xf6ff1d24, 0x03821e00, 0x03822020, 0x03822120, 0xecff2223, 0x614f5900, 
	0x3c007e26, 0x3d007eff, 0x3e207f82, 0x3f200382, 0x40200382, 0x41200382, 0x42200382, 0x5d200382, 0x5e200382, 0x5f200382, 0x60200382, 0x61200382, 
	0x62200382, 0x88200382, 0x89200382, 0x8a200382, 0x8b200382, 0x8c200382, 0x8d200382, 0x8e200382, 0x8f200382, 0x90200382, 0x91200382, 0x92200382, 
	0x93200382, 0x94200382, 0x95200382, 0x96200382, 0x97200382, 0x98200382, 0x99200382, 0x9a200382, 0x9b200382, 0x9c200382, 0x9d200382, 0x9e200382, 
	0x9f200382, 0xa0200382, 0xa1200382, 0xa2200382, 0xa3200382, 0xa4200382, 0xa5200382, 0xa6200382, 0xa7200382, 0xa8200382, 0xa9200382, 0x075a0382, 
	0x00f62159, 0x21211b63, 0xd56f00ec, 0x82e9200b, 0x00f0288f, 0x00f20014, 0x82f5000a, 0x82f82003, 0xfffa300b, 0xff0301ba, 0x001101f6, 0x00120114, 
	0x8213010a, 0x82142003, 0x05eb4f03, 0x23011422, 0x24201b82, 0x27200382, 0x28201382, 0x08c54f18, 0x4f01f621, 0xba2409eb, 0xceff3401, 0x5f065b7a, 
	0x39280929, 0x3a01ecff, 0x3d01c4ff, 0x315f0782, 0x01e2221d, 0x24238248, 0x01e2ff4b, 0x2047824d, 0x2003824e, 0x2003824f, 0x20038250, 0x20038251, 
	0x20038252, 0x20038253, 0x20038254, 0x20038255, 0x20038256, 0x20038257, 0x20038258, 0x20038259, 0x2003825a, 0x2003825b, 0x2003825c, 0x2003825d, 
	0x2003825e, 0x2003825f, 0x20038260, 0x20038261, 0x20038262, 0x20038263, 0x20038264, 0x20038265, 0x20038266, 0x5f038267, 0xc4268135, 0xc4ff8901, 
	0x03828a01, 0x03828b20, 0x03828c20, 0x03828d20, 0x5f0b5548, 0xe921ef41, 0x1f3548ff, 0xf201ec22, 0xf3202382, 0xf4200382, 0xf5200382, 0xf6200382, 
	0xf7200382, 0xf8200382, 0xf9200382, 0xfa200382, 0xfb200382, 0xfc200382, 0xfd200382, 0xfe200382, 0xff240382, 0x0002ecff, 0x01200382, 0x02200382, 
	0x03200382, 0x04200382, 0x05200382, 0x06200382, 0x14240382, 0x1502ceff, 0x16200382, 0x17200382, 0x455f0382, 0x7ece2015, 0xd82606ad, 0xd8ff2202, 
	0x03822302, 0x03822420, 0x03822520, 0x28076955, 0x02e2ff28, 0x02ddff29, 0x2013822a, 0x2003822b, 0x2003822c, 0x2003822d, 0x2003822e, 0x2057822f, 
	0x20078230, 0x20038231, 0x200b8232, 0x50078233, 0xce24050f, 0xf1ff3602, 0x220ebd7e, 0x823b02ce, 0x823c204b, 0x823d2023, 0x823e2003, 0x823f2003, 
	0x82402003, 0x82412027, 0x82422007, 0x82432003, 0x82442067, 0xff452607, 0x004602ba, 0x06bd5514, 0x4a02c424, 0x49481e00, 0x02ce2206, 0x201f824d, 
	0x201b824e, 0x2007824f, 0x20038250, 0x48038251, 0x54200759, 0x55200b82, 0x5a230382, 0x5f02c4ff, 0x5e2707f5, 0x5f02ecff, 0x50020a00, 0xe221092f, 
	0x0d2f5002, 0x6802ab22, 0x69203382, 0x6a200382, 0x2f500382, 0x02d82105, 0x21092f50, 0x2f5002f1, 0x02fb2205, 0x201f8273, 0x20038274, 0x20038275, 
	0x28b78276, 0x02b0ff77, 0x02f6ff78, 0x20638279, 0x2007827a, 0x2003827b, 0x2003827c, 0x200f827d, 0x7307827e, 0x85200f2f, 0x86201782, 0x87201782, 
	0x88200782, 0x89200782, 0x4b6e0782, 0x027e266d, 0x027effaa, 0x207782ab, 0x200382ac, 0x200382ad, 0x200382ae, 0x200382af, 0x730382b0, 0xcb20675b, 
	0xcc206b82, 0xcd200382, 0xce200382, 0xcf200382, 0xd0200382, 0x73730382, 0xf802218e, 0xf9209382, 0xfa200382, 0xfb200382, 0xfc200382, 0xfd200382, 
	0xfe200382, 0xff240382, 0x0003ecff, 0x01200382, 0x02200382, 0x03200382, 0x04200382, 0x05200382, 0x06200382, 0x07200382, 0x08200382, 0x09200382, 
	0x0a200382, 0x0b200382, 0x0c200382, 0x0d200382, 0x0e200382, 0x0f200382, 0x10200382, 0x11200382, 0x12200382, 0x13200382, 0x14200382, 0x15200382, 
	0x16200382, 0x17200382, 0x18200382, 0x19200382, 0xfb730382, 0x8221201b, 0x8222201f, 0x82232003, 0x82242003, 0x82252003, 0x82262003, 0x82272003, 
	0x82282003, 0x82292003, 0x822a2003, 0x822b2003, 0x23277403, 0x2111c971, 0x3b7403ec, 0x82622017, 0xff6b2253, 0xf14118c4, 0x0b4b6f0c, 0x20059f67, 
	0xbd4f181e, 0x242f8209, 0x030a0099, 0x08ab679a, 0x6f031421, 0xce22054b, 0x4782a203, 0x2005b752, 0x064f6f14, 0x5304e227, 0x5404e2ff, 0x0b4f6fff, 
	0x5804e22a, 0x5904d8ff, 0x5c040a00, 0x5f240382, 0x60042800, 0x61200382, 0x62200382, 0x5b6f0382, 0x04282209, 0x200f8266, 0x20038267, 0x24038268, 
	0x04c4ff69, 0x204b826a, 0x243b826b, 0x04f6ff6c, 0x200f826d, 0x200f826e, 0x200f826f, 0x200f8270, 0x240b827b, 0x041e007c, 0x200f8281, 0x20038282, 
	0x20038283, 0x20038285, 0x28038286, 0x04ecff87, 0x043c0099, 0x2a33829e, 0x05ecffa8, 0x0532004b, 0x4ad8ff4e, 0x3b5342a9, 0xc102250c, 0xecff0900, 
	0x2c109d4a, 0x00e2ff1c, 0x00d8ff1d, 0x00b0ff1e, 0x6307821f, 0xb02205f5, 0x2b822300, 0x03822420, 0x03822520, 0x03822620, 0x03822720, 0x03822820, 
	0x03822920, 0x03822a20, 0x03822b20, 0x03822c20, 0x03822d20, 0x03822e20, 0x03822f20, 0x03823020, 0x03823120, 0x03823220, 0x03823320, 0x03823420, 
	0x03823520, 0x03823620, 0x03823720, 0x03823820, 0x03823920, 0x03823a20, 0x4a07ad6c, 0xbc24b7a1, 0xbd00e2ff, 0xbe200382, 0xbf200382, 0xc0200382, 
	0xc1200382, 0xc2240382, 0xc300d8ff, 0xc4200382, 0xc5200382, 0xc6200382, 0xc7200382, 0xc8200382, 0xc9200382, 0xca200382, 0xcb200382, 0xcc200382, 
	0xcd200382, 0xce200382, 0xcf200382, 0xd0200382, 0xd1200382, 0xd2200382, 0xd3200382, 0xd4200382, 0xd5200382, 0xd6200382, 0xd7200382, 0xd8200382, 
	0xd9200382, 0xda200382, 0xdb200382, 0xdc240382, 0xdd00b0ff, 0xde200382, 0xdf200382, 0xe0200382, 0xe1200382, 0xe2200382, 0xe3200382, 0xe4200382, 
	0xe9200382, 0xf0208f82, 0xf13b0382, 0xf500f6ff, 0xf6003200, 0xf8001400, 0x0001e2ff, 0x04012800, 0x0a01f6ff, 0x5a011400, 0x178208ad, 0xceff1224, 
	0x03821301, 0x03821420, 0x1f821520, 0x13821820, 0xfbff1b24, 0x0b821e01, 0x0b822620, 0xbaff2724, 0x03822801, 0x0f822c20, 0x03822e20, 0x0b822f20, 
	0x32003024, 0x0b823401, 0x22158b53, 0x823b01ec, 0x0587531b, 0x3f01f622, 0x2406f964, 0x01ecff44, 0x200b8246, 0x20538247, 0x240b8248, 0x01d8ff49, 
	0x2003824a, 0x200b824b, 0x6a07824c, 0xf6220507, 0x23824f01, 0x03825020, 0x03825120, 0x03825220, 0x03825320, 0x03825420, 0x03825520, 0x03825620, 
	0x03825720, 0x03825820, 0x03825920, 0x03825a20, 0x03825b20, 0x03825c20, 0x03825d20, 0x03825e20, 0x03825f20, 0x03826020, 0x03826120, 0x03826220, 
	0x03826320, 0x03826420, 0x03826520, 0x03826620, 0x03826720, 0x22817753, 0x828901ec, 0x828a20f7, 0x828b2003, 0x828c2003, 0x828d2003, 0x828e2003, 
	0x828f209b, 0x82902003, 0x53912003, 0xf6221037, 0x1382a701, 0x0382a820, 0x0382a920, 0x0382aa20, 0x0382ab20, 0x0382ac20, 0x1565ad20, 0x18df208a, 
	0x4a26d753, 0x072477c1, 0x0802d8ff, 0x09200382, 0x0a200382, 0x0b200382, 0x0c200382, 0x0d200382, 0x0e200382, 0x0f200382, 0x10200382, 0x11200382, 
	0x12200382, 0x13200382, 0x3b6a0382, 0x02ec2111, 0x3805f352, 0xff1c02f6, 0xff1d02ec, 0x001f02f6, 0x0020021e, 0x0024020a, 0x0025020f, 0x9f491828, 
	0x14002309, 0x1b822f02, 0x07823020, 0x2b823220, 0x07823420, 0x2417fb52, 0x02e7ff3d, 0x204b8240, 0x20238243, 0x20078246, 0x202f8247, 0x200b8248, 
	0x2057824b, 0x2043824c, 0x2013824e, 0x52238255, 0x178208e7, 0x8208a565, 0x8261201b, 0x8264200f, 0x82652033, 0x826b2003, 0x826c2003, 0x826d202b, 
	0x826e2007, 0x05d35203, 0x7202ec22, 0x74200b82, 0x76209f82, 0x77202f82, 0x78200b82, 0x79240382, 0x7a02e2ff, 0x7b200782, 0x7c200382, 0x7d200382, 
	0x7e200f82, 0x7f200782, 0x80200382, 0x81200382, 0x82200382, 0x83200382, 0x84203382, 0x85200782, 0x86201f82, 0x87200782, 0x88200782, 0x8a260782, 
	0x8b02ceff, 0x0f76c4ff, 0x02ce2106, 0x20090f76, 0x600f76ec, 0x2017c178, 0x209782b1, 0x200382b2, 0x200382b3, 0x200382b4, 0x200382b5, 0x200382b6, 
	0x200382b7, 0x200382b8, 0x200382b9, 0x200382ba, 0x200382bb, 0x200382bc, 0x200382bd, 0x200382be, 0x200382bf, 0x200382c0, 0x200382c1, 0x200382c2, 
	0x200382c3, 0x200382c4, 0x200382c5, 0x200382c6, 0x200382c7, 0x200382c8, 0x200382c9, 0x7b0382ca, 0xd12017bf, 0xd2201b82, 0xd3200382, 0xd4200382, 
	0xd5200382, 0xd6200382, 0xd7200382, 0xd8200382, 0xd9200382, 0xda200382, 0xdb200382, 0xdc200382, 0xdd200382, 0xde200382, 0xdf200382, 0xe0200382, 
	0xe1200382, 0xe2200382, 0xe3200382, 0xe4200382, 0xe5200382, 0xe6200382, 0xe7200382, 0xe8200382, 0xe9200382, 0xea200382, 0xeb200382, 0xec200382, 
	0xed200382, 0xee200382, 0xef200382, 0xf0240382, 0xf102f6ff, 0xf2200782, 0xf3200382, 0xf4200382, 0xf5200382, 0xf6200382, 0xf7200382, 0x5b7c0382, 
	0xff1a2487, 0x821b03ec, 0x821c2003, 0x821d2003, 0x821e2003, 0x821f2003, 0x82202003, 0xff2c2403, 0x822d03ce, 0x822e2003, 0x822f2003, 0x82302003, 
	0x82312003, 0x82322003, 0xff332403, 0x823403c4, 0x82352003, 0x82362003, 0x82372003, 0x82382003, 0x82392003, 0x823a2003, 0x823b2003, 0x823c2003, 
	0x823d2003, 0x823e2003, 0x823f2003, 0x82402003, 0x82412003, 0x82422003, 0x82432003, 0x82442003, 0x82452003, 0x82462003, 0x82472003, 0x82482003, 
	0x82492003, 0x824a205b, 0x824b2003, 0x824c2003, 0x25277703, 0x240d3b55, 0x03e2ff5a, 0x20bf825b, 0x2003825c, 0x2003825d, 0x2003825e, 0x2003825f, 
	0x30038260, 0x03f6ff61, 0x03140063, 0x03320066, 0x030a0067, 0x240f8269, 0x03280071, 0x20078275, 0x200f827b, 0x5503827c, 0x46180567, 0x2f820a5f, 
	0x1f828920, 0x2205bb7c, 0x829103f6, 0x8294200f, 0x07b37c9b, 0x1b829c20, 0x43829f20, 0x0382a120, 0x0b82a920, 0x099b5a18, 0x5104f62a, 0x52043c00, 
	0x53042800, 0x54240382, 0x55043200, 0x562a0382, 0x5804e2ff, 0x5904ecff, 0x27771e00, 0x043c2216, 0x24378264, 0x04baff65, 0x20038266, 0x20038267, 
	0x20038268, 0x24378269, 0x04f6ff6b, 0x2007826d, 0x2007826f, 0x2053827b, 0x200b827c, 0x20038281, 0x204f8282, 0x20078285, 0x20078286, 0x2003828e, 
	0x205b828f, 0x20038290, 0x200b8292, 0x20078293, 0x20038294, 0x20038297, 0x24038298, 0x04d8ff99, 0x201782a0, 0x200b82a8, 0x283382bf, 0x05e2ffd4, 
	0x05ceff00, 0x2207824e, 0x4b32006f, 0xe9694201, 0x05f62c07, 0x05f6ff9a, 0x00e2ff9b, 0x82010000, 0x0a2e0803, 0x1e00b200, 0x46440300, 0x7c01544c, 
	0x6c727963, 0x616c8001, 0x90016e74, 0xaa014900, 0x8003b201, 0x6c036203, 0xf201ba01, 0xca01c201, 0x0782d201, 0xda01ea26, 0xea01e201, 0xfa230982, 
	0x82010202, 0x76032f03, 0x12020a02, 0x22021a02, 0x7a022a02, 0x03823202, 0x03823a20, 0x03824220, 0x03824a20, 0x03825220, 0x03825a20, 0x03826220, 
	0x03826a20, 0x03827220, 0x02826808, 0x0292028a, 0x02a2029a, 0x02b202aa, 0x02c202ba, 0x02d202ca, 0x02e202da, 0x02f202ea, 0x030203fa, 0x0312030a, 
	0x0322031a, 0x0332032a, 0x0342033a, 0x0352034a, 0x6123005a, 0x03746c61, 0x7332639a, 0x63a20363, 0x03657361, 0x6d6363d2, 0x64fe0270, 0x0367696c, 
	0x6f6e6404, 0x660a036d, 0x03636172, 0x736968de, 0x82100374, 0x03612e16, 0x756e6c16, 0x6c1c036d, 0x036c636f, 0x20058422, 0x20058428, 0x2005842e, 
	0x20058434, 0x2005843a, 0x20058440, 0x20058446, 0x2005844c, 0x233a8252, 0x6f580372, 0x032e0682, 0x64726f5e, 0x6faa036e, 0x036d6e72, 0x11837064, 
	0x69736a32, 0x7003666e, 0x70636d73, 0x7373b203, 0xba033130, 0x32220582, 0x0582c203, 0x76033322, 0x34220582, 0x05827c03, 0x82033522, 0x36290582, 
	0x75738803, 0xca037370, 0x083b8374, 0x657a8e2c, 0x94036f72, 0x00002803, 0x02002403, 0x20524742, 0x52535e03, 0x9a032042, 0x07001403, 0x20455a41, 
	0x4143c603, 0x02042054, 0x05825243, 0x4d3e2208, 0x04204c4f, 0x444c4e7a, 0x52b60420, 0x04204d4f, 0x4b5254f2, 0x002e0520, 0x00000001, 0x00fe1101, 
	0x21078303, 0x0f85300f, 0x007c0623, 0x210f8306, 0x0f859605, 0x861c0521, 0x861a2007, 0x86882017, 0x868c200f, 0x86082007, 0x86062007, 0x85a22007, 
	0xc4072107, 0x05230785, 0x840400d0, 0x8668204f, 0x0092213f, 0x04217784, 0x210f85dc, 0x07862206, 0x07863020, 0x07863e20, 0x07864c20, 0x07865a20, 
	0x06213f86, 0x200f8676, 0x20078684, 0x20078692, 0x215785a0, 0x0f86d407, 0x0f85a620, 0xb7870820, 0x0f852a20, 0x866a0421, 0x86682007, 0x86662007, 
	0x86642007, 0x85622007, 0x38072107, 0x04210785, 0x21078558, 0x07862808, 0x07867e20, 0x0785d420, 0x57860920, 0x85dc1321, 0x480b210f, 0x09210785, 
	0x21078570, 0x0785f404, 0x85880621, 0xd2042197, 0x04210f85, 0x05174106, 0x86160421, 0x86542007, 0x850e2007, 0xec03211f, 0x57410f86, 0xe2032106, 
	0xe0201786, 0x10220782, 0xc7820100, 0x02000023, 0x22098300, 0x84000026, 0x0402245b, 0x82ae049c, 0x00102c09, 0x05be0505, 0x05e205d0, 0x820606f4, 
	0x8200201b, 0x00022131, 0x43200583, 0x32200584, 0x40200584, 0x42200584, 0x38200584, 0x06200584, 0x11200584, 0x07200584, 0x0a200584, 0x0b200584, 
	0x0c200584, 0x0e200584, 0x10200584, 0x0f200584, 0x31200584, 0x37200584, 0x05200584, 0x3a200584, 0x33280584, 0x01002c06, 0x2a060500, 0x48220582, 
	0x05822806, 0x26061222, 0x13200582, 0x39201d84, 0x36200584, 0x02200582, 0x00250984, 0x3b000200, 0x24458300, 0x00140002, 0x2e138216, 0x003c0002, 
	0x00f80537, 0x00440002, 0x82f40545, 0x00462207, 0x22178447, 0x82350034, 0x00042807, 0x003e003d, 0x8238003f, 0x0d20080b, 0x19001700, 0x1d001b00, 
	0x21001f00, 0x25002300, 0x29002700, 0x2d002b00, 0x00002f00, 0x1a00ffff, 0x02306384, 0x04000300, 0x06000500, 0x08000700, 0x13000900, 0x11a96b19, 
	0x1e204182, 0x20204382, 0x22204582, 0x1b203984, 0x0b203994, 0x1e193bba, 0x18200b8d, 0x1a20b582, 0x1c20b782, 0x0a2077a6, 0x0c2077ba, 0x0d203bba, 
	0x0e203bba, 0x0f203bba, 0x10203bba, 0x12203bba, 0x012b3ba0, 0x90ff1015, 0xd2140100, 0x820091ff, 0x0100210b, 0xcc220b82, 0x05825d00, 0xc500da22, 
	0x03200584, 0x22221782, 0x05826000, 0x6a001c22, 0x16220582, 0x29845600, 0x1d824c20, 0xffffa822, 0xbc220582, 0x05825004, 0xaf00fe22, 0xf8220582, 
	0x0582ba00, 0x7404d222, 0xaa240582, 0x38160100, 0xa8200782, 0x88200382, 0xa0200382, 0x84200382, 0x9e260382, 0xbe140200, 0x0982a614, 0x0300f424, 
	0x0b82ba14, 0x1182c220, 0x0300e828, 0xa2017600, 0x1782e502, 0x1782e620, 0x8214fa21, 0x200b8201, 0x240b82e4, 0x14b014a2, 0x200b82b6, 0x832782bc, 
	0x15022e09, 0x02050044, 0x02730272, 0x02750274, 0x2c158276, 0x1412162c, 0x001216d4, 0x17000002, 0x260f8246, 0x14e61522, 0x83d414cc, 0xde142b0f, 
	0x08150200, 0x9c010400, 0x0383a401, 0x30260d82, 0xa6040600, 0x0387a704, 0x21053946, 0xaf82f813, 0x01001026, 0x41000000, 0x38302382, 0x6e000700, 
	0xb1001100, 0xed001b00, 0xef00ee00, 0x01222582, 0x85821a14, 0x2182dc20, 0x15202583, 0x08201184, 0xd4201182, 0x02341188, 0x08001215, 0xa205a105, 
	0xa305a605, 0xa505a405, 0xa0059f05, 0x94244d82, 0x56158014, 0x0524c382, 0x58140000, 0x15820185, 0x6a147e27, 0xf6144015, 0x21158300, 0x01841446, 
	0x68261582, 0x2a155414, 0x1584e014, 0x84143421, 0x26158201, 0x153e1452, 0x84ca1414, 0x14222115, 0x15820184, 0x28143c26, 0xb414fe14, 0x10211584, 
	0x82018414, 0x14262615, 0x14e81412, 0x2115839e, 0x0185fe13, 0x10261582, 0xd214fc13, 0x15848814, 0x8413ec21, 0x02002901, 0xe613fa14, 0x7214bc14, 
	0xda211584, 0x82018413, 0x13e42615, 0x14a614d0, 0x2115845c, 0x018413c8, 0xce261582, 0x9014ba13, 0x15844614, 0x8413b621, 0x26158201, 0x144014b8, 
	0x84a4137a, 0x13a82115, 0x51410184, 0x00f02a06, 0x00e61401, 0x00000001, 0x20118603, 0x201182d6, 0x20118cd4, 0x201182b8, 0x201184c2, 0x20238604, 
	0x201182ac, 0x20118cb0, 0x206582a8, 0x85cf8212, 0x022a0849, 0x1300bc14, 0x5b045804, 0x6b045e04, 0x6f046c04, 0x7d047004, 0x82047e04, 0x8b048604, 
	0x90048f04, 0x94049304, 0x98049704, 0x3782a004, 0x1700ba2a, 0x31013001, 0x33013201, 0x0fa57619, 0x0ba17619, 0x76190220, 0x3382089f, 0x1b004c22, 
	0x34057419, 0x0000c128, 0x00000401, 0x03820501, 0x03820020, 0x03820120, 0x03820220, 0x02000326, 0x28009213, 0x14eb7019, 0x13ff7019, 0x558213a6, 
	0x55823c20, 0x71192c20, 0x13ba122d, 0xc2385582, 0xe2042c00, 0xe404e304, 0xe604e504, 0xec04e704, 0xe904e804, 0xeb04ea04, 0x152b7219, 0x2b177219, 
	0x5a205d82, 0xa8225d82, 0x7319a904, 0xbd32086b, 0xbf04be04, 0xae04c004, 0xc204c104, 0xc404c304, 0x7319c504, 0x04281723, 0x04d304d2, 0x04d504d4, 
	0x07812019, 0x2019da20, 0x5d820d83, 0x5dae1620, 0xe587e78b, 0xe795ec20, 0x12020023, 0x215d82c8, 0x731904cc, 0x878208b3, 0xd7259187, 0xd904d804, 
	0x418f8e04, 0x2a352e19, 0x0900e500, 0x0b000a00, 0x0d000c00, 0x0f000e00, 0x11001000, 0x21c54500, 0x7d192320, 0x3e2b341f, 0x40003f00, 0x42004100, 
	0x19004300, 0x0933097b, 0x5f005e18, 0x61006000, 0x63006200, 0x65006400, 0x67006600, 0x69006800, 0x6b006a00, 0x6d006c00, 0x70006f00, 0x72007100, 
	0x74007300, 0x76007500, 0x78007700, 0x7a007900, 0x7c007b00, 0x7e007d00, 0x80007f00, 0x82008100, 0x84008300, 0x86008500, 0x88008700, 0x8a008900, 
	0x8c008b00, 0x8e008d00, 0x90008f00, 0x92009100, 0x94009300, 0x96009500, 0x98009700, 0x9a009900, 0x9c009b00, 0x9e009d00, 0xa0009f00, 0xa200a100, 
	0xa400a300, 0xa600a500, 0xa800a700, 0xaa00a900, 0xac00ab00, 0xae00ad00, 0xb000af00, 0xb300b200, 0xb500b400, 0xb700b600, 0xb900b800, 0xbb00ba00, 
	0xbd00bc00, 0xbf00be00, 0xc100c000, 0xc300c200, 0xc500c400, 0xc700c600, 0xc900c800, 0xcb00ca00, 0xcd00cc00, 0xcf00ce00, 0xd100d000, 0xd300d200, 
	0xd500d400, 0xd700d600, 0xd900d800, 0xdb00da00, 0xdd00dc00, 0xdf00de00, 0xe100e000, 0xe300e200, 0xe500e400, 0xe700e600, 0xe900e800, 0xeb00ea00, 
	0x2f46ec00, 0x1a022406, 0x194d0198, 0x2327db7a, 0x8c028b02, 0x09d77a19, 0x02920227, 0x02940293, 0xd17a1995, 0x027f3292, 0x02e102e0, 0x02e302e2, 
	0x02e502e4, 0x02e702e6, 0xcf7a19e9, 0x1922206e, 0x2212cd7a, 0x192c0321, 0x210acf7a, 0x7a190333, 0x6b2159cd, 0xb97a1903, 0x0361254b, 0x03630362, 
	0x0d1b7b19, 0x03954c08, 0x03960397, 0x0398039b, 0x0399039c, 0x039d039a, 0x039f039e, 0x039203a0, 0x03940393, 0x03a503a4, 0x03a803a1, 0x03aa03a9, 
	0x03ac03ab, 0x03ad03a2, 0x03b003ae, 0x03b303b2, 0x03b503b4, 0x03b703b6, 0x03a303b8, 0x03a703a6, 0x19b103af, 0x0a084379, 0x7a0479e8, 0x78047704, 
	0x76047504, 0x9f048c04, 0x01007005, 0x60013e18, 0xee0ee80e, 0xfa0ef40e, 0x060f000f, 0x120f0c0f, 0xe6163617, 0xfa16f016, 0x2e162616, 0x3e163616, 
	0x0e170417, 0x4e164616, 0x5e165616, 0x66161817, 0x76166e16, 0x7e162217, 0x8e168616, 0x9e169616, 0xae16a616, 0x1e0f180f, 0x2a0f240f, 0x360f300f, 
	0x420f3c0f, 0x4e0f480f, 0x5a0f540f, 0x660f600f, 0x720f6c0f, 0x7e0f780f, 0x8a0f840f, 0x960f900f, 0xa20f9c0f, 0xae0fa80f, 0xba0fb40f, 0xc60fc00f, 
	0xd20fcc0f, 0xde0fd80f, 0xea0fe40f, 0xf60ff00f, 0x0210fc0f, 0x0e100810, 0x1a101410, 0x26102010, 0x32102c10, 0x3e103810, 0x4a104410, 0x56105010, 
	0x62105c10, 0x6e106810, 0x7a107410, 0x86108010, 0x92108c10, 0x9e109810, 0xaa10a410, 0xb610b010, 0xc210bc10, 0xce10c810, 0xb616d410, 0xe010da10, 
	0xec10e610, 0xf810f210, 0x0411fe10, 0x10110a11, 0x1c111611, 0x28112211, 0x34112e11, 0x40113a11, 0x4c114611, 0x58115211, 0x64115e11, 0x70116a11, 
	0x7c117611, 0x88118211, 0x94118e11, 0xa0119a11, 0xac11a611, 0xb811b211, 0xc411be11, 0xd011ca11, 0xdc11d611, 0xe811e211, 0xf411ee11, 0x0012fa11, 
	0x0c120612, 0x18121212, 0x24121e12, 0x30122a12, 0x3c123612, 0x48124212, 0x54124e12, 0x60125a12, 0x6c126612, 0x78127212, 0x7e12be16, 0x8a128412, 
	0x96129012, 0xa2129c12, 0xae12a812, 0xba12b412, 0xc612c012, 0xd212cc12, 0xde12d812, 0xea12e412, 0xf612f012, 0x0213fc12, 0x0e130813, 0x1a131413, 
	0x26132013, 0x32132c13, 0x3e133813, 0x4a134413, 0x56135013, 0x62135c13, 0x6e136813, 0x7a137413, 0x86138013, 0x92138c13, 0x9e139813, 0xaa13a413, 
	0xb613b013, 0xc213bc13, 0xce13c813, 0xda13d413, 0xe613e013, 0xce16c616, 0xf213ec13, 0xfe13f813, 0x0a140414, 0xd6161014, 0x1614de16, 0x22141c14, 
	0x2e142814, 0x3a143414, 0x46144014, 0x4c142c17, 0x58145214, 0x64145e14, 0x70146a14, 0x7c147614, 0x88148214, 0x94148e14, 0x4217e417, 0x66175417, 
	0x8a177817, 0xae179c17, 0xd217c017, 0xa0149a14, 0xac14a614, 0xb814b214, 0xc414be14, 0xd014ca14, 0xdc14d614, 0xe814e214, 0xf414ee14, 0x0015fa14, 
	0x0c150615, 0x18151215, 0x24151e15, 0x30152a15, 0x3c153615, 0x48154215, 0x54154e15, 0x60155a15, 0x6c156615, 0x78157215, 0x84157e15, 0x90158a15, 
	0x9c159615, 0xa815a215, 0xb415ae15, 0xc015ba15, 0xcc15c615, 0xd815d215, 0xe415de15, 0xf015ea15, 0xfc15f615, 0x08160216, 0x14160e16, 0x20161a16, 
	0x2a160200, 0x78029001, 0x7a027902, 0x7c027b02, 0x2c197d02, 0x86220ca5, 0x29198702, 0x5f45084d, 0x7f5d45a5, 0x45032121, 0x2621055f, 0x2b801903, 
	0x5b5b4515, 0x45130d45, 0x72220b6f, 0x80197303, 0x7a200825, 0x2c218019, 0x2d1d5345, 0x03a803a1, 0x03a203ac, 0x036f036b, 0x65830370, 0x83037821, 
	0x037e355f, 0x03810380, 0x03840383, 0x03860385, 0x038d0387, 0x0391038f, 0x5f9da593, 0x2d2fb345, 0x04e502a6, 0x042603a7, 0x04710458, 0xb9450473, 
	0x0fef4c0b, 0xef4c1c20, 0x0f774e0b, 0x4e700521, 0x022408bb, 0x7502fe13, 0x43d08b48, 0x2521872b, 0x932d4303, 0x72037122, 0x3e578319, 0x431dd542, 
	0x55420635, 0x02dd22ca, 0x94dd4ade, 0x01db0a10, 0x01002932, 0x01008a04, 0x3c010100, 0x04250583, 0x0f0100c2, 0x20038254, 0x200d8456, 0x2105837b, 
	0x1f840300, 0x05844620, 0x17843920, 0x0582c320, 0x8a040224, 0x29828c04, 0x0b825020, 0xb5000328, 0x2503e201, 0x47820200, 0x3701342a, 0x02000000, 
	0xa00f900f, 0x42201d82, 0x4c200382, 0x0f214f85, 0x231f8308, 0xcb04c204, 0x002e1f84, 0x0200060f, 0x0c0f060f, 0x9c010200, 0x05841404, 0x4b820a20, 
	0x9a010224, 0x53849b01, 0x3d011224, 0x09848002, 0x41011624, 0x09848402, 0x36011c30, 0x05004601, 0x1a0f140f, 0x260f200f, 0xbf822c0f, 0x0120a585, 
	0x6383a785, 0x05220523, 0x282d822b, 0x0f480f04, 0x0f680f58, 0x207f8278, 0x20038222, 0x2003827a, 0x20038286, 0x24038294, 0x100100d4, 0x2003821e, 
	0x20038232, 0x20038248, 0x20038260, 0x203b827a, 0x201b8200, 0x213b8304, 0x7d823c01, 0x4b024922, 0x052a0b82, 0x22022002, 0x33022502, 0x83843602, 
	0x42011724, 0x09848502, 0x34010928, 0x01007702, 0x0d824005, 0x03820120, 0x09000626, 0x34011700, 0x77201f82, 0x01222184, 0x15829a01, 0xcf840120, 
	0x85020221, 0x8302204d, 0x2e158259, 0x01990107, 0x05e9019c, 0x059c0596, 0x829e059d, 0x05022c7b, 0x0052054d, 0x05570500, 0x84060058, 0x21c7840f, 
	0x5f824005, 0x0f840220, 0x35052c22, 0x6f846d83, 0xfd820f20, 0x360f2e3a, 0x460f3e0f, 0x560f4e0f, 0xe60ee00e, 0xf20eec0e, 0xfe0ef80e, 0x0a0f040f, 
	0x03266182, 0x0c040204, 0x39821204, 0xc2040438, 0x0100cb04, 0xe104d804, 0xee040200, 0x0400f704, 0x0d050405, 0x1b820300, 0x7b040526, 0x05007b04, 
	0x3d85219a, 0x3d840020, 0x3d840a20, 0x3d841420, 0x3d821e20, 0xed820620, 0x0000a33a, 0xa501a501, 0xa7017000, 0x7100e801, 0xef01ea01, 0xf101b300, 
	0xb9001e02, 0x9622dd82, 0x4919e700, 0x0220246d, 0x4d204982, 0x99244982, 0x1a009901, 0x132e3182, 0x5a045604, 0x69045d04, 0x6d046a04, 0xa5826e04, 
	0x81047c34, 0x8a048504, 0x8e048d04, 0x92049104, 0x96049504, 0x29829e04, 0x01172e08, 0x01030100, 0x020a0108, 0x02220221, 0x02280225, 0x022a0229, 
	0x022d022b, 0x0231022f, 0x02360233, 0x023d023c, 0x023f023e, 0x02420240, 0x22b58244, 0x82e20401, 0x820020fd, 0x04022c09, 0x00ae04a8, 0x04bd0400, 
	0x840700e1, 0x82cc200f, 0x04002209, 0x201f82f8, 0x200f8216, 0x081f8803, 0x0700cbb2, 0xf704e204, 0x54001600, 0x6e145014, 0x8c137013, 0xba12a012, 
	0xf811e011, 0x46113011, 0xa4109010, 0x12100010, 0x500f400f, 0xde0ed00e, 0x7c0e700e, 0x8c14600f, 0xa813aa14, 0xd412c413, 0x1012ee12, 0x5c112812, 
	0xb8107211, 0x2410cc10, 0x700f3610, 0xec0e800f, 0x880efa0e, 0x900f940e, 0xe614c814, 0xfc13e013, 0x22130813, 0x58124012, 0x9e118811, 0xf410e010, 
	0x5a104810, 0xb00fa00f, 0x160f080f, 0xac0ea00e, 0x0415c00f, 0x18142215, 0x3c133414, 0x70125613, 0xb4118812, 0x0811ca11, 0x6c101c11, 0xd00f7e10, 
	0x240fe00f, 0xb80e320f, 0xf00fc40e, 0x3008bf82, 0x01340107, 0x01000098, 0x009b019a, 0x019d0165, 0x016700a3, 0x00a501a5, 0x01a7016e, 0x016f00e8, 
	0x00ef01ea, 0x02f101b1, 0x00b7001e, 0x02a60402, 0x22338277, 0x82800276, 0x02a7220b, 0x280b8285, 0x002503b6, 0x03300102, 0x22058271, 0x82740331, 
	0x03322205, 0x28058279, 0x007b0333, 0x00910202, 0x22058223, 0x82240092, 0x00932105, 0x02232982, 0x82260094, 0x0095220b, 0x22058227, 0x82280096, 
	0x00972205, 0x22058229, 0x822a0098, 0x00992205, 0x2205822b, 0x822c009a, 0x009b2205, 0x2205822d, 0x822e009c, 0x009d2205, 0x2205822f, 0x8230009e, 
	0x009f2205, 0x22058231, 0x823200a0, 0x00a12205, 0x22058233, 0x823400a2, 0x00a32205, 0x22058235, 0x823600a4, 0x00a52205, 0x22058237, 0x823800a6, 
	0x00a72205, 0x22058239, 0x823a00a8, 0x00a92205, 0x2205823b, 0x823c00aa, 0x00ab2205, 0x2205823d, 0x823e00ac, 0x00ad2205, 0x2205823f, 0x824000ae, 
	0x00af2205, 0x22058241, 0x824200b0, 0x00b12205, 0x22058243, 0x824400b2, 0x00b32205, 0x22058245, 0x824600b4, 0x00b52205, 0x22058247, 0x824800b6, 
	0x00b72205, 0x22058249, 0x824a00b8, 0x00b92205, 0x2205824b, 0x824c00ba, 0x00bb2205, 0x2205824d, 0x824e00bc, 0x00bd2205, 0x2205824f, 0x825000be, 
	0x00bf2205, 0x22058251, 0x825200c0, 0x00c12205, 0x22058253, 0x825400c2, 0x00c32205, 0x22058255, 0x825600c4, 0x00c52205, 0x22058257, 0x825800c6, 
	0x00c72205, 0x22058259, 0x825a00c8, 0x00c92205, 0x2205825b, 0x825c00ca, 0x00cb2205, 0x2205825d, 0x825e00cc, 0x00cd2205, 0x2205825f, 0x826000ce, 
	0x00cf2205, 0x22058261, 0x826200d0, 0x00d12205, 0x22058263, 0x826400d2, 0x00d32205, 0x22058265, 0x826600d4, 0x00d52205, 0x22058267, 0x826800d6, 
	0x00d72205, 0x22058269, 0x826a00d8, 0x00d92205, 0x2205826b, 0x826c00da, 0x00db2205, 0x2205826d, 0x826f00dd, 0x00de2205, 0x22058270, 0x8211007f, 
	0x00e02205, 0x22058271, 0x827200e1, 0x00e22205, 0x22058273, 0x827400e3, 0x00e42205, 0x22058275, 0x827600e5, 0x00e62205, 0x22058277, 0x827800e7, 
	0x00e92205, 0x22058279, 0x827a00ea, 0x00eb2205, 0x2205827b, 0x827c00ec, 0x00ed2205, 0x2205827d, 0x827e00ee, 0x00ef2205, 0x2205827f, 0x828000f0, 
	0x00f12205, 0x22058281, 0x828200f2, 0x00f32205, 0x22058283, 0x828400f4, 0x00f52205, 0x22058285, 0x828600f6, 0x00f72205, 0x22058287, 0x828800f8, 
	0x00f92205, 0x22058289, 0x828a00fa, 0x00fb2205, 0x2205828b, 0x828c00fc, 0x00fd2205, 0x2205828d, 0x828e00fe, 0x00ff2805, 0x0302008f, 0x82900000, 
	0x00012205, 0x22058291, 0x82920002, 0x00032205, 0x22058293, 0x82940004, 0x00052205, 0x22058295, 0x82960006, 0x00072205, 0x22058297, 0x82980008, 
	0x00092205, 0x22058299, 0x829a000a, 0x000b2205, 0x2205829b, 0x829c000c, 0x000d2205, 0x2205829d, 0x829e000e, 0x000f2205, 0x2205829f, 0x82a00010, 
	0x00112205, 0x220582a1, 0x82a20012, 0x00132205, 0x220582a3, 0x82a40014, 0x00152205, 0x220582a5, 0x82a60016, 0x00172205, 0x220582a7, 0x82a80018, 
	0x00192205, 0x220582a9, 0x82aa001a, 0x001b2205, 0x220582ab, 0x82ac001c, 0x001d2205, 0x220582ad, 0x82ae001e, 0x001f2205, 0x220582af, 0x82b00020, 
	0x00222205, 0x220582b2, 0x82b30023, 0x00242205, 0x220582b4, 0x82b60026, 0x00272205, 0x220582b7, 0x82b80028, 0x00292205, 0x220582b9, 0x82ba002a, 
	0x002b2205, 0x220582bb, 0x82b10021, 0x002c2205, 0x220582bc, 0x82bd002d, 0x002e2205, 0x220582be, 0x82bf002f, 0x00302205, 0x220582c0, 0x82c10031, 
	0x00332205, 0x220582c2, 0x82c30034, 0x00352205, 0x220582c4, 0x82c50036, 0x00372205, 0x220582c6, 0x82c70038, 0x00392205, 0x220582c8, 0x82c9003a, 
	0x003b2205, 0x220582ca, 0x82cb003c, 0x003d2205, 0x220582cc, 0x82cd003e, 0x003f2205, 0x220582ce, 0x82cf0040, 0x00412205, 0x220582d0, 0x82d10042, 
	0x00432205, 0x220582d2, 0x82d30044, 0x00452205, 0x220582d4, 0x82d50046, 0x00472205, 0x220582d6, 0x82d70048, 0x00492205, 0x220582d8, 0x82d9004a, 
	0x004b2205, 0x220582da, 0x82db004c, 0x004d2205, 0x220582dc, 0x82dd004e, 0x004f2205, 0x220582de, 0x82df0050, 0x00512205, 0x220582e0, 0x82e10052, 
	0x00532205, 0x220582e2, 0x82e30054, 0x00552205, 0x220582e4, 0x82e50056, 0x00572205, 0x220582e6, 0x82e70058, 0x00592205, 0x220582e8, 0x82e9005a, 
	0x005b2205, 0x220582ea, 0x82eb005c, 0x005d2205, 0x220582ec, 0x82ed005e, 0x005f2205, 0x280582ee, 0x00ef0060, 0x03720202, 0x2205826c, 0x826d035f, 
	0x03622205, 0x22058274, 0x82750363, 0x03642205, 0x22058276, 0x82770365, 0x03662205, 0x22058279, 0x827b0367, 0x03682205, 0x2205827d, 0x8288036b, 
	0x036c2205, 0x22058289, 0x828a036d, 0x036e2205, 0x2205828b, 0x828c036f, 0x03702205, 0x2e05828e, 0x00900371, 0x04720402, 0x0402005b, 0x825e0474, 
	0x049f2205, 0x220582a0, 0x82cc04e2, 0x04e32205, 0x220582cd, 0x82ce04e4, 0x04e52205, 0x220582cf, 0x82d004e6, 0x04e72205, 0x220582d1, 0x82d604ec, 
	0x04e82205, 0x220582d2, 0x82d304e9, 0x04ea2205, 0x220582d4, 0x82d504eb, 0x04ed2205, 0x220582d7, 0x82a804f8, 0x04f92205, 0x220582a9, 0x82aa04fa, 
	0x04fb2205, 0x220582ab, 0x82ac04fc, 0x04fd2205, 0x220582ad, 0x82bd04fe, 0x04ff2805, 0x050200be, 0x82bf0400, 0x04012205, 0x220582c0, 0x82ae0402, 
	0x04032205, 0x220582c1, 0x82c20404, 0x04052205, 0x220582c3, 0x82c40406, 0x04072205, 0x220582c5, 0x82c60408, 0x04092205, 0x220582c7, 0x82c8040a, 
	0x040b2205, 0x220582c9, 0x82ca040c, 0x040d2205, 0x225982cb, 0x82f804a8, 0x04a92205, 0x220582f9, 0x82fa04aa, 0x04ab2205, 0x220582fb, 0x82fc04ac, 
	0x04ad2205, 0x220582fd, 0x82fe04bd, 0x04be2205, 0x220582ff, 0x820005bf, 0x05c02205, 0x22058201, 0x820205ae, 0x05c12205, 0x22058203, 0x820405c2, 
	0x05c32205, 0x22058205, 0x820605c4, 0x05c52205, 0x22058207, 0x820805c6, 0x05c72205, 0x22058209, 0x820a05c8, 0x05c92205, 0x2205820b, 0x820c05ca, 
	0x05cb2205, 0x2205820d, 0x82e204cc, 0x04cd2205, 0x220582e3, 0x82e404ce, 0x04cf2205, 0x220582e5, 0x82e604d0, 0x04d12205, 0x220582e7, 0x82e804d2, 
	0x04d32205, 0x220582e9, 0x82ea04d4, 0x04d52205, 0x220582eb, 0x82ec04d6, 0x04d72205, 0x220582ed, 0x82ee04d8, 0x04d92205, 0x220582ef, 0x82f004da, 
	0x04db2205, 0x220582f1, 0x82f204dc, 0x04dd2205, 0x220582f3, 0x82f404de, 0x04df2205, 0x220582f5, 0x82f604e0, 0x04e12a05, 0x030300f7, 0x007b02bd, 
	0x2407820d, 0x007c02be, 0x2407820e, 0x007d02bf, 0x2407820f, 0x007e02c0, 0x24078210, 0x008102c3, 0x24078213, 0x008202c4, 0x24078214, 0x008302c5, 
	0x24078215, 0x008402c6, 0x24078216, 0x008602c8, 0x24078218, 0x008702c9, 0x24078219, 0x008802ca, 0x2407821a, 0x008a02cc, 0x2407821c, 0x008b02cd, 
	0x2407821d, 0x008c02ce, 0x2407821e, 0x008d02cf, 0x2407821f, 0x008e02d0, 0x24078220, 0x008f02d1, 0x24078221, 0x009002d2, 0x33078222, 0x00dc02c1, 
	0x0103006e, 0x002503e3, 0x020300b5, 0x03600273, 0x02250f82, 0x03610274, 0x240f8271, 0x03690275, 0x2e07827f, 0x036a0276, 0x03040082, 0x007802ba, 
	0x82a9050a, 0x02bb2609, 0x050b0079, 0x300982aa, 0x007a02bc, 0x00ab050c, 0x03990104, 0x007f02c1, 0x30098211, 0x02c203a2, 0x00120080, 0x03a70404, 
	0x008502c7, 0x26278217, 0x008902cb, 0x8296051b, 0x1a240813, 0x8c041b04, 0x05008b04, 0xb903a604, 0x09007702, 0x0800a805, 0x2d052305, 0x0f051905, 
	0xd904ef04, 0x7d057205, 0x242e1182, 0x1a052e05, 0xf0041005, 0x7305da04, 0x11827e05, 0x2f05252e, 0x11051b05, 0xdb04f104, 0x7f057405, 0x262e1182, 
	0x1c053005, 0xf2041205, 0x7505dc04, 0x11828005, 0x3105272e, 0x13051d05, 0xdd04f304, 0x81057605, 0x282e1182, 0x1e053205, 0xf4041405, 0x7705de04, 
	0x11828205, 0x3305292e, 0x15051f05, 0xdf04f504, 0x83057805, 0x2a2e1182, 0x20053405, 0xf6041605, 0x7905e004, 0x11828405, 0x35052b2e, 0x17052105, 
	0xe104f704, 0x85057a05, 0x2234a582, 0x18052c05, 0xc1040e05, 0xd804ee04, 0x7c057105, 0x0b000200, 0x080edd4a, 0x7100ef32, 0x7602f101, 0x5904ba00, 
	0x40015a04, 0x5d045c04, 0x5f044201, 0x44016204, 0x66046504, 0x8a044801, 0x4a018a04, 0x9e049e04, 0x6f054b01, 0x4c016f05, 0x1d224582, 0x01820900, 
	0x12000022, 0x01220182, 0x01821700, 0xb5000222, 0x03380182, 0x00010001, 0x03010400, 0x05000301, 0x08010801, 0x0a010600, 0x07000a01, 0x082c7584, 
	0xa501a501, 0xa7017800, 0x7900ef01, 0x46087582, 0x02c2001e, 0x00220220, 0x022502f0, 0x02f30025, 0x002b0228, 0x022d02f4, 0x02f8002d, 0x002f022f, 
	0x023102f9, 0x02fa0031, 0x00330233, 0x023602fb, 0x02fc0036, 0x0040023c, 0x024202fd, 0x02020142, 0x01440244, 0x825a0403, 0x040422b7, 0x20b7825d, 
	0x20ab8405, 0x2cab8406, 0x04a80407, 0x040801ae, 0x010d05bd, 0x08b1820f, 0x0a00292e, 0x00001100, 0x16001300, 0x18000800, 0x0c00b400, 0xff00b600, 
	0x0101a900, 0xf3000201, 0x07010401, 0x0901f500, 0xf9000901, 0x33010b01, 0xca087582, 0x011f021f, 0x02230223, 0x02240124, 0x01270226, 0x022c0226, 
	0x0228012c, 0x012e022e, 0x02300229, 0x022a0130, 0x01320232, 0x0234022b, 0x022c0135, 0x013b0237, 0x0241022e, 0x02330141, 0x01430243, 0x02450234, 
	0x02350177, 0x01800280, 0x02850268, 0x03690185, 0x01250325, 0x0456046a, 0x046b0156, 0x01590459, 0x045c046c, 0x046d015c, 0x0162045f, 0x0465046e, 
	0x04720166, 0x016a0469, 0x046d0474, 0x0476016e, 0x017c047b, 0x04810478, 0x047a0181, 0x01850485, 0x048c047b, 0x047c018e, 0x01920491, 0x0495047f, 
	0x05810196, 0x0152054d, 0x05570583, 0x05890158, 0x016f056f, 0x0596058b, 0x058c0196, 0x019e059c, 0x0002008d, 0x4b09000e, 0x0129072f, 0x019d0190, 
	0x019201a3, 0x320182a5, 0x01a70199, 0x019a01e8, 0x01ef01ea, 0x02f101dc, 0x82e20176, 0x025a2293, 0x22938268, 0x836a025d, 0x6c022193, 0x022d9383, 
	0x048a0470, 0x0472028a, 0x029e049e, 0x29638373, 0x7b057402, 0xc2040200, 0x05848605, 0x02009b26, 0x97053b01, 0x98200584, 0x47220582, 0x05849905, 
	0x05829a20, 0x01004326, 0x01008202, 0x00220586, 0x0b820800, 0x03826820, 0x03840020, 0x01000d24, 0x0d8b9301, 0x89d60221, 0xc004210d, 0x1720bd82, 
	0x01210583, 0x21058342, 0x05838502, 0x836c0521, 0xa7042105, 0x3f203982, 0x01212b82, 0x85058301, 0x83142057, 0x8300200f, 0x00002405, 0x84000009, 
	0x8401200d, 0x861a204f, 0x2075850b, 0x8519882e, 0x8230201d, 0x8802200f, 0x00002213, 0x200b8230, 0x200f8e04, 0x200f8c03, 0x20318600, 0x205d8402, 
	0x856b841c, 0x20118521, 0x8711841e, 0x28138543, 0x00870520, 0x05350102, 0x22058289, 0x828a0539, 0x053b2205, 0x2205828c, 0x828e053c, 0x053d2205, 
	0x22058290, 0x8292053e, 0x053f2205, 0x20058294, 0x20438447, 0x85778805, 0x05222645, 0x01030088, 0x20478239, 0x2207848b, 0x848d053b, 0x053c2207, 
	0x2207848f, 0x8491053d, 0x053e2207, 0x22078493, 0x8495053f, 0x204d8507, 0x214d8806, 0x4f850001, 0x65842420, 0x11410720, 0x2019850c, 0x20198426, 
	0x87198c08, 0x84282035, 0x8e09201b, 0x201d871b, 0x201d842a, 0x871d900a, 0x842c201f, 0x8205207b, 0x8228821f, 0x20178502, 0x23098205, 0x00020002, 
	0x0f83178d, 0x15820020, 0x178e0420, 0x00200f83, 0x03201782, 0x0f83178e, 0x03000022, 0x498b7b84, 0x1b831187, 0x0320658f, 0x67854782, 0x04000322, 
	0x378d0182, 0x37831185, 0x57820320, 0x11851b8d, 0x33820020, 0x71900120, 0xff860420, 0x89420520, 0x056f420a, 0x2f821820, 0x73860220, 0x1d820120, 
	0x01200283, 0x0021138a, 0x05114100, 0x00220585, 0x95841800, 0x0f83998f, 0x2f831385, 0x6d840420, 0x2f850583, 0x1b419983, 0x0004210d, 0x00201387, 
	0x0f412b82, 0x83058305, 0x4205202f, 0xdf8b0817, 0x0022158b, 0xb1840500, 0x8b0f3b41, 0x89238315, 0x20d98995, 0x22bf8a05, 0x86050000, 0x8b9d8d87, 
	0x00002115, 0x8b0ba742, 0x83178d91, 0x05474127, 0x0620958f, 0x0220ab88, 0x27836f82, 0x43410420, 0x88062014, 0x86042015, 0x05234127, 0x200fe941, 
	0x20b38806, 0x43278403, 0xa18b0d2f, 0x0020198f, 0x41058351, 0x0720143b, 0xbf851588, 0xa7892b83, 0x200df142, 0x85a98a07, 0x8a0720ab, 0x0d4b4193, 
	0x1d45198f, 0x41012005, 0x012008e3, 0x430c3343, 0x05210fe1, 0x412f8300, 0x5b410957, 0x8c08200f, 0x055f41b5, 0x9d8c0820, 0x1b91b98d, 0x67415f83, 
	0x0f6b4109, 0xd78c0820, 0x83000321, 0x1169448f, 0x930b7341, 0x0000221d, 0x44a78e09, 0x1d930d59, 0x7f413383, 0x0f71430b, 0xe58e0920, 0x20058741, 
	0x41af8e09, 0x1d930d8b, 0x45000021, 0xd18b131b, 0x37831f95, 0x410d9741, 0x0a200f9b, 0x9f41f390, 0x900a2005, 0x0da341b9, 0x6f831f95, 0x410da741, 
	0x0a200fab, 0xaf41fb90, 0x420b2005, 0x01200a6b, 0x97145b44, 0x00002221, 0x41c3920b, 0x21970dbb, 0xbf413b83, 0x0fc3410f, 0x09410b20, 0x05c74112, 
	0xcb920b20, 0x970dcb41, 0x82002021, 0x07ed4400, 0x0b822820, 0x6c640224, 0x0782676e, 0x62210b83, 0x200b8573, 0x2b0f828a, 0x2d6e6509, 0x6e74616c, 
	0x7266202c, 0x6e230886, 0x844c2d6c, 0x7a612111, 0x63210886, 0x21088761, 0x09866872, 0x866f6d21, 0x87722008, 0x72742108, 0x732a1186, 0x79432d72, 
	0x202c6c72, 0x08846762, 0x74614c29, 0x79432c6e, 0x05006c72, 0x14cee6fa, 0x0000008f, 
};

}
